# This file uses centimeters as units for non-parametric coordinates.

mtllib mothership.mtl
v 14.265857 4.500000 -4.635258
v 12.135263 4.500000 -8.816784
v 8.816784 4.500000 -12.135262
v 4.635257 4.500000 -14.265855
v 0.000000 4.500000 -15.000008
v -4.635257 4.500000 -14.265854
v -8.816782 4.500000 -12.135260
v -12.135259 4.500000 -8.816781
v -14.265852 4.500000 -4.635256
v -15.000004 4.500000 0.000000
v -14.265852 4.500000 4.635256
v -12.135258 4.500000 8.816780
v -8.816780 4.500000 12.135257
v -4.635256 4.500000 14.265850
v -0.000000 4.500000 15.000002
v 4.635254 4.500000 14.265849
v 8.816778 4.500000 12.135256
v 12.135255 4.500000 8.816779
v 14.265848 4.500000 4.635255
v 15.000000 4.500000 0.000000
v 14.265857 5.500000 -4.635258
v 12.135263 5.500000 -8.816784
v 8.816784 5.500000 -12.135262
v 4.635257 5.500000 -14.265855
v 0.000000 5.500000 -15.000008
v -4.635257 5.500000 -14.265854
v -8.816782 5.500000 -12.135260
v -12.135259 5.500000 -8.816781
v -14.265852 5.500000 -4.635256
v -15.000004 5.500000 0.000000
v -14.265852 5.500000 4.635256
v -12.135258 5.500000 8.816780
v -8.816780 5.500000 12.135257
v -4.635256 5.500000 14.265850
v -0.000000 5.500000 15.000002
v 4.635254 5.500000 14.265849
v 8.816778 5.500000 12.135256
v 12.135255 5.500000 8.816779
v 14.265848 5.500000 4.635255
v 15.000000 5.500000 0.000000
v 15.539098 5.500000 -5.048959
v 13.218347 5.500000 -9.603689
v 9.603689 5.500000 -13.218346
v 5.048958 5.500000 -15.539096
v 0.000000 5.500000 -16.338772
v -5.048958 5.500000 -15.539095
v -9.603687 5.500000 -13.218343
v -13.218342 5.500000 -9.603686
v -15.539093 5.500000 -5.048957
v -16.338768 5.500000 -0.000000
v -15.539093 5.500000 5.048957
v -13.218341 5.500000 9.603685
v -9.603685 5.500000 13.218340
v -5.048957 5.500000 15.539090
v -0.000000 5.500000 16.338766
v 5.048955 5.500000 15.539089
v 9.603683 5.500000 13.218339
v 13.218338 5.500000 9.603684
v 15.539088 5.500000 5.048956
v 16.338764 5.500000 0.000000
v 11.147316 8.945478 -3.621983
v 9.482474 8.945478 -6.889420
v 6.889420 8.945478 -9.482473
v 3.621982 8.945478 -11.147315
v 0.000000 8.945478 -11.720980
v -3.621982 8.945477 -11.147314
v -6.889418 8.945477 -9.482471
v -9.482471 8.945478 -6.889417
v -11.147312 8.945478 -3.621981
v -11.720978 8.945478 0.000000
v -11.147312 8.945478 3.621982
v -9.482471 8.945477 6.889416
v -6.889417 8.945477 9.482469
v -3.621981 8.945478 11.147311
v -0.000000 8.945477 11.720976
v 3.621980 8.945477 11.147310
v 6.889416 8.945478 9.482469
v 9.482469 8.945478 6.889416
v 11.147309 8.945478 3.621981
v 11.720975 8.945478 -0.000000
v 15.539098 3.500000 -5.048959
v 13.218347 3.500000 -9.603689
v 9.603689 3.500000 -13.218346
v 5.048958 3.500000 -15.539096
v 0.000000 3.500000 -16.338772
v -5.048958 3.500000 -15.539095
v -9.603687 3.500000 -13.218343
v -13.218342 3.500000 -9.603686
v -15.539093 3.500000 -5.048957
v -16.338768 3.500000 0.000000
v -15.539093 3.500000 5.048957
v -13.218341 3.500000 9.603685
v -9.603685 3.500000 13.218340
v -5.048957 3.500000 15.539090
v -0.000000 3.500000 16.338766
v 5.048955 3.500000 15.539089
v 9.603683 3.500000 13.218339
v 13.218338 3.500000 9.603684
v 15.539088 3.500000 5.048956
v 16.338764 3.500000 0.000000
v 15.539098 2.500000 -5.048959
v 13.218347 2.500000 -9.603689
v 9.603689 2.500000 -13.218346
v 5.048958 2.500000 -15.539096
v 0.000000 2.500000 -16.338772
v -5.048958 2.500000 -15.539095
v -9.603687 2.500000 -13.218343
v -13.218342 2.500000 -9.603686
v -15.539093 2.500000 -5.048957
v -16.338768 2.500000 0.000000
v -15.539093 2.500000 5.048957
v -13.218341 2.500000 9.603685
v -9.603685 2.500000 13.218340
v -5.048957 2.500000 15.539090
v -0.000000 2.500000 16.338766
v 5.048955 2.500000 15.539089
v 9.603683 2.500000 13.218339
v 13.218338 2.500000 9.603684
v 15.539088 2.500000 5.048956
v 16.338764 2.500000 0.000000
v 14.383365 0.595011 -4.673439
v 12.235222 0.595011 -8.889408
v 8.889408 0.595011 -12.235221
v 4.673438 0.595011 -14.383364
v 0.000000 0.595011 -15.123564
v -4.673438 0.595011 -14.383364
v -8.889406 0.595011 -12.235218
v -12.235218 0.595011 -8.889405
v -14.383362 0.595011 -4.673437
v -15.123560 0.595011 0.000000
v -14.383362 0.595011 4.673437
v -12.235216 0.595011 8.889404
v -8.889404 0.595011 12.235216
v -4.673437 0.595011 14.383359
v -0.000000 0.595011 15.123558
v 4.673435 0.595011 14.383358
v 8.889402 0.595011 12.235215
v 12.235214 0.595011 8.889403
v 14.383357 0.595011 4.673436
v 15.123556 0.595011 -0.000000
v 12.857155 0.008772 -4.177543
v 10.936950 0.008772 -7.946158
v 7.946158 0.008772 -10.936949
v 4.177542 0.008772 -12.857154
v 0.000000 0.008772 -13.518812
v -4.177542 0.008772 -12.857154
v -7.946157 0.008772 -10.936946
v -10.936946 0.008772 -7.946156
v -12.857152 0.008772 -4.177541
v -13.518808 0.008772 0.000000
v -12.857152 0.008772 4.177541
v -10.936945 0.008772 7.946155
v -7.946155 0.008772 10.936944
v -4.177541 0.008772 12.857149
v -0.000000 0.008772 13.518806
v 4.177540 0.008772 12.857148
v 7.946154 0.008772 10.936943
v 10.936943 0.008772 7.946154
v 12.857147 0.008772 4.177540
v 13.518805 0.008772 -0.000000
v 11.996521 0.399748 -3.897906
v 10.204850 0.399748 -7.414257
v -0.000000 0.399748 0.000000
v 7.414258 0.399748 -10.204850
v 3.897905 0.399748 -11.996520
v 0.000000 0.399748 -12.613888
v -3.897905 0.399748 -11.996520
v -7.414256 0.399748 -10.204847
v -10.204847 0.399748 -7.414255
v -11.996518 0.399748 -3.897904
v -12.613884 0.399748 0.000000
v -11.996518 0.399748 3.897904
v -10.204846 0.399748 7.414254
v -7.414254 0.399748 10.204845
v -3.897905 0.399748 11.996515
v -0.000000 0.399748 12.613882
v 3.897903 0.399748 11.996514
v 7.414253 0.399748 10.204844
v 10.204844 0.399748 7.414253
v 11.996513 0.399748 3.897904
v 12.613880 0.399748 -0.000000
v 11.777802 -2.760494 -3.627586
v 9.857596 -2.760494 -7.396202
v 10.917168 -2.369518 -3.347950
v 9.125497 -2.369518 -6.864301
v -3.627584 -2.760494 -11.777801
v -7.396197 -2.760494 -9.857593
v -3.347946 -2.369518 -10.917167
v -6.864296 -2.369518 -9.125494
v -11.777800 -2.760494 3.627583
v -9.857592 -2.760494 7.396197
v -10.917166 -2.369518 3.347946
v -9.125494 -2.369518 6.864296
v 3.627582 -2.760494 11.777793
v 7.396196 -2.760494 9.857588
v 3.347945 -2.369518 10.917159
v 6.864295 -2.369518 9.125489
v 11.147316 12.943270 -3.621983
v 9.482474 12.943270 -6.889420
v 6.889420 12.943270 -9.482471
v 3.621982 12.943270 -11.147312
v -0.000001 12.943270 -11.720979
v -3.621983 12.943268 -11.147313
v -6.889417 12.943268 -9.482470
v -9.482470 12.943270 -6.889417
v -11.147312 12.943270 -3.621981
v -11.720978 12.943270 0.000000
v -11.147311 12.943270 3.621982
v -9.482470 12.943268 6.889415
v -6.889418 12.943268 9.482469
v -3.621981 12.943270 11.147313
v 0.000001 12.943268 11.720976
v 3.621979 12.943268 11.147309
v 6.889415 12.943270 9.482468
v 9.482469 12.943270 6.889418
v 11.147309 12.943270 3.621983
v 11.720975 12.943270 -0.000000
v 10.883717 9.578463 -4.139327
v 9.746074 9.578463 -6.372076
v 9.746074 12.310286 -6.372076
v 10.883717 12.310286 -4.139327
v 9.071908 9.578463 -7.299986
v 7.299987 9.578463 -9.071907
v 7.299987 12.310286 -9.071905
v 9.071908 12.310286 -7.299986
v 6.372075 9.578463 -9.746073
v 4.139326 9.578463 -10.883716
v 4.139326 12.310286 -10.883713
v 6.372075 12.310286 -9.746073
v 3.048501 9.578463 -11.238145
v 0.573480 9.578463 -11.630150
v 0.573480 12.310286 -11.630149
v 3.048501 12.310286 -11.238144
v -0.573481 9.578463 -11.630150
v -3.048501 9.578461 -11.238144
v -3.048502 12.310284 -11.238145
v -0.573481 12.310286 -11.630149
v -4.139326 9.578461 -10.883715
v -6.372073 9.578461 -9.746070
v -6.372073 12.310284 -9.746069
v -4.139326 12.310284 -10.883714
v -7.299984 9.578461 -9.071904
v -9.071904 9.578463 -7.299984
v -9.071903 12.310286 -7.299984
v -7.299983 12.310284 -9.071903
v -9.746070 9.578463 -6.372073
v -10.883713 9.578463 -4.139325
v -10.883713 12.310286 -4.139325
v -9.746069 12.310286 -6.372073
v -11.238144 9.578463 -3.048501
v -11.630148 9.578463 -0.573480
v -11.630148 12.310286 -0.573480
v -11.238144 12.310286 -3.048501
v -11.630148 9.578463 0.573480
v -11.238142 9.578463 3.048501
v -11.238142 12.310286 3.048501
v -11.630148 12.310286 0.573480
v -10.883713 9.578463 4.139326
v -9.746070 9.578461 6.372073
v -9.746069 12.310284 6.372071
v -10.883712 12.310286 4.139326
v -9.071904 9.578461 7.299983
v -7.299984 9.578461 9.071902
v -7.299984 12.310284 9.071902
v -9.071903 12.310284 7.299982
v -6.372073 9.578461 9.746070
v -4.139325 9.578463 10.883712
v -4.139325 12.310286 10.883714
v -6.372074 12.310284 9.746070
v -3.048501 9.578463 11.238141
v -0.573481 9.578461 11.630146
v -0.573480 12.310284 11.630146
v -3.048501 12.310286 11.238143
v 0.573480 9.578461 11.630146
v 3.048500 9.578461 11.238140
v 3.048499 12.310284 11.238139
v 0.573480 12.310284 11.630146
v 4.139324 9.578461 10.883711
v 6.372071 9.578463 9.746068
v 6.372070 12.310286 9.746067
v 4.139323 12.310284 10.883710
v 7.299982 9.578463 9.071902
v 9.071902 9.578463 7.299983
v 9.071902 12.310286 7.299984
v 7.299981 12.310286 9.071901
v 9.746068 9.578463 6.372073
v 10.883710 9.578463 4.139325
v 10.883710 12.310286 4.139326
v 9.746068 12.310286 6.372073
v 11.238140 9.578463 3.048501
v 11.630145 9.578463 0.573480
v 11.630145 12.310286 0.573480
v 11.238140 12.310286 3.048502
v 11.630145 9.578463 -0.573481
v 11.238146 9.578463 -3.048502
v 11.238146 12.310286 -3.048502
v 11.630145 12.310286 -0.573481
v 10.067373 9.578463 -3.723379
v 8.929730 9.578463 -5.956128
v 8.929730 12.310286 -5.956128
v 10.067373 12.310286 -3.723379
v 8.424054 9.578463 -6.652132
v 6.652133 9.578463 -8.424053
v 6.652133 12.310286 -8.424051
v 8.424054 12.310286 -6.652132
v 5.956128 9.578463 -8.929729
v 3.723379 9.578463 -10.067372
v 3.723379 12.310286 -10.067369
v 5.956128 12.310286 -8.929729
v 2.905175 9.578463 -10.333222
v 0.430154 9.578463 -10.725227
v 0.430153 12.310286 -10.725226
v 2.905175 12.310286 -10.333221
v -0.430154 9.578463 -10.725227
v -2.905175 9.578461 -10.333221
v -2.905176 12.310284 -10.333222
v -0.430155 12.310286 -10.725226
v -3.723377 9.578461 -10.067371
v -5.956124 9.578461 -8.929727
v -5.956124 12.310284 -8.929726
v -3.723377 12.310284 -10.067370
v -6.652130 9.578461 -8.424050
v -8.424050 9.578463 -6.652130
v -8.424049 12.310286 -6.652130
v -6.652129 12.310284 -8.424049
v -8.929727 9.578463 -5.956125
v -10.067369 9.578463 -3.723377
v -10.067369 12.310286 -3.723377
v -8.929726 12.310286 -5.956125
v -10.333220 9.578463 -2.905175
v -10.725224 9.578463 -0.430155
v -10.725224 12.310286 -0.430155
v -10.333220 12.310286 -2.905175
v -10.725225 9.578463 0.430154
v -10.333220 9.578463 2.905175
v -10.333220 12.310286 2.905175
v -10.725225 12.310286 0.430154
v -10.067369 9.578463 3.723377
v -8.929727 9.578461 5.956125
v -8.929726 12.310284 5.956123
v -10.067369 12.310286 3.723377
v -8.424050 9.578461 6.652129
v -6.652130 9.578461 8.424048
v -6.652131 12.310284 8.424048
v -8.424049 12.310284 6.652128
v -5.956125 9.578461 8.929727
v -3.723377 9.578463 10.067369
v -3.723377 12.310286 10.067370
v -5.956126 12.310284 8.929727
v -2.905175 9.578463 10.333217
v -0.430155 9.578461 10.725222
v -0.430154 12.310284 10.725222
v -2.905175 12.310286 10.333219
v 0.430154 9.578461 10.725224
v 2.905174 9.578461 10.333218
v 2.905173 12.310284 10.333216
v 0.430154 12.310284 10.725224
v 3.723375 9.578461 10.067368
v 5.956123 9.578463 8.929725
v 5.956122 12.310286 8.929724
v 3.723374 12.310284 10.067367
v 6.652128 9.578463 8.424048
v 8.424048 9.578463 6.652129
v 8.424048 12.310286 6.652130
v 6.652127 12.310286 8.424047
v 8.929725 9.578463 5.956125
v 10.067367 9.578463 3.723377
v 10.067367 12.310286 3.723378
v 8.929725 12.310286 5.956125
v 10.333218 9.578463 2.905175
v 10.725222 9.578463 0.430154
v 10.725222 12.310286 0.430154
v 10.333218 12.310286 2.905176
v 10.725221 9.578463 -0.430157
v 10.333221 9.578463 -2.905178
v 10.333221 12.310286 -2.905178
v 10.725221 12.310286 -0.430157
v 10.401134 12.943270 -3.379534
v 8.847735 12.943270 -6.428254
v 6.428255 12.943270 -8.847733
v 3.379533 12.943270 -10.401132
v -0.000001 12.943270 -10.936399
v -3.379534 12.943268 -10.401133
v -6.428252 12.943268 -8.847731
v -8.847731 12.943270 -6.428252
v -10.401132 12.943270 -3.379532
v -10.936398 12.943270 0.000000
v -10.401131 12.943270 3.379533
v -8.847731 12.943268 6.428250
v -6.428253 12.943268 8.847730
v -3.379532 12.943270 10.401133
v 0.000000 12.943268 10.936396
v 3.379530 12.943268 10.401129
v 6.428250 12.943270 8.847729
v 8.847730 12.943270 6.428253
v 10.401129 12.943270 3.379534
v 10.936395 12.943270 -0.000000
v 9.782261 13.833120 -3.178449
v 8.321289 13.833122 -6.045769
v -0.000000 13.833120 0.000000
v 6.045769 13.833120 -8.321286
v 3.178449 13.833120 -9.782258
v -0.000001 13.833120 -10.285676
v -3.178449 13.833120 -9.782259
v -6.045767 13.833122 -8.321286
v -8.321285 13.833122 -6.045767
v -9.782258 13.833120 -3.178448
v -10.285675 13.833122 0.000001
v -9.782257 13.833122 3.178449
v -8.321284 13.833122 6.045765
v -6.045768 13.833122 8.321284
v -3.178448 13.833120 9.782259
v 0.000001 13.833120 10.285673
v 3.178446 13.833120 9.782255
v 6.045765 13.833122 8.321284
v 8.321284 13.833122 6.045768
v 9.782255 13.833122 3.178449
v 10.285672 13.833120 -0.000001
v 15.807633 5.898956 -5.185785
v 13.486882 5.898956 -9.740515
v 9.751010 9.344435 -7.026246
v 11.415852 9.344435 -3.758809
v 9.740515 5.898956 -13.486881
v 5.185784 5.898956 -15.807631
v 3.758808 9.344435 -11.415851
v 7.026245 9.344435 -9.751009
v -0.047147 5.898956 -16.636448
v -5.096105 5.898956 -15.836769
v -3.669129 9.344433 -11.444988
v -0.047147 9.344435 -12.018654
v -9.816799 5.898956 -13.431455
v -13.431454 5.898956 -9.816798
v -9.695582 9.344435 -7.102529
v -7.102530 9.344433 -9.695582
v -15.836767 5.898956 -5.096104
v -16.636444 5.898956 -0.047147
v -12.018652 9.344435 -0.047147
v -11.444986 9.344435 -3.669128
v -15.807629 5.898956 5.185782
v -13.486876 5.898956 9.740511
v -9.751006 9.344433 7.026242
v -11.415848 9.344435 3.758808
v -9.740511 5.898956 13.486876
v -5.185783 5.898956 15.807626
v -3.758807 9.344435 11.415847
v -7.026244 9.344433 9.751004
v 0.047147 5.898956 16.636442
v 5.096102 5.898956 15.836763
v 3.669127 9.344433 11.444984
v 0.047147 9.344433 12.018650
v 9.816795 5.898956 13.431451
v 13.431450 5.898956 9.816796
v 9.695580 9.344435 7.102528
v 7.102528 9.344435 9.695580
v 15.836762 5.898956 5.096103
v 16.636440 5.898956 0.047147
v 12.018649 9.344435 0.047147
v 11.444983 9.344435 3.669128
v 15.916024 2.233463 -5.241013
v 13.595273 2.233463 -9.795744
v 14.649100 0.227268 -4.808838
v 12.500957 0.227268 -9.024808
v 13.011700 -0.460178 -4.256288
v 11.091495 -0.460178 -8.024903
v 9.795744 2.233463 -13.595272
v 5.241012 2.233463 -15.916022
v 9.024808 0.227268 -12.500957
v 4.808837 0.227268 -14.649099
v 7.940044 -0.454748 -10.924949
v 4.171428 -0.454748 -12.845154
v 7.323284 -0.058342 -10.026305
v 3.806932 -0.058342 -11.817975
v -0.066177 2.233463 -16.756599
v -5.115136 2.233463 -15.956923
v -0.046655 0.227268 -15.418135
v -4.720094 0.227268 -14.677935
v 0.002107 -0.454748 -13.505509
v -4.175436 -0.454748 -12.843851
v 0.031347 -0.058340 -12.415968
v -3.866558 -0.058340 -11.798600
v -9.902819 2.233463 -13.517474
v -13.517473 2.233463 -9.902818
v -9.100296 0.227268 -12.446108
v -12.446108 0.227268 -9.100295
v -7.936634 -0.454747 -10.927423
v -10.927423 -0.454747 -7.936633
v -7.272562 -0.058340 -10.063152
v -10.063152 -0.058340 -7.272561
v -15.956921 2.233463 -5.115134
v -16.756596 2.233463 -0.066177
v -14.677933 0.227268 -4.720092
v -15.418131 0.227268 -0.046655
v -12.843849 -0.454748 -4.175434
v -13.505506 -0.454748 0.002107
v -11.798598 -0.058342 -3.866557
v -12.415964 -0.058342 0.031347
v -15.916019 2.233463 5.241011
v -13.595267 2.233463 9.795740
v -14.649097 0.227268 4.808836
v -12.500952 0.227268 9.024804
v -13.011697 -0.460178 4.256286
v -11.091490 -0.460178 8.024899
v -9.795740 2.233463 13.595266
v -5.241011 2.233463 15.916017
v -9.024804 0.227268 12.500952
v -4.808836 0.227268 14.649095
v -7.940041 -0.454747 10.924944
v -4.171427 -0.454747 12.845149
v -7.323280 -0.058340 10.026300
v -3.806931 -0.058340 11.817970
v 0.066177 2.233463 16.756594
v 5.115133 2.233463 15.956917
v 0.046655 0.227268 15.418129
v 4.720091 0.227268 14.677929
v -0.002107 -0.454748 13.505504
v 4.175433 -0.454748 12.843845
v -0.031348 -0.058340 12.415962
v 3.866556 -0.058340 11.798594
v 9.902815 2.233463 13.517470
v 13.517469 2.233463 9.902816
v 9.100292 0.227268 12.446105
v 12.446104 0.227268 9.100293
v 7.936631 -0.454747 10.927420
v 10.927420 -0.454747 7.936631
v 7.272559 -0.058340 10.063149
v 10.063149 -0.058340 7.272559
v 15.956916 2.233463 5.115133
v 16.756592 2.233463 0.066177
v 14.677928 0.227268 4.720091
v 15.418127 0.227268 0.046655
v 12.843844 -0.454747 4.175433
v 13.505502 -0.454747 -0.002107
v 11.798594 -0.058340 3.866556
v 12.415960 -0.058340 -0.031347
v 14.265857 5.200001 -4.635258
v 12.135263 5.200001 -8.816784
v 13.218347 5.200001 -9.603689
v 15.539098 5.200001 -5.048959
v 8.816784 5.200001 -12.135262
v 4.635257 5.200001 -14.265855
v 5.048958 5.200001 -15.539096
v 9.603689 5.200001 -13.218346
v -0.000000 5.200001 -15.000008
v -4.635257 5.200001 -14.265854
v -5.048958 5.200001 -15.539095
v 0.000000 5.200001 -16.338772
v -8.816782 5.200001 -12.135260
v -12.135259 5.200001 -8.816781
v -13.218342 5.200001 -9.603686
v -9.603687 5.200001 -13.218343
v -14.265852 5.200001 -4.635256
v -15.000004 5.200001 0.000000
v -16.338768 5.200001 0.000000
v -15.539093 5.200001 -5.048957
v -14.265852 5.200001 4.635256
v -12.135258 5.200001 8.816780
v -13.218341 5.200001 9.603685
v -15.539093 5.200001 5.048957
v -8.816780 5.200001 12.135257
v -4.635256 5.200001 14.265850
v -5.048957 5.200001 15.539090
v -9.603685 5.200001 13.218340
v -0.000000 5.200001 15.000002
v 4.635254 5.200001 14.265849
v 5.048955 5.200001 15.539089
v -0.000000 5.200001 16.338766
v 8.816778 5.200001 12.135256
v 12.135255 5.200001 8.816779
v 13.218338 5.200001 9.603684
v 9.603683 5.200001 13.218339
v 14.265848 5.200001 4.635255
v 15.000000 5.200001 0.000000
v 16.338764 5.200001 0.000000
v 15.539088 5.200001 5.048956
vt 0.648603 0.107966
vt 0.626409 0.064408
vt 0.591842 0.029841
vt 0.548284 0.007647
vt 0.500000 -0.000000
vt 0.451716 0.007647
vt 0.408159 0.029841
vt 0.373591 0.064409
vt 0.351397 0.107966
vt 0.343750 0.156250
vt 0.351397 0.204534
vt 0.373591 0.248091
vt 0.408159 0.282659
vt 0.451716 0.304853
vt 0.500000 0.312500
vt 0.548284 0.304853
vt 0.591841 0.282659
vt 0.626409 0.248091
vt 0.648603 0.204534
vt 0.656250 0.156250
vt 0.375000 0.312500
vt 0.387500 0.312500
vt 0.400000 0.312500
vt 0.412500 0.312500
vt 0.425000 0.312500
vt 0.437500 0.312500
vt 0.450000 0.312500
vt 0.462500 0.312500
vt 0.475000 0.312500
vt 0.487500 0.312500
vt 0.500000 0.312500
vt 0.512500 0.312500
vt 0.525000 0.312500
vt 0.537500 0.312500
vt 0.550000 0.312500
vt 0.562500 0.312500
vt 0.575000 0.312500
vt 0.587500 0.312500
vt 0.600000 0.312500
vt 0.612500 0.312500
vt 0.625000 0.312500
vt 0.375000 0.687500
vt 0.387500 0.687500
vt 0.400000 0.687500
vt 0.412500 0.687500
vt 0.425000 0.687500
vt 0.437500 0.687500
vt 0.450000 0.687500
vt 0.462500 0.687500
vt 0.475000 0.687500
vt 0.487500 0.687500
vt 0.500000 0.687500
vt 0.512500 0.687500
vt 0.525000 0.687500
vt 0.537500 0.687500
vt 0.550000 0.687500
vt 0.562500 0.687500
vt 0.575000 0.687500
vt 0.587500 0.687500
vt 0.600000 0.687500
vt 0.612500 0.687500
vt 0.625000 0.687500
vt 0.648603 0.795466
vt 0.626409 0.751908
vt 0.591842 0.717341
vt 0.548284 0.695147
vt 0.500000 0.687500
vt 0.451716 0.695147
vt 0.408159 0.717341
vt 0.373591 0.751909
vt 0.351397 0.795466
vt 0.343750 0.843750
vt 0.351397 0.892034
vt 0.373591 0.935591
vt 0.408159 0.970159
vt 0.451716 0.992353
vt 0.500000 1.000000
vt 0.548284 0.992353
vt 0.591841 0.970159
vt 0.626409 0.935591
vt 0.648603 0.892034
vt 0.656250 0.843750
vt 0.500000 0.156250
vt 0.500000 0.843750
vt 0.648603 0.892034
vt 0.626409 0.935591
vt 0.591841 0.970159
vt 0.548284 0.992353
vt 0.500000 1.000000
vt 0.451716 0.992353
vt 0.408159 0.970159
vt 0.373591 0.935591
vt 0.351397 0.892034
vt 0.343750 0.843750
vt 0.351397 0.795466
vt 0.373591 0.751909
vt 0.408159 0.717341
vt 0.451716 0.695147
vt 0.500000 0.687500
vt 0.548284 0.695147
vt 0.591842 0.717341
vt 0.626409 0.751908
vt 0.648603 0.795466
vt 0.656250 0.843750
vt 0.648603 0.892034
vt 0.626409 0.935591
vt 0.591841 0.970159
vt 0.548284 0.992353
vt 0.500000 1.000000
vt 0.451716 0.992353
vt 0.408159 0.970159
vt 0.373591 0.935591
vt 0.351397 0.892034
vt 0.343750 0.843750
vt 0.351397 0.795466
vt 0.373591 0.751909
vt 0.408159 0.717341
vt 0.451716 0.695147
vt 0.500000 0.687500
vt 0.548284 0.695147
vt 0.591842 0.717341
vt 0.626409 0.751908
vt 0.648603 0.795466
vt 0.656250 0.843750
vt 0.648603 0.892034
vt 0.626409 0.935591
vt 0.591841 0.970159
vt 0.548284 0.992353
vt 0.500000 1.000000
vt 0.451716 0.992353
vt 0.408159 0.970159
vt 0.373591 0.935591
vt 0.351397 0.892034
vt 0.343750 0.843750
vt 0.351397 0.795466
vt 0.373591 0.751909
vt 0.408159 0.717341
vt 0.451716 0.695147
vt 0.500000 0.687500
vt 0.548284 0.695147
vt 0.591842 0.717341
vt 0.626409 0.751908
vt 0.648603 0.795466
vt 0.656250 0.843750
vt 0.626409 0.064408
vt 0.648603 0.107966
vt 0.591842 0.029841
vt 0.548284 0.007647
vt 0.500000 -0.000000
vt 0.451716 0.007647
vt 0.408159 0.029841
vt 0.373591 0.064409
vt 0.351397 0.107966
vt 0.343750 0.156250
vt 0.351397 0.204534
vt 0.373591 0.248091
vt 0.408159 0.282659
vt 0.451716 0.304853
vt 0.500000 0.312500
vt 0.548284 0.304853
vt 0.591841 0.282659
vt 0.626409 0.248091
vt 0.648603 0.204534
vt 0.656250 0.156250
vt 0.626409 0.064408
vt 0.648603 0.107966
vt 0.591842 0.029841
vt 0.548284 0.007647
vt 0.500000 -0.000000
vt 0.451716 0.007647
vt 0.408159 0.029841
vt 0.373591 0.064409
vt 0.351397 0.107966
vt 0.343750 0.156250
vt 0.351397 0.204534
vt 0.373591 0.248091
vt 0.408159 0.282659
vt 0.451716 0.304853
vt 0.500000 0.312500
vt 0.548284 0.304853
vt 0.591841 0.282659
vt 0.626409 0.248091
vt 0.648603 0.204534
vt 0.656250 0.156250
vt 0.626409 0.064408
vt 0.648603 0.107966
vt 0.591842 0.029841
vt 0.548284 0.007647
vt 0.500000 -0.000000
vt 0.451716 0.007647
vt 0.408159 0.029841
vt 0.373591 0.064409
vt 0.351397 0.107966
vt 0.343750 0.156250
vt 0.351397 0.204534
vt 0.373591 0.248091
vt 0.408159 0.282659
vt 0.451716 0.304853
vt 0.500000 0.312500
vt 0.548284 0.304853
vt 0.591841 0.282659
vt 0.626409 0.248091
vt 0.648603 0.204534
vt 0.656250 0.156250
vt 0.626409 0.064408
vt 0.648603 0.107966
vt 0.591842 0.029841
vt 0.548284 0.007647
vt 0.500000 -0.000000
vt 0.451716 0.007647
vt 0.408159 0.029841
vt 0.373591 0.064409
vt 0.351397 0.107966
vt 0.343750 0.156250
vt 0.351397 0.204534
vt 0.373591 0.248091
vt 0.408159 0.282659
vt 0.451716 0.304853
vt 0.500000 0.312500
vt 0.548284 0.304853
vt 0.591841 0.282659
vt 0.626409 0.248091
vt 0.648603 0.204534
vt 0.656250 0.156250
vt 0.626409 0.064408
vt 0.648603 0.107966
vt 0.591842 0.029841
vt 0.548284 0.007647
vt 0.500000 -0.000000
vt 0.451716 0.007647
vt 0.408159 0.029841
vt 0.373591 0.064409
vt 0.351397 0.107966
vt 0.343750 0.156250
vt 0.351397 0.204534
vt 0.373591 0.248091
vt 0.408159 0.282659
vt 0.451716 0.304853
vt 0.500000 0.312500
vt 0.548284 0.304853
vt 0.591841 0.282659
vt 0.626409 0.248091
vt 0.648603 0.204534
vt 0.656250 0.156250
vt 0.626409 0.064408
vt 0.648603 0.107966
vt 0.648603 0.107966
vt 0.626409 0.064408
vt 0.408159 0.029841
vt 0.451716 0.007647
vt 0.451716 0.007647
vt 0.408159 0.029841
vt 0.373591 0.248091
vt 0.351397 0.204534
vt 0.351397 0.204534
vt 0.373591 0.248091
vt 0.591841 0.282659
vt 0.548284 0.304853
vt 0.548284 0.304853
vt 0.591841 0.282659
vt 0.648603 0.892034
vt 0.626409 0.935591
vt 0.591841 0.970159
vt 0.548284 0.992353
vt 0.500000 1.000000
vt 0.451716 0.992353
vt 0.408159 0.970159
vt 0.373591 0.935591
vt 0.351397 0.892034
vt 0.343750 0.843750
vt 0.351397 0.795466
vt 0.373591 0.751909
vt 0.408159 0.717341
vt 0.451716 0.695147
vt 0.500000 0.687500
vt 0.548284 0.695147
vt 0.591842 0.717341
vt 0.626409 0.751908
vt 0.648603 0.795466
vt 0.656250 0.843750
vt 0.648603 0.892034
vt 0.626409 0.935591
vt 0.626409 0.935591
vt 0.648603 0.892034
vt 0.626409 0.935591
vt 0.591841 0.970159
vt 0.591841 0.970159
vt 0.626409 0.935591
vt 0.591841 0.970159
vt 0.548284 0.992353
vt 0.548284 0.992353
vt 0.591841 0.970159
vt 0.548284 0.992353
vt 0.500000 1.000000
vt 0.500000 1.000000
vt 0.548284 0.992353
vt 0.500000 1.000000
vt 0.451716 0.992353
vt 0.451716 0.992353
vt 0.500000 1.000000
vt 0.451716 0.992353
vt 0.408159 0.970159
vt 0.408159 0.970159
vt 0.451716 0.992353
vt 0.408159 0.970159
vt 0.373591 0.935591
vt 0.373591 0.935591
vt 0.408159 0.970159
vt 0.373591 0.935591
vt 0.351397 0.892034
vt 0.351397 0.892034
vt 0.373591 0.935591
vt 0.351397 0.892034
vt 0.343750 0.843750
vt 0.343750 0.843750
vt 0.351397 0.892034
vt 0.343750 0.843750
vt 0.351397 0.795466
vt 0.351397 0.795466
vt 0.343750 0.843750
vt 0.351397 0.795466
vt 0.373591 0.751909
vt 0.373591 0.751909
vt 0.351397 0.795466
vt 0.373591 0.751909
vt 0.408159 0.717341
vt 0.408159 0.717341
vt 0.373591 0.751909
vt 0.408159 0.717341
vt 0.451716 0.695147
vt 0.451716 0.695147
vt 0.408159 0.717341
vt 0.451716 0.695147
vt 0.500000 0.687500
vt 0.500000 0.687500
vt 0.451716 0.695147
vt 0.500000 0.687500
vt 0.548284 0.695147
vt 0.548284 0.695147
vt 0.500000 0.687500
vt 0.548284 0.695147
vt 0.591842 0.717341
vt 0.591842 0.717341
vt 0.548284 0.695147
vt 0.591842 0.717341
vt 0.626409 0.751908
vt 0.626409 0.751908
vt 0.591842 0.717341
vt 0.626409 0.751908
vt 0.648603 0.795466
vt 0.648603 0.795466
vt 0.626409 0.751908
vt 0.648603 0.795466
vt 0.656250 0.843750
vt 0.656250 0.843750
vt 0.648603 0.795466
vt 0.656250 0.843750
vt 0.648603 0.892034
vt 0.648603 0.892034
vt 0.656250 0.843750
vt 0.648603 0.892034
vt 0.626409 0.935591
vt 0.626409 0.935591
vt 0.648603 0.892034
vt 0.591841 0.970159
vt 0.591841 0.970159
vt 0.548284 0.992353
vt 0.548284 0.992353
vt 0.500000 1.000000
vt 0.500000 1.000000
vt 0.451716 0.992353
vt 0.451716 0.992353
vt 0.408159 0.970159
vt 0.408159 0.970159
vt 0.373591 0.935591
vt 0.373591 0.935591
vt 0.351397 0.892034
vt 0.351397 0.892034
vt 0.343750 0.843750
vt 0.343750 0.843750
vt 0.351397 0.795466
vt 0.351397 0.795466
vt 0.373591 0.751909
vt 0.373591 0.751909
vt 0.408159 0.717341
vt 0.408159 0.717341
vt 0.451716 0.695147
vt 0.451716 0.695147
vt 0.500000 0.687500
vt 0.500000 0.687500
vt 0.548284 0.695147
vt 0.548284 0.695147
vt 0.591842 0.717341
vt 0.591842 0.717341
vt 0.626409 0.751908
vt 0.626409 0.751908
vt 0.648603 0.795466
vt 0.648603 0.795466
vt 0.656250 0.843750
vt 0.656250 0.843750
vt 0.648603 0.892034
vt 0.626409 0.935591
vt 0.591841 0.970159
vt 0.548284 0.992353
vt 0.500000 1.000000
vt 0.451716 0.992353
vt 0.408159 0.970159
vt 0.373591 0.935591
vt 0.351397 0.892034
vt 0.343750 0.843750
vt 0.351397 0.795466
vt 0.373591 0.751909
vt 0.408159 0.717341
vt 0.451716 0.695147
vt 0.500000 0.687500
vt 0.548284 0.695147
vt 0.591842 0.717341
vt 0.626409 0.751908
vt 0.648603 0.795466
vt 0.656250 0.843750
vt 0.648603 0.892034
vt 0.626409 0.935591
vt 0.591841 0.970159
vt 0.548284 0.992353
vt 0.500000 1.000000
vt 0.451716 0.992353
vt 0.408159 0.970159
vt 0.373591 0.935591
vt 0.351397 0.892034
vt 0.343750 0.843750
vt 0.351397 0.795466
vt 0.373591 0.751909
vt 0.408159 0.717341
vt 0.451716 0.695147
vt 0.500000 0.687500
vt 0.548284 0.695147
vt 0.591842 0.717341
vt 0.626409 0.751908
vt 0.648603 0.795466
vt 0.656250 0.843750
vt 0.648603 0.892034
vt 0.626409 0.935591
vt 0.626409 0.935591
vt 0.648603 0.892034
vt 0.591841 0.970159
vt 0.591841 0.970159
vt 0.548284 0.992353
vt 0.548284 0.992353
vt 0.500000 1.000000
vt 0.500000 1.000000
vt 0.451716 0.992353
vt 0.451716 0.992353
vt 0.408159 0.970159
vt 0.408159 0.970159
vt 0.373591 0.935591
vt 0.373591 0.935591
vt 0.351397 0.892034
vt 0.351397 0.892034
vt 0.343750 0.843750
vt 0.343750 0.843750
vt 0.351397 0.795466
vt 0.351397 0.795466
vt 0.373591 0.751909
vt 0.373591 0.751909
vt 0.408159 0.717341
vt 0.408159 0.717341
vt 0.451716 0.695147
vt 0.451716 0.695147
vt 0.500000 0.687500
vt 0.500000 0.687500
vt 0.548284 0.695147
vt 0.548284 0.695147
vt 0.591842 0.717341
vt 0.591842 0.717341
vt 0.626409 0.751908
vt 0.626409 0.751908
vt 0.648603 0.795466
vt 0.648603 0.795466
vt 0.656250 0.843750
vt 0.656250 0.843750
vt 0.648603 0.892034
vt 0.626409 0.935591
vt 0.626409 0.935591
vt 0.648603 0.892034
vt 0.591841 0.970159
vt 0.548284 0.992353
vt 0.548284 0.992353
vt 0.591841 0.970159
vt 0.500000 1.000000
vt 0.451716 0.992353
vt 0.451716 0.992353
vt 0.500000 1.000000
vt 0.408159 0.970159
vt 0.373591 0.935591
vt 0.373591 0.935591
vt 0.408159 0.970159
vt 0.351397 0.892034
vt 0.343750 0.843750
vt 0.343750 0.843750
vt 0.351397 0.892034
vt 0.351397 0.795466
vt 0.373591 0.751909
vt 0.373591 0.751909
vt 0.351397 0.795466
vt 0.408159 0.717341
vt 0.451716 0.695147
vt 0.451716 0.695147
vt 0.408159 0.717341
vt 0.500000 0.687500
vt 0.548284 0.695147
vt 0.548284 0.695147
vt 0.500000 0.687500
vt 0.591842 0.717341
vt 0.626409 0.751908
vt 0.626409 0.751908
vt 0.591842 0.717341
vt 0.648603 0.795466
vt 0.656250 0.843750
vt 0.656250 0.843750
vt 0.648603 0.795466
vt 0.626409 0.064408
vt 0.648603 0.107966
vt 0.648603 0.107966
vt 0.626409 0.064408
vt 0.548284 0.007647
vt 0.591842 0.029841
vt 0.591842 0.029841
vt 0.548284 0.007647
vt 0.451716 0.007647
vt 0.500000 -0.000000
vt 0.500000 -0.000000
vt 0.451716 0.007647
vt 0.373591 0.064409
vt 0.408159 0.029841
vt 0.408159 0.029841
vt 0.373591 0.064409
vt 0.343750 0.156250
vt 0.351397 0.107966
vt 0.351397 0.107966
vt 0.343750 0.156250
vt 0.373591 0.248091
vt 0.351397 0.204534
vt 0.351397 0.204534
vt 0.373591 0.248091
vt 0.451716 0.304853
vt 0.408159 0.282659
vt 0.408159 0.282659
vt 0.451716 0.304853
vt 0.548284 0.304853
vt 0.500000 0.312500
vt 0.500000 0.312500
vt 0.548284 0.304853
vt 0.626409 0.248091
vt 0.591841 0.282659
vt 0.591841 0.282659
vt 0.626409 0.248091
vt 0.656250 0.156250
vt 0.648603 0.204534
vt 0.648603 0.204534
vt 0.656250 0.156250
vt 0.648603 0.107966
vt 0.626409 0.064408
vt 0.591842 0.029841
vt 0.548284 0.007647
vt 0.500000 -0.000000
vt 0.451716 0.007647
vt 0.408159 0.029841
vt 0.373591 0.064409
vt 0.351397 0.107966
vt 0.343750 0.156250
vt 0.351397 0.204534
vt 0.373591 0.248091
vt 0.408159 0.282659
vt 0.451716 0.304853
vt 0.500000 0.312500
vt 0.548284 0.304853
vt 0.591841 0.282659
vt 0.626409 0.248091
vt 0.648603 0.204534
vt 0.656250 0.156250
vt 0.591842 0.029841
vt 0.548284 0.007647
vt 0.500000 -0.000000
vt 0.451716 0.007647
vt 0.408159 0.029841
vt 0.373591 0.064409
vt 0.351397 0.107966
vt 0.343750 0.156250
vt 0.408159 0.282659
vt 0.451716 0.304853
vt 0.500000 0.312500
vt 0.548284 0.304853
vt 0.591841 0.282659
vt 0.626409 0.248091
vt 0.648603 0.204534
vt 0.656250 0.156250
vt 0.648603 0.892034
vt 0.626409 0.935591
vt 0.626409 0.935591
vt 0.648603 0.892034
vt 0.591841 0.970159
vt 0.548284 0.992353
vt 0.548284 0.992353
vt 0.591841 0.970159
vt 0.500000 1.000000
vt 0.451716 0.992353
vt 0.451716 0.992353
vt 0.500000 1.000000
vt 0.408159 0.970159
vt 0.373591 0.935591
vt 0.373591 0.935591
vt 0.408159 0.970159
vt 0.351397 0.892034
vt 0.343750 0.843750
vt 0.343750 0.843750
vt 0.351397 0.892034
vt 0.351397 0.795466
vt 0.373591 0.751909
vt 0.373591 0.751909
vt 0.351397 0.795466
vt 0.408159 0.717341
vt 0.451716 0.695147
vt 0.451716 0.695147
vt 0.408159 0.717341
vt 0.500000 0.687500
vt 0.548284 0.695147
vt 0.548284 0.695147
vt 0.500000 0.687500
vt 0.591842 0.717341
vt 0.626409 0.751908
vt 0.626409 0.751908
vt 0.591842 0.717341
vt 0.648603 0.795466
vt 0.656250 0.843750
vt 0.656250 0.843750
vt 0.648603 0.795466
vt 0.656250 0.843750
vt 0.656250 0.843750
vt 0.656250 0.843750
vt 0.656250 0.843750
vt 0.648603 0.795466
vt 0.648603 0.795466
vt 0.648603 0.795466
vt 0.648603 0.795466
vt 0.626409 0.751908
vt 0.626409 0.751908
vt 0.626409 0.751908
vt 0.626409 0.751908
vt 0.591842 0.717341
vt 0.591842 0.717341
vt 0.591842 0.717341
vt 0.591842 0.717341
vt 0.548284 0.695147
vt 0.548284 0.695147
vt 0.548284 0.695147
vt 0.548284 0.695147
vt 0.500000 0.687500
vt 0.500000 0.687500
vt 0.500000 0.687500
vt 0.500000 0.687500
vt 0.451716 0.695147
vt 0.451716 0.695147
vt 0.451716 0.695147
vt 0.451716 0.695147
vt 0.408159 0.717341
vt 0.408159 0.717341
vt 0.408159 0.717341
vt 0.408159 0.717341
vt 0.373591 0.751909
vt 0.373591 0.751909
vt 0.373591 0.751909
vt 0.373591 0.751909
vt 0.351397 0.795466
vt 0.351397 0.795466
vt 0.351397 0.795466
vt 0.351397 0.795466
vt 0.343750 0.843750
vt 0.343750 0.843750
vt 0.343750 0.843750
vt 0.343750 0.843750
vt 0.351397 0.892034
vt 0.351397 0.892034
vt 0.351397 0.892034
vt 0.351397 0.892034
vt 0.373591 0.935591
vt 0.373591 0.935591
vt 0.373591 0.935591
vt 0.373591 0.935591
vt 0.408159 0.970159
vt 0.408159 0.970159
vt 0.408159 0.970159
vt 0.408159 0.970159
vt 0.451716 0.992353
vt 0.451716 0.992353
vt 0.451716 0.992353
vt 0.451716 0.992353
vt 0.500000 1.000000
vt 0.500000 1.000000
vt 0.500000 1.000000
vt 0.500000 1.000000
vt 0.548284 0.992353
vt 0.548284 0.992353
vt 0.548284 0.992353
vt 0.548284 0.992353
vt 0.591841 0.970159
vt 0.591841 0.970159
vt 0.591841 0.970159
vt 0.591841 0.970159
vt 0.648603 0.892034
vt 0.648603 0.892034
vt 0.648603 0.892034
vt 0.626409 0.935591
vt 0.626409 0.935591
vt 0.626409 0.935591
vt 0.626409 0.935591
vt 0.648603 0.892034
vt 0.626409 0.751908
vt 0.626409 0.751908
vt 0.648603 0.795466
vt 0.648603 0.795466
vt 0.591842 0.717341
vt 0.591842 0.717341
vt 0.626409 0.751908
vt 0.626409 0.751908
vt 0.548284 0.695147
vt 0.548284 0.695147
vt 0.591842 0.717341
vt 0.591842 0.717341
vt 0.500000 0.687500
vt 0.500000 0.687500
vt 0.548284 0.695147
vt 0.548284 0.695147
vt 0.451716 0.695147
vt 0.451716 0.695147
vt 0.500000 0.687500
vt 0.500000 0.687500
vt 0.408159 0.717341
vt 0.408159 0.717341
vt 0.451716 0.695147
vt 0.451716 0.695147
vt 0.373591 0.751909
vt 0.373591 0.751909
vt 0.408159 0.717341
vt 0.408159 0.717341
vt 0.351397 0.795466
vt 0.351397 0.795466
vt 0.373591 0.751909
vt 0.373591 0.751909
vt 0.343750 0.843750
vt 0.343750 0.843750
vt 0.351397 0.795466
vt 0.351397 0.795466
vt 0.351397 0.892034
vt 0.351397 0.892034
vt 0.343750 0.843750
vt 0.343750 0.843750
vt 0.373591 0.935591
vt 0.373591 0.935591
vt 0.351397 0.892034
vt 0.351397 0.892034
vt 0.408159 0.970159
vt 0.408159 0.970159
vt 0.373591 0.935591
vt 0.373591 0.935591
vt 0.451716 0.992353
vt 0.451716 0.992353
vt 0.408159 0.970159
vt 0.408159 0.970159
vt 0.500000 1.000000
vt 0.500000 1.000000
vt 0.451716 0.992353
vt 0.451716 0.992353
vt 0.548284 0.992353
vt 0.548284 0.992353
vt 0.500000 1.000000
vt 0.500000 1.000000
vt 0.591841 0.970159
vt 0.591841 0.970159
vt 0.548284 0.992353
vt 0.548284 0.992353
vt 0.626409 0.935591
vt 0.591841 0.970159
vt 0.591841 0.970159
vt 0.626409 0.935591
vn 0.951057 0.000000 -0.309016
vn 0.809017 0.000000 -0.587785
vn 0.951057 0.000000 -0.309016
vn 0.809017 0.000000 -0.587785
vn 0.587785 0.000000 -0.809017
vn 0.587785 0.000000 -0.809017
vn 0.309017 0.000000 -0.951057
vn 0.309017 0.000000 -0.951057
vn -0.000000 0.000000 -1.000000
vn -0.000000 0.000000 -1.000000
vn -0.309017 0.000000 -0.951057
vn -0.309017 0.000000 -0.951056
vn -0.587785 0.000000 -0.809017
vn -0.587785 0.000000 -0.809017
vn -0.809017 0.000000 -0.587785
vn -0.809017 0.000000 -0.587785
vn -0.951057 0.000000 -0.309017
vn -0.951057 0.000000 -0.309017
vn -1.000000 0.000000 0.000000
vn -1.000000 0.000000 -0.000000
vn -0.951057 0.000000 0.309017
vn -0.951056 0.000000 0.309017
vn -0.809017 0.000000 0.587785
vn -0.809017 0.000000 0.587785
vn -0.587785 0.000000 0.809017
vn -0.587785 0.000000 0.809017
vn -0.309017 0.000000 0.951057
vn -0.309017 0.000000 0.951057
vn 0.000000 0.000000 1.000000
vn 0.000000 0.000000 1.000000
vn 0.309017 0.000000 0.951057
vn 0.309017 0.000000 0.951057
vn 0.587785 0.000000 0.809017
vn 0.587785 0.000000 0.809017
vn 0.809017 0.000000 0.587785
vn 0.809017 0.000000 0.587785
vn 0.951057 0.000000 0.309017
vn 0.951057 0.000000 0.309017
vn 1.000000 0.000000 0.000001
vn 1.000000 0.000000 0.000001
vn -0.012896 -0.999834 0.012896
vn -0.019079 -0.999813 0.003022
vn 0.000000 -1.000000 -0.000000
vn -0.013659 -0.999813 0.013659
vn -0.002853 -0.999834 0.018013
vn -0.003022 -0.999813 0.019079
vn 0.000000 -1.000000 0.000000
vn 0.000000 -1.000000 0.000000
vn 0.016249 -0.999834 0.008279
vn 0.017211 -0.999813 0.008770
vn 0.018013 -0.999834 -0.002853
vn 0.019079 -0.999813 -0.003022
vn 0.012896 -0.999834 -0.012896
vn 0.013659 -0.999813 -0.013659
vn 0.002853 -0.999834 -0.018013
vn 0.003022 -0.999813 -0.019079
vn 0.000000 -1.000000 0.000000
vn 0.000000 -1.000000 0.000000
vn -0.016249 -0.999834 -0.008280
vn -0.017211 -0.999813 -0.008770
vn -0.018013 -0.999834 0.002853
vn 0.000000 1.000000 0.000000
vn -0.000000 1.000000 0.000000
vn 0.000000 1.000000 -0.000000
vn -0.000000 1.000000 0.000000
vn 0.000000 1.000000 -0.000000
vn 0.000000 1.000000 -0.000000
vn 0.000000 1.000000 -0.000000
vn 0.000000 1.000000 -0.000000
vn -0.000000 1.000000 0.000000
vn 0.000000 1.000000 0.000000
vn 0.000000 1.000000 -0.000000
vn 0.000000 1.000000 -0.000000
vn 0.000000 1.000000 -0.000000
vn 0.000000 1.000000 0.000000
vn 0.000000 1.000000 0.000000
vn 0.000000 1.000000 0.000000
vn -0.000000 1.000000 0.000000
vn -0.000000 1.000000 0.000000
vn -0.000000 1.000000 0.000000
vn -0.000000 1.000000 -0.000000
vn -0.000000 1.000000 -0.000000
vn 0.000000 -1.000000 0.000000
vn 0.000000 -1.000000 -0.000000
vn 0.000000 -1.000000 0.000000
vn 0.000000 -1.000000 -0.000000
vn 0.000000 -1.000000 0.000000
vn 0.000000 -1.000000 0.000000
vn 0.000000 -1.000000 0.000000
vn 0.000000 -1.000000 0.000000
vn 0.000000 -1.000000 0.000000
vn 0.000000 -1.000000 0.000000
vn 0.000000 -1.000000 0.000000
vn 0.000000 -1.000000 0.000000
vn 0.000000 -1.000000 0.000000
vn 0.000000 -1.000000 0.000000
vn 0.000000 -1.000000 0.000000
vn 0.000000 -1.000000 0.000000
vn 0.000000 -1.000000 0.000000
vn 0.000000 -1.000000 0.000000
vn 0.000000 -1.000000 0.000000
vn 0.000000 -1.000000 0.000000
vn 0.000000 -1.000000 0.000000
vn 0.000000 -1.000000 0.000000
vn 0.000000 -1.000000 0.000000
vn 0.000000 -1.000000 0.000000
vn 0.000000 -1.000000 0.000000
vn 0.000000 -1.000000 0.000000
vn 0.000000 -1.000000 0.000000
vn 0.000000 -1.000000 0.000000
vn 0.000000 -1.000000 0.000000
vn 0.000000 -1.000000 0.000000
vn 0.000000 -1.000000 0.000000
vn 0.000000 -1.000000 0.000000
vn 0.000000 -1.000000 0.000000
vn 0.000000 -1.000000 0.000000
vn 0.000000 -1.000000 0.000000
vn 0.000000 -1.000000 0.000000
vn 0.000000 -1.000000 0.000000
vn 0.000000 -1.000000 0.000000
vn 0.000000 -1.000000 0.000000
vn 0.000000 -1.000000 0.000000
vn 0.000000 -1.000000 0.000000
vn 0.000000 -1.000000 -0.000000
vn 0.000000 -1.000000 -0.000000
vn 0.000000 -1.000000 -0.000000
vn 0.000000 -1.000000 0.000000
vn 0.000000 -1.000000 0.000000
vn 0.000000 -1.000000 0.000000
vn 0.000000 -1.000000 0.000000
vn 0.000000 -1.000000 0.000000
vn 0.000000 -1.000000 0.000000
vn 0.000000 -1.000000 0.000000
vn 0.000000 -1.000000 0.000000
vn 0.000000 -1.000000 0.000000
vn 0.000000 -1.000000 0.000000
vn 0.000000 -1.000000 0.000000
vn 0.000000 -1.000000 0.000000
vn 0.000000 -1.000000 -0.000000
vn 0.000000 -1.000000 -0.000000
vn 0.000000 -1.000000 -0.000000
vn 0.000000 -1.000000 0.000000
vn 0.000000 -1.000000 0.000000
vn 0.000000 -1.000000 0.000000
vn 0.000000 -1.000000 0.000000
vn 0.000000 -1.000000 0.000000
vn 0.000000 -1.000000 0.000000
vn 0.000000 -1.000000 0.000000
vn 0.000000 -1.000000 0.000000
vn 0.000000 -1.000000 0.000000
vn 0.000000 -1.000000 0.000000
vn 0.000000 -1.000000 0.000000
vn 0.000000 -1.000000 0.000000
vn 0.000000 -1.000000 0.000000
vn 0.000000 -1.000000 0.000000
vn 0.000000 -1.000000 0.000000
vn 0.000000 -1.000000 0.000000
vn 0.000000 -1.000000 0.000000
vn 0.000000 -1.000000 0.000000
vn 0.000000 -1.000000 0.000000
vn 0.000000 -1.000000 0.000000
vn 0.000000 -1.000000 0.000000
vn 0.537072 0.797915 -0.273652
vn 0.537072 0.797915 -0.273652
vn 0.537072 0.797915 -0.273652
vn 0.537073 0.797915 -0.273652
vn 0.426223 0.797915 -0.426223
vn 0.426223 0.797915 -0.426223
vn 0.426223 0.797915 -0.426223
vn 0.426223 0.797915 -0.426223
vn 0.273652 0.797915 -0.537072
vn 0.273652 0.797915 -0.537072
vn 0.273652 0.797915 -0.537072
vn 0.273652 0.797915 -0.537072
vn 0.094294 0.797915 -0.595349
vn 0.094294 0.797915 -0.595349
vn 0.094294 0.797915 -0.595349
vn 0.094294 0.797915 -0.595349
vn -0.094294 0.797915 -0.595349
vn -0.094294 0.797915 -0.595349
vn -0.094294 0.797915 -0.595349
vn -0.094294 0.797915 -0.595349
vn -0.273652 0.797915 -0.537072
vn -0.273652 0.797915 -0.537072
vn -0.273652 0.797915 -0.537072
vn -0.273652 0.797915 -0.537072
vn -0.426223 0.797915 -0.426223
vn -0.426223 0.797915 -0.426223
vn -0.426223 0.797915 -0.426223
vn -0.426223 0.797915 -0.426223
vn -0.537072 0.797915 -0.273652
vn -0.537072 0.797915 -0.273652
vn -0.537072 0.797915 -0.273652
vn -0.537072 0.797915 -0.273652
vn -0.595349 0.797915 -0.094294
vn -0.595349 0.797915 -0.094294
vn -0.595349 0.797915 -0.094294
vn -0.595349 0.797915 -0.094294
vn -0.595349 0.797915 0.094294
vn -0.595349 0.797915 0.094294
vn -0.595349 0.797915 0.094294
vn -0.595349 0.797915 0.094294
vn -0.537072 0.797915 0.273652
vn -0.537072 0.797915 0.273652
vn -0.537072 0.797915 0.273652
vn -0.537072 0.797915 0.273652
vn -0.426223 0.797915 0.426223
vn -0.426223 0.797915 0.426223
vn -0.426223 0.797915 0.426223
vn -0.426223 0.797915 0.426223
vn -0.273652 0.797915 0.537072
vn -0.273652 0.797915 0.537072
vn -0.273652 0.797915 0.537072
vn -0.273653 0.797915 0.537072
vn -0.094294 0.797915 0.595349
vn -0.094294 0.797915 0.595349
vn -0.094294 0.797915 0.595349
vn -0.094294 0.797915 0.595349
vn 0.094294 0.797915 0.595349
vn 0.094294 0.797915 0.595349
vn 0.094294 0.797915 0.595349
vn 0.094294 0.797915 0.595349
vn 0.273652 0.797915 0.537072
vn 0.273652 0.797915 0.537072
vn 0.273652 0.797915 0.537072
vn 0.273652 0.797915 0.537072
vn 0.426223 0.797915 0.426223
vn 0.426223 0.797915 0.426223
vn 0.426223 0.797915 0.426223
vn 0.426223 0.797915 0.426223
vn 0.537072 0.797915 0.273652
vn 0.537072 0.797915 0.273652
vn 0.537073 0.797915 0.273652
vn 0.537073 0.797915 0.273652
vn 0.595349 0.797915 0.094294
vn 0.595349 0.797915 0.094294
vn 0.595349 0.797915 0.094294
vn 0.595349 0.797915 0.094294
vn 0.595349 0.797915 -0.094293
vn 0.595349 0.797915 -0.094293
vn 0.595349 0.797915 -0.094293
vn 0.595349 0.797915 -0.094293
vn 0.482206 0.801164 -0.354420
vn 0.568127 0.801164 -0.188063
vn 0.482320 0.801165 -0.354264
vn 0.568187 0.801165 -0.187880
vn 0.349084 0.801164 -0.486083
vn 0.349239 0.801165 -0.485970
vn 0.181790 0.801164 -0.570165
vn 0.181973 0.801165 -0.570106
vn -0.003298 0.801164 -0.598436
vn -0.003105 0.801165 -0.598436
vn -0.188063 0.801164 -0.568127
vn -0.187880 0.801165 -0.568187
vn -0.354420 0.801164 -0.482206
vn -0.354264 0.801165 -0.482319
vn -0.486083 0.801164 -0.349084
vn -0.485970 0.801165 -0.349239
vn -0.570165 0.801164 -0.181790
vn -0.570106 0.801165 -0.181973
vn -0.598435 0.801165 0.003298
vn -0.598436 0.801165 0.003105
vn -0.568126 0.801165 0.188063
vn -0.568186 0.801165 0.187880
vn -0.482206 0.801164 0.354420
vn -0.482320 0.801165 0.354264
vn -0.349084 0.801164 0.486083
vn -0.349240 0.801165 0.485970
vn -0.181790 0.801164 0.570165
vn -0.181973 0.801165 0.570106
vn 0.003298 0.801164 0.598436
vn 0.003106 0.801165 0.598436
vn 0.188063 0.801164 0.568127
vn 0.187880 0.801165 0.568187
vn 0.354420 0.801164 0.482206
vn 0.354264 0.801165 0.482320
vn 0.486083 0.801164 0.349084
vn 0.485970 0.801165 0.349240
vn 0.570165 0.801164 0.181790
vn 0.570106 0.801165 0.181974
vn 0.598435 0.801164 -0.003297
vn 0.598436 0.801165 -0.003105
vn 0.809017 0.000000 -0.587785
vn 0.951057 0.000000 -0.309016
vn 0.809017 0.000000 -0.587785
vn 0.951057 0.000000 -0.309016
vn 0.587785 0.000000 -0.809017
vn 0.587785 0.000000 -0.809017
vn 0.309017 0.000000 -0.951057
vn 0.309017 0.000000 -0.951057
vn -0.000000 0.000000 -1.000000
vn -0.000000 0.000000 -1.000000
vn -0.309017 0.000000 -0.951057
vn -0.309017 0.000000 -0.951057
vn -0.587785 0.000000 -0.809017
vn -0.587786 0.000000 -0.809017
vn -0.809017 0.000000 -0.587785
vn -0.809017 0.000000 -0.587785
vn -0.951057 0.000000 -0.309017
vn -0.951057 0.000000 -0.309017
vn -1.000000 0.000000 0.000000
vn -1.000000 0.000000 0.000000
vn -0.951057 0.000000 0.309017
vn -0.951057 0.000000 0.309017
vn -0.809017 0.000000 0.587785
vn -0.809017 0.000000 0.587785
vn -0.587785 0.000000 0.809017
vn -0.587785 0.000000 0.809017
vn -0.309017 0.000000 0.951057
vn -0.309017 0.000000 0.951057
vn 0.000000 0.000000 1.000000
vn 0.000000 0.000000 1.000000
vn 0.309017 0.000000 0.951057
vn 0.309017 0.000000 0.951056
vn 0.587785 0.000000 0.809017
vn 0.587785 0.000000 0.809017
vn 0.809017 0.000000 0.587785
vn 0.809017 0.000000 0.587785
vn 0.951057 0.000000 0.309017
vn 0.951057 0.000000 0.309017
vn 1.000000 0.000000 0.000001
vn 1.000000 0.000000 0.000001
vn 0.743480 -0.551118 -0.378822
vn 0.743481 -0.551118 -0.378822
vn 0.743481 -0.551118 -0.378822
vn 0.743481 -0.551117 -0.378822
vn 0.598262 -0.533071 -0.598262
vn 0.598262 -0.533071 -0.598262
vn 0.598262 -0.533071 -0.598262
vn 0.598262 -0.533071 -0.598263
vn 0.378822 -0.551118 -0.743480
vn 0.378822 -0.551118 -0.743480
vn 0.378822 -0.551118 -0.743480
vn 0.378822 -0.551118 -0.743480
vn 0.132355 -0.533071 -0.835654
vn 0.132355 -0.533071 -0.835654
vn 0.132355 -0.533071 -0.835654
vn 0.132355 -0.533071 -0.835654
vn -0.130533 -0.551118 -0.824154
vn -0.130534 -0.551118 -0.824154
vn -0.130533 -0.551118 -0.824154
vn -0.130534 -0.551118 -0.824154
vn -0.384108 -0.533071 -0.753854
vn -0.384108 -0.533071 -0.753854
vn -0.384108 -0.533071 -0.753854
vn -0.384108 -0.533070 -0.753855
vn -0.590029 -0.551118 -0.590029
vn -0.590030 -0.551118 -0.590029
vn -0.590029 -0.551118 -0.590029
vn -0.590030 -0.551117 -0.590029
vn -0.753855 -0.533070 -0.384108
vn -0.753855 -0.533070 -0.384108
vn -0.753855 -0.533070 -0.384108
vn -0.753855 -0.533071 -0.384108
vn -0.824155 -0.551117 -0.130533
vn -0.824155 -0.551117 -0.130533
vn -0.824155 -0.551117 -0.130533
vn -0.824155 -0.551117 -0.130533
vn -0.835654 -0.533071 0.132354
vn -0.835654 -0.533071 0.132354
vn -0.835654 -0.533071 0.132354
vn -0.835654 -0.533071 0.132354
vn -0.743481 -0.551117 0.378822
vn -0.743480 -0.551117 0.378823
vn -0.743480 -0.551117 0.378822
vn -0.743480 -0.551117 0.378823
vn -0.598263 -0.533070 0.598263
vn -0.598262 -0.533071 0.598263
vn -0.598263 -0.533070 0.598263
vn -0.598262 -0.533071 0.598262
vn -0.378822 -0.551117 0.743481
vn -0.378822 -0.551118 0.743480
vn -0.378822 -0.551118 0.743481
vn -0.378822 -0.551118 0.743480
vn -0.132355 -0.533071 0.835654
vn -0.132354 -0.533071 0.835654
vn -0.132355 -0.533071 0.835654
vn -0.132354 -0.533071 0.835654
vn 0.130533 -0.551118 0.824154
vn 0.130533 -0.551118 0.824154
vn 0.130533 -0.551118 0.824154
vn 0.130533 -0.551118 0.824154
vn 0.384108 -0.533071 0.753855
vn 0.384108 -0.533071 0.753855
vn 0.384108 -0.533071 0.753855
vn 0.384109 -0.533071 0.753855
vn 0.590029 -0.551118 0.590029
vn 0.590030 -0.551117 0.590029
vn 0.590029 -0.551117 0.590029
vn 0.590030 -0.551117 0.590029
vn 0.753855 -0.533071 0.384108
vn 0.753855 -0.533070 0.384108
vn 0.753855 -0.533071 0.384108
vn 0.753855 -0.533070 0.384108
vn 0.824154 -0.551118 0.130533
vn 0.824154 -0.551118 0.130533
vn 0.824154 -0.551118 0.130533
vn 0.824155 -0.551117 0.130533
vn 0.835654 -0.533071 -0.132353
vn 0.835654 -0.533071 -0.132353
vn 0.835654 -0.533071 -0.132353
vn 0.835654 -0.533072 -0.132353
vn 0.332383 -0.927814 -0.169357
vn 0.332383 -0.927814 -0.169358
vn 0.332383 -0.927815 -0.169357
vn 0.332383 -0.927814 -0.169358
vn 0.245295 -0.937902 -0.245295
vn 0.245295 -0.937902 -0.245295
vn 0.245295 -0.937902 -0.245295
vn 0.245295 -0.937902 -0.245295
vn 0.153616 -0.941013 -0.301489
vn 0.153616 -0.941013 -0.301489
vn 0.153616 -0.941013 -0.301489
vn 0.153616 -0.941013 -0.301489
vn 0.054267 -0.937902 -0.342629
vn 0.054267 -0.937902 -0.342629
vn 0.054267 -0.937902 -0.342629
vn 0.054267 -0.937902 -0.342629
vn -0.052933 -0.941014 -0.334203
vn -0.052933 -0.941013 -0.334203
vn -0.052933 -0.941014 -0.334203
vn -0.052933 -0.941013 -0.334204
vn -0.157489 -0.937902 -0.309090
vn -0.157489 -0.937902 -0.309090
vn -0.157489 -0.937902 -0.309090
vn -0.157489 -0.937902 -0.309090
vn -0.239263 -0.941014 -0.239263
vn -0.239263 -0.941014 -0.239263
vn -0.239263 -0.941014 -0.239263
vn -0.239263 -0.941014 -0.239263
vn -0.309090 -0.937902 -0.157489
vn -0.309090 -0.937902 -0.157489
vn -0.309090 -0.937902 -0.157489
vn -0.309090 -0.937902 -0.157490
vn -0.334203 -0.941014 -0.052932
vn -0.334203 -0.941014 -0.052932
vn -0.334203 -0.941014 -0.052932
vn -0.334203 -0.941014 -0.052932
vn -0.342629 -0.937902 0.054267
vn -0.342629 -0.937902 0.054267
vn -0.342629 -0.937902 0.054267
vn -0.342629 -0.937902 0.054267
vn -0.332383 -0.927815 0.169358
vn -0.332383 -0.927814 0.169358
vn -0.332383 -0.927814 0.169358
vn -0.332383 -0.927814 0.169358
vn -0.245295 -0.937902 0.245295
vn -0.245295 -0.937902 0.245295
vn -0.245295 -0.937902 0.245295
vn -0.245295 -0.937902 0.245295
vn -0.153616 -0.941014 0.301489
vn -0.153616 -0.941014 0.301489
vn -0.153616 -0.941014 0.301489
vn -0.153616 -0.941014 0.301489
vn -0.054267 -0.937902 0.342629
vn -0.054267 -0.937902 0.342629
vn -0.054267 -0.937902 0.342629
vn -0.054267 -0.937902 0.342629
vn 0.052933 -0.941014 0.334203
vn 0.052933 -0.941014 0.334203
vn 0.052933 -0.941014 0.334203
vn 0.052933 -0.941013 0.334203
vn 0.157489 -0.937902 0.309090
vn 0.157489 -0.937902 0.309090
vn 0.157489 -0.937902 0.309090
vn 0.157489 -0.937902 0.309090
vn 0.239263 -0.941014 0.239263
vn 0.239263 -0.941014 0.239263
vn 0.239263 -0.941014 0.239263
vn 0.239263 -0.941014 0.239263
vn 0.309090 -0.937902 0.157489
vn 0.309090 -0.937902 0.157489
vn 0.309090 -0.937902 0.157489
vn 0.309090 -0.937902 0.157489
vn 0.334203 -0.941014 0.052932
vn 0.334203 -0.941014 0.052932
vn 0.334203 -0.941014 0.052932
vn 0.334203 -0.941014 0.052933
vn 0.342630 -0.937902 -0.054267
vn 0.342629 -0.937902 -0.054267
vn 0.342630 -0.937902 -0.054267
vn 0.342629 -0.937902 -0.054267
vn -0.357090 -0.916178 0.181947
vn -0.357090 -0.916178 0.181947
vn -0.357090 -0.916178 0.181947
vn -0.357090 -0.916178 0.181947
vn -0.283389 -0.916178 0.283389
vn -0.283389 -0.916178 0.283389
vn -0.156340 -0.938834 0.306835
vn -0.156340 -0.938834 0.306835
vn -0.156340 -0.938834 0.306835
vn -0.156340 -0.938834 0.306836
vn -0.062695 -0.916178 0.395838
vn -0.062695 -0.916178 0.395838
vn 0.053871 -0.938834 0.340130
vn 0.053871 -0.938834 0.340130
vn 0.053871 -0.938834 0.340130
vn 0.053871 -0.938834 0.340131
vn 0.181947 -0.916178 0.357091
vn 0.181947 -0.916178 0.357091
vn 0.181947 -0.916178 0.357091
vn 0.181947 -0.916178 0.357091
vn 0.243506 -0.938834 0.243506
vn 0.243506 -0.938834 0.243506
vn 0.243506 -0.938834 0.243506
vn 0.243506 -0.938834 0.243506
vn 0.357090 -0.916178 0.181947
vn 0.357091 -0.916177 0.181947
vn 0.340128 -0.938835 0.053871
vn 0.340129 -0.938834 0.053871
vn 0.340129 -0.938835 0.053871
vn 0.340130 -0.938834 0.053871
vn 0.395838 -0.916178 -0.062694
vn 0.395838 -0.916178 -0.062694
vn 0.357091 -0.916177 -0.181947
vn 0.357090 -0.916178 -0.181947
vn 0.357091 -0.916178 -0.181947
vn 0.357090 -0.916178 -0.181947
vn 0.283389 -0.916178 -0.283389
vn 0.283389 -0.916178 -0.283388
vn 0.156341 -0.938834 -0.306836
vn 0.156341 -0.938834 -0.306835
vn 0.156341 -0.938834 -0.306836
vn 0.156341 -0.938834 -0.306835
vn 0.062694 -0.916178 -0.395838
vn 0.062695 -0.916178 -0.395838
vn -0.053871 -0.938834 -0.340130
vn -0.053871 -0.938834 -0.340131
vn -0.053871 -0.938834 -0.340130
vn -0.053871 -0.938834 -0.340131
vn -0.181947 -0.916178 -0.357091
vn -0.181947 -0.916178 -0.357091
vn -0.181947 -0.916178 -0.357091
vn -0.181947 -0.916178 -0.357091
vn -0.243506 -0.938834 -0.243506
vn -0.243506 -0.938834 -0.243506
vn -0.243506 -0.938834 -0.243506
vn -0.243506 -0.938834 -0.243506
vn -0.357090 -0.916178 -0.181947
vn -0.357092 -0.916177 -0.181948
vn -0.340129 -0.938834 -0.053871
vn -0.340130 -0.938834 -0.053871
vn -0.340129 -0.938834 -0.053871
vn -0.340130 -0.938834 -0.053871
vn -0.395838 -0.916178 0.062694
vn -0.395838 -0.916178 0.062694
vn 0.816321 -0.400772 -0.415936
vn 0.816320 -0.400772 -0.415936
vn 0.816320 -0.400772 -0.415936
vn 0.816320 -0.400772 -0.415936
vn 0.332058 0.057552 0.941502
vn 0.332058 0.057552 0.941502
vn 0.332058 0.057552 0.941502
vn 0.332058 0.057552 0.941502
vn -0.816320 0.400772 0.415936
vn -0.816320 0.400772 0.415936
vn -0.816320 0.400772 0.415936
vn -0.816320 0.400773 0.415936
vn -0.566512 0.057553 -0.822041
vn -0.566512 0.057553 -0.822041
vn -0.566512 0.057553 -0.822041
vn -0.566512 0.057553 -0.822041
vn -0.415937 -0.400772 -0.816320
vn -0.415936 -0.400773 -0.816320
vn -0.415936 -0.400773 -0.816320
vn -0.415936 -0.400773 -0.816320
vn 0.941501 0.057553 -0.332059
vn 0.941501 0.057553 -0.332059
vn 0.941501 0.057553 -0.332058
vn 0.941501 0.057553 -0.332058
vn 0.415937 0.400772 0.816320
vn 0.415936 0.400773 0.816320
vn 0.415937 0.400773 0.816320
vn 0.415936 0.400773 0.816320
vn -0.822041 0.057553 0.566513
vn -0.822041 0.057552 0.566513
vn -0.822041 0.057552 0.566512
vn -0.822041 0.057552 0.566512
vn -0.816320 -0.400772 0.415936
vn -0.816320 -0.400772 0.415936
vn -0.816320 -0.400773 0.415936
vn -0.816320 -0.400773 0.415936
vn -0.332058 0.057553 -0.941502
vn -0.332058 0.057553 -0.941502
vn -0.332058 0.057553 -0.941502
vn -0.332058 0.057552 -0.941502
vn 0.816320 0.400772 -0.415937
vn 0.816320 0.400772 -0.415936
vn 0.816320 0.400772 -0.415936
vn 0.816320 0.400772 -0.415936
vn 0.566512 0.057553 0.822041
vn 0.566512 0.057553 0.822041
vn 0.566512 0.057553 0.822041
vn 0.566512 0.057553 0.822041
vn 0.415936 -0.400773 0.816320
vn 0.415936 -0.400773 0.816320
vn 0.415936 -0.400773 0.816320
vn 0.415936 -0.400773 0.816320
vn -0.941502 0.057552 0.332058
vn -0.941502 0.057552 0.332058
vn -0.941502 0.057552 0.332058
vn -0.941502 0.057552 0.332058
vn -0.415936 0.400773 -0.816320
vn -0.415936 0.400773 -0.816320
vn -0.415936 0.400773 -0.816320
vn -0.415936 0.400773 -0.816320
vn 0.822041 0.057553 -0.566512
vn 0.822041 0.057553 -0.566512
vn 0.822042 0.057553 -0.566512
vn 0.822042 0.057553 -0.566512
vn 0.891006 0.000000 -0.453991
vn 0.891006 0.000000 -0.453991
vn 0.891006 0.000000 -0.453991
vn 0.891007 0.000000 -0.453991
vn 0.707107 0.000000 -0.707107
vn 0.707107 0.000000 -0.707107
vn 0.707107 0.000000 -0.707107
vn 0.707106 0.000001 -0.707107
vn 0.453991 0.000000 -0.891007
vn 0.453990 0.000000 -0.891007
vn 0.453990 0.000001 -0.891007
vn 0.453990 0.000001 -0.891007
vn 0.156435 0.000000 -0.987688
vn 0.156435 0.000000 -0.987688
vn 0.156435 0.000000 -0.987688
vn 0.156435 0.000000 -0.987688
vn -0.156435 0.000000 -0.987688
vn -0.156435 -0.000000 -0.987688
vn -0.156435 -0.000000 -0.987688
vn -0.156435 -0.000000 -0.987688
vn -0.453992 0.000000 -0.891006
vn -0.453992 0.000000 -0.891006
vn -0.453992 0.000000 -0.891006
vn -0.453992 0.000000 -0.891006
vn -0.707107 0.000001 -0.707107
vn -0.707107 0.000000 -0.707107
vn -0.707107 0.000000 -0.707107
vn -0.707107 0.000000 -0.707107
vn -0.891006 0.000001 -0.453991
vn -0.891006 0.000000 -0.453991
vn -0.891006 0.000000 -0.453991
vn -0.891006 0.000000 -0.453991
vn -0.987688 0.000000 -0.156434
vn -0.987688 0.000000 -0.156434
vn -0.987688 0.000000 -0.156434
vn -0.987688 0.000000 -0.156434
vn -0.987688 0.000000 0.156435
vn -0.987688 0.000000 0.156435
vn -0.987688 0.000000 0.156435
vn -0.987688 0.000000 0.156435
vn -0.891006 0.000001 0.453991
vn -0.891006 0.000001 0.453991
vn -0.891006 0.000001 0.453991
vn -0.891006 0.000001 0.453991
vn -0.707107 0.000000 0.707107
vn -0.707107 0.000000 0.707107
vn -0.707107 0.000000 0.707107
vn -0.707107 0.000000 0.707107
vn -0.453990 0.000000 0.891007
vn -0.453991 -0.000000 0.891006
vn -0.453991 -0.000000 0.891006
vn -0.453991 -0.000001 0.891006
vn -0.156435 -0.000001 0.987688
vn -0.156434 -0.000000 0.987688
vn -0.156434 -0.000000 0.987688
vn -0.156433 0.000000 0.987689
vn 0.156435 -0.000000 0.987688
vn 0.156435 0.000000 0.987688
vn 0.156435 0.000000 0.987688
vn 0.156436 0.000001 0.987688
vn 0.453992 0.000000 0.891006
vn 0.453991 0.000000 0.891006
vn 0.453991 0.000000 0.891006
vn 0.453991 0.000001 0.891006
vn 0.707107 0.000001 0.707107
vn 0.707106 0.000000 0.707107
vn 0.707106 0.000000 0.707107
vn 0.707106 -0.000001 0.707108
vn 0.891007 0.000000 0.453990
vn 0.891006 0.000000 0.453991
vn 0.891007 0.000000 0.453991
vn 0.891006 0.000000 0.453991
vn 0.987688 -0.000000 0.156434
vn 0.987688 -0.000000 0.156434
vn 0.987688 -0.000000 0.156434
vn 0.987688 0.000000 0.156434
vn 0.987689 0.000000 -0.156432
vn 0.987689 0.000000 -0.156432
vn 0.987689 0.000000 -0.156432
vn 0.987689 0.000000 -0.156432
vn 0.950749 -0.000000 -0.309963
vn 0.808431 0.000001 -0.588591
vn 0.891007 -0.000001 -0.453990
vn 0.891007 0.000000 -0.453990
vn 0.809602 0.000000 -0.586980
vn 0.891007 0.000001 -0.453990
vn 0.951364 0.000001 -0.308069
vn 0.891007 0.000000 -0.453990
vn 0.586979 0.000001 -0.809602
vn 0.707106 0.000001 -0.707108
vn 0.707107 -0.000001 -0.707107
vn 0.588590 0.000000 -0.808432
vn 0.707107 -0.000000 -0.707107
vn 0.707107 0.000000 -0.707107
vn 0.308069 0.000000 -0.951364
vn 0.453990 0.000001 -0.891007
vn 0.453990 -0.000000 -0.891007
vn 0.309964 0.000001 -0.950748
vn 0.453991 0.000001 -0.891006
vn 0.453990 0.000001 -0.891007
vn -0.000995 -0.000000 -1.000000
vn 0.156432 0.000000 -0.987689
vn 0.156435 -0.000000 -0.987688
vn 0.000995 0.000001 -1.000000
vn 0.156433 0.000001 -0.987689
vn 0.156434 0.000001 -0.987688
vn -0.309962 -0.000000 -0.950749
vn -0.156433 -0.000000 -0.987689
vn -0.156431 0.000001 -0.987689
vn -0.308070 0.000001 -0.951364
vn -0.156436 0.000001 -0.987688
vn -0.156435 0.000000 -0.987688
vn -0.588591 0.000000 -0.808431
vn -0.453991 -0.000000 -0.891006
vn -0.453990 0.000001 -0.891007
vn -0.586980 -0.000000 -0.809602
vn -0.453991 -0.000001 -0.891006
vn -0.453990 0.000001 -0.891007
vn -0.809602 0.000001 -0.586979
vn -0.707108 -0.000000 -0.707106
vn -0.707107 0.000001 -0.707107
vn -0.808432 -0.000000 -0.588590
vn -0.707107 0.000000 -0.707107
vn -0.707106 0.000001 -0.707107
vn -0.951364 -0.000001 -0.308070
vn -0.891007 0.000002 -0.453990
vn -0.891007 0.000000 -0.453990
vn -0.950748 0.000001 -0.309964
vn -0.891007 0.000000 -0.453990
vn -0.891007 -0.000001 -0.453990
vn -1.000000 -0.000000 0.000996
vn -0.987688 -0.000002 -0.156435
vn -0.987688 0.000001 -0.156434
vn -1.000000 0.000000 -0.000995
vn -0.987688 0.000000 -0.156434
vn -0.987688 0.000001 -0.156436
vn -0.950749 0.000001 0.309963
vn -0.987688 -0.000000 0.156434
vn -0.987688 0.000001 0.156434
vn -0.951364 -0.000001 0.308070
vn -0.987688 -0.000002 0.156435
vn -0.987688 0.000001 0.156434
vn -0.808431 -0.000000 0.588591
vn -0.891007 0.000001 0.453990
vn -0.891006 0.000000 0.453991
vn -0.809602 0.000000 0.586980
vn -0.891007 -0.000000 0.453990
vn -0.891007 0.000001 0.453991
vn -0.586980 -0.000001 0.809602
vn -0.707107 -0.000001 0.707107
vn -0.707107 0.000000 0.707107
vn -0.588591 0.000000 0.808431
vn -0.707107 -0.000000 0.707107
vn -0.707107 0.000001 0.707107
vn -0.308070 -0.000000 0.951364
vn -0.453991 -0.000001 0.891006
vn -0.453991 -0.000000 0.891006
vn -0.309963 0.000000 0.950748
vn -0.453991 0.000001 0.891006
vn -0.453992 -0.000000 0.891006
vn 0.000995 -0.000000 1.000000
vn -0.156433 0.000000 0.987689
vn -0.156435 -0.000000 0.987688
vn -0.000995 0.000000 1.000000
vn -0.156434 0.000000 0.987688
vn -0.156434 -0.000000 0.987688
vn 0.309962 -0.000000 0.950749
vn 0.156434 -0.000000 0.987688
vn 0.156432 0.000001 0.987689
vn 0.308071 -0.000000 0.951363
vn 0.156435 -0.000000 0.987688
vn 0.156435 0.000001 0.987688
vn 0.588590 -0.000000 0.808432
vn 0.453989 -0.000000 0.891007
vn 0.453990 0.000001 0.891007
vn 0.586979 -0.000000 0.809602
vn 0.453989 -0.000000 0.891007
vn 0.453992 0.000001 0.891006
vn 0.809602 0.000001 0.586980
vn 0.707107 -0.000001 0.707106
vn 0.707107 0.000001 0.707107
vn 0.808431 0.000000 0.588591
vn 0.707106 0.000000 0.707107
vn 0.707106 -0.000001 0.707108
vn 0.951364 0.000001 0.308070
vn 0.891007 0.000001 0.453990
vn 0.891007 0.000001 0.453990
vn 0.950748 -0.000001 0.309964
vn 0.891007 -0.000001 0.453990
vn 0.891007 -0.000000 0.453990
vn 1.000000 -0.000001 -0.000995
vn 0.987688 0.000001 0.156435
vn 0.987688 -0.000001 0.156434
vn 1.000000 0.000000 0.000996
vn 0.987688 0.000000 0.156434
vn 0.987688 -0.000000 0.156435
vn 0.987689 -0.000002 -0.156433
vn 0.987689 0.000001 -0.156433
vn 0.987689 0.000001 -0.156433
vn 0.987689 0.000000 -0.156433
vn 0.000000 1.000000 0.000000
vn 0.000000 1.000000 0.000000
vn 0.000000 1.000000 0.000000
vn 0.000000 1.000000 0.000000
vn 0.453990 0.000000 0.891007
vn 0.453990 0.000000 0.891007
vn 0.453990 0.000000 0.891007
vn 0.453990 0.000000 0.891007
vn 0.000000 -1.000000 0.000000
vn 0.000000 -1.000000 0.000000
vn 0.000000 -1.000000 0.000000
vn 0.000000 -1.000000 0.000000
vn -0.453991 0.000000 -0.891006
vn -0.453991 0.000000 -0.891007
vn -0.453991 0.000000 -0.891006
vn -0.453990 0.000000 -0.891007
vn 0.000000 1.000000 0.000000
vn 0.000000 1.000000 0.000000
vn 0.000000 1.000000 0.000000
vn 0.000000 1.000000 0.000000
vn 0.707107 -0.000000 0.707107
vn 0.707107 -0.000000 0.707107
vn 0.707107 -0.000000 0.707107
vn 0.707107 -0.000001 0.707107
vn 0.000000 -1.000000 0.000000
vn 0.000000 -1.000000 -0.000001
vn 0.000000 -1.000000 0.000000
vn 0.000000 -1.000000 -0.000001
vn -0.707107 0.000000 -0.707107
vn -0.707107 0.000000 -0.707107
vn -0.707107 0.000000 -0.707107
vn -0.707107 0.000000 -0.707107
vn 0.000000 1.000000 0.000000
vn 0.000000 1.000000 0.000000
vn 0.000000 1.000000 0.000000
vn 0.000000 1.000000 0.000000
vn 0.891007 -0.000001 0.453989
vn 0.891007 -0.000000 0.453991
vn 0.891007 -0.000001 0.453990
vn 0.891006 -0.000000 0.453991
vn 0.000000 -1.000000 0.000001
vn 0.000000 -1.000000 0.000000
vn 0.000000 -1.000000 0.000000
vn 0.000000 -1.000000 0.000000
vn -0.891007 0.000000 -0.453990
vn -0.891007 0.000000 -0.453990
vn -0.891007 0.000000 -0.453990
vn -0.891007 0.000000 -0.453990
vn 0.000000 1.000000 0.000001
vn 0.000000 1.000000 -0.000001
vn 0.000000 1.000000 0.000000
vn 0.000000 1.000000 -0.000001
vn 0.987688 0.000000 0.156435
vn 0.987688 0.000000 0.156435
vn 0.987688 0.000000 0.156435
vn 0.987688 0.000000 0.156435
vn 0.000000 -1.000000 0.000001
vn 0.000000 -1.000000 0.000000
vn 0.000000 -1.000000 0.000001
vn 0.000000 -1.000000 0.000000
vn -0.987688 0.000000 -0.156435
vn -0.987688 -0.000000 -0.156435
vn -0.987688 0.000000 -0.156435
vn -0.987688 -0.000000 -0.156435
vn -0.000001 1.000000 0.000001
vn -0.000001 1.000000 0.000000
vn -0.000001 1.000000 0.000001
vn -0.000001 1.000000 0.000000
vn 0.987688 0.000000 -0.156435
vn 0.987688 0.000000 -0.156435
vn 0.987688 0.000000 -0.156435
vn 0.987688 0.000000 -0.156435
vn 0.000001 -1.000000 -0.000000
vn 0.000001 -1.000000 0.000001
vn 0.000001 -1.000000 0.000000
vn 0.000001 -1.000000 0.000002
vn -0.987688 -0.000000 0.156435
vn -0.987688 -0.000000 0.156435
vn -0.987688 -0.000000 0.156435
vn -0.987688 -0.000000 0.156435
vn 0.000000 1.000000 0.000000
vn 0.000000 1.000000 0.000000
vn 0.000000 1.000000 0.000000
vn 0.000000 1.000000 0.000000
vn 0.891006 0.000000 -0.453993
vn 0.891006 0.000000 -0.453991
vn 0.891006 0.000000 -0.453992
vn 0.891006 0.000000 -0.453991
vn 0.000000 -1.000000 0.000000
vn 0.000000 -1.000000 0.000000
vn 0.000000 -1.000000 0.000000
vn 0.000000 -1.000000 0.000000
vn -0.891006 -0.000000 0.453991
vn -0.891006 -0.000000 0.453992
vn -0.891006 -0.000000 0.453991
vn -0.891006 -0.000000 0.453992
vn 0.000001 1.000000 -0.000001
vn 0.000001 1.000000 -0.000000
vn 0.000001 1.000000 -0.000000
vn 0.000001 1.000000 0.000000
vn 0.707107 -0.000000 -0.707107
vn 0.707107 -0.000000 -0.707107
vn 0.707107 -0.000000 -0.707107
vn 0.707107 0.000000 -0.707107
vn -0.000001 -1.000000 0.000000
vn -0.000001 -1.000000 0.000001
vn -0.000001 -1.000000 0.000001
vn -0.000001 -1.000000 0.000001
vn -0.707107 -0.000000 0.707107
vn -0.707107 0.000000 0.707107
vn -0.707107 -0.000000 0.707107
vn -0.707107 0.000000 0.707107
vn 0.000000 1.000000 -0.000000
vn 0.000000 1.000000 -0.000000
vn 0.000000 1.000000 -0.000000
vn 0.000000 1.000000 0.000000
vn 0.453991 0.000000 -0.891006
vn 0.453991 0.000000 -0.891006
vn 0.453991 0.000000 -0.891006
vn 0.453991 0.000000 -0.891006
vn 0.000000 -1.000000 0.000000
vn 0.000000 -1.000000 0.000000
vn 0.000000 -1.000000 0.000000
vn 0.000000 -1.000000 0.000000
vn -0.453990 0.000000 0.891007
vn -0.453990 0.000000 0.891007
vn -0.453990 0.000000 0.891007
vn -0.453990 0.000000 0.891007
vn 0.000000 1.000000 -0.000000
vn 0.000000 1.000000 0.000000
vn 0.000000 1.000000 -0.000000
vn 0.000000 1.000000 0.000000
vn 0.156434 0.000000 -0.987688
vn 0.156434 0.000000 -0.987688
vn 0.156434 0.000000 -0.987688
vn 0.156434 0.000000 -0.987688
vn 0.000000 -1.000000 0.000000
vn 0.000000 -1.000000 0.000000
vn 0.000000 -1.000000 0.000000
vn 0.000000 -1.000000 0.000000
vn -0.156433 0.000000 0.987688
vn -0.156434 0.000000 0.987688
vn -0.156434 0.000000 0.987688
vn -0.156434 0.000000 0.987688
vn 0.000000 1.000000 0.000000
vn 0.000000 1.000000 0.000000
vn 0.000000 1.000000 0.000000
vn 0.000000 1.000000 0.000000
vn -0.156435 0.000000 -0.987688
vn -0.156435 0.000000 -0.987688
vn -0.156435 0.000000 -0.987688
vn -0.156436 0.000000 -0.987688
vn 0.000000 -1.000000 0.000000
vn 0.000000 -1.000000 -0.000000
vn 0.000000 -1.000000 -0.000000
vn 0.000000 -1.000000 -0.000000
vn 0.156435 0.000000 0.987688
vn 0.156435 0.000000 0.987688
vn 0.156435 0.000000 0.987688
vn 0.156435 0.000000 0.987688
vn 0.000000 1.000000 0.000000
vn 0.000000 1.000000 0.000001
vn 0.000000 1.000000 0.000001
vn 0.000000 1.000000 0.000001
vn -0.453992 -0.000000 -0.891006
vn -0.453990 -0.000000 -0.891007
vn -0.453991 -0.000000 -0.891006
vn -0.453989 -0.000000 -0.891007
vn -0.000000 -1.000000 -0.000001
vn -0.000000 -1.000000 -0.000001
vn -0.000000 -1.000000 -0.000001
vn -0.000000 -1.000000 -0.000001
vn 0.453991 0.000000 0.891006
vn 0.453992 -0.000000 0.891006
vn 0.453991 -0.000000 0.891006
vn 0.453992 -0.000000 0.891006
vn 0.000000 1.000000 -0.000000
vn 0.000000 1.000000 -0.000000
vn 0.000000 1.000000 -0.000000
vn 0.000000 1.000000 0.000000
vn -0.707107 0.000000 -0.707107
vn -0.707107 -0.000000 -0.707106
vn -0.707107 -0.000000 -0.707107
vn -0.707107 -0.000000 -0.707106
vn 0.000000 -1.000000 0.000000
vn 0.000000 -1.000000 0.000000
vn 0.000000 -1.000000 0.000000
vn 0.000000 -1.000000 0.000000
vn 0.707107 0.000000 0.707107
vn 0.707107 -0.000000 0.707106
vn 0.707107 0.000000 0.707107
vn 0.707107 -0.000001 0.707106
vn -0.000001 1.000000 -0.000001
vn -0.000001 1.000000 -0.000000
vn -0.000001 1.000000 -0.000000
vn -0.000001 1.000000 0.000000
vn -0.891007 0.000000 -0.453990
vn -0.891006 0.000000 -0.453991
vn -0.891006 0.000000 -0.453991
vn -0.891006 0.000000 -0.453991
vn 0.000001 -1.000000 0.000001
vn 0.000001 -1.000000 0.000000
vn 0.000001 -1.000000 0.000001
vn 0.000001 -1.000000 0.000000
vn 0.891006 0.000000 0.453991
vn 0.891007 0.000000 0.453991
vn 0.891006 0.000000 0.453991
vn 0.891007 0.000000 0.453991
vn 0.000001 1.000000 -0.000000
vn 0.000001 1.000000 0.000001
vn 0.000001 1.000000 -0.000000
vn 0.000001 1.000000 0.000001
vn -0.987688 0.000000 -0.156434
vn -0.987689 0.000000 -0.156434
vn -0.987688 0.000000 -0.156434
vn -0.987688 0.000000 -0.156434
vn -0.000001 -1.000000 -0.000001
vn -0.000001 -1.000000 -0.000000
vn -0.000001 -1.000000 -0.000001
vn -0.000001 -1.000000 0.000000
vn 0.987688 0.000000 0.156434
vn 0.987688 -0.000000 0.156434
vn 0.987688 -0.000000 0.156434
vn 0.987688 -0.000000 0.156434
vn 0.000000 1.000000 0.000001
vn 0.000000 1.000000 0.000000
vn 0.000000 1.000000 0.000001
vn 0.000000 1.000000 0.000000
vn -0.987688 -0.000000 0.156435
vn -0.987688 -0.000000 0.156435
vn -0.987688 -0.000000 0.156435
vn -0.987688 -0.000000 0.156435
vn 0.000000 -1.000000 0.000000
vn 0.000000 -1.000000 0.000000
vn 0.000000 -1.000000 0.000000
vn 0.000000 -1.000000 0.000000
vn 0.987688 -0.000000 -0.156435
vn 0.987688 -0.000000 -0.156435
vn 0.987688 -0.000000 -0.156435
vn 0.987688 -0.000000 -0.156435
vn -0.000001 1.000000 0.000000
vn -0.000001 1.000000 0.000000
vn -0.000001 1.000000 0.000000
vn -0.000001 1.000000 0.000000
vn -0.891006 0.000000 0.453992
vn -0.891007 -0.000000 0.453990
vn -0.891006 -0.000000 0.453991
vn -0.891007 -0.000000 0.453990
vn 0.000001 -1.000000 -0.000001
vn 0.000001 -1.000000 -0.000000
vn 0.000001 -1.000000 -0.000001
vn 0.000001 -1.000000 0.000000
vn 0.891007 0.000000 -0.453990
vn 0.891006 0.000000 -0.453992
vn 0.891006 0.000000 -0.453991
vn 0.891006 0.000000 -0.453992
vn 0.000000 1.000000 0.000000
vn 0.000000 1.000000 -0.000001
vn 0.000000 1.000000 0.000000
vn 0.000000 1.000000 -0.000001
vn -0.707107 -0.000000 0.707107
vn -0.707107 -0.000000 0.707107
vn -0.707107 -0.000000 0.707107
vn -0.707107 -0.000000 0.707107
vn 0.000000 -1.000000 0.000000
vn 0.000000 -1.000000 -0.000001
vn 0.000000 -1.000000 0.000000
vn 0.000000 -1.000000 -0.000001
vn 0.707107 0.000000 -0.707106
vn 0.707107 -0.000000 -0.707107
vn 0.707107 -0.000000 -0.707106
vn 0.707107 -0.000000 -0.707107
vn 0.000000 1.000000 -0.000000
vn 0.000000 1.000000 0.000000
vn 0.000000 1.000000 -0.000000
vn 0.000000 1.000000 0.000000
vn -0.453991 -0.000000 0.891006
vn -0.453991 -0.000000 0.891007
vn -0.453991 -0.000000 0.891006
vn -0.453990 -0.000000 0.891007
vn 0.000000 -1.000000 0.000000
vn 0.000000 -1.000000 0.000000
vn 0.000000 -1.000000 0.000000
vn 0.000000 -1.000000 0.000000
vn 0.453992 0.000000 -0.891006
vn 0.453990 0.000000 -0.891007
vn 0.453991 0.000000 -0.891006
vn 0.453989 0.000000 -0.891007
vn 0.000000 1.000000 0.000000
vn 0.000000 1.000000 -0.000000
vn 0.000000 1.000000 -0.000000
vn 0.000000 1.000000 -0.000000
vn -0.156435 0.000000 0.987688
vn -0.156435 0.000000 0.987688
vn -0.156435 0.000000 0.987688
vn -0.156435 0.000000 0.987688
vn 0.000000 -1.000000 0.000000
vn 0.000000 -1.000000 0.000000
vn 0.000000 -1.000000 0.000000
vn 0.000000 -1.000000 0.000000
vn 0.156435 0.000000 -0.987688
vn 0.156435 0.000001 -0.987688
vn 0.156435 0.000000 -0.987688
vn 0.156435 0.000001 -0.987688
vn 0.000000 1.000000 0.000000
vn 0.000000 1.000000 -0.000000
vn 0.000000 1.000000 0.000000
vn 0.000000 1.000000 -0.000000
vn 0.156432 0.000000 0.987689
vn 0.156432 0.000000 0.987689
vn 0.156432 0.000000 0.987689
vn 0.156432 0.000000 0.987689
vn 0.000000 -1.000000 -0.000000
vn 0.000000 -1.000000 0.000000
vn 0.000000 -1.000000 -0.000000
vn 0.000000 -1.000000 0.000000
vn -0.156432 0.000000 -0.987689
vn -0.156432 0.000000 -0.987689
vn -0.156432 0.000000 -0.987689
vn -0.156432 0.000000 -0.987689
vn 0.000000 1.000000 0.000000
vn 0.000000 1.000000 -0.000000
vn 0.000000 1.000000 -0.000000
vn 0.000000 1.000000 -0.000000
vn 0.000000 1.000000 0.000001
vn 0.000000 1.000000 0.000001
vn 0.000000 1.000000 -0.000001
vn 0.000000 1.000000 -0.000001
vn -0.000000 1.000000 0.000000
vn -0.000000 1.000000 0.000000
vn -0.000000 1.000000 -0.000000
vn -0.000000 1.000000 -0.000000
vn 0.000000 1.000000 0.000000
vn 0.000000 1.000000 0.000000
vn 0.000000 1.000000 -0.000000
vn 0.000000 1.000000 -0.000000
vn 0.000000 1.000000 0.000000
vn 0.000000 1.000000 0.000001
vn 0.000000 1.000000 0.000000
vn 0.000000 1.000000 0.000000
vn 0.000000 1.000000 0.000000
vn 0.000000 1.000000 0.000000
vn 0.000000 1.000000 0.000000
vn 0.000000 1.000000 0.000001
vn -0.000000 1.000000 0.000000
vn -0.000000 1.000000 -0.000000
vn 0.000000 1.000000 -0.000001
vn 0.000000 1.000000 -0.000001
vn 0.000000 1.000000 0.000000
vn 0.000000 1.000000 0.000000
vn -0.000000 1.000000 0.000000
vn -0.000000 1.000000 0.000000
vn -0.000000 1.000000 -0.000000
vn -0.000000 1.000000 -0.000000
vn 0.000000 1.000000 0.000000
vn 0.000000 1.000000 0.000000
vn 0.000000 1.000000 -0.000000
vn 0.000000 1.000000 -0.000000
vn 0.000000 1.000000 -0.000000
vn 0.000000 1.000000 -0.000000
vn 0.766744 0.590278 -0.252340
vn 0.651240 0.590278 -0.476927
vn 0.766703 0.590278 -0.252466
vn 0.651161 0.590277 -0.477035
vn 0.471986 0.590279 -0.654828
vn 0.471878 0.590279 -0.654906
vn 0.246533 0.590278 -0.768631
vn 0.246407 0.590278 -0.768672
vn -0.003053 0.590278 -0.807194
vn -0.003186 0.590278 -0.807194
vn -0.252341 0.590277 -0.766744
vn -0.252467 0.590277 -0.766703
vn -0.476928 0.590276 -0.651241
vn -0.477035 0.590276 -0.651162
vn -0.654829 0.590277 -0.471987
vn -0.654907 0.590277 -0.471879
vn -0.768630 0.590279 -0.246533
vn -0.768671 0.590278 -0.246406
vn -0.807195 0.590278 0.003053
vn -0.807195 0.590277 0.003186
vn -0.766744 0.590277 0.252341
vn -0.766703 0.590277 0.252468
vn -0.651240 0.590277 0.476928
vn -0.651161 0.590277 0.477035
vn -0.471988 0.590276 0.654829
vn -0.471880 0.590276 0.654907
vn -0.246533 0.590278 0.768631
vn -0.246406 0.590278 0.768672
vn 0.003054 0.590277 0.807195
vn 0.003187 0.590277 0.807194
vn 0.252341 0.590277 0.766745
vn 0.252467 0.590277 0.766703
vn 0.476927 0.590277 0.651240
vn 0.477034 0.590277 0.651162
vn 0.654828 0.590278 0.471987
vn 0.654907 0.590277 0.471880
vn 0.768632 0.590277 0.246533
vn 0.768672 0.590277 0.246406
vn 0.807194 0.590279 -0.003053
vn 0.807194 0.590278 -0.003186
vn 0.710946 -0.602772 -0.362245
vn 0.710949 -0.602768 -0.362246
vn 0.710946 -0.602772 -0.362245
vn 0.710949 -0.602768 -0.362247
vn -0.539547 0.075576 -0.838557
vn -0.539548 0.075573 -0.838556
vn -0.539547 0.075576 -0.838557
vn -0.539548 0.075573 -0.838557
vn -0.710947 0.602772 0.362245
vn -0.710947 0.602771 0.362245
vn -0.710947 0.602771 0.362245
vn -0.710947 0.602771 0.362245
vn 0.361270 0.075575 0.929393
vn 0.361269 0.075576 0.929394
vn 0.361270 0.075575 0.929393
vn 0.361269 0.075576 0.929394
vn 0.362246 -0.602770 -0.710947
vn 0.362245 -0.602771 -0.710947
vn 0.362246 -0.602770 -0.710947
vn 0.362245 -0.602771 -0.710947
vn -0.929394 0.075575 -0.361269
vn -0.929394 0.075575 -0.361270
vn -0.929394 0.075575 -0.361269
vn -0.929394 0.075575 -0.361270
vn -0.362245 0.602771 0.710947
vn -0.362246 0.602770 0.710947
vn -0.362245 0.602771 0.710947
vn -0.362246 0.602770 0.710947
vn 0.838557 0.075576 0.539546
vn 0.838558 0.075575 0.539546
vn 0.838557 0.075576 0.539546
vn 0.838558 0.075575 0.539546
vn -0.124821 -0.602773 -0.788089
vn -0.124822 -0.602771 -0.788091
vn -0.124821 -0.602773 -0.788089
vn -0.124822 -0.602771 -0.788091
vn -0.964244 0.075578 0.254011
vn -0.964244 0.075574 0.254012
vn -0.964244 0.075578 0.254011
vn -0.964244 0.075573 0.254012
vn 0.124821 0.602771 0.788091
vn 0.124821 0.602771 0.788091
vn 0.124821 0.602771 0.788091
vn 0.124821 0.602771 0.788091
vn 0.995544 0.075576 -0.056389
vn 0.995544 0.075575 -0.056389
vn 0.995544 0.075576 -0.056389
vn 0.995544 0.075575 -0.056389
vn -0.564211 -0.602771 -0.564211
vn -0.564210 -0.602773 -0.564209
vn -0.564211 -0.602771 -0.564211
vn -0.564210 -0.602773 -0.564209
vn -0.630787 0.075575 0.772267
vn -0.630786 0.075576 0.772268
vn -0.630787 0.075575 0.772267
vn -0.630786 0.075576 0.772268
vn 0.564210 0.602772 0.564210
vn 0.564210 0.602772 0.564209
vn 0.564210 0.602772 0.564210
vn 0.564211 0.602772 0.564209
vn 0.772268 0.075575 -0.630785
vn 0.772267 0.075576 -0.630787
vn 0.772268 0.075575 -0.630785
vn 0.772267 0.075576 -0.630787
vn -0.788089 -0.602773 -0.124821
vn -0.788090 -0.602772 -0.124821
vn -0.788089 -0.602773 -0.124821
vn -0.788090 -0.602772 -0.124821
vn -0.056389 0.075575 0.995544
vn -0.056389 0.075575 0.995544
vn -0.056389 0.075575 0.995544
vn -0.056389 0.075575 0.995544
vn 0.788091 0.602771 0.124821
vn 0.788091 0.602771 0.124821
vn 0.788091 0.602771 0.124821
vn 0.788091 0.602771 0.124821
vn 0.254009 0.075576 -0.964245
vn 0.254012 0.075576 -0.964244
vn 0.254009 0.075576 -0.964245
vn 0.254012 0.075576 -0.964244
vn -0.710949 -0.602768 0.362247
vn -0.710946 -0.602771 0.362246
vn -0.710949 -0.602768 0.362247
vn -0.710946 -0.602772 0.362246
vn 0.539546 0.075576 0.838557
vn 0.539547 0.075575 0.838557
vn 0.539546 0.075576 0.838557
vn 0.539547 0.075575 0.838557
vn 0.710947 0.602771 -0.362246
vn 0.710949 0.602769 -0.362246
vn 0.710947 0.602771 -0.362246
vn 0.710949 0.602768 -0.362246
vn -0.361269 0.075577 -0.929394
vn -0.361269 0.075575 -0.929394
vn -0.361269 0.075577 -0.929394
vn -0.361269 0.075575 -0.929394
vn -0.362246 -0.602770 0.710947
vn -0.362246 -0.602771 0.710947
vn -0.362246 -0.602770 0.710947
vn -0.362246 -0.602771 0.710947
vn 0.929394 0.075575 0.361270
vn 0.929393 0.075577 0.361270
vn 0.929394 0.075575 0.361270
vn 0.929393 0.075577 0.361270
vn 0.362246 0.602770 -0.710948
vn 0.362245 0.602772 -0.710947
vn 0.362246 0.602770 -0.710947
vn 0.362245 0.602772 -0.710947
vn -0.838557 0.075576 -0.539546
vn -0.838557 0.075576 -0.539546
vn -0.838557 0.075576 -0.539546
vn -0.838557 0.075576 -0.539547
vn 0.124822 -0.602773 0.788089
vn 0.124821 -0.602771 0.788091
vn 0.124822 -0.602773 0.788089
vn 0.124821 -0.602771 0.788091
vn 0.964244 0.075576 -0.254011
vn 0.964244 0.075575 -0.254011
vn 0.964244 0.075576 -0.254011
vn 0.964244 0.075575 -0.254011
vn -0.124821 0.602771 -0.788091
vn -0.124821 0.602771 -0.788091
vn -0.124821 0.602771 -0.788091
vn -0.124821 0.602771 -0.788091
vn -0.995544 0.075576 0.056389
vn -0.995544 0.075575 0.056389
vn -0.995544 0.075576 0.056389
vn -0.995544 0.075575 0.056389
vn 0.564209 -0.602773 0.564210
vn 0.564210 -0.602772 0.564210
vn 0.564210 -0.602773 0.564210
vn 0.564210 -0.602772 0.564210
vn 0.630786 0.075576 -0.772268
vn 0.630787 0.075575 -0.772267
vn 0.630786 0.075576 -0.772268
vn 0.630787 0.075574 -0.772267
vn -0.564210 0.602772 -0.564210
vn -0.564210 0.602772 -0.564211
vn -0.564210 0.602772 -0.564210
vn -0.564209 0.602772 -0.564211
vn -0.772267 0.075576 0.630786
vn -0.772268 0.075575 0.630786
vn -0.772267 0.075576 0.630786
vn -0.772268 0.075574 0.630786
vn 0.788092 -0.602770 0.124821
vn 0.788090 -0.602772 0.124822
vn 0.788091 -0.602770 0.124821
vn 0.788090 -0.602772 0.124822
vn 0.056389 0.075575 -0.995544
vn 0.056389 0.075576 -0.995544
vn 0.056389 0.075575 -0.995544
vn 0.056389 0.075576 -0.995544
vn -0.788093 0.602768 -0.124822
vn -0.788089 0.602773 -0.124821
vn -0.788092 0.602769 -0.124822
vn -0.788089 0.602773 -0.124821
vn -0.254011 0.075575 0.964244
vn -0.254011 0.075576 0.964244
vn -0.254011 0.075575 0.964244
vn -0.254011 0.075576 0.964244
vn 0.474971 0.846070 -0.242010
vn 0.474972 0.846069 -0.242010
vn 0.474971 0.846070 -0.242010
vn 0.474972 0.846069 -0.242010
vn 0.412423 -0.071182 0.908207
vn 0.375994 -0.066891 0.924204
vn 0.410331 -0.068835 0.909335
vn 0.376391 -0.068204 0.923947
vn -0.492342 -0.071179 -0.867487
vn -0.494483 -0.068832 -0.866457
vn -0.526696 -0.066889 -0.847418
vn -0.526255 -0.068202 -0.847588
vn 0.326272 -0.050973 0.943901
vn 0.330524 -0.057228 0.942061
vn -0.835677 -0.346900 0.425799
vn -0.835677 -0.346901 0.425798
vn -0.835677 -0.346900 0.425798
vn -0.835677 -0.346901 0.425798
vn -0.571854 -0.050971 -0.818771
vn -0.567866 -0.057226 -0.821129
vn 0.242010 0.846069 -0.474972
vn 0.242010 0.846069 -0.474971
vn 0.242010 0.846069 -0.474972
vn 0.242010 0.846069 -0.474971
vn 0.867486 -0.071180 0.492343
vn 0.846315 -0.072195 0.527768
vn 0.866457 -0.068833 0.494484
vn 0.845560 -0.062349 0.530227
vn -0.908208 -0.071179 -0.412422
vn -0.909335 -0.068833 -0.410330
vn -0.924424 -0.072196 -0.374469
vn -0.925970 -0.062350 -0.372413
vn 0.824097 0.001569 0.566447
vn 0.823822 0.003807 0.566836
vn -0.942657 0.001569 -0.333760
vn -0.942810 0.003807 -0.333309
vn 0.822041 0.057551 0.566513
vn 0.823176 0.042599 0.566187
vn -0.415936 0.400771 0.816321
vn -0.415936 0.400771 0.816321
vn -0.415936 0.400771 0.816321
vn -0.415936 0.400771 0.816321
vn -0.941502 0.057552 -0.332058
vn -0.941905 0.042600 -0.333167
vn -0.083391 0.846070 -0.526510
vn -0.083391 0.846070 -0.526509
vn -0.083391 0.846070 -0.526510
vn -0.083391 0.846070 -0.526509
vn 0.991203 -0.071180 -0.111584
vn 0.994897 -0.072196 -0.070479
vn 0.991629 -0.068834 -0.109247
vn 0.995732 -0.062350 -0.068045
vn -0.977171 -0.071181 0.200175
vn -0.976854 -0.068835 0.202530
vn -0.967983 -0.072196 0.240411
vn -0.968025 -0.062350 0.242983
vn 0.999657 0.001569 -0.026128
vn 0.999664 0.003808 -0.025651
vn -0.958804 0.001569 0.284063
vn -0.958663 0.003808 0.284518
vn 0.998033 0.057553 -0.024866
vn 0.998759 0.042600 -0.025796
vn 0.143322 0.400775 0.904897
vn 0.143322 0.400774 0.904897
vn 0.143322 0.400775 0.904897
vn 0.143321 0.400774 0.904897
vn -0.956869 0.057554 0.284760
vn -0.957848 0.042601 0.284100
vn -0.376939 0.846070 -0.376939
vn -0.376939 0.846070 -0.376939
vn -0.376939 0.846070 -0.376939
vn -0.376939 0.846070 -0.376939
vn 0.736313 -0.071181 -0.672886
vn 0.763461 -0.072195 -0.641806
vn 0.738031 -0.068834 -0.671246
vn 0.765567 -0.062349 -0.640328
vn -0.672887 -0.071179 0.736313
vn -0.671247 -0.068832 0.738031
vn -0.641805 -0.072197 0.763462
vn -0.640327 -0.062351 0.765568
vn 0.793383 0.001568 -0.608721
vn 0.793668 0.003806 -0.608339
vn -0.608721 0.001569 0.793383
vn -0.608339 0.003808 0.793668
vn 0.792809 0.057553 -0.606746
vn 0.792850 0.042600 -0.607926
vn 0.647835 0.400773 0.647835
vn 0.647835 0.400774 0.647835
vn 0.647835 0.400773 0.647835
vn 0.647835 0.400774 0.647835
vn -0.606746 0.057554 0.792809
vn -0.607925 0.042600 0.792851
vn -0.526509 0.846070 -0.083391
vn -0.526511 0.846069 -0.083391
vn -0.526509 0.846070 -0.083391
vn -0.526511 0.846069 -0.083391
vn 0.200177 -0.071180 -0.977171
vn 0.240411 -0.072197 -0.967982
vn 0.202531 -0.068834 -0.976854
vn 0.242983 -0.062351 -0.968024
vn -0.111584 -0.071180 0.991202
vn -0.109247 -0.068834 0.991628
vn -0.070479 -0.072196 0.994897
vn -0.068045 -0.062350 0.995732
vn 0.284062 0.001569 -0.958805
vn 0.284517 0.003807 -0.958663
vn -0.026128 0.001570 0.999657
vn -0.025651 0.003808 0.999664
vn 0.284759 0.057553 -0.956870
vn 0.284099 0.042600 -0.957848
vn 0.904900 0.400769 0.143322
vn 0.904897 0.400775 0.143321
vn 0.904899 0.400769 0.143322
vn 0.904897 0.400776 0.143321
vn -0.024866 0.057553 0.998033
vn -0.025796 0.042600 0.998759
vn -0.474973 0.846068 0.242011
vn -0.474972 0.846069 0.242010
vn -0.474973 0.846068 0.242011
vn -0.474972 0.846069 0.242010
vn -0.412424 -0.071181 -0.908207
vn -0.375994 -0.066891 -0.924205
vn -0.410332 -0.068834 -0.909335
vn -0.376391 -0.068203 -0.923947
vn 0.492342 -0.071177 0.867487
vn 0.494483 -0.068831 0.866457
vn 0.526697 -0.066889 0.847418
vn 0.526256 -0.068202 0.847587
vn -0.326272 -0.050973 -0.943901
vn -0.330524 -0.057228 -0.942061
vn 0.835677 -0.346900 -0.425799
vn 0.835676 -0.346901 -0.425799
vn 0.835677 -0.346900 -0.425799
vn 0.835676 -0.346901 -0.425799
vn 0.571853 -0.050973 0.818771
vn 0.567866 -0.057227 0.821130
vn -0.242010 0.846069 0.474972
vn -0.242010 0.846069 0.474971
vn -0.242010 0.846069 0.474972
vn -0.242010 0.846069 0.474971
vn -0.867486 -0.071179 -0.492343
vn -0.846314 -0.072196 -0.527768
vn -0.866457 -0.068832 -0.494484
vn -0.845560 -0.062350 -0.530228
vn 0.908208 -0.071181 0.412422
vn 0.909335 -0.068834 0.410330
vn 0.924424 -0.072196 0.374470
vn 0.925970 -0.062350 0.372413
vn -0.824097 0.001568 -0.566447
vn -0.823822 0.003806 -0.566836
vn 0.942657 0.001569 0.333760
vn 0.942810 0.003807 0.333309
vn -0.822041 0.057553 -0.566513
vn -0.823176 0.042600 -0.566187
vn 0.415935 0.400772 -0.816321
vn 0.415936 0.400772 -0.816321
vn 0.415935 0.400772 -0.816321
vn 0.415936 0.400772 -0.816321
vn 0.941501 0.057554 0.332058
vn 0.941905 0.042601 0.333168
vn 0.083391 0.846070 0.526509
vn 0.083391 0.846070 0.526509
vn 0.083391 0.846070 0.526509
vn 0.083391 0.846070 0.526509
vn -0.991202 -0.071181 0.111584
vn -0.994897 -0.072197 0.070479
vn -0.991629 -0.068834 0.109247
vn -0.995732 -0.062350 0.068046
vn 0.977171 -0.071181 -0.200176
vn 0.976854 -0.068834 -0.202530
vn 0.967982 -0.072197 -0.240411
vn 0.968025 -0.062350 -0.242984
vn -0.999657 0.001569 0.026128
vn -0.999664 0.003808 0.025651
vn 0.958805 0.001570 -0.284062
vn 0.958663 0.003808 -0.284518
vn -0.998033 0.057553 0.024866
vn -0.998759 0.042600 0.025796
vn -0.143322 0.400775 -0.904897
vn -0.143322 0.400775 -0.904897
vn -0.143322 0.400775 -0.904897
vn -0.143322 0.400775 -0.904897
vn 0.956870 0.057553 -0.284760
vn 0.957848 0.042600 -0.284100
vn 0.376939 0.846070 0.376939
vn 0.376939 0.846070 0.376939
vn 0.376939 0.846070 0.376939
vn 0.376939 0.846070 0.376939
vn -0.736312 -0.071181 0.672887
vn -0.763463 -0.072196 0.641804
vn -0.738031 -0.068834 0.671247
vn -0.765568 -0.062350 0.640326
vn 0.672887 -0.071181 -0.736312
vn 0.671247 -0.068834 -0.738031
vn 0.641804 -0.072196 -0.763463
vn 0.640326 -0.062350 -0.765568
vn -0.793383 0.001569 0.608721
vn -0.793668 0.003807 0.608339
vn 0.608721 0.001570 -0.793383
vn 0.608339 0.003808 -0.793668
vn -0.792810 0.057553 0.606745
vn -0.792851 0.042599 0.607925
vn -0.647835 0.400772 -0.647836
vn -0.647835 0.400773 -0.647835
vn -0.647836 0.400772 -0.647836
vn -0.647835 0.400773 -0.647835
vn 0.606746 0.057550 -0.792810
vn 0.607926 0.042599 -0.792850
vn 0.526509 0.846070 0.083391
vn 0.526508 0.846071 0.083391
vn 0.526509 0.846070 0.083391
vn 0.526508 0.846071 0.083391
vn -0.200175 -0.071181 0.977171
vn -0.240411 -0.072197 0.967983
vn -0.202530 -0.068834 0.976854
vn -0.242983 -0.062351 0.968025
vn 0.111584 -0.071180 -0.991202
vn 0.109247 -0.068834 -0.991628
vn 0.070479 -0.072196 -0.994897
vn 0.068045 -0.062350 -0.995732
vn -0.284062 0.001569 0.958805
vn -0.284517 0.003808 0.958663
vn 0.026128 0.001570 -0.999657
vn 0.025651 0.003808 -0.999664
vn -0.284760 0.057553 0.956870
vn -0.284100 0.042600 0.957848
vn -0.904898 0.400774 -0.143322
vn -0.904897 0.400774 -0.143321
vn -0.904897 0.400774 -0.143322
vn -0.904897 0.400774 -0.143321
vn 0.024866 0.057553 -0.998033
vn 0.025796 0.042600 -0.998759
vn -0.891007 0.000000 0.453990
vn -0.891007 0.000000 0.453990
vn -0.891007 0.000000 0.453990
vn -0.891007 0.000000 0.453990
vn -0.587785 0.000000 -0.809017
vn -0.587785 0.000000 -0.809017
vn -0.587785 0.000000 -0.809017
vn -0.587785 0.000000 -0.809017
vn 0.891006 0.000000 -0.453991
vn 0.891007 0.000000 -0.453990
vn 0.891007 0.000000 -0.453991
vn 0.891007 0.000000 -0.453990
vn 0.309017 0.000000 0.951057
vn 0.309017 0.000000 0.951057
vn 0.309017 0.000000 0.951057
vn 0.309017 0.000000 0.951057
vn -0.453990 0.000000 0.891007
vn -0.453990 0.000000 0.891007
vn -0.453990 0.000000 0.891007
vn -0.453990 0.000000 0.891007
vn -0.951057 0.000000 -0.309017
vn -0.951057 0.000000 -0.309017
vn -0.951057 0.000000 -0.309017
vn -0.951057 0.000000 -0.309017
vn 0.453990 0.000000 -0.891007
vn 0.453990 0.000000 -0.891007
vn 0.453990 0.000000 -0.891007
vn 0.453990 0.000000 -0.891007
vn 0.809018 0.000000 0.587785
vn 0.809017 0.000000 0.587785
vn 0.809017 0.000000 0.587785
vn 0.809017 0.000000 0.587785
vn 0.156435 0.000000 0.987688
vn 0.156435 0.000000 0.987688
vn 0.156435 0.000000 0.987688
vn 0.156435 0.000000 0.987688
vn -0.951057 0.000000 0.309017
vn -0.951057 0.000000 0.309017
vn -0.951057 0.000000 0.309017
vn -0.951057 0.000000 0.309017
vn -0.156435 0.000000 -0.987688
vn -0.156435 0.000000 -0.987688
vn -0.156435 0.000000 -0.987688
vn -0.156435 0.000000 -0.987688
vn 1.000000 -0.000000 0.000000
vn 1.000000 -0.000000 0.000000
vn 1.000000 -0.000000 0.000000
vn 1.000000 -0.000000 0.000000
vn 0.707107 0.000000 0.707107
vn 0.707107 0.000000 0.707107
vn 0.707107 0.000000 0.707107
vn 0.707107 0.000000 0.707107
vn -0.587785 0.000000 0.809017
vn -0.587784 0.000000 0.809018
vn -0.587785 0.000000 0.809017
vn -0.587784 0.000000 0.809018
vn -0.707107 0.000000 -0.707106
vn -0.707107 0.000000 -0.707107
vn -0.707107 0.000000 -0.707107
vn -0.707107 0.000000 -0.707107
vn 0.809017 0.000000 -0.587785
vn 0.809017 0.000000 -0.587785
vn 0.809017 0.000000 -0.587785
vn 0.809017 0.000000 -0.587785
vn 0.987688 0.000000 0.156434
vn 0.987688 0.000000 0.156434
vn 0.987688 0.000000 0.156434
vn 0.987688 0.000000 0.156434
vn -0.000000 0.000000 1.000000
vn -0.000000 0.000000 1.000000
vn -0.000000 0.000000 1.000000
vn 0.000000 0.000000 1.000000
vn -0.987688 -0.000000 -0.156434
vn -0.987688 -0.000000 -0.156434
vn -0.987688 -0.000000 -0.156434
vn -0.987688 0.000000 -0.156434
vn 0.309017 0.000000 -0.951057
vn 0.309017 0.000000 -0.951057
vn 0.309017 0.000000 -0.951057
vn 0.309017 0.000000 -0.951057
vn 0.891006 0.000000 -0.453991
vn 0.891006 0.000000 -0.453991
vn 0.891006 0.000000 -0.453991
vn 0.891006 0.000000 -0.453991
vn 0.587784 0.000000 0.809018
vn 0.587785 0.000000 0.809017
vn 0.587784 0.000000 0.809018
vn 0.587785 0.000000 0.809017
vn -0.891006 0.000000 0.453991
vn -0.891006 0.000000 0.453991
vn -0.891006 0.000000 0.453991
vn -0.891006 0.000000 0.453991
vn -0.309017 0.000000 -0.951057
vn -0.309017 0.000000 -0.951057
vn -0.309017 0.000000 -0.951057
vn -0.309017 0.000000 -0.951057
vn 0.453991 0.000000 -0.891006
vn 0.453990 0.000000 -0.891007
vn 0.453991 0.000000 -0.891006
vn 0.453990 0.000000 -0.891007
vn 0.951056 0.000000 0.309018
vn 0.951057 0.000000 0.309017
vn 0.951056 0.000000 0.309018
vn 0.951057 0.000000 0.309017
vn -0.453990 0.000000 0.891007
vn -0.453991 0.000000 0.891006
vn -0.453990 0.000000 0.891007
vn -0.453991 0.000000 0.891006
vn -0.809018 0.000000 -0.587785
vn -0.809017 0.000000 -0.587785
vn -0.809017 0.000000 -0.587785
vn -0.809017 0.000000 -0.587785
vn -0.156435 0.000000 -0.987688
vn -0.156435 0.000000 -0.987688
vn -0.156435 0.000000 -0.987688
vn -0.156435 0.000000 -0.987688
vn 0.951057 0.000000 -0.309017
vn 0.951057 0.000000 -0.309017
vn 0.951057 0.000000 -0.309017
vn 0.951057 0.000000 -0.309017
vn 0.156435 0.000000 0.987688
vn 0.156435 0.000000 0.987688
vn 0.156435 0.000000 0.987688
vn 0.156435 0.000000 0.987688
vn -1.000000 0.000000 -0.000000
vn -1.000000 0.000000 -0.000000
vn -1.000000 0.000000 -0.000000
vn -1.000000 0.000000 -0.000000
vn -0.707107 0.000000 -0.707107
vn -0.707107 0.000000 -0.707107
vn -0.707107 0.000000 -0.707107
vn -0.707107 0.000000 -0.707107
vn 0.587785 0.000000 -0.809017
vn 0.587785 0.000000 -0.809017
vn 0.587785 0.000000 -0.809017
vn 0.587785 0.000000 -0.809017
vn 0.707107 0.000000 0.707107
vn 0.707107 0.000000 0.707107
vn 0.707107 0.000000 0.707107
vn 0.707107 0.000000 0.707107
vn -0.809017 0.000000 0.587786
vn -0.809017 0.000000 0.587785
vn -0.809017 0.000000 0.587785
vn -0.809018 0.000000 0.587785
vn -0.987688 0.000000 -0.156434
vn -0.987688 0.000000 -0.156434
vn -0.987688 0.000000 -0.156434
vn -0.987688 0.000000 -0.156434
vn 0.000000 0.000000 -1.000000
vn 0.000000 0.000000 -1.000000
vn 0.000000 0.000000 -1.000000
vn 0.000000 0.000000 -1.000000
vn 0.987688 0.000000 0.156434
vn 0.987688 0.000000 0.156434
vn 0.987688 0.000000 0.156434
vn 0.987688 0.000000 0.156434
vn -0.309017 0.000000 0.951057
vn -0.309017 0.000000 0.951056
vn -0.309017 0.000000 0.951056
vn -0.309017 0.000000 0.951057
s 1
usemtl blinn2SG
f 1/21/1 2/22/2 21/42/3
f 21/42/3 2/22/2 22/43/4
f 2/22/2 3/23/5 22/43/4
f 22/43/4 3/23/5 23/44/6
f 3/23/5 4/24/7 23/44/6
f 23/44/6 4/24/7 24/45/8
f 4/24/7 5/25/9 24/45/8
f 24/45/8 5/25/9 25/46/10
f 5/25/9 6/26/11 25/46/10
f 25/46/10 6/26/11 26/47/12
f 6/26/11 7/27/13 26/47/12
f 26/47/12 7/27/13 27/48/14
f 7/27/13 8/28/15 27/48/14
f 27/48/14 8/28/15 28/49/16
f 8/28/15 9/29/17 28/49/16
f 28/49/16 9/29/17 29/50/18
f 9/29/17 10/30/19 29/50/18
f 29/50/18 10/30/19 30/51/20
f 10/30/19 11/31/21 30/51/20
f 30/51/20 11/31/21 31/52/22
f 11/31/21 12/32/23 31/52/22
f 31/52/22 12/32/23 32/53/24
f 12/32/23 13/33/25 32/53/24
f 32/53/24 13/33/25 33/54/26
f 13/33/25 14/34/27 33/54/26
f 33/54/26 14/34/27 34/55/28
f 14/34/27 15/35/29 34/55/28
f 34/55/28 15/35/29 35/56/30
f 15/35/29 16/36/31 35/56/30
f 35/56/30 16/36/31 36/57/32
f 16/36/31 17/37/33 36/57/32
f 36/57/32 17/37/33 37/58/34
f 17/37/33 18/38/35 37/58/34
f 37/58/34 18/38/35 38/59/36
f 18/38/35 19/39/37 38/59/36
f 38/59/36 19/39/37 39/60/38
f 19/39/37 20/40/39 39/60/38
f 39/60/38 20/40/39 40/61/40
f 20/40/39 1/41/1 40/61/40
f 40/61/40 1/41/1 21/62/3
s 2
usemtl blinn3SG
f 162/225/41 161/226/42 163/83/43
f 164/227/44 162/225/41 163/83/43
f 165/228/45 164/227/44 163/83/43
f 166/229/46 165/228/45 163/83/43
f 167/230/47 166/229/46 163/83/43
f 168/231/48 167/230/47 163/83/43
f 169/232/49 168/231/48 163/83/43
f 170/233/50 169/232/49 163/83/43
f 171/234/51 170/233/50 163/83/43
f 172/235/52 171/234/51 163/83/43
f 173/236/53 172/235/52 163/83/43
f 174/237/54 173/236/53 163/83/43
f 175/238/55 174/237/54 163/83/43
f 176/239/56 175/238/55 163/83/43
f 177/240/57 176/239/56 163/83/43
f 178/241/58 177/240/57 163/83/43
f 179/242/59 178/241/58 163/83/43
f 180/243/60 179/242/59 163/83/43
f 181/244/61 180/243/60 163/83/43
f 161/226/42 181/244/61 163/83/43
s 3
usemtl lambert2SG
f 398/421/62 399/422/63 400/84/64
f 399/422/63 401/423/65 400/84/64
f 401/423/65 402/424/66 400/84/64
f 402/424/66 403/425/67 400/84/64
f 403/425/67 404/426/68 400/84/64
f 404/426/68 405/427/69 400/84/64
f 405/427/69 406/428/70 400/84/64
f 406/428/70 407/429/71 400/84/64
f 407/429/71 408/430/72 400/84/64
f 408/430/72 409/431/73 400/84/64
f 409/431/73 410/432/74 400/84/64
f 410/432/74 411/433/75 400/84/64
f 411/433/75 412/434/76 400/84/64
f 412/434/76 413/435/77 400/84/64
f 413/435/77 414/436/78 400/84/64
f 414/436/78 415/437/79 400/84/64
f 415/437/79 416/438/80 400/84/64
f 416/438/80 417/439/81 400/84/64
f 417/439/81 418/440/82 400/84/64
f 418/440/82 398/421/62 400/84/64
s 4
usemtl standardSurface5SG
f 535/597/83 536/598/84 538/600/85
f 538/600/85 536/598/84 537/599/86
s 5
usemtl lambert2SG
f 22/80/87 23/79/88 42/86/89
f 42/86/89 23/79/88 43/87/90
s 6
usemtl standardSurface5SG
f 539/601/91 540/602/92 542/604/93
f 542/604/93 540/602/92 541/603/94
s 7
usemtl lambert2SG
f 24/78/95 25/77/96 44/88/97
f 44/88/97 25/77/96 45/89/98
s 8
usemtl standardSurface5SG
f 543/605/99 544/606/100 546/608/101
f 546/608/101 544/606/100 545/607/102
s 9
usemtl lambert2SG
f 26/76/103 27/75/104 46/90/105
f 46/90/105 27/75/104 47/91/106
s 10
usemtl standardSurface5SG
f 547/609/107 548/610/108 550/612/109
f 550/612/109 548/610/108 549/611/110
s 11
usemtl lambert2SG
f 28/74/111 29/73/112 48/92/113
f 48/92/113 29/73/112 49/93/114
s 12
usemtl standardSurface5SG
f 551/613/115 552/614/116 554/616/117
f 554/616/117 552/614/116 553/615/118
s 13
usemtl lambert2SG
f 30/72/119 31/71/120 50/94/121
f 50/94/121 31/71/120 51/95/122
s 14
usemtl standardSurface5SG
f 555/617/123 556/618/124 558/620/125
f 558/620/125 556/618/124 557/619/126
s 15
usemtl lambert2SG
f 32/70/127 33/69/128 52/96/129
f 52/96/129 33/69/128 53/97/130
s 16
usemtl standardSurface5SG
f 559/621/131 560/622/132 562/624/133
f 562/624/133 560/622/132 561/623/134
s 17
usemtl lambert2SG
f 34/68/135 35/67/136 54/98/137
f 54/98/137 35/67/136 55/99/138
s 18
usemtl standardSurface5SG
f 563/625/139 564/626/140 566/628/141
f 566/628/141 564/626/140 565/627/142
s 19
usemtl lambert2SG
f 36/66/143 37/65/144 56/100/145
f 56/100/145 37/65/144 57/101/146
s 20
usemtl standardSurface5SG
f 567/629/147 568/630/148 570/632/149
f 570/632/149 568/630/148 569/631/150
s 21
usemtl lambert2SG
f 38/64/151 39/63/152 58/102/153
f 58/102/153 39/63/152 59/103/154
s 22
usemtl standardSurface5SG
f 571/633/155 572/634/156 574/636/157
f 574/636/157 572/634/156 573/635/158
s 23
usemtl lambert2SG
f 40/82/159 21/81/160 60/104/161
f 60/104/161 21/81/160 41/85/162
s 24
usemtl standardSurface3SG
f 419/481/163 420/482/164 422/484/165
f 422/484/165 420/482/164 421/483/166
s 25
usemtl lambert2SG
f 42/106/167 43/107/168 62/126/169
f 62/126/169 43/107/168 63/127/170
s 26
usemtl standardSurface3SG
f 423/485/171 424/486/172 426/488/173
f 426/488/173 424/486/172 425/487/174
s 27
usemtl lambert2SG
f 44/108/175 45/109/176 64/128/177
f 64/128/177 45/109/176 65/129/178
s 28
usemtl standardSurface3SG
f 427/489/179 428/490/180 430/492/181
f 430/492/181 428/490/180 429/491/182
s 29
usemtl lambert2SG
f 46/110/183 47/111/184 66/130/185
f 66/130/185 47/111/184 67/131/186
s 30
usemtl standardSurface3SG
f 431/493/187 432/494/188 434/496/189
f 434/496/189 432/494/188 433/495/190
s 31
usemtl lambert2SG
f 48/112/191 49/113/192 68/132/193
f 68/132/193 49/113/192 69/133/194
s 32
usemtl standardSurface3SG
f 435/497/195 436/498/196 438/500/197
f 438/500/197 436/498/196 437/499/198
s 33
usemtl lambert2SG
f 50/114/199 51/115/200 70/134/201
f 70/134/201 51/115/200 71/135/202
s 34
usemtl standardSurface3SG
f 439/501/203 440/502/204 442/504/205
f 442/504/205 440/502/204 441/503/206
s 35
usemtl lambert2SG
f 52/116/207 53/117/208 72/136/209
f 72/136/209 53/117/208 73/137/210
s 36
usemtl standardSurface3SG
f 443/505/211 444/506/212 446/508/213
f 446/508/213 444/506/212 445/507/214
s 37
usemtl lambert2SG
f 54/118/215 55/119/216 74/138/217
f 74/138/217 55/119/216 75/139/218
s 38
usemtl standardSurface3SG
f 447/509/219 448/510/220 450/512/221
f 450/512/221 448/510/220 449/511/222
s 39
usemtl lambert2SG
f 56/120/223 57/121/224 76/140/225
f 76/140/225 57/121/224 77/141/226
s 40
usemtl standardSurface3SG
f 451/513/227 452/514/228 454/516/229
f 454/516/229 452/514/228 453/515/230
s 41
usemtl lambert2SG
f 58/122/231 59/123/232 78/142/233
f 78/142/233 59/123/232 79/143/234
s 42
usemtl standardSurface3SG
f 455/517/235 456/518/236 458/520/237
f 458/520/237 456/518/236 457/519/238
s 43
usemtl lambert2SG
f 60/124/239 41/105/240 80/144/241
f 80/144/241 41/105/240 61/125/242
s 44
f 2/2/243 1/1/244 82/145/245
f 82/145/245 1/1/244 81/146/246
f 3/3/247 2/2/243 83/147/248
f 83/147/248 2/2/243 82/145/245
f 4/4/249 3/3/247 84/148/250
f 84/148/250 3/3/247 83/147/248
f 5/5/251 4/4/249 85/149/252
f 85/149/252 4/4/249 84/148/250
f 6/6/253 5/5/251 86/150/254
f 86/150/254 5/5/251 85/149/252
f 7/7/255 6/6/253 87/151/256
f 87/151/256 6/6/253 86/150/254
f 8/8/257 7/7/255 88/152/258
f 88/152/258 7/7/255 87/151/256
f 9/9/259 8/8/257 89/153/260
f 89/153/260 8/8/257 88/152/258
f 10/10/261 9/9/259 90/154/262
f 90/154/262 9/9/259 89/153/260
f 11/11/263 10/10/261 91/155/264
f 91/155/264 10/10/261 90/154/262
f 12/12/265 11/11/263 92/156/266
f 92/156/266 11/11/263 91/155/264
f 13/13/267 12/12/265 93/157/268
f 93/157/268 12/12/265 92/156/266
f 14/14/269 13/13/267 94/158/270
f 94/158/270 13/13/267 93/157/268
f 15/15/271 14/14/269 95/159/272
f 95/159/272 14/14/269 94/158/270
f 16/16/273 15/15/271 96/160/274
f 96/160/274 15/15/271 95/159/272
f 17/17/275 16/16/273 97/161/276
f 97/161/276 16/16/273 96/160/274
f 18/18/277 17/17/275 98/162/278
f 98/162/278 17/17/275 97/161/276
f 19/19/279 18/18/277 99/163/280
f 99/163/280 18/18/277 98/162/278
f 20/20/281 19/19/279 100/164/282
f 100/164/282 19/19/279 99/163/280
f 1/1/244 20/20/281 81/146/246
f 81/146/246 20/20/281 100/164/282
s 45
f 82/145/283 81/146/284 102/165/285
f 102/165/285 81/146/284 101/166/286
f 83/147/287 82/145/283 103/167/288
f 103/167/288 82/145/283 102/165/285
f 84/148/289 83/147/287 104/168/290
f 104/168/290 83/147/287 103/167/288
f 85/149/291 84/148/289 105/169/292
f 105/169/292 84/148/289 104/168/290
f 86/150/293 85/149/291 106/170/294
f 106/170/294 85/149/291 105/169/292
f 87/151/295 86/150/293 107/171/296
f 107/171/296 86/150/293 106/170/294
f 88/152/297 87/151/295 108/172/298
f 108/172/298 87/151/295 107/171/296
f 89/153/299 88/152/297 109/173/300
f 109/173/300 88/152/297 108/172/298
f 90/154/301 89/153/299 110/174/302
f 110/174/302 89/153/299 109/173/300
f 91/155/303 90/154/301 111/175/304
f 111/175/304 90/154/301 110/174/302
f 92/156/305 91/155/303 112/176/306
f 112/176/306 91/155/303 111/175/304
f 93/157/307 92/156/305 113/177/308
f 113/177/308 92/156/305 112/176/306
f 94/158/309 93/157/307 114/178/310
f 114/178/310 93/157/307 113/177/308
f 95/159/311 94/158/309 115/179/312
f 115/179/312 94/158/309 114/178/310
f 96/160/313 95/159/311 116/180/314
f 116/180/314 95/159/311 115/179/312
f 97/161/315 96/160/313 117/181/316
f 117/181/316 96/160/313 116/180/314
f 98/162/317 97/161/315 118/182/318
f 118/182/318 97/161/315 117/181/316
f 99/163/319 98/162/317 119/183/320
f 119/183/320 98/162/317 118/182/318
f 100/164/321 99/163/319 120/184/322
f 120/184/322 99/163/319 119/183/320
f 81/146/284 100/164/321 101/166/286
f 101/166/286 100/164/321 120/184/322
s 46
f 460/521/323 459/522/324 462/524/325
f 462/524/325 459/522/324 461/523/326
s 47
f 103/167/327 102/165/328 123/187/329
f 123/187/329 102/165/328 122/185/330
s 48
f 466/525/331 465/526/332 468/528/333
f 468/528/333 465/526/332 467/527/334
s 49
f 105/169/335 104/168/336 125/189/337
f 125/189/337 104/168/336 124/188/338
s 50
f 474/529/339 473/530/340 476/532/341
f 476/532/341 473/530/340 475/531/342
s 51
f 107/171/343 106/170/344 127/191/345
f 127/191/345 106/170/344 126/190/346
s 52
f 482/533/347 481/534/348 484/536/349
f 484/536/349 481/534/348 483/535/350
s 53
f 109/173/351 108/172/352 129/193/353
f 129/193/353 108/172/352 128/192/354
s 54
f 490/537/355 489/538/356 492/540/357
f 492/540/357 489/538/356 491/539/358
s 55
f 111/175/359 110/174/360 131/195/361
f 131/195/361 110/174/360 130/194/362
s 56
f 498/541/363 497/542/364 500/544/365
f 500/544/365 497/542/364 499/543/366
s 57
f 113/177/367 112/176/368 133/197/369
f 133/197/369 112/176/368 132/196/370
s 58
f 504/545/371 503/546/372 506/548/373
f 506/548/373 503/546/372 505/547/374
s 59
f 115/179/375 114/178/376 135/199/377
f 135/199/377 114/178/376 134/198/378
s 60
f 512/549/379 511/550/380 514/552/381
f 514/552/381 511/550/380 513/551/382
s 61
f 117/181/383 116/180/384 137/201/385
f 137/201/385 116/180/384 136/200/386
s 62
f 520/553/387 519/554/388 522/556/389
f 522/556/389 519/554/388 521/555/390
s 63
f 119/183/391 118/182/392 139/203/393
f 139/203/393 118/182/392 138/202/394
s 64
f 528/557/395 527/558/396 530/560/397
f 530/560/397 527/558/396 529/559/398
s 65
f 101/166/399 120/184/400 121/186/401
f 121/186/401 120/184/400 140/204/402
s 66
f 462/524/403 461/523/404 464/562/405
f 464/562/405 461/523/404 463/561/406
s 67
f 123/187/407 122/185/408 143/207/409
f 143/207/409 122/185/408 142/205/410
s 68
f 468/528/411 467/527/412 470/564/413
f 470/564/413 467/527/412 469/563/414
s 69
f 125/189/415 124/188/416 145/209/417
f 145/209/417 124/188/416 144/208/418
s 70
f 476/532/419 475/531/420 478/566/421
f 478/566/421 475/531/420 477/565/422
s 71
f 127/191/423 126/190/424 147/211/425
f 147/211/425 126/190/424 146/210/426
s 72
f 484/536/427 483/535/428 486/568/429
f 486/568/429 483/535/428 485/567/430
s 73
f 129/193/431 128/192/432 149/213/433
f 149/213/433 128/192/432 148/212/434
s 74
f 492/540/435 491/539/436 494/570/437
f 494/570/437 491/539/436 493/569/438
s 75
f 131/195/439 130/194/440 151/215/441
f 151/215/441 130/194/440 150/214/442
s 76
f 500/544/443 499/543/444 502/572/445
f 502/572/445 499/543/444 501/571/446
s 77
f 133/197/447 132/196/448 153/217/449
f 153/217/449 132/196/448 152/216/450
s 78
f 506/548/451 505/547/452 508/574/453
f 508/574/453 505/547/452 507/573/454
s 79
f 135/199/455 134/198/456 155/219/457
f 155/219/457 134/198/456 154/218/458
s 80
f 514/552/459 513/551/460 516/576/461
f 516/576/461 513/551/460 515/575/462
s 81
f 137/201/463 136/200/464 157/221/465
f 157/221/465 136/200/464 156/220/466
s 82
f 522/556/467 521/555/468 524/578/469
f 524/578/469 521/555/468 523/577/470
s 83
f 139/203/471 138/202/472 159/223/473
f 159/223/473 138/202/472 158/222/474
s 84
f 530/560/475 529/559/476 532/580/477
f 532/580/477 529/559/476 531/579/478
s 85
f 121/186/479 140/204/480 141/206/481
f 141/206/481 140/204/480 160/224/482
s 86
f 183/245/483 182/246/484 185/248/485
f 185/248/485 182/246/484 184/247/486
s 2
f 143/207/487 142/205/488 164/227/44
f 164/227/44 142/205/488 162/225/41
s 87
f 470/564/489 469/563/490 472/582/491
f 472/582/491 469/563/490 471/581/492
s 2
f 145/209/493 144/208/494 166/229/46
f 166/229/46 144/208/494 165/228/45
s 88
f 478/566/495 477/565/496 480/584/497
f 480/584/497 477/565/496 479/583/498
s 89
f 187/249/499 186/250/500 189/252/501
f 189/252/501 186/250/500 188/251/502
s 90
f 486/568/503 485/567/504 488/586/505
f 488/586/505 485/567/504 487/585/506
s 2
f 149/213/507 148/212/508 170/233/50
f 170/233/50 148/212/508 169/232/49
s 91
f 494/570/509 493/569/510 496/588/511
f 496/588/511 493/569/510 495/587/512
s 2
f 151/215/513 150/214/514 172/235/52
f 172/235/52 150/214/514 171/234/51
s 92
f 191/253/515 190/254/516 193/256/517
f 193/256/517 190/254/516 192/255/518
s 2
f 153/217/519 152/216/520 174/237/54
f 174/237/54 152/216/520 173/236/53
s 93
f 508/574/521 507/573/522 510/590/523
f 510/590/523 507/573/522 509/589/524
s 2
f 155/219/525 154/218/526 176/239/56
f 176/239/56 154/218/526 175/238/55
s 94
f 516/576/527 515/575/528 518/592/529
f 518/592/529 515/575/528 517/591/530
s 95
f 195/257/531 194/258/532 197/260/533
f 197/260/533 194/258/532 196/259/534
s 96
f 524/578/535 523/577/536 526/594/537
f 526/594/537 523/577/536 525/593/538
s 2
f 159/223/539 158/222/540 180/243/60
f 180/243/60 158/222/540 179/242/59
s 97
f 532/580/541 531/579/542 534/596/543
f 534/596/543 531/579/542 533/595/544
s 2
f 141/206/545 160/224/546 161/226/42
f 161/226/42 160/224/546 181/244/61
s 98
f 142/205/547 141/206/548 183/245/549
f 183/245/549 141/206/548 182/246/550
s 99
f 141/206/551 161/226/552 182/246/553
f 182/246/553 161/226/552 184/247/554
s 100
f 161/226/555 162/225/556 184/247/557
f 184/247/557 162/225/556 185/248/558
s 101
f 162/225/559 142/205/560 185/248/561
f 185/248/561 142/205/560 183/245/562
s 102
f 147/211/563 146/210/564 187/249/565
f 187/249/565 146/210/564 186/250/566
s 103
f 146/210/567 167/230/568 186/250/569
f 186/250/569 167/230/568 188/251/570
s 104
f 167/230/571 168/231/572 188/251/573
f 188/251/573 168/231/572 189/252/574
s 105
f 168/231/575 147/211/576 189/252/577
f 189/252/577 147/211/576 187/249/578
s 106
f 152/216/579 151/215/580 191/253/581
f 191/253/581 151/215/580 190/254/582
s 107
f 151/215/583 172/235/584 190/254/585
f 190/254/585 172/235/584 192/255/586
s 108
f 172/235/587 173/236/588 192/255/589
f 192/255/589 173/236/588 193/256/590
s 109
f 173/236/591 152/216/592 193/256/593
f 193/256/593 152/216/592 191/253/594
s 110
f 157/221/595 156/220/596 195/257/597
f 195/257/597 156/220/596 194/258/598
s 111
f 156/220/599 177/240/600 194/258/601
f 194/258/601 177/240/600 196/259/602
s 112
f 177/240/603 178/241/604 196/259/605
f 196/259/605 178/241/604 197/260/606
s 113
f 178/241/607 157/221/608 197/260/609
f 197/260/609 157/221/608 195/257/610
s 114
usemtl standardSurface2SG
f 298/361/611 299/712/612 301/710/613
f 301/710/613 299/712/612 300/363/614
s 115
f 302/362/615 303/705/616 305/363/617
f 305/363/617 303/705/616 304/366/618
s 116
f 306/365/619 307/701/620 309/366/621
f 309/366/621 307/701/620 308/368/622
s 117
f 310/367/623 311/697/624 313/368/625
f 313/368/625 311/697/624 312/370/626
s 118
f 314/369/627 315/693/628 317/370/629
f 317/370/629 315/693/628 316/372/630
s 119
f 318/371/631 319/689/632 321/372/633
f 321/372/633 319/689/632 320/374/634
s 120
f 322/373/635 323/685/636 325/374/637
f 325/374/637 323/685/636 324/376/638
s 121
f 326/375/639 327/681/640 329/376/641
f 329/376/641 327/681/640 328/378/642
s 122
f 330/377/643 331/677/644 333/378/645
f 333/378/645 331/677/644 332/380/646
s 123
f 334/379/647 335/673/648 337/380/649
f 337/380/649 335/673/648 336/382/650
s 124
f 338/381/651 339/669/652 341/382/653
f 341/382/653 339/669/652 340/384/654
s 125
f 342/383/655 343/665/656 345/384/657
f 345/384/657 343/665/656 344/386/658
s 126
f 346/385/659 347/661/660 349/386/661
f 349/386/661 347/661/660 348/388/662
s 127
f 350/387/663 351/657/664 353/388/665
f 353/388/665 351/657/664 352/390/666
s 128
f 354/389/667 355/653/668 357/390/669
f 357/390/669 355/653/668 356/392/670
s 129
f 358/391/671 359/649/672 361/392/673
f 361/392/673 359/649/672 360/394/674
s 130
f 362/393/675 363/645/676 365/394/677
f 365/394/677 363/645/676 364/396/678
s 131
f 366/395/679 367/641/680 369/396/681
f 369/396/681 367/641/680 368/398/682
s 132
f 370/397/683 371/637/684 373/398/685
f 373/398/685 371/637/684 372/400/686
s 133
f 374/399/687 375/361/688 377/400/689
f 377/400/689 375/361/688 376/364/690
s 134
usemtl standardSurface6SG
f 61/125/691 62/126/692 218/281/693
f 218/281/693 62/126/692 219/282/694
f 62/126/692 199/262/695 219/282/694
f 219/282/694 199/262/695 220/283/696
f 199/262/695 198/261/697 220/283/696
f 220/283/696 198/261/697 221/284/698
f 198/261/697 61/125/691 221/284/698
f 221/284/698 61/125/691 218/281/693
f 62/784/692 63/782/699 222/285/700
f 222/285/700 63/782/699 223/286/701
f 63/782/699 200/778/702 223/286/701
f 223/286/701 200/778/702 224/287/703
f 200/778/702 199/781/695 224/287/703
f 224/287/703 199/781/695 225/288/704
f 199/781/695 62/784/692 225/288/704
f 225/288/704 62/784/692 222/285/700
f 63/783/699 64/779/705 226/289/706
f 226/289/706 64/779/705 227/290/707
f 64/779/705 201/774/708 227/290/707
f 227/290/707 201/774/708 228/291/709
f 201/774/708 200/777/702 228/291/709
f 228/291/709 200/777/702 229/292/710
f 200/777/702 63/783/699 229/292/710
f 229/292/710 63/783/699 226/289/706
f 64/780/705 65/775/711 230/293/712
f 230/293/712 65/775/711 231/294/713
f 65/775/711 202/770/714 231/294/713
f 231/294/713 202/770/714 232/295/715
f 202/770/714 201/773/708 232/295/715
f 232/295/715 201/773/708 233/296/716
f 201/773/708 64/780/705 233/296/716
f 233/296/716 64/780/705 230/293/712
f 65/776/711 66/771/717 234/297/718
f 234/297/718 66/771/717 235/298/719
f 66/771/717 203/766/720 235/298/719
f 235/298/719 203/766/720 236/299/721
f 203/766/720 202/769/714 236/299/721
f 236/299/721 202/769/714 237/300/722
f 202/769/714 65/776/711 237/300/722
f 237/300/722 65/776/711 234/297/718
f 66/772/717 67/767/723 238/301/724
f 238/301/724 67/767/723 239/302/725
f 67/767/723 204/762/726 239/302/725
f 239/302/725 204/762/726 240/303/727
f 204/762/726 203/765/720 240/303/727
f 240/303/727 203/765/720 241/304/728
f 203/765/720 66/772/717 241/304/728
f 241/304/728 66/772/717 238/301/724
f 67/768/723 68/763/729 242/305/730
f 242/305/730 68/763/729 243/306/731
f 68/763/729 205/758/732 243/306/731
f 243/306/731 205/758/732 244/307/733
f 205/758/732 204/761/726 244/307/733
f 244/307/733 204/761/726 245/308/734
f 204/761/726 67/768/723 245/308/734
f 245/308/734 67/768/723 242/305/730
f 68/764/729 69/759/735 246/309/736
f 246/309/736 69/759/735 247/310/737
f 69/759/735 206/754/738 247/310/737
f 247/310/737 206/754/738 248/311/739
f 206/754/738 205/757/732 248/311/739
f 248/311/739 205/757/732 249/312/740
f 205/757/732 68/764/729 249/312/740
f 249/312/740 68/764/729 246/309/736
f 69/760/735 70/755/741 250/313/742
f 250/313/742 70/755/741 251/314/743
f 70/755/741 207/750/744 251/314/743
f 251/314/743 207/750/744 252/315/745
f 207/750/744 206/753/738 252/315/745
f 252/315/745 206/753/738 253/316/746
f 206/753/738 69/760/735 253/316/746
f 253/316/746 69/760/735 250/313/742
f 70/756/741 71/751/747 254/317/748
f 254/317/748 71/751/747 255/318/749
f 71/751/747 208/746/750 255/318/749
f 255/318/749 208/746/750 256/319/751
f 208/746/750 207/749/744 256/319/751
f 256/319/751 207/749/744 257/320/752
f 207/749/744 70/756/741 257/320/752
f 257/320/752 70/756/741 254/317/748
f 71/752/747 72/747/753 258/321/754
f 258/321/754 72/747/753 259/322/755
f 72/747/753 209/742/756 259/322/755
f 259/322/755 209/742/756 260/323/757
f 209/742/756 208/745/750 260/323/757
f 260/323/757 208/745/750 261/324/758
f 208/745/750 71/752/747 261/324/758
f 261/324/758 71/752/747 258/321/754
f 72/748/753 73/743/759 262/325/760
f 262/325/760 73/743/759 263/326/761
f 73/743/759 210/738/762 263/326/761
f 263/326/761 210/738/762 264/327/763
f 210/738/762 209/741/756 264/327/763
f 264/327/763 209/741/756 265/328/764
f 209/741/756 72/748/753 265/328/764
f 265/328/764 72/748/753 262/325/760
f 73/744/759 74/739/765 266/329/766
f 266/329/766 74/739/765 267/330/767
f 74/739/765 211/734/768 267/330/767
f 267/330/767 211/734/768 268/331/769
f 211/734/768 210/737/762 268/331/769
f 268/331/769 210/737/762 269/332/770
f 210/737/762 73/744/759 269/332/770
f 269/332/770 73/744/759 266/329/766
f 74/740/765 75/735/771 270/333/772
f 270/333/772 75/735/771 271/334/773
f 75/735/771 212/730/774 271/334/773
f 271/334/773 212/730/774 272/335/775
f 212/730/774 211/733/768 272/335/775
f 272/335/775 211/733/768 273/336/776
f 211/733/768 74/740/765 273/336/776
f 273/336/776 74/740/765 270/333/772
f 75/736/771 76/731/777 274/337/778
f 274/337/778 76/731/777 275/338/779
f 76/731/777 213/726/780 275/338/779
f 275/338/779 213/726/780 276/339/781
f 213/726/780 212/729/774 276/339/781
f 276/339/781 212/729/774 277/340/782
f 212/729/774 75/736/771 277/340/782
f 277/340/782 75/736/771 274/337/778
f 76/732/777 77/727/783 278/341/784
f 278/341/784 77/727/783 279/342/785
f 77/727/783 214/722/786 279/342/785
f 279/342/785 214/722/786 280/343/787
f 214/722/786 213/725/780 280/343/787
f 280/343/787 213/725/780 281/344/788
f 213/725/780 76/732/777 281/344/788
f 281/344/788 76/732/777 278/341/784
f 77/728/783 78/723/789 282/345/790
f 282/345/790 78/723/789 283/346/791
f 78/723/789 215/718/792 283/346/791
f 283/346/791 215/718/792 284/347/793
f 215/718/792 214/721/786 284/347/793
f 284/347/793 214/721/786 285/348/794
f 214/721/786 77/728/783 285/348/794
f 285/348/794 77/728/783 282/345/790
f 78/724/789 79/720/795 286/349/796
f 286/349/796 79/720/795 287/350/797
f 79/720/795 216/719/798 287/350/797
f 287/350/797 216/719/798 288/351/799
f 216/719/798 215/717/792 288/351/799
f 288/351/799 215/717/792 289/352/800
f 215/717/792 78/724/789 289/352/800
f 289/352/800 78/724/789 286/349/796
f 79/143/795 80/144/801 290/353/802
f 290/353/802 80/144/801 291/354/803
f 80/144/801 217/280/804 291/354/803
f 291/354/803 217/280/804 292/355/805
f 217/280/804 216/279/798 292/355/805
f 292/355/805 216/279/798 293/356/806
f 216/279/798 79/143/795 293/356/806
f 293/356/806 79/143/795 290/353/802
f 80/144/801 61/125/691 294/357/807
f 294/357/807 61/125/691 295/358/808
f 61/125/691 198/261/697 295/358/808
f 295/358/808 198/261/697 296/359/809
f 198/261/697 217/280/804 296/359/809
f 296/359/809 217/280/804 297/360/810
f 217/280/804 80/144/801 297/360/810
f 297/360/810 80/144/801 294/357/807
s 154
f 218/358/811 219/715/812 298/361/813
f 298/361/813 219/715/812 299/712/814
s 155
f 219/126/815 220/714/816 299/362/817
f 299/362/817 220/714/816 300/713/818
s 156
f 220/262/819 221/711/820 300/363/821
f 300/363/821 221/711/820 301/710/822
s 157
f 221/359/823 218/716/824 301/364/825
f 301/364/825 218/716/824 298/709/826
s 158
f 222/126/827 223/708/828 302/362/829
f 302/362/829 223/708/828 303/705/830
s 159
f 223/127/831 224/707/832 303/365/833
f 303/365/833 224/707/832 304/706/834
s 160
f 224/263/835 225/262/836 304/366/837
f 304/366/837 225/262/836 305/363/838
s 161
f 225/262/839 222/126/840 305/363/841
f 305/363/841 222/126/840 302/362/842
s 162
f 226/127/843 227/704/844 306/365/845
f 306/365/845 227/704/844 307/701/846
s 163
f 227/128/847 228/703/848 307/367/849
f 307/367/849 228/703/848 308/702/850
s 164
f 228/264/851 229/263/852 308/368/853
f 308/368/853 229/263/852 309/366/854
s 165
f 229/263/855 226/127/856 309/366/857
f 309/366/857 226/127/856 306/365/858
s 166
f 230/128/859 231/700/860 310/367/861
f 310/367/861 231/700/860 311/697/862
s 167
f 231/129/863 232/699/864 311/369/865
f 311/369/865 232/699/864 312/698/866
s 168
f 232/265/867 233/264/868 312/370/869
f 312/370/869 233/264/868 313/368/870
s 169
f 233/264/871 230/128/872 313/368/873
f 313/368/873 230/128/872 310/367/874
s 170
f 234/129/875 235/696/876 314/369/877
f 314/369/877 235/696/876 315/693/878
s 171
f 235/130/879 236/695/880 315/371/881
f 315/371/881 236/695/880 316/694/882
s 172
f 236/266/883 237/265/884 316/372/885
f 316/372/885 237/265/884 317/370/886
s 173
f 237/265/887 234/129/888 317/370/889
f 317/370/889 234/129/888 314/369/890
s 174
f 238/130/891 239/692/892 318/371/893
f 318/371/893 239/692/892 319/689/894
s 175
f 239/131/895 240/691/896 319/373/897
f 319/373/897 240/691/896 320/690/898
s 176
f 240/267/899 241/266/900 320/374/901
f 320/374/901 241/266/900 321/372/902
s 177
f 241/266/903 238/130/904 321/372/905
f 321/372/905 238/130/904 318/371/906
s 178
f 242/131/907 243/688/908 322/373/909
f 322/373/909 243/688/908 323/685/910
s 179
f 243/132/911 244/687/912 323/375/913
f 323/375/913 244/687/912 324/686/914
s 180
f 244/268/915 245/267/916 324/376/917
f 324/376/917 245/267/916 325/374/918
s 181
f 245/267/919 242/131/920 325/374/921
f 325/374/921 242/131/920 322/373/922
s 182
f 246/132/923 247/684/924 326/375/925
f 326/375/925 247/684/924 327/681/926
s 183
f 247/133/927 248/683/928 327/377/929
f 327/377/929 248/683/928 328/682/930
s 184
f 248/269/931 249/268/932 328/378/933
f 328/378/933 249/268/932 329/376/934
s 185
f 249/268/935 246/132/936 329/376/937
f 329/376/937 246/132/936 326/375/938
s 186
f 250/133/939 251/680/940 330/377/941
f 330/377/941 251/680/940 331/677/942
s 187
f 251/134/943 252/679/944 331/379/945
f 331/379/945 252/679/944 332/678/946
s 188
f 252/270/947 253/269/948 332/380/949
f 332/380/949 253/269/948 333/378/950
s 189
f 253/269/951 250/133/952 333/378/953
f 333/378/953 250/133/952 330/377/954
s 190
f 254/134/955 255/676/956 334/379/957
f 334/379/957 255/676/956 335/673/958
s 191
f 255/135/959 256/675/960 335/381/961
f 335/381/961 256/675/960 336/674/962
s 192
f 256/271/963 257/270/964 336/382/965
f 336/382/965 257/270/964 337/380/966
s 193
f 257/270/967 254/134/968 337/380/969
f 337/380/969 254/134/968 334/379/970
s 194
f 258/135/971 259/672/972 338/381/973
f 338/381/973 259/672/972 339/669/974
s 195
f 259/136/975 260/671/976 339/383/977
f 339/383/977 260/671/976 340/670/978
s 196
f 260/272/979 261/271/980 340/384/981
f 340/384/981 261/271/980 341/382/982
s 197
f 261/271/983 258/135/984 341/382/985
f 341/382/985 258/135/984 338/381/986
s 198
f 262/136/987 263/668/988 342/383/989
f 342/383/989 263/668/988 343/665/990
s 199
f 263/137/991 264/667/992 343/385/993
f 343/385/993 264/667/992 344/666/994
s 200
f 264/273/995 265/272/996 344/386/997
f 344/386/997 265/272/996 345/384/998
s 201
usemtl lambert2SG
f 265/272/999 262/136/1000 345/384/1001
f 345/384/1001 262/136/1000 342/383/1002
s 202
usemtl standardSurface6SG
f 266/137/1003 267/664/1004 346/385/1005
f 346/385/1005 267/664/1004 347/661/1006
s 203
f 267/138/1007 268/663/1008 347/387/1009
f 347/387/1009 268/663/1008 348/662/1010
s 204
f 268/274/1011 269/273/1012 348/388/1013
f 348/388/1013 269/273/1012 349/386/1014
s 205
f 269/273/1015 266/137/1016 349/386/1017
f 349/386/1017 266/137/1016 346/385/1018
s 206
f 270/138/1019 271/660/1020 350/387/1021
f 350/387/1021 271/660/1020 351/657/1022
s 207
f 271/139/1023 272/659/1024 351/389/1025
f 351/389/1025 272/659/1024 352/658/1026
s 208
f 272/275/1027 273/274/1028 352/390/1029
f 352/390/1029 273/274/1028 353/388/1030
s 209
f 273/274/1031 270/138/1032 353/388/1033
f 353/388/1033 270/138/1032 350/387/1034
s 210
f 274/139/1035 275/656/1036 354/389/1037
f 354/389/1037 275/656/1036 355/653/1038
s 211
f 275/140/1039 276/655/1040 355/391/1041
f 355/391/1041 276/655/1040 356/654/1042
s 212
f 276/276/1043 277/275/1044 356/392/1045
f 356/392/1045 277/275/1044 357/390/1046
s 213
f 277/275/1047 274/139/1048 357/390/1049
f 357/390/1049 274/139/1048 354/389/1050
s 214
f 278/140/1051 279/652/1052 358/391/1053
f 358/391/1053 279/652/1052 359/649/1054
s 215
f 279/141/1055 280/651/1056 359/393/1057
f 359/393/1057 280/651/1056 360/650/1058
s 216
f 280/277/1059 281/276/1060 360/394/1061
f 360/394/1061 281/276/1060 361/392/1062
s 217
f 281/276/1063 278/140/1064 361/392/1065
f 361/392/1065 278/140/1064 358/391/1066
s 218
f 282/141/1067 283/648/1068 362/393/1069
f 362/393/1069 283/648/1068 363/645/1070
s 219
f 283/142/1071 284/647/1072 363/395/1073
f 363/395/1073 284/647/1072 364/646/1074
s 220
f 284/278/1075 285/277/1076 364/396/1077
f 364/396/1077 285/277/1076 365/394/1078
s 221
f 285/277/1079 282/141/1080 365/394/1081
f 365/394/1081 282/141/1080 362/393/1082
s 222
f 286/142/1083 287/644/1084 366/395/1085
f 366/395/1085 287/644/1084 367/641/1086
s 223
f 287/143/1087 288/643/1088 367/397/1089
f 367/397/1089 288/643/1088 368/642/1090
s 224
f 288/279/1091 289/278/1092 368/398/1093
f 368/398/1093 289/278/1092 369/396/1094
s 225
f 289/278/1095 286/142/1096 369/396/1097
f 369/396/1097 286/142/1096 366/395/1098
s 226
f 290/143/1099 291/640/1100 370/397/1101
f 370/397/1101 291/640/1100 371/637/1102
s 227
f 291/357/1103 292/639/1104 371/399/1105
f 371/399/1105 292/639/1104 372/638/1106
s 228
f 292/360/1107 293/279/1108 372/400/1109
f 372/400/1109 293/279/1108 373/398/1110
s 229
f 293/279/1111 290/143/1112 373/398/1113
f 373/398/1113 290/143/1112 370/397/1114
s 230
f 294/357/1115 295/358/1116 374/399/1117
f 374/399/1117 295/358/1116 375/361/1118
s 231
f 295/358/1119 296/359/1120 375/361/1121
f 375/361/1121 296/359/1120 376/364/1122
s 232
f 296/359/1123 297/360/1124 376/364/1125
f 376/364/1125 297/360/1124 377/400/1126
s 233
f 297/360/1127 294/357/1128 377/400/1129
f 377/400/1129 294/357/1128 374/399/1130
s 234
f 198/261/1131 199/262/1132 378/401/1133
f 378/401/1133 199/262/1132 379/402/1134
f 199/262/1132 200/263/1135 379/402/1134
f 379/402/1134 200/263/1135 380/403/1136
f 200/263/1135 201/264/1137 380/403/1136
f 380/403/1136 201/264/1137 381/404/1138
f 201/264/1137 202/265/1139 381/404/1138
f 381/404/1138 202/265/1139 382/405/1140
f 202/265/1139 203/266/1141 382/405/1140
f 382/405/1140 203/266/1141 383/406/1142
f 203/266/1141 204/267/1143 383/406/1142
f 383/406/1142 204/267/1143 384/407/1144
f 204/267/1143 205/268/1145 384/407/1144
f 384/407/1144 205/268/1145 385/408/1146
f 205/268/1145 206/269/1147 385/408/1146
f 385/408/1146 206/269/1147 386/409/1148
f 206/269/1147 207/270/1149 386/409/1148
f 386/409/1148 207/270/1149 387/410/1150
f 207/270/1149 208/271/1151 387/410/1150
f 387/410/1150 208/271/1151 388/411/1152
f 208/271/1151 209/272/1153 388/411/1152
f 388/411/1152 209/272/1153 389/412/1154
f 209/272/1153 210/273/1155 389/412/1154
f 389/412/1154 210/273/1155 390/413/1156
f 210/273/1155 211/274/1157 390/413/1156
f 390/413/1156 211/274/1157 391/414/1158
f 211/274/1157 212/275/1159 391/414/1158
f 391/414/1158 212/275/1159 392/415/1160
f 212/275/1159 213/276/1161 392/415/1160
f 392/415/1160 213/276/1161 393/416/1162
f 213/276/1161 214/277/1163 393/416/1162
f 393/416/1162 214/277/1163 394/417/1164
f 214/277/1163 215/278/1165 394/417/1164
f 394/417/1164 215/278/1165 395/418/1166
f 215/278/1165 216/279/1167 395/418/1166
f 395/418/1166 216/279/1167 396/419/1168
f 216/279/1167 217/280/1169 396/419/1168
f 396/419/1168 217/280/1169 397/420/1170
f 217/280/1169 198/261/1131 397/420/1170
f 397/420/1170 198/261/1131 378/401/1133
s 235
usemtl lambert2SG
f 378/441/1171 379/442/1172 398/444/1173
f 398/444/1173 379/442/1172 399/443/1174
f 379/442/1172 380/445/1175 399/443/1174
f 399/443/1174 380/445/1175 401/446/1176
f 380/445/1175 381/447/1177 401/446/1176
f 401/446/1176 381/447/1177 402/448/1178
f 381/447/1177 382/449/1179 402/448/1178
f 402/448/1178 382/449/1179 403/450/1180
f 382/449/1179 383/451/1181 403/450/1180
f 403/450/1180 383/451/1181 404/452/1182
f 383/451/1181 384/453/1183 404/452/1182
f 404/452/1182 384/453/1183 405/454/1184
f 384/453/1183 385/455/1185 405/454/1184
f 405/454/1184 385/455/1185 406/456/1186
f 385/455/1185 386/457/1187 406/456/1186
f 406/456/1186 386/457/1187 407/458/1188
f 386/457/1187 387/459/1189 407/458/1188
f 407/458/1188 387/459/1189 408/460/1190
f 387/459/1189 388/461/1191 408/460/1190
f 408/460/1190 388/461/1191 409/462/1192
f 388/461/1191 389/463/1193 409/462/1192
f 409/462/1192 389/463/1193 410/464/1194
f 389/463/1193 390/465/1195 410/464/1194
f 410/464/1194 390/465/1195 411/466/1196
f 390/465/1195 391/467/1197 411/466/1196
f 411/466/1196 391/467/1197 412/468/1198
f 391/467/1197 392/469/1199 412/468/1198
f 412/468/1198 392/469/1199 413/470/1200
f 392/469/1199 393/471/1201 413/470/1200
f 413/470/1200 393/471/1201 414/472/1202
f 393/471/1201 394/473/1203 414/472/1202
f 414/472/1202 394/473/1203 415/474/1204
f 394/473/1203 395/475/1205 415/474/1204
f 415/474/1204 395/475/1205 416/476/1206
f 395/475/1205 396/477/1207 416/476/1206
f 416/476/1206 396/477/1207 417/478/1208
f 396/477/1207 397/479/1209 417/478/1208
f 417/478/1208 397/479/1209 418/480/1210
f 397/479/1209 378/441/1171 418/480/1210
f 418/480/1210 378/441/1171 398/444/1173
s 236
usemtl standardSurface3SG
f 41/105/1211 42/106/1212 419/481/1213
f 419/481/1213 42/106/1212 420/482/1214
s 237
f 42/106/1215 62/126/1216 420/482/1217
f 420/482/1217 62/126/1216 421/483/1218
s 238
f 62/126/1219 61/125/1220 421/483/1221
f 421/483/1221 61/125/1220 422/484/1222
s 239
f 61/125/1223 41/105/1224 422/484/1225
f 422/484/1225 41/105/1224 419/481/1226
s 240
f 43/107/1227 44/108/1228 423/485/1229
f 423/485/1229 44/108/1228 424/486/1230
s 241
f 44/108/1231 64/128/1232 424/486/1233
f 424/486/1233 64/128/1232 425/487/1234
s 242
f 64/128/1235 63/127/1236 425/487/1237
f 425/487/1237 63/127/1236 426/488/1238
s 243
f 63/127/1239 43/107/1240 426/488/1241
f 426/488/1241 43/107/1240 423/485/1242
s 244
f 45/109/1243 46/110/1244 427/489/1245
f 427/489/1245 46/110/1244 428/490/1246
s 245
f 46/110/1247 66/130/1248 428/490/1249
f 428/490/1249 66/130/1248 429/491/1250
s 246
f 66/130/1251 65/129/1252 429/491/1253
f 429/491/1253 65/129/1252 430/492/1254
s 247
f 65/129/1255 45/109/1256 430/492/1257
f 430/492/1257 45/109/1256 427/489/1258
s 248
f 47/111/1259 48/112/1260 431/493/1261
f 431/493/1261 48/112/1260 432/494/1262
s 249
f 48/112/1263 68/132/1264 432/494/1265
f 432/494/1265 68/132/1264 433/495/1266
s 250
f 68/132/1267 67/131/1268 433/495/1269
f 433/495/1269 67/131/1268 434/496/1270
s 251
f 67/131/1271 47/111/1272 434/496/1273
f 434/496/1273 47/111/1272 431/493/1274
s 252
f 49/113/1275 50/114/1276 435/497/1277
f 435/497/1277 50/114/1276 436/498/1278
s 253
f 50/114/1279 70/134/1280 436/498/1281
f 436/498/1281 70/134/1280 437/499/1282
s 254
f 70/134/1283 69/133/1284 437/499/1285
f 437/499/1285 69/133/1284 438/500/1286
s 255
f 69/133/1287 49/113/1288 438/500/1289
f 438/500/1289 49/113/1288 435/497/1290
s 256
f 51/115/1291 52/116/1292 439/501/1293
f 439/501/1293 52/116/1292 440/502/1294
s 257
f 52/116/1295 72/136/1296 440/502/1297
f 440/502/1297 72/136/1296 441/503/1298
s 258
f 72/136/1299 71/135/1300 441/503/1301
f 441/503/1301 71/135/1300 442/504/1302
s 259
f 71/135/1303 51/115/1304 442/504/1305
f 442/504/1305 51/115/1304 439/501/1306
s 260
f 53/117/1307 54/118/1308 443/505/1309
f 443/505/1309 54/118/1308 444/506/1310
s 261
f 54/118/1311 74/138/1312 444/506/1313
f 444/506/1313 74/138/1312 445/507/1314
s 262
f 74/138/1315 73/137/1316 445/507/1317
f 445/507/1317 73/137/1316 446/508/1318
s 263
f 73/137/1319 53/117/1320 446/508/1321
f 446/508/1321 53/117/1320 443/505/1322
s 264
f 55/119/1323 56/120/1324 447/509/1325
f 447/509/1325 56/120/1324 448/510/1326
s 265
f 56/120/1327 76/140/1328 448/510/1329
f 448/510/1329 76/140/1328 449/511/1330
s 266
f 76/140/1331 75/139/1332 449/511/1333
f 449/511/1333 75/139/1332 450/512/1334
s 267
f 75/139/1335 55/119/1336 450/512/1337
f 450/512/1337 55/119/1336 447/509/1338
s 268
f 57/121/1339 58/122/1340 451/513/1341
f 451/513/1341 58/122/1340 452/514/1342
s 269
f 58/122/1343 78/142/1344 452/514/1345
f 452/514/1345 78/142/1344 453/515/1346
s 270
f 78/142/1347 77/141/1348 453/515/1349
f 453/515/1349 77/141/1348 454/516/1350
s 271
f 77/141/1351 57/121/1352 454/516/1353
f 454/516/1353 57/121/1352 451/513/1354
s 272
f 59/123/1355 60/124/1356 455/517/1357
f 455/517/1357 60/124/1356 456/518/1358
s 273
f 60/124/1359 80/144/1360 456/518/1361
f 456/518/1361 80/144/1360 457/519/1362
s 274
f 80/144/1363 79/143/1364 457/519/1365
f 457/519/1365 79/143/1364 458/520/1366
s 275
f 79/143/1367 59/123/1368 458/520/1369
f 458/520/1369 59/123/1368 455/517/1370
s 276
usemtl lambert2SG
f 102/165/1371 101/166/1372 460/521/1373
f 460/521/1373 101/166/1372 459/522/1374
s 277
f 101/166/1375 121/186/1376 459/522/1377
f 459/522/1377 121/186/1376 461/523/1378
s 278
f 102/165/1379 460/521/1380 122/185/1381
f 122/185/1381 460/521/1380 462/524/1382
s 277
f 141/167/1383 463/526/1384 121/168/1376
f 121/168/1376 463/526/1384 461/525/1378
s 279
f 141/167/1385 142/187/1386 463/526/1387
f 463/526/1387 142/187/1386 464/527/1388
s 278
f 142/188/1389 122/168/1381 464/528/1390
f 464/528/1390 122/168/1381 462/525/1382
s 280
f 104/170/1391 103/169/1392 466/529/1393
f 466/529/1393 103/169/1392 465/530/1394
s 281
f 103/169/1395 123/189/1396 465/530/1397
f 465/530/1397 123/189/1396 467/531/1398
s 282
f 104/170/1399 466/529/1400 124/190/1401
f 124/190/1401 466/529/1400 468/532/1402
s 281
f 123/172/1396 143/171/1403 467/533/1398
f 467/533/1398 143/171/1403 469/534/1404
s 282
f 124/191/1401 468/535/1402 144/171/1405
f 144/171/1405 468/535/1402 470/534/1406
s 281
f 164/172/1407 471/533/1408 143/192/1403
f 143/192/1403 471/533/1408 469/536/1404
s 283
f 164/174/1409 165/173/1410 471/537/1411
f 471/537/1411 165/173/1410 472/538/1412
s 282
f 165/173/1413 144/193/1405 472/538/1414
f 472/538/1414 144/193/1405 470/539/1406
s 284
f 106/194/1415 105/174/1416 474/540/1417
f 474/540/1417 105/174/1416 473/537/1418
s 285
f 105/176/1419 125/175/1420 473/541/1421
f 473/541/1421 125/175/1420 475/542/1422
s 286
f 106/195/1423 474/543/1424 126/175/1425
f 126/175/1425 474/543/1424 476/542/1426
s 285
f 125/196/1420 145/176/1427 475/544/1422
f 475/544/1422 145/176/1427 477/541/1428
s 286
f 126/177/1425 476/546/1426 146/178/1429
f 146/178/1429 476/546/1426 478/545/1430
s 285
f 166/197/1431 479/547/1432 145/177/1427
f 145/177/1427 479/547/1432 477/546/1428
s 287
f 166/198/1433 167/178/1434 479/548/1435
f 479/548/1435 167/178/1434 480/545/1436
s 286
f 167/180/1437 146/179/1429 480/549/1438
f 480/549/1438 146/179/1429 478/550/1430
s 288
f 108/179/1439 107/199/1440 482/550/1441
f 482/550/1441 107/199/1440 481/551/1442
s 289
f 107/200/1443 127/180/1444 481/552/1445
f 481/552/1445 127/180/1444 483/549/1446
s 290
f 108/181/1447 482/554/1448 128/182/1449
f 128/182/1449 482/554/1448 484/553/1450
s 289
f 127/181/1444 147/201/1451 483/554/1446
f 483/554/1446 147/201/1451 485/555/1452
s 290
f 128/182/1449 484/553/1450 148/202/1453
f 148/202/1453 484/553/1450 486/556/1454
s 289
f 168/183/1455 487/558/1456 147/184/1451
f 147/184/1451 487/558/1456 485/557/1452
s 291
f 168/183/1457 169/203/1458 487/558/1459
f 487/558/1459 169/203/1458 488/559/1460
s 290
f 169/204/1461 148/184/1453 488/560/1462
f 488/560/1462 148/184/1453 486/557/1454
s 292
f 110/186/1463 109/206/1464 490/523/1465
f 490/523/1465 109/206/1464 489/561/1466
s 293
f 109/206/1467 129/205/1468 489/561/1469
f 489/561/1469 129/205/1468 491/562/1470
s 294
f 110/185/1471 490/524/1472 130/205/1473
f 130/205/1473 490/524/1472 492/562/1474
s 293
f 129/187/1468 149/207/1475 491/527/1470
f 491/527/1470 149/207/1475 493/563/1476
s 294
f 130/188/1473 492/528/1474 150/208/1477
f 150/208/1477 492/528/1474 494/564/1478
s 293
f 170/209/1479 495/565/1480 149/189/1475
f 149/189/1475 495/565/1480 493/531/1476
s 295
f 170/210/1481 171/190/1482 495/566/1483
f 495/566/1483 171/190/1482 496/532/1484
s 294
f 171/191/1485 150/211/1477 496/535/1486
f 496/535/1486 150/211/1477 494/567/1478
s 296
f 112/212/1487 111/192/1488 498/568/1489
f 498/568/1489 111/192/1488 497/536/1490
s 297
f 111/193/1491 131/213/1492 497/539/1493
f 497/539/1493 131/213/1492 499/569/1494
s 298
f 112/194/1495 498/540/1496 132/214/1497
f 132/214/1497 498/540/1496 500/570/1498
s 297
f 151/215/1499 501/571/1500 131/195/1492
f 131/195/1492 501/571/1500 499/543/1494
s 299
f 151/215/1501 152/216/1502 501/571/1503
f 501/571/1503 152/216/1502 502/572/1504
s 298
f 152/216/1505 132/196/1497 502/572/1506
f 502/572/1506 132/196/1497 500/544/1498
s 300
f 114/197/1507 113/217/1508 504/547/1509
f 504/547/1509 113/217/1508 503/573/1510
s 301
f 113/218/1511 133/198/1512 503/574/1513
f 503/574/1513 133/198/1512 505/548/1514
s 302
f 114/219/1515 504/575/1516 134/199/1517
f 134/199/1517 504/575/1516 506/551/1518
s 301
f 133/220/1512 153/200/1519 505/576/1514
f 505/576/1514 153/200/1519 507/552/1520
s 302
f 134/221/1517 506/577/1518 154/201/1521
f 154/201/1521 506/577/1518 508/555/1522
s 301
f 174/202/1523 509/556/1524 153/222/1519
f 153/222/1519 509/556/1524 507/578/1520
s 303
f 174/203/1525 175/223/1526 509/559/1527
f 509/559/1527 175/223/1526 510/579/1528
s 302
f 175/224/1529 154/204/1521 510/580/1530
f 510/580/1530 154/204/1521 508/560/1522
s 304
f 116/207/1531 115/227/1532 512/563/1533
f 512/563/1533 115/227/1532 511/581/1534
s 305
f 115/227/1535 135/228/1536 511/581/1537
f 511/581/1537 135/228/1536 513/582/1538
s 306
f 116/208/1539 512/564/1540 136/228/1541
f 136/228/1541 512/564/1540 514/582/1542
s 305
f 135/209/1536 155/229/1543 513/565/1538
f 513/565/1538 155/229/1543 515/583/1544
s 306
f 136/230/1541 514/584/1542 156/229/1545
f 156/229/1545 514/584/1542 516/583/1546
s 305
f 176/210/1547 517/566/1548 155/230/1543
f 155/230/1543 517/566/1548 515/584/1544
s 307
f 176/211/1549 177/231/1550 517/567/1551
f 517/567/1551 177/231/1550 518/585/1552
s 306
f 177/231/1553 156/232/1545 518/585/1554
f 518/585/1554 156/232/1545 516/586/1546
s 308
f 118/232/1555 117/212/1556 520/586/1557
f 520/586/1557 117/212/1556 519/568/1558
s 309
f 117/213/1559 137/233/1560 519/569/1561
f 519/569/1561 137/233/1560 521/587/1562
s 310
f 118/234/1563 520/588/1564 138/233/1565
f 138/233/1565 520/588/1564 522/587/1566
s 309
f 137/234/1560 157/214/1567 521/588/1562
f 521/588/1562 157/214/1567 523/570/1568
s 310
f 138/237/1565 522/589/1566 158/217/1569
f 158/217/1569 522/589/1566 524/573/1570
s 309
f 178/238/1571 525/590/1572 157/237/1567
f 157/237/1567 525/590/1572 523/589/1568
s 311
f 178/238/1573 179/218/1574 525/590/1575
f 525/590/1575 179/218/1574 526/574/1576
s 310
f 179/219/1577 158/239/1569 526/575/1578
f 526/575/1578 158/239/1569 524/591/1570
s 312
f 120/239/1579 119/240/1580 528/591/1581
f 528/591/1581 119/240/1580 527/592/1582
s 313
f 119/240/1583 139/220/1584 527/592/1585
f 527/592/1585 139/220/1584 529/576/1586
s 314
f 120/241/1587 528/593/1588 140/221/1589
f 140/221/1589 528/593/1588 530/577/1590
s 313
f 139/241/1584 159/242/1591 529/593/1586
f 529/593/1586 159/242/1591 531/594/1592
s 314
f 140/222/1589 530/578/1590 160/242/1593
f 160/242/1593 530/578/1590 532/594/1594
s 313
f 180/243/1595 533/595/1596 159/223/1591
f 159/223/1591 533/595/1596 531/579/1592
s 315
f 180/243/1597 181/244/1598 533/595/1599
f 533/595/1599 181/244/1598 534/596/1600
s 314
f 181/244/1601 160/224/1593 534/596/1602
f 534/596/1602 160/224/1593 532/580/1594
s 316
usemtl standardSurface5SG
f 21/81/1603 22/80/1604 535/597/1605
f 535/597/1605 22/80/1604 536/598/1606
s 317
f 22/80/1607 42/86/1608 536/598/1609
f 536/598/1609 42/86/1608 537/599/1610
s 318
f 42/86/1611 41/85/1612 537/599/1613
f 537/599/1613 41/85/1612 538/600/1614
s 319
f 41/85/1615 21/81/1616 538/600/1617
f 538/600/1617 21/81/1616 535/597/1618
s 320
f 23/79/1619 24/78/1620 539/601/1621
f 539/601/1621 24/78/1620 540/602/1622
s 321
f 24/78/1623 44/88/1624 540/602/1625
f 540/602/1625 44/88/1624 541/603/1626
s 322
f 44/88/1627 43/87/1628 541/603/1629
f 541/603/1629 43/87/1628 542/604/1630
s 323
f 43/87/1631 23/79/1632 542/604/1633
f 542/604/1633 23/79/1632 539/601/1634
s 324
f 25/77/1635 26/76/1636 543/605/1637
f 543/605/1637 26/76/1636 544/606/1638
s 325
f 26/76/1639 46/90/1640 544/606/1641
f 544/606/1641 46/90/1640 545/607/1642
s 326
f 46/90/1643 45/89/1644 545/607/1645
f 545/607/1645 45/89/1644 546/608/1646
s 327
f 45/89/1647 25/77/1648 546/608/1649
f 546/608/1649 25/77/1648 543/605/1650
s 328
f 27/75/1651 28/74/1652 547/609/1653
f 547/609/1653 28/74/1652 548/610/1654
s 329
f 28/74/1655 48/92/1656 548/610/1657
f 548/610/1657 48/92/1656 549/611/1658
s 330
f 48/92/1659 47/91/1660 549/611/1661
f 549/611/1661 47/91/1660 550/612/1662
s 331
f 47/91/1663 27/75/1664 550/612/1665
f 550/612/1665 27/75/1664 547/609/1666
s 332
f 29/73/1667 30/72/1668 551/613/1669
f 551/613/1669 30/72/1668 552/614/1670
s 333
f 30/72/1671 50/94/1672 552/614/1673
f 552/614/1673 50/94/1672 553/615/1674
s 334
f 50/94/1675 49/93/1676 553/615/1677
f 553/615/1677 49/93/1676 554/616/1678
s 335
f 49/93/1679 29/73/1680 554/616/1681
f 554/616/1681 29/73/1680 551/613/1682
s 336
f 31/71/1683 32/70/1684 555/617/1685
f 555/617/1685 32/70/1684 556/618/1686
s 337
f 32/70/1687 52/96/1688 556/618/1689
f 556/618/1689 52/96/1688 557/619/1690
s 338
f 52/96/1691 51/95/1692 557/619/1693
f 557/619/1693 51/95/1692 558/620/1694
s 339
f 51/95/1695 31/71/1696 558/620/1697
f 558/620/1697 31/71/1696 555/617/1698
s 340
f 33/69/1699 34/68/1700 559/621/1701
f 559/621/1701 34/68/1700 560/622/1702
s 341
f 34/68/1703 54/98/1704 560/622/1705
f 560/622/1705 54/98/1704 561/623/1706
s 342
f 54/98/1707 53/97/1708 561/623/1709
f 561/623/1709 53/97/1708 562/624/1710
s 343
f 53/97/1711 33/69/1712 562/624/1713
f 562/624/1713 33/69/1712 559/621/1714
s 344
f 35/67/1715 36/66/1716 563/625/1717
f 563/625/1717 36/66/1716 564/626/1718
s 345
f 36/66/1719 56/100/1720 564/626/1721
f 564/626/1721 56/100/1720 565/627/1722
s 346
f 56/100/1723 55/99/1724 565/627/1725
f 565/627/1725 55/99/1724 566/628/1726
s 347
f 55/99/1727 35/67/1728 566/628/1729
f 566/628/1729 35/67/1728 563/625/1730
s 348
f 37/65/1731 38/64/1732 567/629/1733
f 567/629/1733 38/64/1732 568/630/1734
s 349
f 38/64/1735 58/102/1736 568/630/1737
f 568/630/1737 58/102/1736 569/631/1738
s 350
f 58/102/1739 57/101/1740 569/631/1741
f 569/631/1741 57/101/1740 570/632/1742
s 351
f 57/101/1743 37/65/1744 570/632/1745
f 570/632/1745 37/65/1744 567/629/1746
s 352
f 39/63/1747 40/82/1748 571/633/1749
f 571/633/1749 40/82/1748 572/634/1750
s 353
f 40/82/1751 60/104/1752 572/634/1753
f 572/634/1753 60/104/1752 573/635/1754
s 354
f 60/104/1755 59/103/1756 573/635/1757
f 573/635/1757 59/103/1756 574/636/1758
s 355
f 59/103/1759 39/63/1760 574/636/1761
f 574/636/1761 39/63/1760 571/633/1762
v 1.859727 -0.469221 -0.604262
v 1.581978 -0.469221 -1.149374
v 1.149374 -0.469221 -1.581978
v 0.604262 -0.469221 -1.859726
v 0.000000 -0.469221 -1.955432
v -0.604262 -0.469221 -1.859726
v -1.149374 -0.469221 -1.581977
v -1.581977 -0.469221 -1.149374
v -1.859726 -0.469221 -0.604262
v -1.955431 -0.469221 0.000000
v -1.859726 -0.469221 0.604262
v -1.581977 -0.469221 1.149374
v -1.149374 -0.469221 1.581977
v -0.604262 -0.469221 1.859726
v -0.000000 -0.469221 1.955431
v 0.604261 -0.469221 1.859726
v 1.149373 -0.469221 1.581977
v 1.581977 -0.469221 1.149374
v 1.859725 -0.469221 0.604261
v 1.955431 -0.469221 0.000000
v 3.673660 -0.377641 -1.193644
v 3.125002 -0.377641 -2.270447
v 2.270447 -0.377641 -3.125002
v 1.193644 -0.377641 -3.673660
v 0.000000 -0.377641 -3.862714
v -1.193644 -0.377641 -3.673660
v -2.270446 -0.377641 -3.125001
v -3.125001 -0.377641 -2.270446
v -3.673659 -0.377641 -1.193644
v -3.862713 -0.377641 0.000000
v -3.673659 -0.377641 1.193644
v -3.125001 -0.377641 2.270446
v -2.270446 -0.377641 3.125001
v -1.193644 -0.377641 3.673658
v -0.000000 -0.377641 3.862713
v 1.193644 -0.377641 3.673658
v 2.270445 -0.377641 3.125000
v 3.125000 -0.377641 2.270446
v 3.673658 -0.377641 1.193644
v 3.862712 -0.377641 0.000000
v 5.397136 -0.227516 -1.753636
v 4.591078 -0.227516 -3.335614
v 3.335614 -0.227516 -4.591078
v 1.753636 -0.227516 -5.397136
v 0.000000 -0.227516 -5.674884
v -1.753636 -0.227516 -5.397136
v -3.335613 -0.227516 -4.591077
v -4.591077 -0.227516 -3.335612
v -5.397134 -0.227516 -1.753635
v -5.674883 -0.227516 0.000000
v -5.397134 -0.227516 1.753635
v -4.591076 -0.227516 3.335612
v -3.335612 -0.227516 4.591076
v -1.753635 -0.227516 5.397134
v -0.000000 -0.227516 5.674882
v 1.753635 -0.227516 5.397133
v 3.335612 -0.227516 4.591076
v 4.591075 -0.227516 3.335612
v 5.397133 -0.227516 1.753635
v 5.674881 -0.227516 0.000000
v 6.987717 -0.022542 -2.270447
v 5.944107 -0.022542 -4.318646
v 4.318646 -0.022542 -5.944107
v 2.270447 -0.022542 -6.987716
v 0.000000 -0.022542 -7.347319
v -2.270447 -0.022542 -6.987715
v -4.318645 -0.022542 -5.944105
v -5.944105 -0.022542 -4.318645
v -6.987714 -0.022542 -2.270446
v -7.347317 -0.022542 0.000000
v -6.987714 -0.022542 2.270446
v -5.944105 -0.022542 4.318644
v -4.318644 -0.022542 5.944104
v -2.270446 -0.022542 6.987714
v -0.000000 -0.022542 7.347316
v 2.270445 -0.022542 6.987713
v 4.318644 -0.022542 5.944104
v 5.944103 -0.022542 4.318644
v 6.987712 -0.022542 2.270445
v 7.347316 -0.022542 0.000000
v 8.406237 0.232233 -2.731352
v 7.150772 0.232233 -5.195340
v 5.195340 0.232233 -7.150772
v 2.731352 0.232233 -8.406236
v 0.000000 0.232233 -8.838839
v -2.731352 0.232233 -8.406236
v -5.195339 0.232233 -7.150770
v -7.150770 0.232233 -5.195338
v -8.406234 0.232233 -2.731351
v -8.838837 0.232233 0.000000
v -8.406234 0.232233 2.731351
v -7.150769 0.232233 5.195338
v -5.195338 0.232233 7.150769
v -2.731351 0.232233 8.406233
v -0.000000 0.232233 8.838836
v 2.731350 0.232233 8.406232
v 5.195337 0.232233 7.150768
v 7.150767 0.232233 5.195337
v 8.406231 0.232233 2.731350
v 8.838835 0.232233 0.000000
v 9.617767 0.530537 -3.125002
v 8.181362 0.530537 -5.944107
v 5.944107 0.530537 -8.181361
v 3.125001 0.530537 -9.617766
v 0.000000 0.530537 -10.112717
v -3.125001 0.530537 -9.617766
v -5.944105 0.530537 -8.181359
v -8.181359 0.530537 -5.944105
v -9.617764 0.530537 -3.125001
v -10.112715 0.530537 0.000000
v -9.617764 0.530537 3.125001
v -8.181358 0.530537 5.944104
v -5.944104 0.530537 8.181357
v -3.125001 0.530537 9.617763
v -0.000000 0.530537 10.112714
v 3.125000 0.530537 9.617762
v 5.944103 0.530537 8.181357
v 8.181356 0.530537 5.944104
v 9.617761 0.530537 3.125000
v 10.112712 0.530537 0.000000
v 10.592477 0.865024 -3.441704
v 9.010499 0.865024 -6.546510
v 6.546510 0.865024 -9.010499
v 3.441704 0.865024 -10.592476
v 0.000000 0.865024 -11.137587
v -3.441704 0.865024 -10.592475
v -6.546509 0.865024 -9.010497
v -9.010496 0.865024 -6.546509
v -10.592473 0.865024 -3.441703
v -11.137584 0.865024 0.000000
v -10.592473 0.865024 3.441703
v -9.010496 0.865024 6.546507
v -6.546507 0.865024 9.010494
v -3.441703 0.865024 10.592471
v -0.000000 0.865024 11.137583
v 3.441702 0.865024 10.592471
v 6.546506 0.865024 9.010494
v 9.010493 0.865024 6.546507
v 10.592470 0.865024 3.441702
v 11.137582 0.865024 0.000000
v 11.306365 1.227458 -3.673660
v 9.617768 1.227458 -6.987717
v 6.987717 1.227458 -9.617767
v 3.673660 1.227458 -11.306363
v 0.000000 1.227458 -11.888213
v -3.673660 1.227458 -11.306362
v -6.987715 1.227458 -9.617766
v -9.617764 1.227458 -6.987715
v -11.306360 1.227458 -3.673659
v -11.888210 1.227458 0.000000
v -11.306360 1.227458 3.673659
v -9.617764 1.227458 6.987714
v -6.987714 1.227458 9.617763
v -3.673659 1.227458 11.306359
v -0.000000 1.227458 11.888208
v 3.673658 1.227458 11.306357
v 6.987713 1.227458 9.617763
v 9.617762 1.227458 6.987714
v 11.306357 1.227458 3.673658
v 11.888207 1.227458 0.000000
v 11.741850 1.608914 -3.815158
v 9.988215 1.608914 -7.256863
v 7.256863 1.608914 -9.988214
v 3.815158 1.608914 -11.741849
v 0.000000 1.608914 -12.346110
v -3.815158 1.608914 -11.741848
v -7.256861 1.608914 -9.988212
v -9.988211 1.608914 -7.256860
v -11.741847 1.608914 -3.815157
v -12.346107 1.608914 0.000000
v -11.741847 1.608914 3.815157
v -9.988211 1.608914 7.256860
v -7.256860 1.608914 9.988210
v -3.815157 1.608914 11.741844
v -0.000000 1.608914 12.346106
v 3.815156 1.608914 11.741844
v 7.256858 1.608914 9.988209
v 9.988208 1.608914 7.256859
v 11.741843 1.608914 3.815156
v 12.346104 1.608914 0.000000
v 11.888214 2.000000 -3.862715
v 10.112720 2.000000 -7.347320
v 7.347320 2.000000 -10.112718
v 3.862714 2.000000 -11.888213
v 0.000000 2.000000 -12.500006
v -3.862714 2.000000 -11.888212
v -7.347319 2.000000 -10.112716
v -10.112716 2.000000 -7.347318
v -11.888210 2.000000 -3.862713
v -12.500002 2.000000 0.000000
v -11.888210 2.000000 3.862713
v -10.112715 2.000000 7.347317
v -7.347317 2.000000 10.112714
v -3.862713 2.000000 11.888208
v -0.000000 2.000000 12.500001
v 3.862712 2.000000 11.888207
v 7.347316 2.000000 10.112714
v 10.112712 2.000000 7.347316
v 11.888207 2.000000 3.862712
v 12.500000 2.000000 0.000000
v 11.741850 2.391086 -3.815158
v 9.988215 2.391086 -7.256863
v 7.256863 2.391086 -9.988214
v 3.815158 2.391086 -11.741849
v 0.000000 2.391086 -12.346110
v -3.815158 2.391086 -11.741848
v -7.256861 2.391086 -9.988212
v -9.988211 2.391086 -7.256860
v -11.741847 2.391086 -3.815157
v -12.346107 2.391086 0.000000
v -11.741847 2.391086 3.815157
v -9.988211 2.391086 7.256860
v -7.256860 2.391086 9.988210
v -3.815157 2.391086 11.741844
v -0.000000 2.391086 12.346106
v 3.815156 2.391086 11.741844
v 7.256858 2.391086 9.988209
v 9.988208 2.391086 7.256859
v 11.741843 2.391086 3.815156
v 12.346104 2.391086 0.000000
v 11.306365 2.772542 -3.673660
v 9.617768 2.772542 -6.987717
v 6.987717 2.772542 -9.617767
v 3.673660 2.772542 -11.306363
v 0.000000 2.772542 -11.888213
v -3.673660 2.772542 -11.306362
v -6.987715 2.772542 -9.617766
v -9.617764 2.772542 -6.987715
v -11.306360 2.772542 -3.673659
v -11.888210 2.772542 0.000000
v -11.306360 2.772542 3.673659
v -9.617764 2.772542 6.987714
v -6.987714 2.772542 9.617763
v -3.673659 2.772542 11.306359
v -0.000000 2.772542 11.888208
v 3.673658 2.772542 11.306357
v 6.987713 2.772542 9.617763
v 9.617762 2.772542 6.987714
v 11.306357 2.772542 3.673658
v 11.888207 2.772542 0.000000
v 10.592477 3.134976 -3.441704
v 9.010499 3.134976 -6.546510
v 6.546510 3.134976 -9.010499
v 3.441704 3.134976 -10.592476
v 0.000000 3.134976 -11.137587
v -3.441704 3.134976 -10.592475
v -6.546509 3.134976 -9.010497
v -9.010496 3.134976 -6.546509
v -10.592473 3.134976 -3.441703
v -11.137584 3.134976 0.000000
v -10.592473 3.134976 3.441703
v -9.010496 3.134976 6.546507
v -6.546507 3.134976 9.010494
v -3.441703 3.134976 10.592471
v -0.000000 3.134976 11.137583
v 3.441702 3.134976 10.592471
v 6.546506 3.134976 9.010494
v 9.010493 3.134976 6.546507
v 10.592470 3.134976 3.441702
v 11.137582 3.134976 0.000000
v 9.617767 3.469463 -3.125002
v 8.181362 3.469463 -5.944107
v 5.944107 3.469463 -8.181361
v 3.125001 3.469463 -9.617766
v 0.000000 3.469463 -10.112717
v -3.125001 3.469463 -9.617766
v -5.944105 3.469463 -8.181359
v -8.181359 3.469463 -5.944105
v -9.617764 3.469463 -3.125001
v -10.112715 3.469463 0.000000
v -9.617764 3.469463 3.125001
v -8.181358 3.469463 5.944104
v -5.944104 3.469463 8.181357
v -3.125001 3.469463 9.617763
v -0.000000 3.469463 10.112714
v 3.125000 3.469463 9.617762
v 5.944103 3.469463 8.181357
v 8.181356 3.469463 5.944104
v 9.617761 3.469463 3.125000
v 10.112712 3.469463 0.000000
v 8.406237 3.767767 -2.731352
v 7.150772 3.767767 -5.195340
v 5.195340 3.767767 -7.150772
v 2.731352 3.767767 -8.406236
v 0.000000 3.767767 -8.838839
v -2.731352 3.767767 -8.406236
v -5.195339 3.767767 -7.150770
v -7.150770 3.767767 -5.195338
v -8.406234 3.767767 -2.731351
v -8.838837 3.767767 0.000000
v -8.406234 3.767767 2.731351
v -7.150769 3.767767 5.195338
v -5.195338 3.767767 7.150769
v -2.731351 3.767767 8.406233
v -0.000000 3.767767 8.838836
v 2.731350 3.767767 8.406232
v 5.195337 3.767767 7.150768
v 7.150767 3.767767 5.195337
v 8.406231 3.767767 2.731350
v 8.838835 3.767767 0.000000
v 6.987717 4.022542 -2.270447
v 5.944107 4.022542 -4.318646
v 4.318646 4.022542 -5.944107
v 2.270447 4.022542 -6.987716
v 0.000000 4.022542 -7.347319
v -2.270447 4.022542 -6.987715
v -4.318645 4.022542 -5.944105
v -5.944105 4.022542 -4.318645
v -6.987714 4.022542 -2.270446
v -7.347317 4.022542 0.000000
v -6.987714 4.022542 2.270446
v -5.944105 4.022542 4.318644
v -4.318644 4.022542 5.944104
v -2.270446 4.022542 6.987714
v -0.000000 4.022542 7.347316
v 2.270445 4.022542 6.987713
v 4.318644 4.022542 5.944104
v 5.944103 4.022542 4.318644
v 6.987712 4.022542 2.270445
v 7.347316 4.022542 0.000000
v 5.397136 4.227516 -1.753636
v 4.591078 4.227516 -3.335614
v 3.335614 4.227516 -4.591078
v 1.753636 4.227516 -5.397136
v 0.000000 4.227516 -5.674884
v -1.753636 4.227516 -5.397136
v -3.335613 4.227516 -4.591077
v -4.591077 4.227516 -3.335612
v -5.397134 4.227516 -1.753635
v -5.674883 4.227516 0.000000
v -5.397134 4.227516 1.753635
v -4.591076 4.227516 3.335612
v -3.335612 4.227516 4.591076
v -1.753635 4.227516 5.397134
v -0.000000 4.227516 5.674882
v 1.753635 4.227516 5.397133
v 3.335612 4.227516 4.591076
v 4.591075 4.227516 3.335612
v 5.397133 4.227516 1.753635
v 5.674881 4.227516 0.000000
v 3.673660 4.377641 -1.193644
v 3.125002 4.377641 -2.270447
v 2.270447 4.377641 -3.125002
v 1.193644 4.377641 -3.673660
v 0.000000 4.377641 -3.862714
v -1.193644 4.377641 -3.673660
v -2.270446 4.377641 -3.125001
v -3.125001 4.377641 -2.270446
v -3.673659 4.377641 -1.193644
v -3.862713 4.377641 0.000000
v -3.673659 4.377641 1.193644
v -3.125001 4.377641 2.270446
v -2.270446 4.377641 3.125001
v -1.193644 4.377641 3.673658
v -0.000000 4.377641 3.862713
v 1.193644 4.377641 3.673658
v 2.270445 4.377641 3.125000
v 3.125000 4.377641 2.270446
v 3.673658 4.377641 1.193644
v 3.862712 4.377641 0.000000
v 1.859727 4.469221 -0.604262
v 1.581978 4.469221 -1.149374
v 1.149374 4.469221 -1.581978
v 0.604262 4.469221 -1.859726
v 0.000000 4.469221 -1.955432
v -0.604262 4.469221 -1.859726
v -1.149374 4.469221 -1.581977
v -1.581977 4.469221 -1.149374
v -1.859726 4.469221 -0.604262
v -1.955431 4.469221 0.000000
v -1.859726 4.469221 0.604262
v -1.581977 4.469221 1.149374
v -1.149374 4.469221 1.581977
v -0.604262 4.469221 1.859726
v -0.000000 4.469221 1.955431
v 0.604261 4.469221 1.859726
v 1.149373 4.469221 1.581977
v 1.581977 4.469221 1.149374
v 1.859725 4.469221 0.604261
v 1.955431 4.469221 0.000000
v 0.000000 -0.500000 0.000000
v 0.000000 4.500000 0.000000
vt 0.000000 0.050000
vt 0.050000 0.050000
vt 0.100000 0.050000
vt 0.150000 0.050000
vt 0.200000 0.050000
vt 0.250000 0.050000
vt 0.300000 0.050000
vt 0.350000 0.050000
vt 0.400000 0.050000
vt 0.450000 0.050000
vt 0.500000 0.050000
vt 0.550000 0.050000
vt 0.600000 0.050000
vt 0.650000 0.050000
vt 0.700000 0.050000
vt 0.750000 0.050000
vt 0.800000 0.050000
vt 0.850000 0.050000
vt 0.900000 0.050000
vt 0.950000 0.050000
vt 1.000000 0.050000
vt 0.000000 0.100000
vt 0.050000 0.100000
vt 0.100000 0.100000
vt 0.150000 0.100000
vt 0.200000 0.100000
vt 0.250000 0.100000
vt 0.300000 0.100000
vt 0.350000 0.100000
vt 0.400000 0.100000
vt 0.450000 0.100000
vt 0.500000 0.100000
vt 0.550000 0.100000
vt 0.600000 0.100000
vt 0.650000 0.100000
vt 0.700000 0.100000
vt 0.750000 0.100000
vt 0.800000 0.100000
vt 0.850000 0.100000
vt 0.900000 0.100000
vt 0.950000 0.100000
vt 1.000000 0.100000
vt 0.000000 0.150000
vt 0.050000 0.150000
vt 0.100000 0.150000
vt 0.150000 0.150000
vt 0.200000 0.150000
vt 0.250000 0.150000
vt 0.300000 0.150000
vt 0.350000 0.150000
vt 0.400000 0.150000
vt 0.450000 0.150000
vt 0.500000 0.150000
vt 0.550000 0.150000
vt 0.600000 0.150000
vt 0.650000 0.150000
vt 0.700000 0.150000
vt 0.750000 0.150000
vt 0.800000 0.150000
vt 0.850000 0.150000
vt 0.900000 0.150000
vt 0.950000 0.150000
vt 1.000000 0.150000
vt 0.000000 0.200000
vt 0.050000 0.200000
vt 0.100000 0.200000
vt 0.150000 0.200000
vt 0.200000 0.200000
vt 0.250000 0.200000
vt 0.300000 0.200000
vt 0.350000 0.200000
vt 0.400000 0.200000
vt 0.450000 0.200000
vt 0.500000 0.200000
vt 0.550000 0.200000
vt 0.600000 0.200000
vt 0.650000 0.200000
vt 0.700000 0.200000
vt 0.750000 0.200000
vt 0.800000 0.200000
vt 0.850000 0.200000
vt 0.900000 0.200000
vt 0.950000 0.200000
vt 1.000000 0.200000
vt 0.000000 0.250000
vt 0.050000 0.250000
vt 0.100000 0.250000
vt 0.150000 0.250000
vt 0.200000 0.250000
vt 0.250000 0.250000
vt 0.300000 0.250000
vt 0.350000 0.250000
vt 0.400000 0.250000
vt 0.450000 0.250000
vt 0.500000 0.250000
vt 0.550000 0.250000
vt 0.600000 0.250000
vt 0.650000 0.250000
vt 0.700000 0.250000
vt 0.750000 0.250000
vt 0.800000 0.250000
vt 0.850000 0.250000
vt 0.900000 0.250000
vt 0.950000 0.250000
vt 1.000000 0.250000
vt 0.000000 0.300000
vt 0.050000 0.300000
vt 0.100000 0.300000
vt 0.150000 0.300000
vt 0.200000 0.300000
vt 0.250000 0.300000
vt 0.300000 0.300000
vt 0.350000 0.300000
vt 0.400000 0.300000
vt 0.450000 0.300000
vt 0.500000 0.300000
vt 0.550000 0.300000
vt 0.600000 0.300000
vt 0.650000 0.300000
vt 0.700000 0.300000
vt 0.750000 0.300000
vt 0.800000 0.300000
vt 0.850000 0.300000
vt 0.900000 0.300000
vt 0.950000 0.300000
vt 1.000000 0.300000
vt 0.000000 0.350000
vt 0.050000 0.350000
vt 0.100000 0.350000
vt 0.150000 0.350000
vt 0.200000 0.350000
vt 0.250000 0.350000
vt 0.300000 0.350000
vt 0.350000 0.350000
vt 0.400000 0.350000
vt 0.450000 0.350000
vt 0.500000 0.350000
vt 0.550000 0.350000
vt 0.600000 0.350000
vt 0.650000 0.350000
vt 0.700000 0.350000
vt 0.750000 0.350000
vt 0.800000 0.350000
vt 0.850000 0.350000
vt 0.900000 0.350000
vt 0.950000 0.350000
vt 1.000000 0.350000
vt 0.000000 0.400000
vt 0.050000 0.400000
vt 0.100000 0.400000
vt 0.150000 0.400000
vt 0.200000 0.400000
vt 0.250000 0.400000
vt 0.300000 0.400000
vt 0.350000 0.400000
vt 0.400000 0.400000
vt 0.450000 0.400000
vt 0.500000 0.400000
vt 0.550000 0.400000
vt 0.600000 0.400000
vt 0.650000 0.400000
vt 0.700000 0.400000
vt 0.750000 0.400000
vt 0.800000 0.400000
vt 0.850000 0.400000
vt 0.900000 0.400000
vt 0.950000 0.400000
vt 1.000000 0.400000
vt 0.000000 0.450000
vt 0.050000 0.450000
vt 0.100000 0.450000
vt 0.150000 0.450000
vt 0.200000 0.450000
vt 0.250000 0.450000
vt 0.300000 0.450000
vt 0.350000 0.450000
vt 0.400000 0.450000
vt 0.450000 0.450000
vt 0.500000 0.450000
vt 0.550000 0.450000
vt 0.600000 0.450000
vt 0.650000 0.450000
vt 0.700000 0.450000
vt 0.750000 0.450000
vt 0.800000 0.450000
vt 0.850000 0.450000
vt 0.900000 0.450000
vt 0.950000 0.450000
vt 1.000000 0.450000
vt 0.000000 0.500000
vt 0.050000 0.500000
vt 0.100000 0.500000
vt 0.150000 0.500000
vt 0.200000 0.500000
vt 0.250000 0.500000
vt 0.300000 0.500000
vt 0.350000 0.500000
vt 0.400000 0.500000
vt 0.450000 0.500000
vt 0.500000 0.500000
vt 0.550000 0.500000
vt 0.600000 0.500000
vt 0.650000 0.500000
vt 0.700000 0.500000
vt 0.750000 0.500000
vt 0.800000 0.500000
vt 0.850000 0.500000
vt 0.900000 0.500000
vt 0.950000 0.500000
vt 1.000000 0.500000
vt 0.000000 0.550000
vt 0.050000 0.550000
vt 0.100000 0.550000
vt 0.150000 0.550000
vt 0.200000 0.550000
vt 0.250000 0.550000
vt 0.300000 0.550000
vt 0.350000 0.550000
vt 0.400000 0.550000
vt 0.450000 0.550000
vt 0.500000 0.550000
vt 0.550000 0.550000
vt 0.600000 0.550000
vt 0.650000 0.550000
vt 0.700000 0.550000
vt 0.750000 0.550000
vt 0.800000 0.550000
vt 0.850000 0.550000
vt 0.900000 0.550000
vt 0.950000 0.550000
vt 1.000000 0.550000
vt 0.000000 0.600000
vt 0.050000 0.600000
vt 0.100000 0.600000
vt 0.150000 0.600000
vt 0.200000 0.600000
vt 0.250000 0.600000
vt 0.300000 0.600000
vt 0.350000 0.600000
vt 0.400000 0.600000
vt 0.450000 0.600000
vt 0.500000 0.600000
vt 0.550000 0.600000
vt 0.600000 0.600000
vt 0.650000 0.600000
vt 0.700000 0.600000
vt 0.750000 0.600000
vt 0.800000 0.600000
vt 0.850000 0.600000
vt 0.900000 0.600000
vt 0.950000 0.600000
vt 1.000000 0.600000
vt 0.000000 0.650000
vt 0.050000 0.650000
vt 0.100000 0.650000
vt 0.150000 0.650000
vt 0.200000 0.650000
vt 0.250000 0.650000
vt 0.300000 0.650000
vt 0.350000 0.650000
vt 0.400000 0.650000
vt 0.450000 0.650000
vt 0.500000 0.650000
vt 0.550000 0.650000
vt 0.600000 0.650000
vt 0.650000 0.650000
vt 0.700000 0.650000
vt 0.750000 0.650000
vt 0.800000 0.650000
vt 0.850000 0.650000
vt 0.900000 0.650000
vt 0.950000 0.650000
vt 1.000000 0.650000
vt 0.000000 0.700000
vt 0.050000 0.700000
vt 0.100000 0.700000
vt 0.150000 0.700000
vt 0.200000 0.700000
vt 0.250000 0.700000
vt 0.300000 0.700000
vt 0.350000 0.700000
vt 0.400000 0.700000
vt 0.450000 0.700000
vt 0.500000 0.700000
vt 0.550000 0.700000
vt 0.600000 0.700000
vt 0.650000 0.700000
vt 0.700000 0.700000
vt 0.750000 0.700000
vt 0.800000 0.700000
vt 0.850000 0.700000
vt 0.900000 0.700000
vt 0.950000 0.700000
vt 1.000000 0.700000
vt 0.000000 0.750000
vt 0.050000 0.750000
vt 0.100000 0.750000
vt 0.150000 0.750000
vt 0.200000 0.750000
vt 0.250000 0.750000
vt 0.300000 0.750000
vt 0.350000 0.750000
vt 0.400000 0.750000
vt 0.450000 0.750000
vt 0.500000 0.750000
vt 0.550000 0.750000
vt 0.600000 0.750000
vt 0.650000 0.750000
vt 0.700000 0.750000
vt 0.750000 0.750000
vt 0.800000 0.750000
vt 0.850000 0.750000
vt 0.900000 0.750000
vt 0.950000 0.750000
vt 1.000000 0.750000
vt 0.000000 0.800000
vt 0.050000 0.800000
vt 0.100000 0.800000
vt 0.150000 0.800000
vt 0.200000 0.800000
vt 0.250000 0.800000
vt 0.300000 0.800000
vt 0.350000 0.800000
vt 0.400000 0.800000
vt 0.450000 0.800000
vt 0.500000 0.800000
vt 0.550000 0.800000
vt 0.600000 0.800000
vt 0.650000 0.800000
vt 0.700000 0.800000
vt 0.750000 0.800000
vt 0.800000 0.800000
vt 0.850000 0.800000
vt 0.900000 0.800000
vt 0.950000 0.800000
vt 1.000000 0.800000
vt 0.000000 0.850000
vt 0.050000 0.850000
vt 0.100000 0.850000
vt 0.150000 0.850000
vt 0.200000 0.850000
vt 0.250000 0.850000
vt 0.300000 0.850000
vt 0.350000 0.850000
vt 0.400000 0.850000
vt 0.450000 0.850000
vt 0.500000 0.850000
vt 0.550000 0.850000
vt 0.600000 0.850000
vt 0.650000 0.850000
vt 0.700000 0.850000
vt 0.750000 0.850000
vt 0.800000 0.850000
vt 0.850000 0.850000
vt 0.900000 0.850000
vt 0.950000 0.850000
vt 1.000000 0.850000
vt 0.000000 0.900000
vt 0.050000 0.900000
vt 0.100000 0.900000
vt 0.150000 0.900000
vt 0.200000 0.900000
vt 0.250000 0.900000
vt 0.300000 0.900000
vt 0.350000 0.900000
vt 0.400000 0.900000
vt 0.450000 0.900000
vt 0.500000 0.900000
vt 0.550000 0.900000
vt 0.600000 0.900000
vt 0.650000 0.900000
vt 0.700000 0.900000
vt 0.750000 0.900000
vt 0.800000 0.900000
vt 0.850000 0.900000
vt 0.900000 0.900000
vt 0.950000 0.900000
vt 1.000000 0.900000
vt 0.000000 0.950000
vt 0.050000 0.950000
vt 0.100000 0.950000
vt 0.150000 0.950000
vt 0.200000 0.950000
vt 0.250000 0.950000
vt 0.300000 0.950000
vt 0.350000 0.950000
vt 0.400000 0.950000
vt 0.450000 0.950000
vt 0.500000 0.950000
vt 0.550000 0.950000
vt 0.600000 0.950000
vt 0.650000 0.950000
vt 0.700000 0.950000
vt 0.750000 0.950000
vt 0.800000 0.950000
vt 0.850000 0.950000
vt 0.900000 0.950000
vt 0.950000 0.950000
vt 1.000000 0.950000
vt 0.025000 0.000000
vt 0.075000 0.000000
vt 0.125000 0.000000
vt 0.175000 0.000000
vt 0.225000 0.000000
vt 0.275000 0.000000
vt 0.325000 0.000000
vt 0.375000 0.000000
vt 0.425000 0.000000
vt 0.475000 0.000000
vt 0.525000 0.000000
vt 0.575000 0.000000
vt 0.625000 0.000000
vt 0.675000 0.000000
vt 0.725000 0.000000
vt 0.775000 0.000000
vt 0.825000 0.000000
vt 0.875000 0.000000
vt 0.925000 0.000000
vt 0.975000 0.000000
vt 0.025000 1.000000
vt 0.075000 1.000000
vt 0.125000 1.000000
vt 0.175000 1.000000
vt 0.225000 1.000000
vt 0.275000 1.000000
vt 0.325000 1.000000
vt 0.375000 1.000000
vt 0.425000 1.000000
vt 0.475000 1.000000
vt 0.525000 1.000000
vt 0.575000 1.000000
vt 0.625000 1.000000
vt 0.675000 1.000000
vt 0.725000 1.000000
vt 0.775000 1.000000
vt 0.825000 1.000000
vt 0.875000 1.000000
vt 0.925000 1.000000
vt 0.975000 1.000000
vn 0.038867 -0.999165 -0.012629
vn 0.033062 -0.999165 -0.024021
vn 0.057111 -0.997505 -0.041493
vn 0.067137 -0.997505 -0.021814
vn 0.024021 -0.999165 -0.033063
vn 0.041493 -0.997505 -0.057111
vn 0.012629 -0.999165 -0.038867
vn 0.021814 -0.997505 -0.067137
vn -0.000000 -0.999165 -0.040867
vn -0.000000 -0.997505 -0.070592
vn -0.012629 -0.999165 -0.038867
vn -0.021814 -0.997505 -0.067137
vn -0.024021 -0.999165 -0.033063
vn -0.041493 -0.997505 -0.057111
vn -0.033062 -0.999165 -0.024021
vn -0.057111 -0.997505 -0.041493
vn -0.038867 -0.999165 -0.012629
vn -0.067137 -0.997505 -0.021814
vn -0.040867 -0.999165 0.000000
vn -0.070593 -0.997505 0.000000
vn -0.038867 -0.999165 0.012629
vn -0.067137 -0.997505 0.021814
vn -0.033062 -0.999165 0.024021
vn -0.057111 -0.997505 0.041493
vn -0.024021 -0.999165 0.033062
vn -0.041493 -0.997505 0.057111
vn -0.012629 -0.999165 0.038867
vn -0.021814 -0.997505 0.067138
vn 0.000000 -0.999165 0.040867
vn 0.000000 -0.997505 0.070593
vn 0.012629 -0.999165 0.038867
vn 0.021814 -0.997505 0.067138
vn 0.024021 -0.999165 0.033062
vn 0.041493 -0.997505 0.057111
vn 0.033062 -0.999165 0.024021
vn 0.057111 -0.997505 0.041493
vn 0.038867 -0.999165 0.012629
vn 0.067137 -0.997505 0.021814
vn 0.040867 -0.999165 0.000000
vn 0.070593 -0.997505 0.000000
vn 0.085846 -0.994354 -0.062371
vn 0.100918 -0.994354 -0.032790
vn 0.062371 -0.994354 -0.085846
vn 0.032790 -0.994354 -0.100918
vn -0.000000 -0.994354 -0.106112
vn -0.032790 -0.994354 -0.100918
vn -0.062371 -0.994354 -0.085846
vn -0.085846 -0.994354 -0.062371
vn -0.100918 -0.994354 -0.032790
vn -0.106112 -0.994354 -0.000000
vn -0.100918 -0.994354 0.032790
vn -0.085846 -0.994354 0.062371
vn -0.062371 -0.994354 0.085846
vn -0.032790 -0.994354 0.100918
vn 0.000000 -0.994354 0.106112
vn 0.032790 -0.994354 0.100918
vn 0.062371 -0.994354 0.085846
vn 0.085846 -0.994354 0.062371
vn 0.100918 -0.994354 0.032790
vn 0.106112 -0.994354 0.000000
vn 0.119907 -0.988955 -0.087118
vn 0.140960 -0.988955 -0.045800
vn 0.087118 -0.988955 -0.119907
vn 0.045800 -0.988955 -0.140960
vn 0.000000 -0.988955 -0.148214
vn -0.045801 -0.988955 -0.140959
vn -0.087118 -0.988955 -0.119907
vn -0.119907 -0.988955 -0.087118
vn -0.140959 -0.988955 -0.045801
vn -0.148214 -0.988955 0.000000
vn -0.140959 -0.988955 0.045801
vn -0.119907 -0.988955 0.087118
vn -0.087118 -0.988955 0.119907
vn -0.045800 -0.988955 0.140960
vn 0.000000 -0.988955 0.148214
vn 0.045801 -0.988955 0.140960
vn 0.087118 -0.988955 0.119907
vn 0.119907 -0.988955 0.087118
vn 0.140960 -0.988955 0.045801
vn 0.148214 -0.988955 0.000000
vn 0.162267 -0.979679 -0.117894
vn 0.190757 -0.979679 -0.061980
vn 0.117894 -0.979679 -0.162267
vn 0.061981 -0.979679 -0.190757
vn 0.000000 -0.979679 -0.200573
vn -0.061981 -0.979679 -0.190757
vn -0.117894 -0.979679 -0.162267
vn -0.162267 -0.979679 -0.117894
vn -0.190757 -0.979679 -0.061981
vn -0.200573 -0.979679 0.000000
vn -0.190757 -0.979679 0.061981
vn -0.162267 -0.979679 0.117894
vn -0.117894 -0.979679 0.162267
vn -0.061981 -0.979679 0.190757
vn 0.000000 -0.979679 0.200573
vn 0.061981 -0.979679 0.190757
vn 0.117894 -0.979679 0.162267
vn 0.162267 -0.979679 0.117894
vn 0.190757 -0.979679 0.061981
vn 0.200573 -0.979679 0.000000
vn 0.218576 -0.962811 -0.158805
vn 0.256951 -0.962811 -0.083488
vn 0.158804 -0.962811 -0.218576
vn 0.083488 -0.962811 -0.256951
vn -0.000000 -0.962811 -0.270174
vn -0.083489 -0.962811 -0.256951
vn -0.158805 -0.962811 -0.218576
vn -0.218576 -0.962811 -0.158804
vn -0.256951 -0.962811 -0.083488
vn -0.270175 -0.962811 0.000000
vn -0.256951 -0.962811 0.083489
vn -0.218576 -0.962811 0.158805
vn -0.158805 -0.962811 0.218576
vn -0.083488 -0.962811 0.256951
vn -0.000000 -0.962811 0.270175
vn 0.083489 -0.962811 0.256951
vn 0.158805 -0.962811 0.218576
vn 0.218576 -0.962811 0.158805
vn 0.256951 -0.962811 0.083488
vn 0.270174 -0.962811 0.000000
vn 0.299897 -0.928755 -0.217888
vn 0.352550 -0.928755 -0.114550
vn 0.217888 -0.928755 -0.299897
vn 0.114550 -0.928755 -0.352550
vn -0.000000 -0.928755 -0.370693
vn -0.114551 -0.928755 -0.352550
vn -0.217888 -0.928755 -0.299897
vn -0.299897 -0.928755 -0.217888
vn -0.352550 -0.928755 -0.114550
vn -0.370693 -0.928755 0.000000
vn -0.352550 -0.928755 0.114551
vn -0.299897 -0.928755 0.217888
vn -0.217888 -0.928755 0.299897
vn -0.114551 -0.928755 0.352550
vn 0.000000 -0.928755 0.370693
vn 0.114551 -0.928755 0.352550
vn 0.217888 -0.928755 0.299897
vn 0.299897 -0.928755 0.217888
vn 0.352550 -0.928755 0.114551
vn 0.370693 -0.928755 0.000000
vn 0.428764 -0.848009 -0.311515
vn 0.504043 -0.848009 -0.163773
vn 0.311515 -0.848009 -0.428764
vn 0.163773 -0.848009 -0.504042
vn -0.000000 -0.848009 -0.529981
vn -0.163773 -0.848009 -0.504042
vn -0.311515 -0.848009 -0.428764
vn -0.428764 -0.848009 -0.311515
vn -0.504042 -0.848010 -0.163773
vn -0.529981 -0.848009 0.000000
vn -0.504042 -0.848009 0.163773
vn -0.428764 -0.848009 0.311515
vn -0.311515 -0.848009 0.428764
vn -0.163773 -0.848009 0.504042
vn 0.000000 -0.848009 0.529981
vn 0.163773 -0.848009 0.504042
vn 0.311515 -0.848009 0.428764
vn 0.428764 -0.848009 0.311515
vn 0.504042 -0.848009 0.163773
vn 0.529981 -0.848009 0.000001
vn 0.637731 -0.615319 -0.463338
vn 0.749698 -0.615319 -0.243591
vn 0.463338 -0.615319 -0.637731
vn 0.243591 -0.615318 -0.749698
vn -0.000000 -0.615318 -0.788279
vn -0.243592 -0.615318 -0.749698
vn -0.463339 -0.615318 -0.637731
vn -0.637731 -0.615318 -0.463339
vn -0.749697 -0.615319 -0.243591
vn -0.788279 -0.615319 0.000000
vn -0.749698 -0.615318 0.243592
vn -0.637731 -0.615318 0.463339
vn -0.463339 -0.615318 0.637731
vn -0.243591 -0.615318 0.749698
vn 0.000000 -0.615318 0.788279
vn 0.243591 -0.615318 0.749698
vn 0.463339 -0.615318 0.637731
vn 0.637731 -0.615318 0.463339
vn 0.749698 -0.615318 0.243591
vn 0.788279 -0.615318 0.000001
vn 0.809017 0.000000 -0.587785
vn 0.951057 0.000000 -0.309016
vn 0.587785 0.000000 -0.809017
vn 0.309017 0.000000 -0.951057
vn 0.000000 0.000000 -1.000000
vn -0.309017 0.000000 -0.951056
vn -0.587786 0.000000 -0.809017
vn -0.809017 -0.000000 -0.587785
vn -0.951057 -0.000000 -0.309017
vn -1.000000 0.000000 0.000000
vn -0.951057 -0.000000 0.309017
vn -0.809017 -0.000000 0.587785
vn -0.587785 0.000000 0.809017
vn -0.309017 0.000000 0.951057
vn 0.000000 0.000000 1.000000
vn 0.309017 -0.000000 0.951057
vn 0.587785 0.000000 0.809017
vn 0.809017 0.000000 0.587785
vn 0.951057 0.000000 0.309017
vn 1.000000 -0.000000 0.000001
vn 0.637731 0.615319 -0.463338
vn 0.749698 0.615319 -0.243591
vn 0.463338 0.615319 -0.637731
vn 0.243591 0.615318 -0.749698
vn -0.000000 0.615318 -0.788279
vn -0.243592 0.615318 -0.749698
vn -0.463339 0.615318 -0.637731
vn -0.637731 0.615318 -0.463339
vn -0.749697 0.615319 -0.243591
vn -0.788279 0.615318 0.000000
vn -0.749698 0.615318 0.243592
vn -0.637731 0.615318 0.463339
vn -0.463339 0.615318 0.637731
vn -0.243591 0.615318 0.749698
vn 0.000000 0.615318 0.788279
vn 0.243591 0.615318 0.749698
vn 0.463338 0.615318 0.637731
vn 0.637731 0.615318 0.463339
vn 0.749698 0.615318 0.243591
vn 0.788279 0.615318 0.000001
vn 0.428764 0.848009 -0.311515
vn 0.504043 0.848009 -0.163773
vn 0.311515 0.848009 -0.428764
vn 0.163773 0.848009 -0.504042
vn -0.000000 0.848009 -0.529981
vn -0.163773 0.848009 -0.504042
vn -0.311515 0.848009 -0.428764
vn -0.428764 0.848009 -0.311515
vn -0.504042 0.848010 -0.163773
vn -0.529981 0.848009 0.000000
vn -0.504042 0.848009 0.163773
vn -0.428764 0.848009 0.311515
vn -0.311515 0.848009 0.428764
vn -0.163773 0.848009 0.504042
vn 0.000000 0.848009 0.529981
vn 0.163773 0.848009 0.504042
vn 0.311515 0.848009 0.428764
vn 0.428764 0.848009 0.311515
vn 0.504042 0.848009 0.163773
vn 0.529981 0.848009 0.000001
vn 0.299897 0.928755 -0.217888
vn 0.352550 0.928755 -0.114550
vn 0.217888 0.928755 -0.299897
vn 0.114550 0.928755 -0.352550
vn -0.000000 0.928755 -0.370693
vn -0.114551 0.928755 -0.352550
vn -0.217888 0.928755 -0.299897
vn -0.299897 0.928755 -0.217888
vn -0.352550 0.928755 -0.114550
vn -0.370693 0.928755 0.000000
vn -0.352550 0.928755 0.114551
vn -0.299897 0.928755 0.217888
vn -0.217888 0.928755 0.299897
vn -0.114551 0.928755 0.352550
vn 0.000000 0.928755 0.370693
vn 0.114551 0.928755 0.352550
vn 0.217888 0.928755 0.299897
vn 0.299897 0.928755 0.217888
vn 0.352550 0.928755 0.114551
vn 0.370693 0.928755 0.000000
vn 0.218576 0.962811 -0.158805
vn 0.256951 0.962811 -0.083488
vn 0.158804 0.962811 -0.218576
vn 0.083488 0.962811 -0.256951
vn -0.000000 0.962811 -0.270174
vn -0.083489 0.962811 -0.256951
vn -0.158805 0.962811 -0.218576
vn -0.218576 0.962811 -0.158804
vn -0.256951 0.962811 -0.083488
vn -0.270175 0.962811 0.000000
vn -0.256951 0.962811 0.083489
vn -0.218576 0.962811 0.158805
vn -0.158805 0.962811 0.218576
vn -0.083489 0.962811 0.256951
vn 0.000000 0.962811 0.270174
vn 0.083489 0.962811 0.256951
vn 0.158805 0.962811 0.218576
vn 0.218576 0.962811 0.158805
vn 0.256951 0.962811 0.083489
vn 0.270174 0.962811 0.000000
vn 0.162267 0.979679 -0.117894
vn 0.190757 0.979679 -0.061980
vn 0.117894 0.979679 -0.162267
vn 0.061981 0.979679 -0.190757
vn 0.000000 0.979679 -0.200573
vn -0.061981 0.979679 -0.190757
vn -0.117894 0.979679 -0.162267
vn -0.162267 0.979679 -0.117894
vn -0.190757 0.979679 -0.061981
vn -0.200573 0.979679 0.000000
vn -0.190757 0.979679 0.061981
vn -0.162267 0.979679 0.117894
vn -0.117894 0.979679 0.162267
vn -0.061981 0.979679 0.190757
vn 0.000000 0.979679 0.200573
vn 0.061981 0.979679 0.190757
vn 0.117894 0.979679 0.162267
vn 0.162267 0.979679 0.117894
vn 0.190757 0.979679 0.061981
vn 0.200573 0.979679 0.000000
vn 0.119907 0.988955 -0.087118
vn 0.140960 0.988955 -0.045800
vn 0.087118 0.988955 -0.119907
vn 0.045800 0.988955 -0.140959
vn -0.000000 0.988955 -0.148214
vn -0.045801 0.988955 -0.140959
vn -0.087118 0.988955 -0.119907
vn -0.119907 0.988955 -0.087118
vn -0.140959 0.988955 -0.045801
vn -0.148214 0.988955 0.000000
vn -0.140960 0.988955 0.045801
vn -0.119907 0.988955 0.087118
vn -0.087118 0.988955 0.119907
vn -0.045801 0.988955 0.140960
vn 0.000000 0.988955 0.148214
vn 0.045801 0.988955 0.140960
vn 0.087118 0.988955 0.119907
vn 0.119907 0.988955 0.087118
vn 0.140960 0.988955 0.045801
vn 0.148214 0.988955 0.000000
vn 0.085846 0.994354 -0.062371
vn 0.100918 0.994354 -0.032790
vn 0.062371 0.994354 -0.085846
vn 0.032790 0.994354 -0.100918
vn -0.000000 0.994354 -0.106112
vn -0.032790 0.994354 -0.100918
vn -0.062371 0.994354 -0.085846
vn -0.085846 0.994354 -0.062371
vn -0.100918 0.994354 -0.032790
vn -0.106112 0.994354 -0.000000
vn -0.100918 0.994354 0.032790
vn -0.085846 0.994354 0.062371
vn -0.062371 0.994354 0.085846
vn -0.032790 0.994354 0.100918
vn 0.000000 0.994354 0.106112
vn 0.032790 0.994354 0.100918
vn 0.062371 0.994354 0.085846
vn 0.085846 0.994354 0.062371
vn 0.100918 0.994354 0.032790
vn 0.106112 0.994354 0.000000
vn 0.057111 0.997505 -0.041493
vn 0.067137 0.997505 -0.021814
vn 0.041493 0.997505 -0.057111
vn 0.021814 0.997505 -0.067137
vn -0.000000 0.997505 -0.070593
vn -0.021814 0.997505 -0.067137
vn -0.041493 0.997505 -0.057111
vn -0.057111 0.997505 -0.041493
vn -0.067137 0.997505 -0.021814
vn -0.070593 0.997505 0.000000
vn -0.067138 0.997505 0.021814
vn -0.057111 0.997505 0.041493
vn -0.041493 0.997505 0.057111
vn -0.021814 0.997505 0.067138
vn 0.000000 0.997505 0.070593
vn 0.021814 0.997505 0.067138
vn 0.041493 0.997505 0.057111
vn 0.057111 0.997505 0.041493
vn 0.067138 0.997505 0.021814
vn 0.070593 0.997505 0.000000
vn 0.033062 0.999165 -0.024021
vn 0.038867 0.999165 -0.012629
vn 0.024021 0.999165 -0.033063
vn 0.012629 0.999165 -0.038867
vn -0.000000 0.999165 -0.040867
vn -0.012629 0.999165 -0.038867
vn -0.024021 0.999165 -0.033062
vn -0.033062 0.999165 -0.024021
vn -0.038867 0.999165 -0.012629
vn -0.040867 0.999165 0.000000
vn -0.038867 0.999165 0.012629
vn -0.033062 0.999165 0.024021
vn -0.024021 0.999165 0.033062
vn -0.012629 0.999165 0.038867
vn 0.000000 0.999165 0.040867
vn 0.012629 0.999165 0.038867
vn 0.024021 0.999165 0.033062
vn 0.033062 0.999165 0.024021
vn 0.038867 0.999165 0.012629
vn 0.040867 0.999165 0.000000
vn -0.000000 -1.000000 0.000000
vn -0.000000 1.000000 -0.000000
s 1
usemtl blinn4SG
f 575/785/1763 576/786/1764 596/807/1765 595/806/1766
f 576/786/1764 577/787/1767 597/808/1768 596/807/1765
f 577/787/1767 578/788/1769 598/809/1770 597/808/1768
f 578/788/1769 579/789/1771 599/810/1772 598/809/1770
f 579/789/1771 580/790/1773 600/811/1774 599/810/1772
f 580/790/1773 581/791/1775 601/812/1776 600/811/1774
f 581/791/1775 582/792/1777 602/813/1778 601/812/1776
f 582/792/1777 583/793/1779 603/814/1780 602/813/1778
f 583/793/1779 584/794/1781 604/815/1782 603/814/1780
f 584/794/1781 585/795/1783 605/816/1784 604/815/1782
f 585/795/1783 586/796/1785 606/817/1786 605/816/1784
f 586/796/1785 587/797/1787 607/818/1788 606/817/1786
f 587/797/1787 588/798/1789 608/819/1790 607/818/1788
f 588/798/1789 589/799/1791 609/820/1792 608/819/1790
f 589/799/1791 590/800/1793 610/821/1794 609/820/1792
f 590/800/1793 591/801/1795 611/822/1796 610/821/1794
f 591/801/1795 592/802/1797 612/823/1798 611/822/1796
f 592/802/1797 593/803/1799 613/824/1800 612/823/1798
f 593/803/1799 594/804/1801 614/825/1802 613/824/1800
f 594/804/1801 575/805/1763 595/826/1766 614/825/1802
f 595/806/1766 596/807/1765 616/828/1803 615/827/1804
f 596/807/1765 597/808/1768 617/829/1805 616/828/1803
f 597/808/1768 598/809/1770 618/830/1806 617/829/1805
f 598/809/1770 599/810/1772 619/831/1807 618/830/1806
f 599/810/1772 600/811/1774 620/832/1808 619/831/1807
f 600/811/1774 601/812/1776 621/833/1809 620/832/1808
f 601/812/1776 602/813/1778 622/834/1810 621/833/1809
f 602/813/1778 603/814/1780 623/835/1811 622/834/1810
f 603/814/1780 604/815/1782 624/836/1812 623/835/1811
f 604/815/1782 605/816/1784 625/837/1813 624/836/1812
f 605/816/1784 606/817/1786 626/838/1814 625/837/1813
f 606/817/1786 607/818/1788 627/839/1815 626/838/1814
f 607/818/1788 608/819/1790 628/840/1816 627/839/1815
f 608/819/1790 609/820/1792 629/841/1817 628/840/1816
f 609/820/1792 610/821/1794 630/842/1818 629/841/1817
f 610/821/1794 611/822/1796 631/843/1819 630/842/1818
f 611/822/1796 612/823/1798 632/844/1820 631/843/1819
f 612/823/1798 613/824/1800 633/845/1821 632/844/1820
f 613/824/1800 614/825/1802 634/846/1822 633/845/1821
f 614/825/1802 595/826/1766 615/847/1804 634/846/1822
f 615/827/1804 616/828/1803 636/849/1823 635/848/1824
f 616/828/1803 617/829/1805 637/850/1825 636/849/1823
f 617/829/1805 618/830/1806 638/851/1826 637/850/1825
f 618/830/1806 619/831/1807 639/852/1827 638/851/1826
f 619/831/1807 620/832/1808 640/853/1828 639/852/1827
f 620/832/1808 621/833/1809 641/854/1829 640/853/1828
f 621/833/1809 622/834/1810 642/855/1830 641/854/1829
f 622/834/1810 623/835/1811 643/856/1831 642/855/1830
f 623/835/1811 624/836/1812 644/857/1832 643/856/1831
f 624/836/1812 625/837/1813 645/858/1833 644/857/1832
f 625/837/1813 626/838/1814 646/859/1834 645/858/1833
f 626/838/1814 627/839/1815 647/860/1835 646/859/1834
f 627/839/1815 628/840/1816 648/861/1836 647/860/1835
f 628/840/1816 629/841/1817 649/862/1837 648/861/1836
f 629/841/1817 630/842/1818 650/863/1838 649/862/1837
f 630/842/1818 631/843/1819 651/864/1839 650/863/1838
f 631/843/1819 632/844/1820 652/865/1840 651/864/1839
f 632/844/1820 633/845/1821 653/866/1841 652/865/1840
f 633/845/1821 634/846/1822 654/867/1842 653/866/1841
f 634/846/1822 615/847/1804 635/868/1824 654/867/1842
f 635/848/1824 636/849/1823 656/870/1843 655/869/1844
f 636/849/1823 637/850/1825 657/871/1845 656/870/1843
f 637/850/1825 638/851/1826 658/872/1846 657/871/1845
f 638/851/1826 639/852/1827 659/873/1847 658/872/1846
f 639/852/1827 640/853/1828 660/874/1848 659/873/1847
f 640/853/1828 641/854/1829 661/875/1849 660/874/1848
f 641/854/1829 642/855/1830 662/876/1850 661/875/1849
f 642/855/1830 643/856/1831 663/877/1851 662/876/1850
f 643/856/1831 644/857/1832 664/878/1852 663/877/1851
f 644/857/1832 645/858/1833 665/879/1853 664/878/1852
f 645/858/1833 646/859/1834 666/880/1854 665/879/1853
f 646/859/1834 647/860/1835 667/881/1855 666/880/1854
f 647/860/1835 648/861/1836 668/882/1856 667/881/1855
f 648/861/1836 649/862/1837 669/883/1857 668/882/1856
f 649/862/1837 650/863/1838 670/884/1858 669/883/1857
f 650/863/1838 651/864/1839 671/885/1859 670/884/1858
f 651/864/1839 652/865/1840 672/886/1860 671/885/1859
f 652/865/1840 653/866/1841 673/887/1861 672/886/1860
f 653/866/1841 654/867/1842 674/888/1862 673/887/1861
f 654/867/1842 635/868/1824 655/889/1844 674/888/1862
f 655/869/1844 656/870/1843 676/891/1863 675/890/1864
f 656/870/1843 657/871/1845 677/892/1865 676/891/1863
f 657/871/1845 658/872/1846 678/893/1866 677/892/1865
f 658/872/1846 659/873/1847 679/894/1867 678/893/1866
f 659/873/1847 660/874/1848 680/895/1868 679/894/1867
f 660/874/1848 661/875/1849 681/896/1869 680/895/1868
f 661/875/1849 662/876/1850 682/897/1870 681/896/1869
f 662/876/1850 663/877/1851 683/898/1871 682/897/1870
f 663/877/1851 664/878/1852 684/899/1872 683/898/1871
f 664/878/1852 665/879/1853 685/900/1873 684/899/1872
f 665/879/1853 666/880/1854 686/901/1874 685/900/1873
f 666/880/1854 667/881/1855 687/902/1875 686/901/1874
f 667/881/1855 668/882/1856 688/903/1876 687/902/1875
f 668/882/1856 669/883/1857 689/904/1877 688/903/1876
f 669/883/1857 670/884/1858 690/905/1878 689/904/1877
f 670/884/1858 671/885/1859 691/906/1879 690/905/1878
f 671/885/1859 672/886/1860 692/907/1880 691/906/1879
f 672/886/1860 673/887/1861 693/908/1881 692/907/1880
f 673/887/1861 674/888/1862 694/909/1882 693/908/1881
f 674/888/1862 655/889/1844 675/910/1864 694/909/1882
f 675/890/1864 676/891/1863 696/912/1883 695/911/1884
f 676/891/1863 677/892/1865 697/913/1885 696/912/1883
f 677/892/1865 678/893/1866 698/914/1886 697/913/1885
f 678/893/1866 679/894/1867 699/915/1887 698/914/1886
f 679/894/1867 680/895/1868 700/916/1888 699/915/1887
f 680/895/1868 681/896/1869 701/917/1889 700/916/1888
f 681/896/1869 682/897/1870 702/918/1890 701/917/1889
f 682/897/1870 683/898/1871 703/919/1891 702/918/1890
f 683/898/1871 684/899/1872 704/920/1892 703/919/1891
f 684/899/1872 685/900/1873 705/921/1893 704/920/1892
f 685/900/1873 686/901/1874 706/922/1894 705/921/1893
f 686/901/1874 687/902/1875 707/923/1895 706/922/1894
f 687/902/1875 688/903/1876 708/924/1896 707/923/1895
f 688/903/1876 689/904/1877 709/925/1897 708/924/1896
f 689/904/1877 690/905/1878 710/926/1898 709/925/1897
f 690/905/1878 691/906/1879 711/927/1899 710/926/1898
f 691/906/1879 692/907/1880 712/928/1900 711/927/1899
f 692/907/1880 693/908/1881 713/929/1901 712/928/1900
f 693/908/1881 694/909/1882 714/930/1902 713/929/1901
f 694/909/1882 675/910/1864 695/931/1884 714/930/1902
f 695/911/1884 696/912/1883 716/933/1903 715/932/1904
f 696/912/1883 697/913/1885 717/934/1905 716/933/1903
f 697/913/1885 698/914/1886 718/935/1906 717/934/1905
f 698/914/1886 699/915/1887 719/936/1907 718/935/1906
f 699/915/1887 700/916/1888 720/937/1908 719/936/1907
f 700/916/1888 701/917/1889 721/938/1909 720/937/1908
f 701/917/1889 702/918/1890 722/939/1910 721/938/1909
f 702/918/1890 703/919/1891 723/940/1911 722/939/1910
f 703/919/1891 704/920/1892 724/941/1912 723/940/1911
f 704/920/1892 705/921/1893 725/942/1913 724/941/1912
f 705/921/1893 706/922/1894 726/943/1914 725/942/1913
f 706/922/1894 707/923/1895 727/944/1915 726/943/1914
f 707/923/1895 708/924/1896 728/945/1916 727/944/1915
f 708/924/1896 709/925/1897 729/946/1917 728/945/1916
f 709/925/1897 710/926/1898 730/947/1918 729/946/1917
f 710/926/1898 711/927/1899 731/948/1919 730/947/1918
f 711/927/1899 712/928/1900 732/949/1920 731/948/1919
f 712/928/1900 713/929/1901 733/950/1921 732/949/1920
f 713/929/1901 714/930/1902 734/951/1922 733/950/1921
f 714/930/1902 695/931/1884 715/952/1904 734/951/1922
f 715/932/1904 716/933/1903 736/954/1923 735/953/1924
f 716/933/1903 717/934/1905 737/955/1925 736/954/1923
f 717/934/1905 718/935/1906 738/956/1926 737/955/1925
f 718/935/1906 719/936/1907 739/957/1927 738/956/1926
f 719/936/1907 720/937/1908 740/958/1928 739/957/1927
f 720/937/1908 721/938/1909 741/959/1929 740/958/1928
f 721/938/1909 722/939/1910 742/960/1930 741/959/1929
f 722/939/1910 723/940/1911 743/961/1931 742/960/1930
f 723/940/1911 724/941/1912 744/962/1932 743/961/1931
f 724/941/1912 725/942/1913 745/963/1933 744/962/1932
f 725/942/1913 726/943/1914 746/964/1934 745/963/1933
f 726/943/1914 727/944/1915 747/965/1935 746/964/1934
f 727/944/1915 728/945/1916 748/966/1936 747/965/1935
f 728/945/1916 729/946/1917 749/967/1937 748/966/1936
f 729/946/1917 730/947/1918 750/968/1938 749/967/1937
f 730/947/1918 731/948/1919 751/969/1939 750/968/1938
f 731/948/1919 732/949/1920 752/970/1940 751/969/1939
f 732/949/1920 733/950/1921 753/971/1941 752/970/1940
f 733/950/1921 734/951/1922 754/972/1942 753/971/1941
f 734/951/1922 715/952/1904 735/973/1924 754/972/1942
f 735/953/1924 736/954/1923 756/975/1943 755/974/1944
f 736/954/1923 737/955/1925 757/976/1945 756/975/1943
f 737/955/1925 738/956/1926 758/977/1946 757/976/1945
f 738/956/1926 739/957/1927 759/978/1947 758/977/1946
f 739/957/1927 740/958/1928 760/979/1948 759/978/1947
f 740/958/1928 741/959/1929 761/980/1949 760/979/1948
f 741/959/1929 742/960/1930 762/981/1950 761/980/1949
f 742/960/1930 743/961/1931 763/982/1951 762/981/1950
f 743/961/1931 744/962/1932 764/983/1952 763/982/1951
f 744/962/1932 745/963/1933 765/984/1953 764/983/1952
f 745/963/1933 746/964/1934 766/985/1954 765/984/1953
f 746/964/1934 747/965/1935 767/986/1955 766/985/1954
f 747/965/1935 748/966/1936 768/987/1956 767/986/1955
f 748/966/1936 749/967/1937 769/988/1957 768/987/1956
f 749/967/1937 750/968/1938 770/989/1958 769/988/1957
f 750/968/1938 751/969/1939 771/990/1959 770/989/1958
f 751/969/1939 752/970/1940 772/991/1960 771/990/1959
f 752/970/1940 753/971/1941 773/992/1961 772/991/1960
f 753/971/1941 754/972/1942 774/993/1962 773/992/1961
f 754/972/1942 735/973/1924 755/994/1944 774/993/1962
f 755/974/1944 756/975/1943 776/996/1963 775/995/1964
f 756/975/1943 757/976/1945 777/997/1965 776/996/1963
f 757/976/1945 758/977/1946 778/998/1966 777/997/1965
f 758/977/1946 759/978/1947 779/999/1967 778/998/1966
f 759/978/1947 760/979/1948 780/1000/1968 779/999/1967
f 760/979/1948 761/980/1949 781/1001/1969 780/1000/1968
f 761/980/1949 762/981/1950 782/1002/1970 781/1001/1969
f 762/981/1950 763/982/1951 783/1003/1971 782/1002/1970
f 763/982/1951 764/983/1952 784/1004/1972 783/1003/1971
f 764/983/1952 765/984/1953 785/1005/1973 784/1004/1972
f 765/984/1953 766/985/1954 786/1006/1974 785/1005/1973
f 766/985/1954 767/986/1955 787/1007/1975 786/1006/1974
f 767/986/1955 768/987/1956 788/1008/1976 787/1007/1975
f 768/987/1956 769/988/1957 789/1009/1977 788/1008/1976
f 769/988/1957 770/989/1958 790/1010/1978 789/1009/1977
f 770/989/1958 771/990/1959 791/1011/1979 790/1010/1978
f 771/990/1959 772/991/1960 792/1012/1980 791/1011/1979
f 772/991/1960 773/992/1961 793/1013/1981 792/1012/1980
f 773/992/1961 774/993/1962 794/1014/1982 793/1013/1981
f 774/993/1962 755/994/1944 775/1015/1964 794/1014/1982
f 775/995/1964 776/996/1963 796/1017/1983 795/1016/1984
f 776/996/1963 777/997/1965 797/1018/1985 796/1017/1983
f 777/997/1965 778/998/1966 798/1019/1986 797/1018/1985
f 778/998/1966 779/999/1967 799/1020/1987 798/1019/1986
f 779/999/1967 780/1000/1968 800/1021/1988 799/1020/1987
f 780/1000/1968 781/1001/1969 801/1022/1989 800/1021/1988
f 781/1001/1969 782/1002/1970 802/1023/1990 801/1022/1989
f 782/1002/1970 783/1003/1971 803/1024/1991 802/1023/1990
f 783/1003/1971 784/1004/1972 804/1025/1992 803/1024/1991
f 784/1004/1972 785/1005/1973 805/1026/1993 804/1025/1992
f 785/1005/1973 786/1006/1974 806/1027/1994 805/1026/1993
f 786/1006/1974 787/1007/1975 807/1028/1995 806/1027/1994
f 787/1007/1975 788/1008/1976 808/1029/1996 807/1028/1995
f 788/1008/1976 789/1009/1977 809/1030/1997 808/1029/1996
f 789/1009/1977 790/1010/1978 810/1031/1998 809/1030/1997
f 790/1010/1978 791/1011/1979 811/1032/1999 810/1031/1998
f 791/1011/1979 792/1012/1980 812/1033/2000 811/1032/1999
f 792/1012/1980 793/1013/1981 813/1034/2001 812/1033/2000
f 793/1013/1981 794/1014/1982 814/1035/2002 813/1034/2001
f 794/1014/1982 775/1015/1964 795/1036/1984 814/1035/2002
f 795/1016/1984 796/1017/1983 816/1038/2003 815/1037/2004
f 796/1017/1983 797/1018/1985 817/1039/2005 816/1038/2003
f 797/1018/1985 798/1019/1986 818/1040/2006 817/1039/2005
f 798/1019/1986 799/1020/1987 819/1041/2007 818/1040/2006
f 799/1020/1987 800/1021/1988 820/1042/2008 819/1041/2007
f 800/1021/1988 801/1022/1989 821/1043/2009 820/1042/2008
f 801/1022/1989 802/1023/1990 822/1044/2010 821/1043/2009
f 802/1023/1990 803/1024/1991 823/1045/2011 822/1044/2010
f 803/1024/1991 804/1025/1992 824/1046/2012 823/1045/2011
f 804/1025/1992 805/1026/1993 825/1047/2013 824/1046/2012
f 805/1026/1993 806/1027/1994 826/1048/2014 825/1047/2013
f 806/1027/1994 807/1028/1995 827/1049/2015 826/1048/2014
f 807/1028/1995 808/1029/1996 828/1050/2016 827/1049/2015
f 808/1029/1996 809/1030/1997 829/1051/2017 828/1050/2016
f 809/1030/1997 810/1031/1998 830/1052/2018 829/1051/2017
f 810/1031/1998 811/1032/1999 831/1053/2019 830/1052/2018
f 811/1032/1999 812/1033/2000 832/1054/2020 831/1053/2019
f 812/1033/2000 813/1034/2001 833/1055/2021 832/1054/2020
f 813/1034/2001 814/1035/2002 834/1056/2022 833/1055/2021
f 814/1035/2002 795/1036/1984 815/1057/2004 834/1056/2022
f 815/1037/2004 816/1038/2003 836/1059/2023 835/1058/2024
f 816/1038/2003 817/1039/2005 837/1060/2025 836/1059/2023
f 817/1039/2005 818/1040/2006 838/1061/2026 837/1060/2025
f 818/1040/2006 819/1041/2007 839/1062/2027 838/1061/2026
f 819/1041/2007 820/1042/2008 840/1063/2028 839/1062/2027
f 820/1042/2008 821/1043/2009 841/1064/2029 840/1063/2028
f 821/1043/2009 822/1044/2010 842/1065/2030 841/1064/2029
f 822/1044/2010 823/1045/2011 843/1066/2031 842/1065/2030
f 823/1045/2011 824/1046/2012 844/1067/2032 843/1066/2031
f 824/1046/2012 825/1047/2013 845/1068/2033 844/1067/2032
f 825/1047/2013 826/1048/2014 846/1069/2034 845/1068/2033
f 826/1048/2014 827/1049/2015 847/1070/2035 846/1069/2034
f 827/1049/2015 828/1050/2016 848/1071/2036 847/1070/2035
f 828/1050/2016 829/1051/2017 849/1072/2037 848/1071/2036
f 829/1051/2017 830/1052/2018 850/1073/2038 849/1072/2037
f 830/1052/2018 831/1053/2019 851/1074/2039 850/1073/2038
f 831/1053/2019 832/1054/2020 852/1075/2040 851/1074/2039
f 832/1054/2020 833/1055/2021 853/1076/2041 852/1075/2040
f 833/1055/2021 834/1056/2022 854/1077/2042 853/1076/2041
f 834/1056/2022 815/1057/2004 835/1078/2024 854/1077/2042
f 835/1058/2024 836/1059/2023 856/1080/2043 855/1079/2044
f 836/1059/2023 837/1060/2025 857/1081/2045 856/1080/2043
f 837/1060/2025 838/1061/2026 858/1082/2046 857/1081/2045
f 838/1061/2026 839/1062/2027 859/1083/2047 858/1082/2046
f 839/1062/2027 840/1063/2028 860/1084/2048 859/1083/2047
f 840/1063/2028 841/1064/2029 861/1085/2049 860/1084/2048
f 841/1064/2029 842/1065/2030 862/1086/2050 861/1085/2049
f 842/1065/2030 843/1066/2031 863/1087/2051 862/1086/2050
f 843/1066/2031 844/1067/2032 864/1088/2052 863/1087/2051
f 844/1067/2032 845/1068/2033 865/1089/2053 864/1088/2052
f 845/1068/2033 846/1069/2034 866/1090/2054 865/1089/2053
f 846/1069/2034 847/1070/2035 867/1091/2055 866/1090/2054
f 847/1070/2035 848/1071/2036 868/1092/2056 867/1091/2055
f 848/1071/2036 849/1072/2037 869/1093/2057 868/1092/2056
f 849/1072/2037 850/1073/2038 870/1094/2058 869/1093/2057
f 850/1073/2038 851/1074/2039 871/1095/2059 870/1094/2058
f 851/1074/2039 852/1075/2040 872/1096/2060 871/1095/2059
f 852/1075/2040 853/1076/2041 873/1097/2061 872/1096/2060
f 853/1076/2041 854/1077/2042 874/1098/2062 873/1097/2061
f 854/1077/2042 835/1078/2024 855/1099/2044 874/1098/2062
f 855/1079/2044 856/1080/2043 876/1101/2063 875/1100/2064
f 856/1080/2043 857/1081/2045 877/1102/2065 876/1101/2063
f 857/1081/2045 858/1082/2046 878/1103/2066 877/1102/2065
f 858/1082/2046 859/1083/2047 879/1104/2067 878/1103/2066
f 859/1083/2047 860/1084/2048 880/1105/2068 879/1104/2067
f 860/1084/2048 861/1085/2049 881/1106/2069 880/1105/2068
f 861/1085/2049 862/1086/2050 882/1107/2070 881/1106/2069
f 862/1086/2050 863/1087/2051 883/1108/2071 882/1107/2070
f 863/1087/2051 864/1088/2052 884/1109/2072 883/1108/2071
f 864/1088/2052 865/1089/2053 885/1110/2073 884/1109/2072
f 865/1089/2053 866/1090/2054 886/1111/2074 885/1110/2073
f 866/1090/2054 867/1091/2055 887/1112/2075 886/1111/2074
f 867/1091/2055 868/1092/2056 888/1113/2076 887/1112/2075
f 868/1092/2056 869/1093/2057 889/1114/2077 888/1113/2076
f 869/1093/2057 870/1094/2058 890/1115/2078 889/1114/2077
f 870/1094/2058 871/1095/2059 891/1116/2079 890/1115/2078
f 871/1095/2059 872/1096/2060 892/1117/2080 891/1116/2079
f 872/1096/2060 873/1097/2061 893/1118/2081 892/1117/2080
f 873/1097/2061 874/1098/2062 894/1119/2082 893/1118/2081
f 874/1098/2062 855/1099/2044 875/1120/2064 894/1119/2082
f 875/1100/2064 876/1101/2063 896/1122/2083 895/1121/2084
f 876/1101/2063 877/1102/2065 897/1123/2085 896/1122/2083
f 877/1102/2065 878/1103/2066 898/1124/2086 897/1123/2085
f 878/1103/2066 879/1104/2067 899/1125/2087 898/1124/2086
f 879/1104/2067 880/1105/2068 900/1126/2088 899/1125/2087
f 880/1105/2068 881/1106/2069 901/1127/2089 900/1126/2088
f 881/1106/2069 882/1107/2070 902/1128/2090 901/1127/2089
f 882/1107/2070 883/1108/2071 903/1129/2091 902/1128/2090
f 883/1108/2071 884/1109/2072 904/1130/2092 903/1129/2091
f 884/1109/2072 885/1110/2073 905/1131/2093 904/1130/2092
f 885/1110/2073 886/1111/2074 906/1132/2094 905/1131/2093
f 886/1111/2074 887/1112/2075 907/1133/2095 906/1132/2094
f 887/1112/2075 888/1113/2076 908/1134/2096 907/1133/2095
f 888/1113/2076 889/1114/2077 909/1135/2097 908/1134/2096
f 889/1114/2077 890/1115/2078 910/1136/2098 909/1135/2097
f 890/1115/2078 891/1116/2079 911/1137/2099 910/1136/2098
f 891/1116/2079 892/1117/2080 912/1138/2100 911/1137/2099
f 892/1117/2080 893/1118/2081 913/1139/2101 912/1138/2100
f 893/1118/2081 894/1119/2082 914/1140/2102 913/1139/2101
f 894/1119/2082 875/1120/2064 895/1141/2084 914/1140/2102
f 895/1121/2084 896/1122/2083 916/1143/2103 915/1142/2104
f 896/1122/2083 897/1123/2085 917/1144/2105 916/1143/2103
f 897/1123/2085 898/1124/2086 918/1145/2106 917/1144/2105
f 898/1124/2086 899/1125/2087 919/1146/2107 918/1145/2106
f 899/1125/2087 900/1126/2088 920/1147/2108 919/1146/2107
f 900/1126/2088 901/1127/2089 921/1148/2109 920/1147/2108
f 901/1127/2089 902/1128/2090 922/1149/2110 921/1148/2109
f 902/1128/2090 903/1129/2091 923/1150/2111 922/1149/2110
f 903/1129/2091 904/1130/2092 924/1151/2112 923/1150/2111
f 904/1130/2092 905/1131/2093 925/1152/2113 924/1151/2112
f 905/1131/2093 906/1132/2094 926/1153/2114 925/1152/2113
f 906/1132/2094 907/1133/2095 927/1154/2115 926/1153/2114
f 907/1133/2095 908/1134/2096 928/1155/2116 927/1154/2115
f 908/1134/2096 909/1135/2097 929/1156/2117 928/1155/2116
f 909/1135/2097 910/1136/2098 930/1157/2118 929/1156/2117
f 910/1136/2098 911/1137/2099 931/1158/2119 930/1157/2118
f 911/1137/2099 912/1138/2100 932/1159/2120 931/1158/2119
f 912/1138/2100 913/1139/2101 933/1160/2121 932/1159/2120
f 913/1139/2101 914/1140/2102 934/1161/2122 933/1160/2121
f 914/1140/2102 895/1141/2084 915/1162/2104 934/1161/2122
f 915/1142/2104 916/1143/2103 936/1164/2123 935/1163/2124
f 916/1143/2103 917/1144/2105 937/1165/2125 936/1164/2123
f 917/1144/2105 918/1145/2106 938/1166/2126 937/1165/2125
f 918/1145/2106 919/1146/2107 939/1167/2127 938/1166/2126
f 919/1146/2107 920/1147/2108 940/1168/2128 939/1167/2127
f 920/1147/2108 921/1148/2109 941/1169/2129 940/1168/2128
f 921/1148/2109 922/1149/2110 942/1170/2130 941/1169/2129
f 922/1149/2110 923/1150/2111 943/1171/2131 942/1170/2130
f 923/1150/2111 924/1151/2112 944/1172/2132 943/1171/2131
f 924/1151/2112 925/1152/2113 945/1173/2133 944/1172/2132
f 925/1152/2113 926/1153/2114 946/1174/2134 945/1173/2133
f 926/1153/2114 927/1154/2115 947/1175/2135 946/1174/2134
f 927/1154/2115 928/1155/2116 948/1176/2136 947/1175/2135
f 928/1155/2116 929/1156/2117 949/1177/2137 948/1176/2136
f 929/1156/2117 930/1157/2118 950/1178/2138 949/1177/2137
f 930/1157/2118 931/1158/2119 951/1179/2139 950/1178/2138
f 931/1158/2119 932/1159/2120 952/1180/2140 951/1179/2139
f 932/1159/2120 933/1160/2121 953/1181/2141 952/1180/2140
f 933/1160/2121 934/1161/2122 954/1182/2142 953/1181/2141
f 934/1161/2122 915/1162/2104 935/1183/2124 954/1182/2142
f 576/786/1764 575/785/1763 955/1184/2143
f 577/787/1767 576/786/1764 955/1185/2143
f 578/788/1769 577/787/1767 955/1186/2143
f 579/789/1771 578/788/1769 955/1187/2143
f 580/790/1773 579/789/1771 955/1188/2143
f 581/791/1775 580/790/1773 955/1189/2143
f 582/792/1777 581/791/1775 955/1190/2143
f 583/793/1779 582/792/1777 955/1191/2143
f 584/794/1781 583/793/1779 955/1192/2143
f 585/795/1783 584/794/1781 955/1193/2143
f 586/796/1785 585/795/1783 955/1194/2143
f 587/797/1787 586/796/1785 955/1195/2143
f 588/798/1789 587/797/1787 955/1196/2143
f 589/799/1791 588/798/1789 955/1197/2143
f 590/800/1793 589/799/1791 955/1198/2143
f 591/801/1795 590/800/1793 955/1199/2143
f 592/802/1797 591/801/1795 955/1200/2143
f 593/803/1799 592/802/1797 955/1201/2143
f 594/804/1801 593/803/1799 955/1202/2143
f 575/805/1763 594/804/1801 955/1203/2143
f 935/1163/2124 936/1164/2123 956/1204/2144
f 936/1164/2123 937/1165/2125 956/1205/2144
f 937/1165/2125 938/1166/2126 956/1206/2144
f 938/1166/2126 939/1167/2127 956/1207/2144
f 939/1167/2127 940/1168/2128 956/1208/2144
f 940/1168/2128 941/1169/2129 956/1209/2144
f 941/1169/2129 942/1170/2130 956/1210/2144
f 942/1170/2130 943/1171/2131 956/1211/2144
f 943/1171/2131 944/1172/2132 956/1212/2144
f 944/1172/2132 945/1173/2133 956/1213/2144
f 945/1173/2133 946/1174/2134 956/1214/2144
f 946/1174/2134 947/1175/2135 956/1215/2144
f 947/1175/2135 948/1176/2136 956/1216/2144
f 948/1176/2136 949/1177/2137 956/1217/2144
f 949/1177/2137 950/1178/2138 956/1218/2144
f 950/1178/2138 951/1179/2139 956/1219/2144
f 951/1179/2139 952/1180/2140 956/1220/2144
f 952/1180/2140 953/1181/2141 956/1221/2144
f 953/1181/2141 954/1182/2142 956/1222/2144
f 954/1182/2142 935/1183/2124 956/1223/2144
