# This file uses centimeters as units for non-parametric coordinates.

mtllib newUFO.mtl
g default
v -7.793879 2.600000 4.500000
v 7.794580 2.600000 4.499999
v 0.000349 2.600000 -9.000000
v 0.000350 2.600000 9.000000
v 7.794578 2.600000 -4.500001
v -7.793880 2.600000 -4.499999
v 0.000350 2.600000 0.000000
v -8.999650 2.600000 0.000001
v -4.499650 2.600000 7.794229
v 0.000350 2.600000 4.500000
v -3.896765 2.600000 -2.250000
v -3.896764 2.600000 2.250000
v 4.500351 2.600000 7.794229
v 9.000350 2.600000 -0.000001
v 3.897464 2.600000 -2.250000
v 3.897464 2.600000 2.250000
v 4.500349 2.600000 -7.794230
v -4.499651 2.600000 -7.794228
v 0.000349 2.600000 -4.500000
v -5.845322 2.600000 -3.374999
v -8.692983 2.600000 -2.329370
v -6.448207 2.600000 1.125001
v -3.896765 2.600000 0.000000
v -6.146765 2.600000 -1.124999
v -8.692982 2.600000 2.329372
v -6.363611 2.600000 6.363961
v -4.198207 2.600000 5.022115
v -6.297485 2.600000 3.636057
v -2.329022 2.600000 8.693333
v 0.000350 2.600000 6.750000
v -1.948207 2.600000 3.375000
v -2.098928 2.600000 5.886057
v 0.000350 2.600000 2.250000
v -1.948208 2.600000 -1.125000
v -1.948207 2.600000 1.125000
v 2.329722 2.600000 8.693332
v 4.198908 2.600000 5.022114
v 1.948907 2.600000 3.375000
v 2.099629 2.600000 5.886057
v 6.364312 2.600000 6.363960
v 8.693683 2.600000 2.329370
v 6.448907 2.600000 1.124999
v 6.298186 2.600000 3.636056
v 8.693682 2.600000 -2.329372
v 5.846021 2.600000 -3.375001
v 3.897464 2.600000 -0.000000
v 6.147464 2.600000 -1.125001
v 1.948907 2.600000 -1.125000
v 1.948907 2.600000 1.125000
v 6.364310 2.600000 -6.363962
v 2.250349 2.600000 -6.147115
v 1.948906 2.600000 -3.375000
v 4.048185 2.600000 -4.761058
v 2.329720 2.600000 -8.693333
v -2.329023 2.600000 -8.693332
v -2.249651 2.600000 -6.147114
v 0.000349 2.600000 -7.272114
v -6.363613 2.600000 -6.363960
v -1.948208 2.600000 -3.375000
v -4.047487 2.600000 -4.761057
v 0.000349 2.600000 -2.250000
v -3.896765 2.600000 -1.125000
v -4.871044 2.600000 -2.812500
v -5.996043 2.600000 -2.249999
v -5.021765 2.600000 -0.562499
v -4.946404 2.600000 -1.687499
v -6.819601 2.600000 -3.937499
v -8.314566 2.600000 -3.444150
v -7.419874 2.600000 -1.727185
v -7.119738 2.600000 -2.832342
v -8.922653 2.600000 -1.174735
v -7.723928 2.600000 0.562501
v -6.297486 2.600000 0.000001
v -7.571901 2.600000 -0.582342
v -5.172485 2.600000 1.687500
v -3.896765 2.600000 1.125000
v -5.097125 2.600000 0.562501
v -8.922653 2.600000 1.174736
v -7.495234 2.600000 2.982715
v -6.372846 2.600000 2.380529
v -7.609581 2.600000 1.772608
v -8.314566 2.600000 3.444152
v -7.139830 2.600000 5.478853
v -6.330548 2.600000 5.000010
v -7.286989 2.600000 4.207348
v -5.478503 2.600000 7.140181
v -4.348928 2.600000 6.408172
v -5.247846 2.600000 4.329086
v -5.339738 2.600000 5.704091
v -4.047485 2.600000 3.636058
v -5.210166 2.600000 3.008293
v -3.443801 2.600000 8.314916
v -2.213975 2.600000 7.289694
v -3.148568 2.600000 5.454086
v -3.281452 2.600000 6.848933
v -1.174385 2.600000 8.923003
v 0.000350 2.600000 7.875000
v -1.049289 2.600000 6.318028
v -1.106812 2.600000 7.582347
v 0.000350 2.600000 5.625000
v -0.973929 2.600000 3.937500
v -2.023568 2.600000 4.630528
v -1.011609 2.600000 5.127764
v -2.922486 2.600000 2.812500
v -3.035527 2.600000 4.133293
v 0.000350 2.600000 3.375000
v -0.973929 2.600000 1.687500
v -1.948207 2.600000 2.250000
v -0.973929 2.600000 2.812500
v 0.000350 2.600000 1.125000
v -0.973929 2.600000 -0.562500
v -1.948207 2.600000 0.000000
v -0.973929 2.600000 0.562500
v -2.922486 2.600000 -1.687500
v -2.922486 2.600000 0.562500
v -2.922486 2.600000 -0.562500
v -2.922486 2.600000 1.687500
v 0.974629 2.600000 3.937500
v 1.049990 2.600000 6.318028
v 2.024268 2.600000 4.630528
v 1.012309 2.600000 5.127764
v 1.175086 2.600000 8.923003
v 2.214675 2.600000 7.289694
v 1.107513 2.600000 7.582347
v 3.444502 2.600000 8.314916
v 4.349629 2.600000 6.408171
v 3.149268 2.600000 5.454085
v 3.282153 2.600000 6.848933
v 4.048186 2.600000 3.636057
v 2.923186 2.600000 2.812500
v 3.036227 2.600000 4.133292
v 5.479203 2.600000 7.140179
v 6.331249 2.600000 5.000009
v 5.248547 2.600000 4.329085
v 5.340439 2.600000 5.704090
v 7.140531 2.600000 5.478852
v 8.315266 2.600000 3.444150
v 7.495934 2.600000 2.982713
v 7.287690 2.600000 4.207346
v 8.923353 2.600000 1.174735
v 7.724628 2.600000 0.562499
v 6.373547 2.600000 2.380528
v 7.610281 2.600000 1.772606
v 5.173185 2.600000 1.687499
v 5.210866 2.600000 3.008292
v 8.923353 2.600000 -1.174737
v 7.420572 2.600000 -1.727186
v 6.298185 2.600000 -0.000001
v 7.572600 2.600000 -0.582344
v 8.315266 2.600000 -3.444152
v 6.820299 2.600000 -3.937501
v 5.996742 2.600000 -2.250001
v 7.120436 2.600000 -2.832344
v 4.871742 2.600000 -2.812500
v 3.897464 2.600000 -1.125000
v 5.022464 2.600000 -0.562501
v 4.947103 2.600000 -1.687500
v 3.897464 2.600000 1.125000
v 5.097825 2.600000 0.562499
v 2.923185 2.600000 -1.687500
v 1.948907 2.600000 -0.000000
v 2.923185 2.600000 0.562500
v 2.923185 2.600000 -0.562500
v 0.974628 2.600000 -0.562500
v 0.974628 2.600000 1.687500
v 0.974628 2.600000 0.562500
v 1.948907 2.600000 2.250000
v 0.974629 2.600000 2.812500
v 2.923186 2.600000 1.687500
v 2.923185 2.600000 -2.812500
v 4.947103 2.600000 -4.068029
v 2.998546 2.600000 -4.068029
v 3.935144 2.600000 -3.440265
v 7.140530 2.600000 -5.478854
v 5.206247 2.600000 -5.562510
v 6.013273 2.600000 -4.750006
v 5.479202 2.600000 -7.140182
v 3.375349 2.600000 -6.970672
v 3.149267 2.600000 -5.454086
v 4.290798 2.600000 -6.266591
v 1.125349 2.600000 -5.323557
v 0.974628 2.600000 -3.937500
v 2.061947 2.600000 -4.695793
v 3.444499 2.600000 -8.314916
v 1.165034 2.600000 -7.982723
v 1.125349 2.600000 -6.709615
v 2.270191 2.600000 -7.476698
v 1.175084 2.600000 -8.923004
v -1.174387 2.600000 -8.923003
v -1.164337 2.600000 -7.982722
v 0.000349 2.600000 -8.414695
v -3.443802 2.600000 -8.314916
v -3.374651 2.600000 -6.970671
v -1.124651 2.600000 -6.709614
v -2.269494 2.600000 -7.476697
v -1.124651 2.600000 -5.323557
v 0.000349 2.600000 -6.016585
v -5.478504 2.600000 -7.140179
v -5.205550 2.600000 -5.562509
v -3.148569 2.600000 -5.454085
v -4.290101 2.600000 -6.266590
v -7.139831 2.600000 -5.478852
v -4.946404 2.600000 -4.068028
v -6.012575 2.600000 -4.750004
v -2.922487 2.600000 -2.812500
v -2.997847 2.600000 -4.068028
v -3.934445 2.600000 -3.440264
v -0.973929 2.600000 -3.937500
v -2.061249 2.600000 -4.695793
v -0.973929 2.600000 -1.687500
v -0.973929 2.600000 -2.812500
v -1.948208 2.600000 -2.250000
v 0.974628 2.600000 -1.687500
v 0.000350 2.600000 -1.125000
v 0.974628 2.600000 -2.812500
v 1.948907 2.600000 -2.250000
v 0.000349 2.600000 -3.375000
v -4.459265 2.600000 -0.281249
v -3.896765 2.600000 -0.562500
v -4.421585 2.600000 -1.406249
v -4.984085 2.600000 -1.124999
v -4.440425 2.600000 -0.843749
v -3.896765 2.600000 -1.687500
v -4.383904 2.600000 -2.531250
v -4.908724 2.600000 -2.250000
v -4.402744 2.600000 -1.968750
v -5.358183 2.600000 -3.093750
v -5.920683 2.600000 -2.812499
v -5.471224 2.600000 -1.968749
v -5.414703 2.600000 -2.531249
v -6.071404 2.600000 -1.687499
v -5.584265 2.600000 -0.843749
v -5.527744 2.600000 -1.406249
v -6.332461 2.600000 -3.656249
v -6.969669 2.600000 -3.384921
v -6.557890 2.600000 -2.541171
v -6.445176 2.600000 -3.098710
v -7.306740 2.600000 -4.218749
v -8.071506 2.600000 -3.980597
v -7.717152 2.600000 -3.138246
v -7.511946 2.600000 -3.678498
v -8.522021 2.600000 -2.892955
v -8.056428 2.600000 -2.028278
v -7.269806 2.600000 -2.279763
v -7.886789 2.600000 -2.583262
v -6.783319 2.600000 -1.426092
v -6.670605 2.600000 -1.983631
v -8.826718 2.600000 -1.755812
v -8.247277 2.600000 -0.878539
v -7.495888 2.600000 -1.154763
v -8.151853 2.600000 -1.453408
v -8.980381 2.600000 -0.588627
v -8.361789 2.600000 0.281251
v -7.647915 2.600000 -0.009921
v -8.304533 2.600000 -0.298644
v -7.086068 2.600000 0.843751
v -6.372847 2.600000 0.562501
v -6.934693 2.600000 -0.291171
v -7.010381 2.600000 0.276290
v -6.222125 2.600000 -0.562499
v -6.859006 2.600000 -0.858631
v -5.810346 2.600000 1.406250
v -5.134805 2.600000 1.125000
v -5.697306 2.600000 0.281251
v -5.753826 2.600000 0.843751
v -4.534625 2.600000 1.968750
v -3.896764 2.600000 1.687500
v -4.496945 2.600000 0.843750
v -4.515785 2.600000 1.406250
v -3.896765 2.600000 0.562500
v -5.059445 2.600000 0.000001
v -4.478105 2.600000 0.281251
v -5.640785 2.600000 -0.281249
v -6.410526 2.600000 1.752765
v -7.666755 2.600000 1.167554
v -6.991214 2.600000 2.076568
v -7.038641 2.600000 1.460160
v -8.980381 2.600000 0.588629
v -8.266117 2.600000 1.473672
v -8.313953 2.600000 0.877461
v -8.826717 2.600000 1.755814
v -8.094108 2.600000 2.656044
v -7.552407 2.600000 2.377661
v -8.180113 2.600000 2.064858
v -6.896359 2.600000 3.309386
v -6.335166 2.600000 3.008293
v -6.943787 2.600000 2.692977
v -8.522020 2.600000 2.892956
v -7.800777 2.600000 3.825750
v -7.391111 2.600000 3.595031
v -7.947442 2.600000 3.240897
v -8.071505 2.600000 3.980599
v -7.482876 2.600000 5.000132
v -7.213409 2.600000 4.843101
v -6.766209 2.600000 5.934113
v -6.347079 2.600000 5.681985
v -6.808769 2.600000 4.603679
v -6.780245 2.600000 5.262543
v -6.314017 2.600000 4.318033
v -6.852564 2.600000 3.956532
v -5.933762 2.600000 6.766559
v -5.409120 2.600000 6.422135
v -5.835143 2.600000 5.352050
v -5.878099 2.600000 6.052060
v -4.999782 2.600000 7.483226
v -4.424289 2.600000 7.101200
v -4.844333 2.600000 6.056131
v -4.916705 2.600000 6.761667
v -4.273568 2.600000 5.715143
v -4.723026 2.600000 4.675601
v -5.293792 2.600000 5.016588
v -4.783680 2.600000 5.365866
v -5.772666 2.600000 3.982572
v -5.803905 2.600000 4.667311
v -4.122846 2.600000 4.329086
v -4.628826 2.600000 3.322176
v -5.229006 2.600000 3.668690
v -4.675926 2.600000 3.998888
v -3.972125 2.600000 2.943029
v -5.191326 2.600000 2.347897
v -4.581725 2.600000 2.645463
v -5.791506 2.600000 2.694411
v -5.800926 2.600000 2.050331
v -5.782086 2.600000 3.338491
v -3.673387 2.600000 5.238100
v -3.815190 2.600000 6.628552
v -3.215010 2.600000 6.151509
v -3.744288 2.600000 5.933326
v -3.980248 2.600000 8.071855
v -3.362627 2.600000 7.581924
v -3.893458 2.600000 7.341562
v -2.892606 2.600000 8.522370
v -2.271498 2.600000 7.991513
v -2.747713 2.600000 7.069314
v -2.817062 2.600000 7.786718
v -2.156452 2.600000 6.587875
v -2.623748 2.600000 5.670072
v -2.685731 2.600000 6.369692
v -1.755463 2.600000 8.827067
v -1.140599 2.600000 8.252675
v -1.660394 2.600000 7.436021
v -1.706048 2.600000 8.122094
v -0.588278 2.600000 8.980731
v 0.000350 2.600000 8.437500
v -0.553231 2.600000 7.728674
v -0.570124 2.600000 8.345088
v 0.000350 2.600000 7.312500
v -0.524469 2.600000 6.534014
v -1.078051 2.600000 6.950188
v -0.538850 2.600000 7.131344
v -1.574109 2.600000 6.102043
v -1.617251 2.600000 6.769032
v 0.000350 2.600000 6.187500
v -0.505629 2.600000 5.376382
v -1.030449 2.600000 5.722897
v -0.515049 2.600000 5.955198
v 0.000350 2.600000 5.062500
v -0.486789 2.600000 4.218750
v -0.992769 2.600000 4.532632
v -0.496209 2.600000 4.797566
v -1.461068 2.600000 3.656250
v -1.985887 2.600000 4.002764
v -1.517588 2.600000 4.879147
v -1.489328 2.600000 4.267698
v -2.061248 2.600000 5.258293
v -1.545849 2.600000 5.490594
v -2.435347 2.600000 3.093750
v -2.979006 2.600000 3.472897
v -2.529547 2.600000 4.381911
v -2.482447 2.600000 3.737831
v -3.409625 2.600000 2.531250
v -3.541506 2.600000 3.884676
v -3.475565 2.600000 3.207963
v -3.092047 2.600000 4.793690
v -3.607447 2.600000 4.561388
v -2.576648 2.600000 5.025991
v -1.948207 2.600000 2.812500
v -0.973929 2.600000 3.375000
v -1.461068 2.600000 2.531250
v -1.461068 2.600000 3.093750
v 0.000350 2.600000 3.937500
v -0.486789 2.600000 3.093750
v -0.486789 2.600000 3.656250
v 0.000350 2.600000 2.812500
v -0.486789 2.600000 1.968750
v -0.973929 2.600000 2.250000
v -0.486789 2.600000 2.531250
v -1.461068 2.600000 1.406250
v -1.948207 2.600000 1.687500
v -1.461068 2.600000 1.968750
v 0.000350 2.600000 1.687500
v -0.486790 2.600000 0.843750
v -0.973929 2.600000 1.125000
v -0.486789 2.600000 1.406250
v 0.000350 2.600000 0.562500
v -0.486790 2.600000 -0.281250
v -0.973929 2.600000 0.000000
v -0.486790 2.600000 0.281250
v -1.461068 2.600000 -0.843750
v -1.948208 2.600000 -0.562500
v -1.461068 2.600000 0.281250
v -1.461068 2.600000 -0.281250
v -1.948207 2.600000 0.562500
v -1.461068 2.600000 0.843750
v -2.435347 2.600000 -1.406250
v -2.922486 2.600000 -1.125000
v -2.435347 2.600000 -0.281250
v -2.435347 2.600000 -0.843750
v -3.409626 2.600000 -1.968750
v -3.409626 2.600000 -0.843750
v -3.409626 2.600000 -1.406250
v -3.409626 2.600000 0.281250
v -2.922486 2.600000 0.000000
v -3.409626 2.600000 -0.281250
v -2.435347 2.600000 0.843750
v -2.435347 2.600000 0.281250
v -3.409625 2.600000 1.406250
v -2.922486 2.600000 1.125000
v -3.409626 2.600000 0.843750
v -2.922486 2.600000 2.250000
v -3.409625 2.600000 1.968750
v -2.435347 2.600000 1.968750
v -2.435347 2.600000 2.531250
v -2.435347 2.600000 1.406250
v 1.986588 2.600000 4.002764
v 1.461768 2.600000 3.656250
v 0.993469 2.600000 4.532632
v 1.518289 2.600000 4.879147
v 1.490028 2.600000 4.267698
v 0.487489 2.600000 4.218750
v 0.506330 2.600000 5.376382
v 0.496910 2.600000 4.797566
v 0.525170 2.600000 6.534014
v 1.031149 2.600000 5.722897
v 0.515750 2.600000 5.955198
v 1.574809 2.600000 6.102043
v 2.061949 2.600000 5.258293
v 1.546549 2.600000 5.490594
v 0.553932 2.600000 7.728674
v 1.078751 2.600000 6.950188
v 0.539551 2.600000 7.131344
v 0.588979 2.600000 8.980731
v 1.141300 2.600000 8.252675
v 0.570825 2.600000 8.345088
v 1.756163 2.600000 8.827067
v 2.272199 2.600000 7.991513
v 1.661094 2.600000 7.436021
v 1.706749 2.600000 8.122094
v 2.157152 2.600000 6.587875
v 1.617952 2.600000 6.769032
v 2.893306 2.600000 8.522370
v 3.363327 2.600000 7.581924
v 2.748414 2.600000 7.069314
v 2.817763 2.600000 7.786719
v 3.980949 2.600000 8.071855
v 4.424990 2.600000 7.101200
v 3.815891 2.600000 6.628552
v 3.894159 2.600000 7.341562
v 4.274269 2.600000 5.715142
v 3.674088 2.600000 5.238100
v 3.215711 2.600000 6.151509
v 3.744989 2.600000 5.933325
v 2.624449 2.600000 5.670071
v 2.686431 2.600000 6.369692
v 4.123547 2.600000 4.329085
v 3.542207 2.600000 3.884675
v 3.092748 2.600000 4.793689
v 3.608147 2.600000 4.561387
v 3.972825 2.600000 2.943028
v 3.410325 2.600000 2.531250
v 2.979707 2.600000 3.472896
v 3.476266 2.600000 3.207962
v 2.436047 2.600000 3.093750
v 2.530248 2.600000 4.381910
v 2.483147 2.600000 3.737830
v 2.577348 2.600000 5.025990
v 4.723727 2.600000 4.675600
v 4.845035 2.600000 6.056130
v 5.294493 2.600000 5.016587
v 4.784381 2.600000 5.365865
v 5.000483 2.600000 7.483226
v 5.409822 2.600000 6.422134
v 4.917406 2.600000 6.761667
v 5.934464 2.600000 6.766557
v 6.347780 2.600000 5.681984
v 5.835844 2.600000 5.352049
v 5.878801 2.600000 6.052059
v 6.314718 2.600000 4.318032
v 5.773367 2.600000 3.982571
v 5.804605 2.600000 4.667310
v 6.766909 2.600000 5.934111
v 7.214110 2.600000 4.843099
v 6.809470 2.600000 4.603678
v 6.780945 2.600000 5.262542
v 7.483578 2.600000 5.000132
v 8.072206 2.600000 3.980597
v 7.801478 2.600000 3.825748
v 8.522721 2.600000 2.892955
v 8.094809 2.600000 2.656042
v 7.391812 2.600000 3.595030
v 7.948143 2.600000 3.240895
v 6.897060 2.600000 3.309385
v 6.853265 2.600000 3.956531
v 8.827418 2.600000 1.755812
v 8.266817 2.600000 1.473670
v 7.553108 2.600000 2.377660
v 8.180813 2.600000 2.064856
v 8.981081 2.600000 0.588627
v 8.362489 2.600000 0.281249
v 7.667455 2.600000 1.167553
v 8.314653 2.600000 0.877460
v 7.086768 2.600000 0.843749
v 6.411227 2.600000 1.752764
v 6.991914 2.600000 2.076567
v 7.039341 2.600000 1.460158
v 6.335866 2.600000 3.008292
v 6.944488 2.600000 2.692976
v 5.811046 2.600000 1.406249
v 5.192026 2.600000 2.347896
v 5.792206 2.600000 2.694410
v 5.801626 2.600000 2.050330
v 4.535325 2.600000 1.968749
v 4.629526 2.600000 3.322175
v 4.582426 2.600000 2.645462
v 5.229707 2.600000 3.668689
v 4.676627 2.600000 3.998887
v 5.782787 2.600000 3.338490
v 6.373546 2.600000 0.562499
v 7.648614 2.600000 -0.009922
v 6.935393 2.600000 -0.291172
v 7.011080 2.600000 0.276288
v 8.981081 2.600000 -0.588629
v 8.247977 2.600000 -0.878540
v 8.305233 2.600000 -0.298646
v 8.827417 2.600000 -1.755814
v 8.057128 2.600000 -2.028280
v 7.496586 2.600000 -1.154765
v 8.152553 2.600000 -1.453410
v 6.784018 2.600000 -1.426094
v 6.222825 2.600000 -0.562501
v 6.859705 2.600000 -0.858633
v 8.522720 2.600000 -2.892956
v 7.717851 2.600000 -3.138248
v 7.270504 2.600000 -2.279765
v 7.887489 2.600000 -2.583264
v 8.072205 2.600000 -3.980600
v 7.307438 2.600000 -4.218751
v 6.970367 2.600000 -3.384923
v 7.512645 2.600000 -3.678499
v 6.333160 2.600000 -3.656251
v 5.921381 2.600000 -2.812501
v 6.558589 2.600000 -2.541172
v 6.445874 2.600000 -3.098712
v 6.072103 2.600000 -1.687501
v 6.671304 2.600000 -1.983633
v 5.358881 2.600000 -3.093750
v 4.909423 2.600000 -2.250000
v 5.471923 2.600000 -1.968751
v 5.415402 2.600000 -2.531250
v 4.384603 2.600000 -2.531250
v 3.897464 2.600000 -1.687500
v 4.422283 2.600000 -1.406250
v 4.403443 2.600000 -1.968750
v 3.897464 2.600000 -0.562500
v 4.459964 2.600000 -0.281251
v 4.984783 2.600000 -1.125000
v 4.441123 2.600000 -0.843750
v 5.584964 2.600000 -0.843751
v 5.528443 2.600000 -1.406251
v 3.897464 2.600000 0.562500
v 4.497644 2.600000 0.843749
v 5.060144 2.600000 -0.000001
v 4.478804 2.600000 0.281249
v 3.897464 2.600000 1.687500
v 5.135505 2.600000 1.124999
v 4.516485 2.600000 1.406249
v 5.698005 2.600000 0.281249
v 5.754526 2.600000 0.843749
v 5.641485 2.600000 -0.281251
v 3.410325 2.600000 0.281250
v 3.410325 2.600000 -0.843750
v 2.923185 2.600000 -0.000000
v 3.410325 2.600000 -0.281250
v 3.410324 2.600000 -1.968750
v 2.923185 2.600000 -1.125000
v 3.410325 2.600000 -1.406250
v 2.436046 2.600000 -1.406250
v 1.948907 2.600000 -0.562500
v 2.436046 2.600000 -0.281250
v 2.436046 2.600000 -0.843750
v 1.948907 2.600000 0.562500
v 2.436046 2.600000 0.843750
v 2.436046 2.600000 0.281250
v 1.461767 2.600000 -0.843750
v 0.974628 2.600000 -0.000000
v 1.461768 2.600000 0.281250
v 1.461767 2.600000 -0.281250
v 0.487489 2.600000 -0.281250
v 0.487489 2.600000 0.843750
v 0.487489 2.600000 0.281250
v 0.487489 2.600000 1.968750
v 0.974628 2.600000 1.125000
v 0.487489 2.600000 1.406250
v 1.461768 2.600000 1.406250
v 1.461768 2.600000 0.843750
v 0.487489 2.600000 3.093750
v 0.974628 2.600000 2.250000
v 0.487489 2.600000 2.531250
v 0.974629 2.600000 3.375000
v 0.487489 2.600000 3.656250
v 1.948907 2.600000 2.812500
v 1.461768 2.600000 2.531250
v 1.461768 2.600000 3.093750
v 1.948907 2.600000 1.687500
v 1.461768 2.600000 1.968750
v 2.923186 2.600000 2.250000
v 2.436046 2.600000 1.968750
v 2.436046 2.600000 2.531250
v 3.410325 2.600000 1.406250
v 3.410325 2.600000 1.968750
v 2.923185 2.600000 1.125000
v 3.410325 2.600000 0.843750
v 2.436046 2.600000 1.406250
v 2.473726 2.600000 -3.721515
v 2.436046 2.600000 -3.093750
v 3.429164 2.600000 -3.126383
v 3.466845 2.600000 -3.754147
v 2.951445 2.600000 -3.423949
v 3.410324 2.600000 -2.531250
v 4.403443 2.600000 -3.126383
v 3.906884 2.600000 -2.828817
v 5.396562 2.600000 -3.721515
v 4.441123 2.600000 -3.754147
v 4.900002 2.600000 -3.423949
v 4.497643 2.600000 -4.414544
v 3.523365 2.600000 -4.414543
v 3.982244 2.600000 -4.084345
v 6.416786 2.600000 -4.343753
v 5.480188 2.600000 -4.409018
v 5.906674 2.600000 -4.032634
v 7.483576 2.600000 -5.000133
v 6.576901 2.600000 -5.114429
v 6.942170 2.600000 -4.666590
v 6.766908 2.600000 -5.934114
v 5.785279 2.600000 -5.963236
v 5.609760 2.600000 -5.156258
v 6.181090 2.600000 -5.538833
v 4.627216 2.600000 -5.161784
v 5.053702 2.600000 -4.785400
v 5.934461 2.600000 -6.766559
v 4.885000 2.600000 -6.703386
v 4.748523 2.600000 -5.914550
v 5.335139 2.600000 -6.333311
v 5.000481 2.600000 -7.483228
v 3.937849 2.600000 -7.382451
v 3.833073 2.600000 -6.618631
v 4.411424 2.600000 -7.042918
v 2.812849 2.600000 -6.558893
v 2.699808 2.600000 -5.800601
v 3.720032 2.600000 -5.860339
v 3.266441 2.600000 -6.209616
v 3.598726 2.600000 -5.107572
v 4.173624 2.600000 -5.511061
v 1.687849 2.600000 -5.735336
v 1.593648 2.600000 -5.009675
v 2.605607 2.600000 -5.074940
v 2.146728 2.600000 -5.405138
v 0.562849 2.600000 -4.911778
v 0.487488 2.600000 -4.218750
v 1.518288 2.600000 -4.316647
v 1.040568 2.600000 -4.614213
v 1.461767 2.600000 -3.656250
v 2.530246 2.600000 -4.381911
v 1.996007 2.600000 -4.019081
v 3.064486 2.600000 -4.744741
v 1.687849 2.600000 -6.428365
v 2.822770 2.600000 -7.223685
v 1.697770 2.600000 -7.093156
v 2.255309 2.600000 -6.826025
v 3.980947 2.600000 -8.071856
v 2.857345 2.600000 -7.895807
v 3.397597 2.600000 -7.639129
v 2.893304 2.600000 -8.522371
v 1.747377 2.600000 -8.338028
v 1.717613 2.600000 -7.729711
v 2.302361 2.600000 -8.116917
v 0.582691 2.600000 -7.627419
v 0.562849 2.600000 -6.990865
v 1.140231 2.600000 -7.360287
v 1.756161 2.600000 -8.827068
v 0.587716 2.600000 -8.668849
v 0.582691 2.600000 -8.198709
v 1.167547 2.600000 -8.503439
v 0.588977 2.600000 -8.980731
v -0.588280 2.600000 -8.980731
v -0.587019 2.600000 -8.668849
v -1.755465 2.600000 -8.827067
v -1.746680 2.600000 -8.338027
v -0.581994 2.600000 -8.198709
v -1.166850 2.600000 -8.503438
v -0.581994 2.600000 -7.627419
v 0.000349 2.600000 -7.913064
v -2.892607 2.600000 -8.522370
v -2.856648 2.600000 -7.895806
v -1.716916 2.600000 -7.729710
v -2.301664 2.600000 -8.116917
v -3.980250 2.600000 -8.071855
v -3.937151 2.600000 -7.382449
v -2.822073 2.600000 -7.223684
v -3.396900 2.600000 -7.639128
v -2.812151 2.600000 -6.558892
v -1.687151 2.600000 -6.428364
v -1.697073 2.600000 -7.093155
v -2.254612 2.600000 -6.826024
v -0.562151 2.600000 -6.990864
v -1.139533 2.600000 -7.360287
v -1.687151 2.600000 -5.735335
v -0.562151 2.600000 -5.670071
v -0.562151 2.600000 -6.363100
v -1.124651 2.600000 -6.049217
v -0.562151 2.600000 -4.911778
v 0.562849 2.600000 -5.670072
v 0.000349 2.600000 -5.290925
v 0.562849 2.600000 -6.363100
v 1.125349 2.600000 -6.049218
v 0.000349 2.600000 -6.676982
v -2.699110 2.600000 -5.800600
v -3.832376 2.600000 -6.618630
v -3.719335 2.600000 -5.860337
v -3.265743 2.600000 -6.209615
v -4.999783 2.600000 -7.483225
v -4.884302 2.600000 -6.703384
v -4.410727 2.600000 -7.042917
v -5.933764 2.600000 -6.766557
v -5.784581 2.600000 -5.963234
v -4.747825 2.600000 -5.914549
v -5.334442 2.600000 -6.333309
v -4.626518 2.600000 -5.161783
v -3.598028 2.600000 -5.107571
v -4.172926 2.600000 -5.511060
v -6.766209 2.600000 -5.934111
v -6.576203 2.600000 -5.114428
v -5.609062 2.600000 -5.156256
v -6.180392 2.600000 -5.538831
v -7.482878 2.600000 -5.000132
v -6.416088 2.600000 -4.343751
v -6.941471 2.600000 -4.666589
v -5.395864 2.600000 -3.721514
v -5.479490 2.600000 -4.409016
v -5.905975 2.600000 -4.032632
v -4.496945 2.600000 -4.414542
v -5.053004 2.600000 -4.785399
v -4.402744 2.600000 -3.126382
v -4.440425 2.600000 -3.754146
v -4.899304 2.600000 -3.423948
v -3.409626 2.600000 -2.531250
v -3.428466 2.600000 -3.126382
v -3.906185 2.600000 -2.828816
v -2.435347 2.600000 -3.093750
v -2.473028 2.600000 -3.721514
v -3.466146 2.600000 -3.754146
v -2.950747 2.600000 -3.423948
v -3.522667 2.600000 -4.414543
v -3.981546 2.600000 -4.084344
v -1.461069 2.600000 -3.656250
v -1.517589 2.600000 -4.316647
v -2.529548 2.600000 -4.381910
v -1.995309 2.600000 -4.019080
v -0.486790 2.600000 -4.218750
v -1.592950 2.600000 -5.009675
v -1.039870 2.600000 -4.614213
v -2.604909 2.600000 -5.074939
v -2.146030 2.600000 -5.405137
v -3.063788 2.600000 -4.744741
v -1.461069 2.600000 -3.093750
v -2.435347 2.600000 -2.531250
v -1.461069 2.600000 -2.531250
v -1.948208 2.600000 -2.812500
v -2.435347 2.600000 -1.968750
v -2.922487 2.600000 -2.250000
v -1.461068 2.600000 -1.406250
v -1.461068 2.600000 -1.968750
v -1.948208 2.600000 -1.687500
v -0.486790 2.600000 -1.968750
v -0.486790 2.600000 -2.531250
v -0.973929 2.600000 -2.250000
v -0.486790 2.600000 -0.843750
v -0.486790 2.600000 -1.406250
v -0.973929 2.600000 -1.125000
v 0.487489 2.600000 -0.843750
v 0.000350 2.600000 -0.562500
v 1.461767 2.600000 -1.406250
v 0.487489 2.600000 -1.406250
v 0.974628 2.600000 -1.125000
v 0.487489 2.600000 -1.968750
v 0.000349 2.600000 -1.687500
v 2.436046 2.600000 -1.968750
v 1.461767 2.600000 -1.968750
v 1.948907 2.600000 -1.687500
v 2.436046 2.600000 -2.531250
v 2.923185 2.600000 -2.250000
v 1.461767 2.600000 -3.093750
v 1.461767 2.600000 -2.531250
v 1.948906 2.600000 -2.812500
v 0.487489 2.600000 -2.531250
v 0.974628 2.600000 -2.250000
v 0.487488 2.600000 -3.656250
v 0.487489 2.600000 -3.093750
v 0.974628 2.600000 -3.375000
v -0.486790 2.600000 -3.656250
v 0.000349 2.600000 -3.937500
v -0.486790 2.600000 -3.093750
v -0.973929 2.600000 -3.375000
v 0.000349 2.600000 -2.812500
v -7.306740 2.960086 -4.218749
v -7.793880 2.960086 -4.499999
v -8.071506 2.960086 -3.980597
v -7.511946 2.960086 -3.678498
v -8.314566 2.960086 -3.444150
v -7.717152 2.960086 -3.138246
v -8.522021 2.960086 -2.892955
v -7.886789 2.960086 -2.583262
v -8.692983 2.960086 -2.329370
v -8.056428 2.960086 -2.028278
v -8.826718 2.960086 -1.755812
v -8.151853 2.960086 -1.453408
v -8.922653 2.960086 -1.174735
v -8.247277 2.960086 -0.878539
v -8.980381 2.960086 -0.588627
v -8.304533 2.960086 -0.298644
v -8.999650 2.960086 0.000001
v -8.361789 2.960086 0.281251
v -8.980381 2.960086 0.588629
v -8.313953 2.960086 0.877461
v -8.922653 2.960086 1.174736
v -8.266117 2.960086 1.473672
v -8.826717 2.960086 1.755814
v -8.180113 2.960086 2.064858
v -8.692982 2.960086 2.329372
v -8.094108 2.960086 2.656044
v -8.522020 2.960086 2.892956
v -7.947442 2.960086 3.240897
v -8.314566 2.960086 3.444152
v -7.800777 2.960086 3.825750
v -8.071505 2.960086 3.980599
v -7.633816 2.960086 4.407588
v -7.793879 2.960086 4.500000
v -7.482876 2.960086 5.000132
v -7.139830 2.960086 5.478853
v -7.213409 2.960086 4.843101
v -7.286989 2.960086 4.207348
v -6.766209 2.960086 5.934113
v -6.780245 2.960086 5.262543
v -6.363611 2.960086 6.363961
v -6.347079 2.960086 5.681985
v -5.933762 2.960086 6.766559
v -5.878099 2.960086 6.052060
v -5.478503 2.960086 7.140181
v -5.409120 2.960086 6.422135
v -4.999782 2.960086 7.483226
v -4.916705 2.960086 6.761667
v -4.499650 2.960086 7.794229
v -4.424289 2.960086 7.101200
v -3.980248 2.960086 8.071855
v -3.893458 2.960086 7.341562
v -3.443801 2.960086 8.314916
v -3.362627 2.960086 7.581924
v -2.892606 2.960086 8.522370
v -2.817062 2.960086 7.786718
v -2.329022 2.960086 8.693333
v -2.271498 2.960086 7.991513
v -1.755463 2.960086 8.827067
v -1.706048 2.960086 8.122094
v -1.174385 2.960086 8.923003
v -1.140599 2.960086 8.252675
v -0.588278 2.960086 8.980731
v -0.570124 2.960086 8.345088
v 0.000350 2.960086 9.000000
v 0.000350 2.960086 8.437500
v 0.588979 2.960086 8.980731
v 0.570825 2.960086 8.345088
v 1.175086 2.960086 8.923003
v 1.141300 2.960086 8.252675
v 1.756163 2.960086 8.827067
v 1.706749 2.960086 8.122094
v 2.329722 2.960086 8.693332
v 2.272199 2.960086 7.991513
v 2.893306 2.960086 8.522370
v 2.817763 2.960086 7.786719
v 3.444502 2.960086 8.314916
v 3.363327 2.960086 7.581924
v 3.980949 2.960086 8.071855
v 3.894159 2.960086 7.341562
v 4.500351 2.960086 7.794229
v 4.424990 2.960086 7.101200
v 5.000483 2.960086 7.483226
v 4.917406 2.960086 6.761667
v 5.479203 2.960086 7.140179
v 5.409822 2.960086 6.422134
v 5.934464 2.960086 6.766557
v 5.878801 2.960086 6.052059
v 6.364312 2.960086 6.363960
v 6.347780 2.960086 5.681984
v 6.766909 2.960086 5.934111
v 6.780945 2.960086 5.262542
v 7.140531 2.960086 5.478852
v 7.214110 2.960086 4.843099
v 7.483578 2.960086 5.000132
v 7.634516 2.960086 4.407587
v 7.794580 2.960086 4.499999
v 8.072206 2.960086 3.980597
v 8.315266 2.960086 3.444150
v 7.801478 2.960086 3.825748
v 7.287690 2.960086 4.207346
v 8.522721 2.960086 2.892955
v 7.948143 2.960086 3.240895
v 8.693683 2.960086 2.329370
v 8.094809 2.960086 2.656042
v 8.827418 2.960086 1.755812
v 8.180813 2.960086 2.064856
v 8.923353 2.960086 1.174735
v 8.266817 2.960086 1.473670
v 8.981081 2.960086 0.588627
v 8.314653 2.960086 0.877460
v 9.000350 2.960086 -0.000001
v 8.362489 2.960086 0.281249
v 8.981081 2.960086 -0.588629
v 8.305233 2.960086 -0.298646
v 8.923353 2.960086 -1.174737
v 8.247977 2.960086 -0.878540
v 8.827417 2.960086 -1.755814
v 8.152553 2.960086 -1.453410
v 8.693682 2.960086 -2.329372
v 8.057128 2.960086 -2.028280
v 8.522720 2.960086 -2.892956
v 7.887489 2.960086 -2.583264
v 8.315266 2.960086 -3.444152
v 7.717851 2.960086 -3.138248
v 8.072205 2.960086 -3.980600
v 7.512645 2.960086 -3.678499
v 7.794578 2.960086 -4.500001
v 7.307438 2.960086 -4.218751
v 7.483576 2.960086 -5.000133
v 6.942170 2.960086 -4.666590
v 7.140530 2.960086 -5.478854
v 6.576901 2.960086 -5.114429
v 6.766908 2.960086 -5.934114
v 6.181090 2.960086 -5.538833
v 6.364310 2.960086 -6.363962
v 5.785279 2.960086 -5.963236
v 5.934461 2.960086 -6.766559
v 5.335139 2.960086 -6.333311
v 5.479202 2.960086 -7.140182
v 4.885000 2.960086 -6.703386
v 5.000481 2.960086 -7.483228
v 4.411424 2.960086 -7.042918
v 4.500349 2.960086 -7.794230
v 3.937849 2.960086 -7.382451
v 3.980947 2.960086 -8.071856
v 3.397597 2.960086 -7.639129
v 3.444499 2.960086 -8.314916
v 2.857345 2.960086 -7.895807
v 2.893304 2.960086 -8.522371
v 2.302361 2.960086 -8.116917
v 2.329720 2.960086 -8.693333
v 1.747377 2.960086 -8.338028
v 1.756161 2.960086 -8.827068
v 1.167547 2.960086 -8.503439
v 1.175084 2.960086 -8.923004
v 0.587716 2.960086 -8.668849
v 0.588977 2.960086 -8.980731
v 0.000349 2.960086 -8.815176
v 0.000349 2.960086 -9.000000
v -0.588280 2.960086 -8.980731
v -1.174387 2.960086 -8.923003
v -0.587019 2.960086 -8.668849
v 0.000349 2.960086 -8.414695
v -1.755465 2.960086 -8.827067
v -1.166850 2.960086 -8.503438
v -2.329023 2.960086 -8.693332
v -1.746680 2.960086 -8.338027
v -2.892607 2.960086 -8.522370
v -2.301664 2.960086 -8.116917
v -3.443802 2.960086 -8.314916
v -2.856648 2.960086 -7.895806
v -3.980250 2.960086 -8.071855
v -3.396900 2.960086 -7.639128
v -4.499651 2.960086 -7.794228
v -3.937151 2.960086 -7.382449
v -4.999783 2.960086 -7.483225
v -4.410727 2.960086 -7.042917
v -5.478504 2.960086 -7.140179
v -4.884302 2.960086 -6.703384
v -5.933764 2.960086 -6.766557
v -5.334442 2.960086 -6.333309
v -6.363613 2.960086 -6.363960
v -5.784581 2.960086 -5.963234
v -6.766209 2.960086 -5.934111
v -6.180392 2.960086 -5.538831
v -7.139831 2.960086 -5.478852
v -6.576203 2.960086 -5.114428
v -7.482878 2.960086 -5.000132
v -6.941471 2.960086 -4.666589
vt 0.066987 0.250000
vt 0.933013 0.250000
vt 0.500000 1.000000
vt 0.500000 0.000000
vt 0.933013 0.750000
vt 0.066987 0.750000
vt 0.500000 0.500000
vt 0.000000 0.500000
vt 0.250000 0.066987
vt 0.500000 0.250000
vt 0.283494 0.625000
vt 0.283494 0.375000
vt 0.750000 0.066987
vt 1.000000 0.500000
vt 0.716506 0.625000
vt 0.716506 0.375000
vt 0.750000 0.933013
vt 0.250000 0.933013
vt 0.500000 0.750000
vt 0.175240 0.687500
vt 0.017037 0.629409
vt 0.141747 0.437500
vt 0.283494 0.500000
vt 0.158494 0.562500
vt 0.017037 0.370590
vt 0.146447 0.146447
vt 0.266747 0.220994
vt 0.150120 0.297997
vt 0.370590 0.017037
vt 0.500000 0.125000
vt 0.391747 0.312500
vt 0.383373 0.172997
vt 0.500000 0.375000
vt 0.391747 0.562500
vt 0.391747 0.437500
vt 0.629410 0.017037
vt 0.733253 0.220994
vt 0.608253 0.312500
vt 0.616627 0.172997
vt 0.853553 0.146447
vt 0.982963 0.370591
vt 0.858253 0.437500
vt 0.849880 0.297997
vt 0.982963 0.629410
vt 0.824759 0.687500
vt 0.716506 0.500000
vt 0.841506 0.562500
vt 0.608253 0.562500
vt 0.608253 0.437500
vt 0.853553 0.853553
vt 0.625000 0.841506
vt 0.608253 0.687500
vt 0.724880 0.764503
vt 0.629409 0.982963
vt 0.370590 0.982963
vt 0.375000 0.841506
vt 0.500000 0.904006
vt 0.146447 0.853553
vt 0.391747 0.687500
vt 0.275120 0.764503
vt 0.500000 0.625000
vt 0.283494 0.562500
vt 0.229367 0.656250
vt 0.166867 0.625000
vt 0.220994 0.531250
vt 0.225180 0.593750
vt 0.121114 0.718750
vt 0.038060 0.691342
vt 0.087765 0.595955
vt 0.104440 0.657352
vt 0.004278 0.565263
vt 0.070873 0.468750
vt 0.150120 0.500000
vt 0.079319 0.532352
vt 0.212620 0.406250
vt 0.283494 0.437500
vt 0.216807 0.468750
vt 0.004278 0.434737
vt 0.083579 0.334294
vt 0.145934 0.367748
vt 0.077226 0.401522
vt 0.038060 0.308658
vt 0.103323 0.195619
vt 0.148283 0.222222
vt 0.095148 0.266258
vt 0.195619 0.103323
vt 0.258373 0.143990
vt 0.208434 0.259495
vt 0.203328 0.183106
vt 0.275120 0.297997
vt 0.210527 0.332873
vt 0.308658 0.038060
vt 0.376982 0.095017
vt 0.325060 0.196995
vt 0.317678 0.119504
vt 0.434737 0.004278
vt 0.500000 0.062500
vt 0.441687 0.148998
vt 0.438491 0.078758
vt 0.500000 0.187500
vt 0.445873 0.281250
vt 0.387560 0.242748
vt 0.443780 0.215124
vt 0.337620 0.343750
vt 0.331340 0.270373
vt 0.500000 0.312500
vt 0.445873 0.406250
vt 0.391747 0.375000
vt 0.445873 0.343750
vt 0.500000 0.437500
vt 0.445873 0.531250
vt 0.391747 0.500000
vt 0.445873 0.468750
vt 0.337620 0.593750
vt 0.337620 0.468750
vt 0.337620 0.531250
vt 0.337620 0.406250
vt 0.554127 0.281250
vt 0.558313 0.148998
vt 0.612440 0.242748
vt 0.556220 0.215124
vt 0.565263 0.004278
vt 0.623018 0.095017
vt 0.561509 0.078758
vt 0.691342 0.038060
vt 0.741627 0.143990
vt 0.674940 0.196995
vt 0.682322 0.119504
vt 0.724880 0.297997
vt 0.662380 0.343750
vt 0.668660 0.270373
vt 0.804381 0.103323
vt 0.851717 0.222222
vt 0.791567 0.259495
vt 0.796672 0.183106
vt 0.896677 0.195619
vt 0.961940 0.308658
vt 0.916421 0.334294
vt 0.904852 0.266259
vt 0.995722 0.434737
vt 0.929127 0.468750
vt 0.854066 0.367748
vt 0.922774 0.401522
vt 0.787380 0.406250
vt 0.789473 0.332873
vt 0.995722 0.565263
vt 0.912235 0.595955
vt 0.849880 0.500000
vt 0.920681 0.532352
vt 0.961940 0.691342
vt 0.878886 0.718750
vt 0.833133 0.625000
vt 0.895560 0.657352
vt 0.770633 0.656250
vt 0.716506 0.562500
vt 0.779006 0.531250
vt 0.774820 0.593750
vt 0.716506 0.437500
vt 0.783193 0.468750
vt 0.662380 0.593750
vt 0.608253 0.500000
vt 0.662380 0.468750
vt 0.662380 0.531250
vt 0.554127 0.531250
vt 0.554127 0.406250
vt 0.554127 0.468750
vt 0.608253 0.375000
vt 0.554127 0.343750
vt 0.662380 0.406250
vt 0.662380 0.656250
vt 0.774820 0.726002
vt 0.666566 0.726002
vt 0.718600 0.691126
vt 0.896677 0.804381
vt 0.789217 0.809028
vt 0.834051 0.763889
vt 0.804381 0.896677
vt 0.687500 0.887260
vt 0.674940 0.803005
vt 0.738358 0.848144
vt 0.562500 0.795753
vt 0.554127 0.718750
vt 0.614533 0.760877
vt 0.691342 0.961940
vt 0.564705 0.943485
vt 0.562500 0.872756
vt 0.626102 0.915372
vt 0.565263 0.995722
vt 0.434737 0.995722
vt 0.435295 0.943485
vt 0.500000 0.967483
vt 0.308658 0.961940
vt 0.312500 0.887259
vt 0.437500 0.872756
vt 0.373898 0.915372
vt 0.437500 0.795753
vt 0.500000 0.834255
vt 0.195619 0.896677
vt 0.210783 0.809028
vt 0.325060 0.803005
vt 0.261642 0.848144
vt 0.103323 0.804381
vt 0.225180 0.726002
vt 0.165949 0.763889
vt 0.337620 0.656250
vt 0.333433 0.726002
vt 0.281400 0.691126
vt 0.445873 0.718750
vt 0.385467 0.760877
vt 0.445873 0.593750
vt 0.445873 0.656250
vt 0.391747 0.625000
vt 0.554127 0.593750
vt 0.500000 0.562500
vt 0.554127 0.656250
vt 0.608253 0.625000
vt 0.500000 0.687500
vt 0.252244 0.515625
vt 0.283494 0.531250
vt 0.254337 0.578125
vt 0.223087 0.562500
vt 0.253290 0.546875
vt 0.283494 0.593750
vt 0.256430 0.640625
vt 0.227274 0.625000
vt 0.255384 0.609375
vt 0.202304 0.671875
vt 0.171054 0.656250
vt 0.196024 0.609375
vt 0.199164 0.640625
vt 0.162680 0.593750
vt 0.189744 0.546875
vt 0.192884 0.578125
vt 0.148177 0.703125
vt 0.112777 0.688051
vt 0.135653 0.641176
vt 0.141915 0.672151
vt 0.094051 0.734375
vt 0.051564 0.721144
vt 0.071250 0.674347
vt 0.082650 0.704361
vt 0.026535 0.660720
vt 0.052401 0.612682
vt 0.096102 0.626653
vt 0.061826 0.643515
vt 0.123129 0.579227
vt 0.129391 0.610202
vt 0.009607 0.597545
vt 0.041798 0.548808
vt 0.083542 0.564153
vt 0.047100 0.580745
vt 0.001070 0.532702
vt 0.035437 0.484375
vt 0.075096 0.500551
vt 0.038618 0.516591
vt 0.106310 0.453125
vt 0.145934 0.468750
vt 0.114720 0.516176
vt 0.110515 0.484651
vt 0.154307 0.531250
vt 0.118925 0.547702
vt 0.177184 0.421875
vt 0.214714 0.437500
vt 0.183464 0.484375
vt 0.180324 0.453125
vt 0.248057 0.390625
vt 0.283494 0.406250
vt 0.250150 0.453125
vt 0.249104 0.421875
vt 0.283494 0.468750
vt 0.218900 0.500000
vt 0.251197 0.484375
vt 0.186604 0.515625
vt 0.143840 0.402624
vt 0.074050 0.435136
vt 0.111580 0.384635
vt 0.108945 0.418880
vt 0.001070 0.467298
vt 0.040752 0.418129
vt 0.038094 0.451252
vt 0.009607 0.402455
vt 0.050308 0.352442
vt 0.080402 0.367908
vt 0.045530 0.385286
vt 0.116849 0.316145
vt 0.148027 0.332873
vt 0.114215 0.350390
vt 0.026535 0.339280
vt 0.066604 0.287458
vt 0.089363 0.300276
vt 0.058456 0.319950
vt 0.051564 0.278856
vt 0.084265 0.222215
vt 0.099236 0.230939
vt 0.075880 0.255134
vt 0.124080 0.170327
vt 0.147365 0.184334
vt 0.121716 0.244240
vt 0.123300 0.207637
vt 0.149202 0.260109
vt 0.119283 0.280193
vt 0.170327 0.124080
vt 0.199474 0.143215
vt 0.175806 0.202664
vt 0.173419 0.163774
vt 0.222215 0.084265
vt 0.254187 0.105489
vt 0.230851 0.163548
vt 0.226830 0.124352
vt 0.262560 0.182492
vt 0.237590 0.240244
vt 0.205881 0.221301
vt 0.234221 0.201896
vt 0.179277 0.278746
vt 0.177541 0.240705
vt 0.270934 0.259495
vt 0.242824 0.315435
vt 0.209480 0.296184
vt 0.240207 0.277840
vt 0.279307 0.336498
vt 0.211574 0.369561
vt 0.245440 0.353030
vt 0.178230 0.350310
vt 0.177707 0.386093
vt 0.178754 0.314528
vt 0.295903 0.208994
vt 0.288026 0.131747
vt 0.321369 0.158249
vt 0.291965 0.170371
vt 0.278856 0.051564
vt 0.313168 0.078782
vt 0.283677 0.092135
vt 0.339280 0.026535
vt 0.373786 0.056027
vt 0.347330 0.107260
vt 0.343477 0.067405
vt 0.380178 0.134007
vt 0.354217 0.184996
vt 0.350773 0.146128
vt 0.402455 0.009607
vt 0.436614 0.041518
vt 0.407736 0.086888
vt 0.405200 0.048773
vt 0.467298 0.001070
vt 0.500000 0.031250
vt 0.469245 0.070629
vt 0.468307 0.036384
vt 0.500000 0.093750
vt 0.470843 0.136999
vt 0.440089 0.113878
vt 0.470044 0.103814
vt 0.412530 0.160998
vt 0.410133 0.123943
vt 0.500000 0.156250
vt 0.471890 0.201312
vt 0.442733 0.182061
vt 0.471367 0.169156
vt 0.500000 0.218750
vt 0.472937 0.265625
vt 0.444827 0.248187
vt 0.472413 0.233469
vt 0.418810 0.296875
vt 0.389653 0.277624
vt 0.415670 0.228936
vt 0.417240 0.262906
vt 0.385467 0.207873
vt 0.414100 0.194967
vt 0.364684 0.328125
vt 0.334480 0.307061
vt 0.359450 0.256561
vt 0.362067 0.292343
vt 0.310557 0.359375
vt 0.303230 0.284185
vt 0.306894 0.321780
vt 0.328200 0.233684
vt 0.299567 0.246590
vt 0.356833 0.220778
vt 0.391747 0.343750
vt 0.445873 0.312500
vt 0.418810 0.359375
vt 0.418810 0.328125
vt 0.500000 0.281250
vt 0.472937 0.328125
vt 0.472937 0.296875
vt 0.500000 0.343750
vt 0.472937 0.390625
vt 0.445873 0.375000
vt 0.472937 0.359375
vt 0.418810 0.421875
vt 0.391747 0.406250
vt 0.418810 0.390625
vt 0.500000 0.406250
vt 0.472937 0.453125
vt 0.445873 0.437500
vt 0.472937 0.421875
vt 0.500000 0.468750
vt 0.472937 0.515625
vt 0.445873 0.500000
vt 0.472937 0.484375
vt 0.418810 0.546875
vt 0.391747 0.531250
vt 0.418810 0.484375
vt 0.418810 0.515625
vt 0.391747 0.468750
vt 0.418810 0.453125
vt 0.364684 0.578125
vt 0.337620 0.562500
vt 0.364684 0.515625
vt 0.364684 0.546875
vt 0.310557 0.609375
vt 0.310557 0.546875
vt 0.310557 0.578125
vt 0.310557 0.484375
vt 0.337620 0.500000
vt 0.310557 0.515625
vt 0.364684 0.453125
vt 0.364684 0.484375
vt 0.310557 0.421875
vt 0.337620 0.437500
vt 0.310557 0.453125
vt 0.337620 0.375000
vt 0.310557 0.390625
vt 0.364684 0.390625
vt 0.364684 0.359375
vt 0.364684 0.421875
vt 0.610347 0.277624
vt 0.581190 0.296875
vt 0.555173 0.248187
vt 0.584330 0.228936
vt 0.582760 0.262906
vt 0.527063 0.265625
vt 0.528110 0.201312
vt 0.527587 0.233469
vt 0.529157 0.136999
vt 0.557267 0.182061
vt 0.528633 0.169156
vt 0.587470 0.160998
vt 0.614533 0.207873
vt 0.585900 0.194967
vt 0.530755 0.070629
vt 0.559911 0.113878
vt 0.529956 0.103814
vt 0.532702 0.001070
vt 0.563386 0.041518
vt 0.531693 0.036384
vt 0.597545 0.009607
vt 0.626214 0.056027
vt 0.592264 0.086888
vt 0.594800 0.048773
vt 0.619822 0.134007
vt 0.589867 0.123943
vt 0.660720 0.026535
vt 0.686832 0.078782
vt 0.652670 0.107260
vt 0.656523 0.067405
vt 0.721144 0.051564
vt 0.745813 0.105489
vt 0.711975 0.131747
vt 0.716323 0.092135
vt 0.737440 0.182492
vt 0.704097 0.208994
vt 0.678631 0.158249
vt 0.708036 0.170371
vt 0.645783 0.184996
vt 0.649227 0.146128
vt 0.729067 0.259495
vt 0.696770 0.284185
vt 0.671800 0.233684
vt 0.700433 0.246590
vt 0.720693 0.336498
vt 0.689443 0.359375
vt 0.665520 0.307061
vt 0.693106 0.321780
vt 0.635316 0.328125
vt 0.640550 0.256561
vt 0.637933 0.292343
vt 0.643167 0.220778
vt 0.762410 0.240244
vt 0.769149 0.163548
vt 0.794119 0.221301
vt 0.765779 0.201896
vt 0.777785 0.084265
vt 0.800526 0.143215
vt 0.773170 0.124352
vt 0.829673 0.124080
vt 0.852635 0.184334
vt 0.824194 0.202664
vt 0.826581 0.163774
vt 0.850798 0.260109
vt 0.820723 0.278746
vt 0.822459 0.240705
vt 0.875920 0.170327
vt 0.900764 0.230939
vt 0.878284 0.244240
vt 0.876700 0.207637
vt 0.915735 0.222215
vt 0.948436 0.278856
vt 0.933396 0.287458
vt 0.924120 0.255134
vt 0.973465 0.339280
vt 0.949692 0.352442
vt 0.910637 0.300276
vt 0.941544 0.319950
vt 0.883151 0.316145
vt 0.880718 0.280193
vt 0.990393 0.402455
vt 0.959248 0.418129
vt 0.919598 0.367908
vt 0.954470 0.385286
vt 0.998930 0.467299
vt 0.964563 0.484375
vt 0.925950 0.435136
vt 0.961906 0.451252
vt 0.893690 0.453125
vt 0.856160 0.402624
vt 0.888420 0.384635
vt 0.891055 0.418880
vt 0.851973 0.332873
vt 0.885785 0.350390
vt 0.822816 0.421875
vt 0.788426 0.369561
vt 0.821770 0.350311
vt 0.822293 0.386093
vt 0.751943 0.390625
vt 0.757176 0.315435
vt 0.754560 0.353030
vt 0.790520 0.296184
vt 0.759793 0.277840
vt 0.821246 0.314528
vt 0.854066 0.468750
vt 0.924904 0.500551
vt 0.885280 0.516176
vt 0.889485 0.484651
vt 0.998930 0.532702
vt 0.958202 0.548808
vt 0.961382 0.516591
vt 0.990393 0.597545
vt 0.947599 0.612682
vt 0.916458 0.564154
vt 0.952900 0.580745
vt 0.876870 0.579227
vt 0.845693 0.531250
vt 0.881075 0.547702
vt 0.973465 0.660720
vt 0.928750 0.674347
vt 0.903897 0.626654
vt 0.938174 0.643515
vt 0.948436 0.721144
vt 0.905949 0.734375
vt 0.887223 0.688051
vt 0.917350 0.704361
vt 0.851823 0.703125
vt 0.828946 0.656250
vt 0.864347 0.641176
vt 0.858085 0.672151
vt 0.837320 0.593750
vt 0.870609 0.610202
vt 0.797696 0.671875
vt 0.772726 0.625000
vt 0.803976 0.609375
vt 0.800836 0.640625
vt 0.743570 0.640625
vt 0.716506 0.593750
vt 0.745663 0.578125
vt 0.744616 0.609375
vt 0.716506 0.531250
vt 0.747756 0.515625
vt 0.776913 0.562500
vt 0.746710 0.546875
vt 0.810256 0.546875
vt 0.807116 0.578125
vt 0.716506 0.468750
vt 0.749850 0.453125
vt 0.781100 0.500000
vt 0.748803 0.484375
vt 0.716506 0.406250
vt 0.785286 0.437500
vt 0.750896 0.421875
vt 0.816536 0.484375
vt 0.819676 0.453125
vt 0.813396 0.515625
vt 0.689443 0.484375
vt 0.689443 0.546875
vt 0.662380 0.500000
vt 0.689443 0.515625
vt 0.689443 0.609375
vt 0.662380 0.562500
vt 0.689443 0.578125
vt 0.635316 0.578125
vt 0.608253 0.531250
vt 0.635316 0.515625
vt 0.635316 0.546875
vt 0.608253 0.468750
vt 0.635316 0.453125
vt 0.635316 0.484375
vt 0.581190 0.546875
vt 0.554127 0.500000
vt 0.581190 0.484375
vt 0.581190 0.515625
vt 0.527063 0.515625
vt 0.527063 0.453125
vt 0.527063 0.484375
vt 0.527063 0.390625
vt 0.554127 0.437500
vt 0.527063 0.421875
vt 0.581190 0.421875
vt 0.581190 0.453125
vt 0.527063 0.328125
vt 0.554127 0.375000
vt 0.527063 0.359375
vt 0.554127 0.312500
vt 0.527063 0.296875
vt 0.608253 0.343750
vt 0.581190 0.359375
vt 0.581190 0.328125
vt 0.608253 0.406250
vt 0.581190 0.390625
vt 0.662380 0.375000
vt 0.635316 0.390625
vt 0.635316 0.359375
vt 0.689443 0.421875
vt 0.689443 0.390625
vt 0.662380 0.437500
vt 0.689443 0.453125
vt 0.635316 0.421875
vt 0.637410 0.706751
vt 0.635316 0.671875
vt 0.690490 0.673688
vt 0.692583 0.708564
vt 0.663950 0.690219
vt 0.689443 0.640625
vt 0.744616 0.673688
vt 0.717030 0.657156
vt 0.799790 0.706751
vt 0.746710 0.708564
vt 0.772203 0.690219
vt 0.749850 0.745252
vt 0.695723 0.745252
vt 0.721216 0.726908
vt 0.856469 0.741320
vt 0.804435 0.744945
vt 0.828129 0.724035
vt 0.915735 0.777785
vt 0.865364 0.784135
vt 0.885657 0.759255
vt 0.875920 0.829673
vt 0.821385 0.831291
vt 0.811634 0.786459
vt 0.843374 0.807713
vt 0.757048 0.786766
vt 0.780742 0.765856
vt 0.829673 0.875920
vt 0.771369 0.872410
vt 0.763787 0.828586
vt 0.796377 0.851851
vt 0.777785 0.915735
vt 0.718750 0.910136
vt 0.712929 0.867702
vt 0.745060 0.891273
vt 0.656250 0.864383
vt 0.649970 0.822256
vt 0.706649 0.825574
vt 0.681449 0.844979
vt 0.699910 0.783754
vt 0.731849 0.806170
vt 0.593750 0.818630
vt 0.588517 0.778315
vt 0.644737 0.781941
vt 0.619243 0.800285
vt 0.531250 0.772877
vt 0.527063 0.734375
vt 0.584330 0.739814
vt 0.557790 0.756345
vt 0.581190 0.703125
vt 0.640550 0.743439
vt 0.610870 0.723282
vt 0.670230 0.763597
vt 0.593750 0.857131
vt 0.656801 0.901316
vt 0.594301 0.894064
vt 0.625275 0.879224
vt 0.721144 0.948436
vt 0.658722 0.938656
vt 0.688736 0.924396
vt 0.660720 0.973465
vt 0.597057 0.963224
vt 0.595403 0.929428
vt 0.627890 0.950940
vt 0.532352 0.923745
vt 0.531250 0.888381
vt 0.563327 0.908905
vt 0.597545 0.990393
vt 0.532631 0.981603
vt 0.532352 0.955484
vt 0.564844 0.972413
vt 0.532701 0.998930
vt 0.467298 0.998930
vt 0.467368 0.981603
vt 0.500000 0.989732
vt 0.402455 0.990393
vt 0.402943 0.963224
vt 0.467648 0.955484
vt 0.435156 0.972413
vt 0.467648 0.923745
vt 0.500000 0.939615
vt 0.339280 0.973465
vt 0.341278 0.938656
vt 0.404596 0.929428
vt 0.372110 0.950940
vt 0.278856 0.948436
vt 0.281250 0.910136
vt 0.343199 0.901316
vt 0.311264 0.924396
vt 0.343750 0.864383
vt 0.406250 0.857131
vt 0.405699 0.894064
vt 0.374724 0.879224
vt 0.468750 0.888381
vt 0.436673 0.908905
vt 0.406250 0.818630
vt 0.468750 0.815004
vt 0.468750 0.853506
vt 0.437500 0.836068
vt 0.468750 0.772877
vt 0.531250 0.815004
vt 0.500000 0.793940
vt 0.531250 0.853506
vt 0.562500 0.836068
vt 0.500000 0.870943
vt 0.350030 0.822256
vt 0.287071 0.867702
vt 0.293351 0.825574
vt 0.318550 0.844979
vt 0.222215 0.915735
vt 0.228630 0.872410
vt 0.254940 0.891273
vt 0.170327 0.875920
vt 0.178615 0.831291
vt 0.236212 0.828586
vt 0.203623 0.851851
vt 0.242952 0.786766
vt 0.300090 0.783754
vt 0.268151 0.806170
vt 0.124080 0.829673
vt 0.134636 0.784135
vt 0.188366 0.786459
vt 0.156625 0.807713
vt 0.084265 0.777785
vt 0.143531 0.741320
vt 0.114343 0.759255
vt 0.200210 0.706751
vt 0.195564 0.744945
vt 0.171871 0.724035
vt 0.250150 0.745252
vt 0.219258 0.765856
vt 0.255384 0.673688
vt 0.253290 0.708564
vt 0.227797 0.690219
vt 0.310557 0.640625
vt 0.309510 0.673688
vt 0.282970 0.657156
vt 0.364683 0.671875
vt 0.362590 0.706751
vt 0.307417 0.708564
vt 0.336050 0.690219
vt 0.304277 0.745252
vt 0.278784 0.726908
vt 0.418810 0.703125
vt 0.415670 0.739814
vt 0.359450 0.743439
vt 0.389130 0.723282
vt 0.472937 0.734375
vt 0.411483 0.778315
vt 0.442210 0.756345
vt 0.355263 0.781941
vt 0.380757 0.800285
vt 0.329770 0.763597
vt 0.418810 0.671875
vt 0.364684 0.640625
vt 0.418810 0.640625
vt 0.391747 0.656250
vt 0.364684 0.609375
vt 0.337620 0.625000
vt 0.418810 0.578125
vt 0.418810 0.609375
vt 0.391747 0.593750
vt 0.472937 0.609375
vt 0.472937 0.640625
vt 0.445873 0.625000
vt 0.472937 0.546875
vt 0.472937 0.578125
vt 0.445873 0.562500
vt 0.527063 0.546875
vt 0.500000 0.531250
vt 0.581190 0.578125
vt 0.527063 0.578125
vt 0.554127 0.562500
vt 0.527063 0.609375
vt 0.500000 0.593750
vt 0.635316 0.609375
vt 0.581190 0.609375
vt 0.608253 0.593750
vt 0.635316 0.640625
vt 0.662380 0.625000
vt 0.581190 0.671875
vt 0.581190 0.640625
vt 0.608253 0.656250
vt 0.527063 0.640625
vt 0.554127 0.625000
vt 0.527063 0.703125
vt 0.527063 0.671875
vt 0.554127 0.687500
vt 0.472937 0.703125
vt 0.500000 0.718750
vt 0.472937 0.671875
vt 0.445873 0.687500
vt 0.500000 0.656250
vt 0.066987 0.750000
vt 0.051564 0.721144
vt 0.082650 0.704361
vt 0.094051 0.734375
vt 0.038060 0.691342
vt 0.071250 0.674347
vt 0.026535 0.660720
vt 0.061826 0.643515
vt 0.017037 0.629409
vt 0.052401 0.612682
vt 0.009607 0.597545
vt 0.047100 0.580745
vt 0.004278 0.565263
vt 0.041798 0.548808
vt 0.001070 0.532702
vt 0.038618 0.516591
vt 0.000000 0.500000
vt 0.035437 0.484375
vt 0.001070 0.467298
vt 0.038094 0.451252
vt 0.004278 0.434737
vt 0.040752 0.418129
vt 0.009607 0.402455
vt 0.045530 0.385286
vt 0.017037 0.370590
vt 0.050308 0.352442
vt 0.026535 0.339280
vt 0.058456 0.319950
vt 0.038060 0.308658
vt 0.066604 0.287458
vt 0.051564 0.278856
vt 0.066987 0.250000
vt 0.084265 0.222215
vt 0.103323 0.195619
vt 0.099236 0.230939
vt 0.095148 0.266258
vt 0.124080 0.170327
vt 0.123300 0.207637
vt 0.146447 0.146447
vt 0.147365 0.184334
vt 0.170327 0.124080
vt 0.173419 0.163774
vt 0.195619 0.103323
vt 0.199474 0.143215
vt 0.222215 0.084265
vt 0.226830 0.124352
vt 0.250000 0.066987
vt 0.254187 0.105489
vt 0.278856 0.051564
vt 0.283677 0.092135
vt 0.308658 0.038060
vt 0.313168 0.078782
vt 0.339280 0.026535
vt 0.343477 0.067405
vt 0.370590 0.017037
vt 0.373786 0.056027
vt 0.402455 0.009607
vt 0.405200 0.048773
vt 0.434737 0.004278
vt 0.436614 0.041518
vt 0.467298 0.001070
vt 0.468307 0.036384
vt 0.500000 0.000000
vt 0.500000 0.031250
vt 0.532702 0.001070
vt 0.531693 0.036384
vt 0.565263 0.004278
vt 0.563386 0.041518
vt 0.597545 0.009607
vt 0.594800 0.048773
vt 0.629410 0.017037
vt 0.626214 0.056027
vt 0.660720 0.026535
vt 0.656523 0.067405
vt 0.691342 0.038060
vt 0.686832 0.078782
vt 0.721144 0.051564
vt 0.716323 0.092135
vt 0.750000 0.066987
vt 0.745813 0.105489
vt 0.777785 0.084265
vt 0.773170 0.124352
vt 0.804381 0.103323
vt 0.800526 0.143215
vt 0.829673 0.124080
vt 0.826581 0.163774
vt 0.853553 0.146447
vt 0.852635 0.184334
vt 0.875920 0.170327
vt 0.876700 0.207637
vt 0.896677 0.195619
vt 0.900764 0.230939
vt 0.915735 0.222215
vt 0.933013 0.250000
vt 0.948436 0.278856
vt 0.961940 0.308658
vt 0.933396 0.287458
vt 0.904852 0.266259
vt 0.973465 0.339280
vt 0.941544 0.319950
vt 0.982963 0.370591
vt 0.949692 0.352442
vt 0.990393 0.402455
vt 0.954470 0.385286
vt 0.995722 0.434737
vt 0.959248 0.418129
vt 0.998930 0.467299
vt 0.961906 0.451252
vt 1.000000 0.500000
vt 0.964563 0.484375
vt 0.998930 0.532702
vt 0.961382 0.516591
vt 0.995722 0.565263
vt 0.958202 0.548808
vt 0.990393 0.597545
vt 0.952900 0.580745
vt 0.982963 0.629410
vt 0.947599 0.612682
vt 0.973465 0.660720
vt 0.938174 0.643515
vt 0.961940 0.691342
vt 0.928750 0.674347
vt 0.948436 0.721144
vt 0.917350 0.704361
vt 0.933013 0.750000
vt 0.905949 0.734375
vt 0.915735 0.777785
vt 0.885657 0.759255
vt 0.896677 0.804381
vt 0.865364 0.784135
vt 0.875920 0.829673
vt 0.843374 0.807713
vt 0.853553 0.853553
vt 0.821385 0.831291
vt 0.829673 0.875920
vt 0.796377 0.851851
vt 0.804381 0.896677
vt 0.771369 0.872410
vt 0.777785 0.915735
vt 0.745060 0.891273
vt 0.750000 0.933013
vt 0.718750 0.910136
vt 0.721144 0.948436
vt 0.688736 0.924396
vt 0.691342 0.961940
vt 0.658722 0.938656
vt 0.660720 0.973465
vt 0.627890 0.950940
vt 0.629409 0.982963
vt 0.597057 0.963224
vt 0.597545 0.990393
vt 0.564844 0.972413
vt 0.565263 0.995722
vt 0.532631 0.981603
vt 0.532701 0.998930
vt 0.500000 1.000000
vt 0.467298 0.998930
vt 0.434737 0.995722
vt 0.467368 0.981603
vt 0.500000 0.967483
vt 0.402455 0.990393
vt 0.435156 0.972413
vt 0.370590 0.982963
vt 0.402943 0.963224
vt 0.339280 0.973465
vt 0.372110 0.950940
vt 0.308658 0.961940
vt 0.341278 0.938656
vt 0.278856 0.948436
vt 0.311264 0.924396
vt 0.250000 0.933013
vt 0.281250 0.910136
vt 0.222215 0.915735
vt 0.254940 0.891273
vt 0.195619 0.896677
vt 0.228630 0.872410
vt 0.170327 0.875920
vt 0.203623 0.851851
vt 0.146447 0.853553
vt 0.178615 0.831291
vt 0.124080 0.829673
vt 0.156625 0.807713
vt 0.103323 0.804381
vt 0.134636 0.784135
vt 0.084265 0.777785
vt 0.114343 0.759255
vn 0.000000 1.000000 0.000000
vn 0.000000 1.000000 0.000000
vn 0.000000 1.000000 0.000000
vn 0.000000 1.000000 0.000000
vn 0.000000 1.000000 0.000000
vn 0.000000 1.000000 0.000000
vn 0.000000 1.000000 0.000000
vn 0.000000 1.000000 0.000000
vn 0.000000 1.000000 0.000000
vn 0.000000 1.000000 0.000000
vn 0.000000 1.000000 0.000000
vn 0.000000 1.000000 0.000000
vn 0.000000 1.000000 0.000000
vn 0.000000 1.000000 0.000000
vn 0.000000 1.000000 0.000000
vn 0.000000 1.000000 0.000000
vn 0.000000 1.000000 0.000000
vn 0.000000 1.000000 0.000000
vn 0.000000 1.000000 0.000000
vn 0.000000 1.000000 0.000000
vn 0.000000 1.000000 0.000000
vn 0.000000 1.000000 0.000000
vn 0.000000 1.000000 0.000000
vn 0.000000 1.000000 0.000000
vn 0.000000 1.000000 0.000000
vn 0.000000 1.000000 0.000000
vn 0.000000 1.000000 0.000000
vn 0.000000 1.000000 0.000000
vn 0.000000 1.000000 0.000000
vn 0.000000 1.000000 0.000000
vn 0.000000 1.000000 0.000000
vn 0.000000 1.000000 0.000000
vn 0.000000 1.000000 0.000000
vn 0.000000 1.000000 -0.000000
vn 0.000000 1.000000 -0.000000
vn 0.000000 1.000000 -0.000000
vn 0.000000 1.000000 -0.000000
vn 0.000000 1.000000 -0.000000
vn 0.000000 1.000000 -0.000000
vn 0.000000 1.000000 0.000000
vn 0.000000 1.000000 -0.000000
vn 0.000000 1.000000 -0.000000
vn 0.000000 1.000000 -0.000000
vn 0.000000 1.000000 -0.000000
vn 0.000000 1.000000 0.000000
vn 0.000000 1.000000 0.000000
vn 0.000000 1.000000 0.000000
vn 0.000000 1.000000 0.000000
vn 0.000000 1.000000 0.000000
vn 0.000000 1.000000 0.000000
vn 0.000000 1.000000 0.000000
vn 0.000000 1.000000 0.000000
vn 0.000000 1.000000 -0.000000
vn 0.000000 1.000000 -0.000000
vn 0.000000 1.000000 -0.000000
vn 0.000000 1.000000 -0.000000
vn 0.000000 1.000000 0.000000
vn 0.000000 1.000000 0.000000
vn 0.000000 1.000000 -0.000000
vn 0.000000 1.000000 -0.000000
vn 0.000000 1.000000 -0.000000
vn 0.000000 1.000000 -0.000000
vn 0.000000 1.000000 0.000000
vn 0.000000 1.000000 0.000000
vn 0.000000 1.000000 0.000000
vn 0.000000 1.000000 0.000000
vn 0.000000 1.000000 0.000000
vn 0.000000 1.000000 0.000000
vn 0.000000 1.000000 0.000000
vn 0.000000 1.000000 0.000000
vn 0.000000 1.000000 0.000000
vn 0.000000 1.000000 0.000000
vn 0.000000 1.000000 0.000000
vn 0.000000 1.000000 0.000000
vn 0.000000 1.000000 0.000000
vn 0.000000 1.000000 0.000000
vn 0.000000 1.000000 0.000000
vn 0.000000 1.000000 0.000000
vn 0.000000 1.000000 0.000000
vn 0.000000 1.000000 0.000000
vn 0.000000 1.000000 0.000000
vn 0.000000 1.000000 0.000000
vn 0.000000 1.000000 0.000000
vn 0.000000 1.000000 0.000000
vn 0.000000 1.000000 0.000000
vn 0.000000 1.000000 0.000000
vn 0.000000 1.000000 0.000000
vn 0.000000 1.000000 0.000000
vn 0.000000 1.000000 0.000000
vn 0.000000 1.000000 0.000000
vn 0.000000 1.000000 0.000000
vn 0.000000 1.000000 0.000000
vn 0.000000 1.000000 0.000000
vn 0.000000 1.000000 0.000000
vn 0.000000 1.000000 0.000000
vn 0.000000 1.000000 0.000000
vn 0.000000 1.000000 0.000000
vn 0.000000 1.000000 -0.000000
vn 0.000000 1.000000 -0.000000
vn 0.000000 1.000000 0.000000
vn 0.000000 1.000000 0.000000
vn 0.000000 1.000000 0.000000
vn 0.000000 1.000000 0.000000
vn 0.000000 1.000000 0.000000
vn 0.000000 1.000000 0.000000
vn 0.000000 1.000000 0.000000
vn 0.000000 1.000000 0.000000
vn 0.000000 1.000000 0.000000
vn 0.000000 1.000000 0.000000
vn 0.000000 1.000000 0.000000
vn 0.000000 1.000000 0.000000
vn 0.000000 1.000000 0.000000
vn 0.000000 1.000000 0.000000
vn 0.000000 1.000000 0.000000
vn 0.000000 1.000000 0.000000
vn 0.000000 1.000000 0.000000
vn 0.000000 1.000000 0.000000
vn 0.000000 1.000000 0.000000
vn 0.000000 1.000000 0.000000
vn 0.000000 1.000000 0.000000
vn 0.000000 1.000000 0.000000
vn 0.000000 1.000000 0.000000
vn 0.000000 1.000000 0.000000
vn 0.000000 1.000000 0.000000
vn 0.000000 1.000000 0.000000
vn 0.000000 1.000000 0.000000
vn 0.000000 1.000000 -0.000000
vn 0.000000 1.000000 -0.000000
vn 0.000000 1.000000 0.000000
vn 0.000000 1.000000 -0.000000
vn 0.000000 1.000000 -0.000000
vn 0.000000 1.000000 -0.000000
vn 0.000000 1.000000 -0.000000
vn 0.000000 1.000000 0.000000
vn 0.000000 1.000000 0.000000
vn 0.000000 1.000000 0.000000
vn 0.000000 1.000000 0.000000
vn 0.000000 1.000000 0.000000
vn 0.000000 1.000000 0.000000
vn 0.000000 1.000000 0.000000
vn 0.000000 1.000000 0.000000
vn 0.000000 1.000000 0.000000
vn 0.000000 1.000000 -0.000000
vn 0.000000 1.000000 -0.000000
vn 0.000000 1.000000 0.000000
vn 0.000000 1.000000 -0.000000
vn 0.000000 1.000000 0.000000
vn 0.000000 1.000000 0.000000
vn 0.000000 1.000000 0.000000
vn 0.000000 1.000000 0.000000
vn 0.000000 1.000000 0.000000
vn 0.000000 1.000000 0.000000
vn 0.000000 1.000000 0.000000
vn 0.000000 1.000000 0.000000
vn 0.000000 1.000000 0.000000
vn 0.000000 1.000000 0.000000
vn 0.000000 1.000000 0.000000
vn 0.000000 1.000000 0.000000
vn 0.000000 1.000000 0.000000
vn 0.000000 1.000000 0.000000
vn 0.000000 1.000000 0.000000
vn 0.000000 1.000000 0.000000
vn 0.000000 1.000000 0.000000
vn 0.000000 1.000000 0.000000
vn 0.000000 1.000000 0.000000
vn 0.000000 1.000000 0.000000
vn 0.000000 1.000000 0.000000
vn 0.000000 1.000000 0.000000
vn 0.000000 1.000000 0.000000
vn 0.000000 1.000000 0.000000
vn 0.000000 1.000000 0.000000
vn 0.000000 1.000000 0.000000
vn 0.000000 1.000000 0.000000
vn 0.000000 1.000000 0.000000
vn 0.000000 1.000000 0.000000
vn 0.000000 1.000000 0.000000
vn 0.000000 1.000000 0.000000
vn 0.000000 1.000000 0.000000
vn 0.000000 1.000000 0.000000
vn 0.000000 1.000000 0.000000
vn 0.000000 1.000000 0.000000
vn 0.000000 1.000000 0.000000
vn 0.000000 1.000000 0.000000
vn 0.000000 1.000000 0.000000
vn 0.000000 1.000000 0.000000
vn 0.000000 1.000000 0.000000
vn 0.000000 1.000000 0.000000
vn 0.000000 1.000000 0.000000
vn 0.000000 1.000000 0.000000
vn 0.000000 1.000000 0.000000
vn 0.000000 1.000000 0.000000
vn 0.000000 1.000000 0.000000
vn 0.000000 1.000000 0.000000
vn 0.000000 1.000000 0.000000
vn 0.000000 1.000000 0.000000
vn 0.000000 1.000000 0.000000
vn 0.000000 1.000000 0.000000
vn 0.000000 1.000000 0.000000
vn 0.000000 1.000000 0.000000
vn 0.000000 1.000000 0.000000
vn 0.000000 1.000000 0.000000
vn 0.000000 1.000000 0.000000
vn 0.000000 1.000000 0.000000
vn 0.000000 1.000000 0.000000
vn 0.000000 1.000000 -0.000000
vn 0.000000 1.000000 -0.000000
vn 0.000000 1.000000 0.000000
vn 0.000000 1.000000 0.000000
vn 0.000000 1.000000 -0.000000
vn 0.000000 1.000000 -0.000000
vn 0.000000 1.000000 -0.000000
vn 0.000000 1.000000 -0.000000
vn 0.000000 1.000000 0.000000
vn 0.000000 1.000000 0.000000
vn 0.000000 1.000000 0.000000
vn 0.000000 1.000000 0.000000
vn 0.000000 1.000000 0.000000
vn 0.000000 1.000000 0.000000
vn 0.000000 1.000000 0.000000
vn 0.000000 1.000000 0.000000
vn 0.000000 1.000000 0.000000
vn 0.000000 1.000000 0.000000
vn 0.000000 1.000000 0.000000
vn 0.000000 1.000000 0.000000
vn 0.000000 1.000000 0.000000
vn 0.000000 1.000000 0.000000
vn 0.000000 1.000000 0.000000
vn 0.000000 1.000000 0.000000
vn 0.000000 1.000000 0.000000
vn 0.000000 1.000000 0.000000
vn 0.000000 1.000000 0.000000
vn 0.000000 1.000000 0.000000
vn 0.000000 1.000000 0.000000
vn 0.000000 1.000000 0.000000
vn 0.000000 1.000000 0.000000
vn 0.000000 1.000000 0.000000
vn 0.000000 1.000000 0.000000
vn 0.000000 1.000000 0.000000
vn 0.000000 1.000000 0.000000
vn 0.000000 1.000000 0.000000
vn 0.000000 1.000000 0.000000
vn 0.000000 1.000000 0.000000
vn 0.000000 1.000000 0.000000
vn 0.000000 1.000000 0.000000
vn 0.000000 1.000000 0.000000
vn 0.000000 1.000000 0.000000
vn 0.000000 1.000000 0.000000
vn 0.000000 1.000000 0.000000
vn 0.000000 1.000000 0.000000
vn 0.000000 1.000000 0.000000
vn 0.000000 1.000000 0.000000
vn 0.000000 1.000000 0.000000
vn 0.000000 1.000000 0.000000
vn 0.000000 1.000000 0.000000
vn 0.000000 1.000000 0.000000
vn 0.000000 1.000000 0.000000
vn 0.000000 1.000000 0.000000
vn 0.000000 1.000000 0.000000
vn 0.000000 1.000000 0.000000
vn 0.000000 1.000000 0.000000
vn 0.000000 1.000000 0.000000
vn 0.000000 1.000000 0.000000
vn 0.000000 1.000000 0.000000
vn 0.000000 1.000000 0.000000
vn 0.000000 1.000000 0.000000
vn 0.000000 1.000000 0.000000
vn 0.000000 1.000000 0.000000
vn 0.000000 1.000000 0.000000
vn 0.000000 1.000000 0.000000
vn 0.000000 1.000000 0.000000
vn 0.000000 1.000000 0.000000
vn 0.000000 1.000000 0.000000
vn 0.000000 1.000000 0.000000
vn 0.000000 1.000000 0.000000
vn 0.000000 1.000000 0.000000
vn 0.000000 1.000000 0.000000
vn 0.000000 1.000000 0.000000
vn 0.000000 1.000000 0.000000
vn 0.000000 1.000000 0.000000
vn 0.000000 1.000000 0.000000
vn 0.000000 1.000000 0.000000
vn 0.000000 1.000000 0.000000
vn 0.000000 1.000000 0.000000
vn 0.000000 1.000000 0.000000
vn 0.000000 1.000000 0.000000
vn 0.000000 1.000000 0.000000
vn 0.000000 1.000000 0.000000
vn 0.000000 1.000000 0.000000
vn 0.000000 1.000000 0.000000
vn 0.000000 1.000000 0.000000
vn 0.000000 1.000000 0.000000
vn 0.000000 1.000000 0.000000
vn 0.000000 1.000000 0.000000
vn 0.000000 1.000000 0.000000
vn 0.000000 1.000000 0.000000
vn 0.000000 1.000000 0.000000
vn 0.000000 1.000000 0.000000
vn 0.000000 1.000000 0.000000
vn 0.000000 1.000000 0.000000
vn 0.000000 1.000000 0.000000
vn 0.000000 1.000000 0.000000
vn 0.000000 1.000000 0.000000
vn 0.000000 1.000000 0.000000
vn 0.000000 1.000000 0.000000
vn 0.000000 1.000000 0.000000
vn 0.000000 1.000000 0.000000
vn 0.000000 1.000000 0.000000
vn 0.000000 1.000000 0.000000
vn 0.000000 1.000000 0.000000
vn 0.000000 1.000000 0.000000
vn 0.000000 1.000000 0.000000
vn 0.000000 1.000000 0.000000
vn 0.000000 1.000000 0.000000
vn 0.000000 1.000000 0.000000
vn 0.000000 1.000000 0.000000
vn 0.000000 1.000000 0.000000
vn 0.000000 1.000000 0.000000
vn 0.000000 1.000000 0.000000
vn 0.000000 1.000000 0.000000
vn 0.000000 1.000000 0.000000
vn 0.000000 1.000000 0.000000
vn 0.000000 1.000000 0.000000
vn 0.000000 1.000000 0.000000
vn 0.000000 1.000000 0.000000
vn 0.000000 1.000000 0.000000
vn 0.000000 1.000000 0.000000
vn 0.000000 1.000000 0.000000
vn 0.000000 1.000000 0.000000
vn 0.000000 1.000000 0.000000
vn 0.000000 1.000000 0.000000
vn 0.000000 1.000000 0.000000
vn 0.000000 1.000000 0.000000
vn 0.000000 1.000000 0.000000
vn 0.000000 1.000000 0.000000
vn 0.000000 1.000000 0.000000
vn 0.000000 1.000000 0.000000
vn 0.000000 1.000000 0.000000
vn 0.000000 1.000000 0.000000
vn 0.000000 1.000000 0.000000
vn 0.000000 1.000000 0.000000
vn 0.000000 1.000000 0.000000
vn 0.000000 1.000000 0.000000
vn 0.000000 1.000000 0.000000
vn 0.000000 1.000000 0.000000
vn 0.000000 1.000000 0.000000
vn 0.000000 1.000000 0.000000
vn 0.000000 1.000000 0.000000
vn 0.000000 1.000000 0.000000
vn 0.000000 1.000000 0.000000
vn 0.000000 1.000000 0.000000
vn 0.000000 1.000000 0.000000
vn 0.000000 1.000000 0.000000
vn 0.000000 1.000000 0.000000
vn 0.000000 1.000000 0.000000
vn 0.000000 1.000000 0.000000
vn 0.000000 1.000000 0.000000
vn 0.000000 1.000000 0.000000
vn 0.000000 1.000000 0.000000
vn 0.000000 1.000000 0.000000
vn 0.000000 1.000000 0.000000
vn 0.000000 1.000000 0.000000
vn 0.000000 1.000000 0.000000
vn 0.000000 1.000000 0.000000
vn 0.000000 1.000000 0.000000
vn 0.000000 1.000000 0.000000
vn 0.000000 1.000000 0.000000
vn 0.000000 1.000000 0.000000
vn 0.000000 1.000000 0.000000
vn 0.000000 1.000000 -0.000000
vn 0.000000 1.000000 -0.000000
vn 0.000000 1.000000 0.000000
vn 0.000000 1.000000 0.000000
vn 0.000000 1.000000 0.000000
vn 0.000000 1.000000 0.000000
vn 0.000000 1.000000 0.000000
vn 0.000000 1.000000 0.000000
vn 0.000000 1.000000 0.000000
vn 0.000000 1.000000 0.000000
vn 0.000000 1.000000 0.000000
vn 0.000000 1.000000 0.000000
vn 0.000000 1.000000 0.000000
vn 0.000000 1.000000 0.000000
vn 0.000000 1.000000 0.000000
vn 0.000000 1.000000 0.000000
vn 0.000000 1.000000 0.000000
vn 0.000000 1.000000 0.000000
vn 0.000000 1.000000 0.000000
vn 0.000000 1.000000 0.000000
vn 0.000000 1.000000 0.000000
vn 0.000000 1.000000 0.000000
vn 0.000000 1.000000 0.000000
vn 0.000000 1.000000 0.000000
vn 0.000000 1.000000 0.000000
vn 0.000000 1.000000 0.000000
vn 0.000000 1.000000 0.000000
vn 0.000000 1.000000 0.000000
vn 0.000000 1.000000 0.000000
vn 0.000000 1.000000 0.000000
vn 0.000000 1.000000 0.000000
vn 0.000000 1.000000 0.000000
vn 0.000000 1.000000 0.000000
vn 0.000000 1.000000 0.000000
vn 0.000000 1.000000 0.000000
vn 0.000000 1.000000 0.000000
vn 0.000000 1.000000 0.000000
vn 0.000000 1.000000 0.000000
vn 0.000000 1.000000 0.000000
vn 0.000000 1.000000 0.000000
vn 0.000000 1.000000 0.000000
vn 0.000000 1.000000 -0.000000
vn 0.000000 1.000000 -0.000000
vn 0.000000 1.000000 0.000000
vn 0.000000 1.000000 -0.000000
vn 0.000000 1.000000 -0.000000
vn 0.000000 1.000000 0.000000
vn 0.000000 1.000000 0.000000
vn 0.000000 1.000000 0.000000
vn 0.000000 1.000000 0.000000
vn 0.000000 1.000000 0.000000
vn 0.000000 1.000000 0.000000
vn 0.000000 1.000000 0.000000
vn 0.000000 1.000000 0.000000
vn 0.000000 1.000000 0.000000
vn 0.000000 1.000000 0.000000
vn 0.000000 1.000000 0.000000
vn 0.000000 1.000000 0.000000
vn 0.000000 1.000000 0.000000
vn 0.000000 1.000000 0.000000
vn 0.000000 1.000000 0.000000
vn 0.000000 1.000000 0.000000
vn 0.000000 1.000000 0.000000
vn 0.000000 1.000000 0.000000
vn 0.000000 1.000000 0.000000
vn 0.000000 1.000000 0.000000
vn 0.000000 1.000000 0.000000
vn 0.000000 1.000000 0.000000
vn 0.000000 1.000000 0.000000
vn 0.000000 1.000000 0.000000
vn 0.000000 1.000000 0.000000
vn 0.000000 1.000000 0.000000
vn 0.000000 1.000000 0.000000
vn 0.000000 1.000000 0.000000
vn 0.000000 1.000000 0.000000
vn 0.000000 1.000000 0.000000
vn 0.000000 1.000000 0.000000
vn 0.000000 1.000000 0.000000
vn 0.000000 1.000000 0.000000
vn 0.000000 1.000000 0.000000
vn 0.000000 1.000000 0.000000
vn 0.000000 1.000000 0.000000
vn 0.000000 1.000000 0.000000
vn 0.000000 1.000000 0.000000
vn 0.000000 1.000000 0.000000
vn 0.000000 1.000000 0.000000
vn 0.000000 1.000000 -0.000000
vn 0.000000 1.000000 -0.000000
vn 0.000000 1.000000 0.000000
vn 0.000000 1.000000 0.000000
vn 0.000000 1.000000 -0.000000
vn 0.000000 1.000000 -0.000000
vn 0.000000 1.000000 0.000000
vn 0.000000 1.000000 0.000000
vn 0.000000 1.000000 0.000000
vn 0.000000 1.000000 0.000000
vn 0.000000 1.000000 0.000000
vn 0.000000 1.000000 0.000000
vn 0.000000 1.000000 0.000000
vn 0.000000 1.000000 0.000000
vn 0.000000 1.000000 0.000000
vn 0.000000 1.000000 0.000000
vn 0.000000 1.000000 0.000000
vn 0.000000 1.000000 0.000000
vn 0.000000 1.000000 0.000000
vn 0.000000 1.000000 0.000000
vn 0.000000 1.000000 0.000000
vn 0.000000 1.000000 0.000000
vn 0.000000 1.000000 0.000000
vn 0.000000 1.000000 0.000000
vn 0.000000 1.000000 0.000000
vn 0.000000 1.000000 0.000000
vn 0.000000 1.000000 0.000000
vn 0.000000 1.000000 0.000000
vn 0.000000 1.000000 0.000000
vn 0.000000 1.000000 0.000000
vn 0.000000 1.000000 0.000000
vn 0.000000 1.000000 0.000000
vn 0.000000 1.000000 0.000000
vn 0.000000 1.000000 0.000000
vn 0.000000 1.000000 0.000000
vn 0.000000 1.000000 0.000000
vn 0.000000 1.000000 0.000000
vn 0.000000 1.000000 0.000000
vn 0.000000 1.000000 0.000000
vn 0.000000 1.000000 -0.000000
vn 0.000000 1.000000 -0.000000
vn 0.000000 1.000000 -0.000000
vn 0.000000 1.000000 -0.000000
vn 0.000000 1.000000 0.000000
vn 0.000000 1.000000 0.000000
vn 0.000000 1.000000 0.000000
vn 0.000000 1.000000 -0.000000
vn 0.000000 1.000000 -0.000000
vn 0.000000 1.000000 0.000000
vn 0.000000 1.000000 0.000000
vn 0.000000 1.000000 0.000000
vn 0.000000 1.000000 0.000000
vn 0.000000 1.000000 0.000000
vn 0.000000 1.000000 0.000000
vn 0.000000 1.000000 0.000000
vn 0.000000 1.000000 0.000000
vn 0.000000 1.000000 0.000000
vn 0.000000 1.000000 0.000000
vn 0.000000 1.000000 -0.000000
vn 0.000000 1.000000 -0.000000
vn 0.000000 1.000000 -0.000000
vn 0.000000 1.000000 -0.000000
vn 0.000000 1.000000 0.000000
vn 0.000000 1.000000 0.000000
vn 0.000000 1.000000 -0.000000
vn 0.000000 1.000000 -0.000000
vn 0.000000 1.000000 -0.000000
vn 0.000000 1.000000 -0.000000
vn 0.000000 1.000000 0.000000
vn 0.000000 1.000000 0.000000
vn 0.000000 1.000000 0.000000
vn 0.000000 1.000000 0.000000
vn 0.000000 1.000000 0.000000
vn 0.000000 1.000000 0.000000
vn 0.000000 1.000000 0.000000
vn 0.000000 1.000000 0.000000
vn 0.000000 1.000000 0.000000
vn 0.000000 1.000000 0.000000
vn 0.000000 1.000000 0.000000
vn 0.000000 1.000000 0.000000
vn 0.000000 1.000000 0.000000
vn 0.000000 1.000000 0.000000
vn 0.000000 1.000000 0.000000
vn 0.000000 1.000000 0.000000
vn 0.000000 1.000000 0.000000
vn 0.000000 1.000000 0.000000
vn 0.000000 1.000000 0.000000
vn 0.000000 1.000000 0.000000
vn 0.000000 1.000000 0.000000
vn 0.000000 1.000000 0.000000
vn 0.000000 1.000000 0.000000
vn 0.000000 1.000000 0.000000
vn 0.000000 1.000000 0.000000
vn 0.000000 1.000000 0.000000
vn 0.000000 1.000000 0.000000
vn 0.000000 1.000000 0.000000
vn 0.000000 1.000000 0.000000
vn 0.000000 1.000000 0.000000
vn 0.000000 1.000000 0.000000
vn 0.000000 1.000000 0.000000
vn 0.000000 1.000000 0.000000
vn 0.000000 1.000000 0.000000
vn 0.000000 1.000000 0.000000
vn 0.000000 1.000000 0.000000
vn 0.000000 1.000000 0.000000
vn 0.000000 1.000000 0.000000
vn 0.000000 1.000000 0.000000
vn 0.000000 1.000000 0.000000
vn 0.000000 1.000000 0.000000
vn 0.000000 1.000000 0.000000
vn 0.000000 1.000000 0.000000
vn 0.000000 1.000000 0.000000
vn 0.000000 1.000000 0.000000
vn 0.000000 1.000000 0.000000
vn 0.000000 1.000000 0.000000
vn 0.000000 1.000000 0.000000
vn 0.000000 1.000000 0.000000
vn 0.000000 1.000000 0.000000
vn 0.000000 1.000000 0.000000
vn 0.000000 1.000000 0.000000
vn 0.000000 1.000000 0.000000
vn 0.000000 1.000000 0.000000
vn 0.000000 1.000000 0.000000
vn 0.000000 1.000000 0.000000
vn 0.000000 1.000000 0.000000
vn 0.000000 1.000000 0.000000
vn 0.000000 1.000000 0.000000
vn 0.000000 1.000000 0.000000
vn 0.000000 1.000000 0.000000
vn 0.000000 1.000000 0.000000
vn 0.000000 1.000000 0.000000
vn 0.000000 1.000000 0.000000
vn 0.000000 1.000000 0.000000
vn 0.000000 1.000000 0.000000
vn 0.000000 1.000000 0.000000
vn 0.000000 1.000000 0.000000
vn 0.000000 1.000000 0.000000
vn 0.000000 1.000000 0.000000
vn 0.000000 1.000000 0.000000
vn 0.000000 1.000000 0.000000
vn 0.000000 1.000000 0.000000
vn 0.000000 1.000000 0.000000
vn 0.000000 1.000000 0.000000
vn 0.000000 1.000000 0.000000
vn 0.000000 1.000000 0.000000
vn 0.000000 1.000000 0.000000
vn 0.000000 1.000000 0.000000
vn 0.000000 1.000000 0.000000
vn 0.000000 1.000000 0.000000
vn 0.000000 1.000000 0.000000
vn 0.000000 1.000000 0.000000
vn 0.000000 1.000000 0.000000
vn 0.000000 1.000000 0.000000
vn 0.000000 1.000000 0.000000
vn 0.000000 1.000000 0.000000
vn 0.000000 1.000000 0.000000
vn 0.000000 1.000000 0.000000
vn 0.000000 1.000000 0.000000
vn 0.000000 1.000000 0.000000
vn 0.000000 1.000000 0.000000
vn 0.000000 1.000000 0.000000
vn 0.000000 1.000000 0.000000
vn 0.000000 1.000000 0.000000
vn 0.000000 1.000000 0.000000
vn 0.000000 1.000000 0.000000
vn 0.000000 1.000000 0.000000
vn 0.000000 1.000000 0.000000
vn 0.000000 1.000000 0.000000
vn 0.000000 1.000000 0.000000
vn 0.000000 1.000000 0.000000
vn 0.000000 1.000000 0.000000
vn 0.000000 1.000000 0.000000
vn 0.000000 1.000000 0.000000
vn 0.000000 1.000000 0.000000
vn 0.000000 1.000000 0.000000
vn 0.000000 1.000000 0.000000
vn 0.000000 1.000000 0.000000
vn 0.000000 1.000000 0.000000
vn 0.000000 1.000000 0.000000
vn 0.000000 1.000000 0.000000
vn 0.000000 1.000000 0.000000
vn 0.000000 1.000000 0.000000
vn 0.000000 1.000000 0.000000
vn 0.000000 1.000000 0.000000
vn 0.000000 1.000000 0.000000
vn 0.000000 1.000000 0.000000
vn 0.000000 1.000000 0.000000
vn 0.000000 1.000000 0.000000
vn 0.000000 1.000000 0.000000
vn 0.000000 1.000000 0.000000
vn 0.000000 1.000000 0.000000
vn 0.000000 1.000000 0.000000
vn 0.000000 1.000000 0.000000
vn 0.000000 1.000000 0.000000
vn 0.000000 1.000000 0.000000
vn 0.000000 1.000000 0.000000
vn 0.000000 1.000000 0.000000
vn 0.000000 1.000000 0.000000
vn 0.000000 1.000000 0.000000
vn 0.000000 1.000000 0.000000
vn 0.000000 1.000000 0.000000
vn 0.000000 1.000000 0.000000
vn 0.000000 1.000000 0.000000
vn 0.000000 1.000000 0.000000
vn 0.000000 1.000000 0.000000
vn 0.000000 1.000000 0.000000
vn 0.000000 1.000000 0.000000
vn 0.000000 1.000000 0.000000
vn 0.000000 1.000000 0.000000
vn 0.000000 1.000000 0.000000
vn 0.000000 1.000000 0.000000
vn 0.000000 1.000000 0.000000
vn 0.000000 1.000000 0.000000
vn 0.000000 1.000000 0.000000
vn 0.000000 1.000000 0.000000
vn 0.000000 1.000000 0.000000
vn 0.000000 1.000000 0.000000
vn 0.000000 1.000000 0.000000
vn 0.000000 1.000000 0.000000
vn 0.000000 1.000000 0.000000
vn 0.000000 1.000000 0.000000
vn 0.000000 1.000000 0.000000
vn 0.000000 1.000000 0.000000
vn 0.000000 1.000000 0.000000
vn 0.000000 1.000000 0.000000
vn 0.000000 1.000000 0.000000
vn 0.000000 1.000000 0.000000
vn 0.000000 1.000000 0.000000
vn 0.000000 1.000000 0.000000
vn 0.000000 1.000000 0.000000
vn 0.000000 1.000000 0.000000
vn 0.000000 1.000000 0.000000
vn 0.000000 1.000000 0.000000
vn 0.000000 1.000000 0.000000
vn 0.000000 1.000000 0.000000
vn 0.000000 1.000000 0.000000
vn 0.000000 1.000000 0.000000
vn 0.000000 1.000000 0.000000
vn 0.000000 1.000000 0.000000
vn 0.000000 1.000000 0.000000
vn 0.000000 1.000000 0.000000
vn 0.000000 1.000000 0.000000
vn 0.000000 1.000000 0.000000
vn 0.000000 1.000000 0.000000
vn 0.000000 1.000000 0.000000
vn 0.000000 1.000000 0.000000
vn 0.000000 1.000000 0.000000
vn 0.000000 1.000000 0.000000
vn 0.000000 1.000000 0.000000
vn 0.000000 1.000000 0.000000
vn 0.000000 1.000000 0.000000
vn 0.000000 1.000000 0.000000
vn 0.000000 1.000000 0.000000
vn 0.000000 1.000000 0.000000
vn 0.000000 1.000000 0.000000
vn 0.000000 1.000000 0.000000
vn 0.000000 1.000000 0.000000
vn 0.000000 1.000000 0.000000
vn 0.000000 1.000000 0.000000
vn 0.000000 1.000000 0.000000
vn 0.000000 1.000000 -0.000000
vn 0.000000 1.000000 -0.000000
vn 0.000000 1.000000 -0.000000
vn 0.000000 1.000000 -0.000000
vn 0.000000 1.000000 0.000000
vn 0.000000 1.000000 0.000000
vn 0.000000 1.000000 0.000000
vn 0.000000 1.000000 0.000000
vn 0.000000 1.000000 0.000000
vn 0.000000 1.000000 0.000000
vn 0.000000 1.000000 0.000000
vn 0.000000 1.000000 0.000000
vn 0.000000 1.000000 0.000000
vn 0.000000 1.000000 0.000000
vn 0.000000 1.000000 0.000000
vn 0.000000 1.000000 0.000000
vn 0.000000 1.000000 0.000000
vn 0.000000 1.000000 0.000000
vn 0.000000 1.000000 0.000000
vn 0.000000 1.000000 0.000000
vn 0.000000 1.000000 0.000000
vn 0.000000 1.000000 -0.000000
vn 0.000000 1.000000 -0.000000
vn 0.000000 1.000000 -0.000000
vn 0.000000 1.000000 -0.000000
vn 0.000000 1.000000 -0.000000
vn 0.000000 1.000000 0.000000
vn 0.000000 1.000000 -0.000000
vn 0.000000 1.000000 -0.000000
vn 0.000000 1.000000 -0.000000
vn 0.000000 1.000000 -0.000000
vn 0.000000 1.000000 0.000000
vn 0.000000 1.000000 0.000000
vn 0.000000 1.000000 0.000000
vn 0.000000 1.000000 0.000000
vn 0.000000 1.000000 0.000000
vn 0.000000 1.000000 0.000000
vn 0.000000 1.000000 0.000000
vn 0.000000 1.000000 0.000000
vn 0.000000 1.000000 0.000000
vn 0.000000 1.000000 0.000000
vn 0.000000 1.000000 -0.000000
vn 0.000000 1.000000 0.000000
vn 0.000000 1.000000 0.000000
vn 0.000000 1.000000 0.000000
vn 0.000000 1.000000 0.000000
vn 0.000000 1.000000 0.000000
vn 0.000000 1.000000 0.000000
vn 0.000000 1.000000 0.000000
vn 0.000000 1.000000 0.000000
vn 0.000000 1.000000 0.000000
vn 0.000000 1.000000 0.000000
vn 0.000000 1.000000 0.000000
vn 0.000000 1.000000 0.000000
vn 0.000000 1.000000 0.000000
vn 0.000000 1.000000 0.000000
vn 0.000000 1.000000 0.000000
vn 0.000000 1.000000 0.000000
vn 0.000000 1.000000 0.000000
vn 0.000000 1.000000 0.000000
vn 0.000000 1.000000 0.000000
vn 0.000000 1.000000 0.000000
vn 0.000000 1.000000 0.000000
vn 0.000000 1.000000 0.000000
vn 0.000000 1.000000 0.000000
vn 0.000000 1.000000 0.000000
vn 0.000000 1.000000 0.000000
vn 0.000000 1.000000 0.000000
vn 0.000000 1.000000 0.000000
vn 0.000000 1.000000 0.000000
vn 0.000000 1.000000 0.000000
vn 0.000000 1.000000 0.000000
vn 0.000000 1.000000 0.000000
vn 0.000000 1.000000 0.000000
vn 0.000000 1.000000 0.000000
vn 0.000000 1.000000 0.000000
vn 0.000000 1.000000 0.000000
vn 0.000000 1.000000 0.000000
vn 0.000000 1.000000 0.000000
vn 0.000000 1.000000 0.000000
vn 0.000000 1.000000 0.000000
vn 0.000000 1.000000 0.000000
vn 0.000000 1.000000 0.000000
vn 0.000000 1.000000 0.000000
vn 0.000000 1.000000 0.000000
vn 0.000000 1.000000 0.000000
vn 0.000000 1.000000 0.000000
vn 0.000000 1.000000 0.000000
vn 0.000000 1.000000 0.000000
vn 0.000000 1.000000 0.000000
vn 0.000000 1.000000 0.000000
vn 0.000000 1.000000 0.000000
vn 0.000000 1.000000 0.000000
vn 0.000000 1.000000 0.000000
vn 0.000000 1.000000 0.000000
vn 0.000000 1.000000 0.000000
vn 0.000000 1.000000 0.000000
vn 0.000000 1.000000 0.000000
vn 0.000000 1.000000 0.000000
vn 0.000000 1.000000 0.000000
vn 0.000000 1.000000 0.000000
vn 0.000000 1.000000 0.000000
vn 0.000000 1.000000 -0.000000
vn 0.000000 1.000000 0.000000
vn 0.000000 1.000000 0.000000
vn 0.000000 1.000000 0.000000
vn 0.000000 1.000000 0.000000
vn 0.000000 1.000000 -0.000000
vn 0.000000 1.000000 0.000000
vn 0.000000 1.000000 0.000000
vn 0.000000 1.000000 0.000000
vn 0.000000 1.000000 0.000000
vn 0.000000 1.000000 0.000000
vn 0.000000 1.000000 0.000000
vn 0.000000 1.000000 0.000000
vn 0.000000 1.000000 0.000000
vn 0.000000 1.000000 0.000000
vn 0.000000 1.000000 0.000000
vn 0.000000 1.000000 0.000000
vn 0.000000 1.000000 0.000000
vn 0.000000 1.000000 0.000000
vn 0.000000 1.000000 0.000000
vn 0.000000 1.000000 0.000000
vn 0.000000 1.000000 0.000000
vn 0.000000 1.000000 0.000000
vn 0.000000 1.000000 0.000000
vn 0.000000 1.000000 0.000000
vn 0.000000 1.000000 0.000000
vn 0.000000 1.000000 0.000000
vn 0.000000 1.000000 0.000000
vn 0.000000 1.000000 0.000000
vn 0.000000 1.000000 0.000000
vn 0.000000 1.000000 0.000000
vn 0.000000 1.000000 0.000000
vn 0.000000 1.000000 0.000000
vn 0.000000 1.000000 0.000000
vn 0.000000 1.000000 0.000000
vn 0.000000 1.000000 0.000000
vn 0.000000 1.000000 0.000000
vn 0.000000 1.000000 0.000000
vn 0.000000 1.000000 0.000000
vn 0.000000 1.000000 0.000000
vn 0.000000 1.000000 0.000000
vn 0.000000 1.000000 0.000000
vn 0.000000 1.000000 0.000000
vn 0.000000 1.000000 0.000000
vn 0.000000 1.000000 0.000000
vn 0.000000 1.000000 0.000000
vn 0.000000 1.000000 0.000000
vn 0.000000 1.000000 0.000000
vn 0.000000 1.000000 0.000000
vn 0.000000 1.000000 0.000000
vn 0.000000 1.000000 0.000000
vn 0.000000 1.000000 0.000000
vn 0.000000 1.000000 0.000000
vn 0.000000 1.000000 0.000000
vn 0.000000 1.000000 0.000000
vn 0.000000 1.000000 0.000000
vn 0.000000 1.000000 0.000000
vn 0.000000 1.000000 0.000000
vn 0.000000 1.000000 0.000000
vn 0.000000 1.000000 0.000000
vn 0.000000 1.000000 0.000000
vn 0.000000 1.000000 0.000000
vn 0.000000 1.000000 0.000000
vn 0.000000 1.000000 0.000000
vn 0.000000 1.000000 0.000000
vn 0.000000 1.000000 0.000000
vn 0.000000 1.000000 0.000000
vn 0.000000 1.000000 0.000000
vn 0.000000 1.000000 0.000000
vn 0.000000 1.000000 0.000000
vn 0.000000 1.000000 0.000000
vn 0.000000 1.000000 0.000000
vn 0.000000 1.000000 0.000000
vn 0.000000 1.000000 0.000000
vn 0.000000 1.000000 0.000000
vn 0.000000 1.000000 0.000000
vn 0.000000 1.000000 0.000000
vn 0.000000 1.000000 0.000000
vn 0.000000 1.000000 0.000000
vn 0.000000 1.000000 0.000000
vn 0.000000 1.000000 0.000000
vn 0.000000 1.000000 0.000000
vn 0.000000 1.000000 0.000000
vn 0.000000 1.000000 0.000000
vn 0.000000 1.000000 0.000000
vn 0.000000 1.000000 0.000000
vn 0.000000 1.000000 0.000000
vn 0.000000 1.000000 0.000000
vn 0.000000 1.000000 0.000000
vn 0.000000 1.000000 0.000000
vn 0.000000 1.000000 0.000000
vn -0.866026 0.000000 -0.500000
vn -0.896873 0.000000 -0.442288
vn -0.896873 0.000000 -0.442288
vn -0.866026 0.000000 -0.500000
vn 0.934835 0.000000 0.355082
vn 0.866026 0.000000 0.500000
vn 0.866026 0.000000 0.500000
vn 0.934835 0.000000 0.355082
vn -0.923880 0.000000 -0.382683
vn -0.923880 0.000000 -0.382683
vn 0.946122 0.000000 0.323810
vn 0.946122 0.000000 0.323810
vn -0.946930 0.000000 -0.321440
vn -0.946930 0.000000 -0.321440
vn 0.956323 0.000000 0.292313
vn 0.956323 0.000000 0.292313
vn -0.965926 0.000000 -0.258820
vn -0.965926 0.000000 -0.258820
vn 0.973568 0.000000 0.228399
vn 0.973568 0.000000 0.228399
vn -0.980785 0.000000 -0.195090
vn -0.980785 0.000000 -0.195090
vn 0.986501 0.000000 0.163753
vn 0.986501 0.000000 0.163753
vn -0.991445 0.000000 -0.130526
vn -0.991445 0.000000 -0.130526
vn 0.991372 0.000000 0.131077
vn 0.991372 0.000000 0.131077
vn -0.997859 0.000000 -0.065404
vn -0.997859 0.000000 -0.065404
vn 0.995161 0.000000 0.098257
vn 0.995161 0.000000 0.098257
vn -1.000000 0.000000 0.000000
vn -1.000000 0.000000 0.000000
vn 0.999968 0.000000 0.008010
vn 0.999968 0.000000 0.008010
vn -0.997859 0.000000 0.065404
vn -0.997859 0.000000 0.065404
vn 0.996797 0.000000 -0.079976
vn 0.996797 0.000000 -0.079976
vn -0.991445 0.000000 0.130527
vn -0.991445 0.000000 0.130527
vn 0.993707 0.000000 -0.112008
vn 0.993707 0.000000 -0.112008
vn -0.980785 0.000000 0.195090
vn -0.980785 0.000000 0.195090
vn 0.989583 0.000000 -0.143963
vn 0.989583 0.000000 -0.143963
vn -0.965926 0.000000 0.258820
vn -0.965926 0.000000 0.258820
vn 0.980986 0.000000 -0.194081
vn 0.980986 0.000000 -0.194081
vn -0.946930 0.000000 0.321439
vn -0.946930 0.000000 0.321439
vn 0.969966 0.000000 -0.243241
vn 0.969966 0.000000 -0.243241
vn -0.923880 0.000000 0.382683
vn -0.923880 0.000000 0.382683
vn 0.969966 0.000000 -0.243240
vn 0.969966 0.000000 -0.243240
vn -0.896873 0.000000 0.442289
vn -0.896873 0.000000 0.442289
vn -0.866025 0.000000 0.500000
vn -0.866025 0.000000 0.500000
vn -0.831470 0.000000 0.555570
vn -0.831470 0.000000 0.555570
vn -0.793354 0.000000 0.608761
vn -0.793354 0.000000 0.608761
vn 0.993369 0.000000 -0.114969
vn 0.993369 0.000000 -0.114969
vn 0.993369 0.000000 -0.114969
vn 0.993369 0.000000 -0.114969
vn 0.596250 0.000000 -0.802799
vn 0.596250 0.000000 -0.802799
vn 0.596250 0.000000 -0.802799
vn 0.596250 0.000000 -0.802799
vn -0.751840 0.000000 0.659346
vn -0.751840 0.000000 0.659346
vn 0.695636 0.000000 -0.718395
vn 0.695636 0.000000 -0.718394
vn 0.695636 0.000000 -0.718394
vn 0.695636 0.000000 -0.718395
vn -0.707107 0.000000 0.707107
vn -0.707107 0.000000 0.707107
vn 0.658571 0.000000 -0.752519
vn 0.658571 0.000000 -0.752519
vn -0.659346 0.000000 0.751840
vn -0.659346 0.000000 0.751840
vn 0.619467 0.000000 -0.785023
vn 0.619467 0.000000 -0.785023
vn -0.608761 0.000000 0.793354
vn -0.608761 0.000000 0.793354
vn 0.593856 0.000000 -0.804572
vn 0.593856 0.000000 -0.804572
vn -0.555570 0.000000 0.831470
vn -0.555570 0.000000 0.831470
vn 0.567660 0.000000 -0.823263
vn 0.567660 0.000000 -0.823263
vn -0.500000 0.000000 0.866025
vn -0.500000 0.000000 0.866025
vn 0.493048 0.000000 -0.870002
vn 0.493048 0.000000 -0.870002
vn -0.442289 0.000000 0.896873
vn -0.442289 0.000000 0.896873
vn 0.412487 0.000000 -0.910964
vn 0.412487 0.000000 -0.910964
vn -0.382683 0.000000 0.923880
vn -0.382683 0.000000 0.923880
vn 0.382170 0.000000 -0.924092
vn 0.382170 0.000000 -0.924092
vn -0.321440 0.000000 0.946930
vn -0.321440 0.000000 0.946930
vn 0.351436 0.000000 -0.936212
vn 0.351436 0.000000 -0.936212
vn -0.258820 0.000000 0.965926
vn -0.258820 0.000000 0.965926
vn 0.288985 0.000000 -0.957334
vn 0.288985 0.000000 -0.957334
vn -0.195090 0.000000 0.980786
vn -0.195090 0.000000 0.980786
vn 0.225011 0.000000 -0.974356
vn 0.225011 0.000000 -0.974356
vn -0.130527 0.000000 0.991445
vn -0.130527 0.000000 0.991445
vn 0.192634 0.000000 -0.981271
vn 0.192634 0.000000 -0.981271
vn -0.065403 0.000000 0.997859
vn -0.065403 0.000000 0.997859
vn 0.159908 0.000000 -0.987132
vn 0.159908 0.000000 -0.987132
vn 0.000000 0.000000 1.000000
vn 0.000000 0.000000 1.000000
vn -0.000000 0.000000 -1.000000
vn -0.000000 0.000000 -1.000000
vn 0.065403 0.000000 0.997859
vn 0.065403 0.000000 0.997859
vn -0.159908 0.000000 -0.987132
vn -0.159908 0.000000 -0.987132
vn 0.130527 0.000000 0.991445
vn 0.130527 0.000000 0.991445
vn -0.192634 0.000000 -0.981271
vn -0.192634 0.000000 -0.981271
vn 0.195091 0.000000 0.980785
vn 0.195091 0.000000 0.980785
vn -0.225011 0.000000 -0.974356
vn -0.225011 0.000000 -0.974356
vn 0.258820 0.000000 0.965926
vn 0.258820 0.000000 0.965926
vn -0.288985 0.000000 -0.957334
vn -0.288985 0.000000 -0.957334
vn 0.321439 0.000000 0.946930
vn 0.321439 0.000000 0.946930
vn -0.351436 0.000000 -0.936212
vn -0.351436 0.000000 -0.936212
vn 0.382683 0.000000 0.923880
vn 0.382683 0.000000 0.923880
vn -0.382170 0.000000 -0.924092
vn -0.382170 0.000000 -0.924092
vn 0.442289 0.000000 0.896873
vn 0.442289 0.000000 0.896873
vn -0.412487 0.000000 -0.910964
vn -0.412487 0.000000 -0.910964
vn 0.500001 0.000000 0.866025
vn 0.500001 0.000000 0.866025
vn -0.493048 0.000000 -0.870002
vn -0.493048 0.000000 -0.870002
vn 0.555571 0.000000 0.831469
vn 0.555571 0.000000 0.831469
vn -0.567660 0.000000 -0.823263
vn -0.567660 0.000000 -0.823263
vn 0.608761 0.000000 0.793354
vn 0.608761 0.000000 0.793354
vn -0.593856 0.000000 -0.804572
vn -0.593856 0.000000 -0.804572
vn 0.659345 0.000000 0.751840
vn 0.659345 0.000000 0.751840
vn -0.619467 0.000000 -0.785023
vn -0.619467 0.000000 -0.785023
vn 0.707107 0.000000 0.707106
vn 0.707107 0.000000 0.707106
vn -0.658571 0.000000 -0.752518
vn -0.658571 0.000000 -0.752518
vn 0.751840 0.000000 0.659346
vn 0.751840 0.000000 0.659346
vn -0.695636 0.000000 -0.718394
vn -0.695636 0.000000 -0.718394
vn 0.793353 0.000000 0.608762
vn 0.793353 0.000000 0.608762
vn -0.695636 0.000000 -0.718394
vn -0.695636 0.000000 -0.718394
vn 0.831469 0.000000 0.555570
vn 0.831469 0.000000 0.555570
vn 0.866026 0.000000 0.500000
vn 0.866026 0.000000 0.500000
vn 0.896873 0.000000 0.442288
vn 0.896873 0.000000 0.442288
vn 0.923880 0.000000 0.382683
vn 0.923880 0.000000 0.382683
vn -0.596251 0.000000 -0.802798
vn -0.596251 0.000000 -0.802798
vn -0.596251 0.000000 -0.802798
vn -0.596251 0.000000 -0.802798
vn -0.993369 0.000000 -0.114969
vn -0.993369 0.000000 -0.114969
vn -0.993369 0.000000 -0.114969
vn -0.993369 0.000000 -0.114969
vn 0.946930 0.000000 0.321440
vn 0.946930 0.000000 0.321440
vn -0.969966 0.000000 -0.243241
vn -0.969966 0.000000 -0.243241
vn -0.969966 0.000000 -0.243241
vn -0.969966 0.000000 -0.243241
vn 0.965926 0.000000 0.258819
vn 0.965926 0.000000 0.258819
vn -0.980986 0.000000 -0.194080
vn -0.980986 0.000000 -0.194080
vn 0.980785 0.000000 0.195090
vn 0.980785 0.000000 0.195090
vn -0.989583 0.000000 -0.143962
vn -0.989583 0.000000 -0.143962
vn 0.991445 0.000000 0.130526
vn 0.991445 0.000000 0.130526
vn -0.993707 0.000000 -0.112008
vn -0.993707 0.000000 -0.112008
vn 0.997859 0.000000 0.065404
vn 0.997859 0.000000 0.065404
vn -0.996797 0.000000 -0.079976
vn -0.996797 0.000000 -0.079976
vn 1.000000 0.000000 0.000000
vn 1.000000 0.000000 0.000000
vn -0.999968 0.000000 0.008010
vn -0.999968 0.000000 0.008010
vn 0.997859 0.000000 -0.065404
vn 0.997859 0.000000 -0.065404
vn -0.995161 0.000000 0.098257
vn -0.995161 0.000000 0.098257
vn 0.991445 0.000000 -0.130527
vn 0.991445 0.000000 -0.130527
vn -0.991372 0.000000 0.131077
vn -0.991372 0.000000 0.131077
vn 0.980785 0.000000 -0.195090
vn 0.980785 0.000000 -0.195090
vn -0.986501 0.000000 0.163753
vn -0.986501 0.000000 0.163753
vn 0.965926 0.000000 -0.258820
vn 0.965926 0.000000 -0.258820
vn -0.973568 0.000000 0.228399
vn -0.973568 0.000000 0.228399
vn 0.946930 0.000000 -0.321439
vn 0.946930 0.000000 -0.321439
vn -0.956323 0.000000 0.292313
vn -0.956323 0.000000 0.292313
vn 0.923880 0.000000 -0.382683
vn 0.923880 0.000000 -0.382683
vn -0.946122 0.000000 0.323810
vn -0.946122 0.000000 0.323810
vn 0.896872 0.000000 -0.442289
vn 0.896872 0.000000 -0.442289
vn -0.934835 0.000000 0.355083
vn -0.934835 0.000000 0.355083
vn 0.866025 0.000000 -0.500000
vn 0.866025 0.000000 -0.500000
vn -0.866025 0.000000 0.500000
vn -0.866025 0.000000 0.500000
vn 0.831470 0.000000 -0.555570
vn 0.831470 0.000000 -0.555570
vn -0.774928 0.000000 0.632050
vn -0.774928 0.000000 0.632050
vn 0.793353 0.000000 -0.608761
vn 0.793353 0.000000 -0.608761
vn -0.753489 0.000000 0.657461
vn -0.753489 0.000000 0.657461
vn 0.751839 0.000000 -0.659346
vn 0.751839 0.000000 -0.659346
vn -0.731312 0.000000 0.682043
vn -0.731312 0.000000 0.682043
vn 0.707106 0.000000 -0.707108
vn 0.707106 0.000000 -0.707108
vn -0.684583 0.000000 0.728935
vn -0.684583 0.000000 0.728935
vn 0.659346 0.000000 -0.751840
vn 0.659346 0.000000 -0.751840
vn -0.635065 0.000000 0.772459
vn -0.635065 0.000000 0.772459
vn 0.608762 0.000000 -0.793353
vn 0.608762 0.000000 -0.793353
vn -0.609202 0.000000 0.793015
vn -0.609202 0.000000 0.793015
vn 0.555570 0.000000 -0.831470
vn 0.555570 0.000000 -0.831470
vn -0.582674 0.000000 0.812706
vn -0.582674 0.000000 0.812706
vn 0.500000 0.000000 -0.866026
vn 0.500000 0.000000 -0.866026
vn -0.506920 0.000000 0.861993
vn -0.506920 0.000000 0.861993
vn 0.442288 0.000000 -0.896873
vn 0.442288 0.000000 -0.896873
vn -0.429137 0.000000 0.903240
vn -0.429137 0.000000 0.903240
vn 0.382683 0.000000 -0.923880
vn 0.382683 0.000000 -0.923880
vn -0.399851 0.000000 0.916580
vn -0.399851 0.000000 0.916580
vn 0.321440 0.000000 -0.946930
vn 0.321440 0.000000 -0.946930
vn -0.370116 0.000000 0.928986
vn -0.370116 0.000000 0.928986
vn 0.258819 0.000000 -0.965926
vn 0.258819 0.000000 -0.965926
vn -0.322415 0.000000 0.946599
vn -0.322415 0.000000 0.946599
vn 0.195090 0.000000 -0.980785
vn 0.195090 0.000000 -0.980785
vn -0.274330 0.000000 0.961636
vn -0.274330 0.000000 0.961636
vn 0.130526 0.000000 -0.991445
vn 0.130526 0.000000 -0.991445
vn -0.274329 0.000000 0.961636
vn -0.274329 0.000000 0.961636
vn 0.065403 0.000000 -0.997859
vn 0.065403 0.000000 -0.997859
vn 0.000000 0.000000 -1.000000
vn 0.000000 0.000000 -1.000000
vn -0.065403 0.000000 -0.997859
vn -0.065403 0.000000 -0.997859
vn -0.130527 0.000000 -0.991445
vn -0.130527 0.000000 -0.991445
vn -0.397118 0.000000 0.917768
vn -0.397118 0.000000 0.917768
vn -0.397118 0.000000 0.917768
vn -0.397118 0.000000 0.917768
vn 0.397118 0.000000 0.917768
vn 0.397118 0.000000 0.917768
vn 0.397118 0.000000 0.917768
vn 0.397118 0.000000 0.917768
vn -0.195091 0.000000 -0.980785
vn -0.195091 0.000000 -0.980785
vn 0.274331 0.000000 0.961636
vn 0.274331 0.000000 0.961635
vn 0.274331 0.000000 0.961635
vn 0.274331 0.000000 0.961636
vn -0.258820 0.000000 -0.965926
vn -0.258820 0.000000 -0.965926
vn 0.322414 0.000000 0.946599
vn 0.322414 0.000000 0.946599
vn -0.321439 0.000000 -0.946930
vn -0.321439 0.000000 -0.946930
vn 0.370116 0.000000 0.928986
vn 0.370116 0.000000 0.928986
vn -0.382683 0.000000 -0.923880
vn -0.382683 0.000000 -0.923880
vn 0.399852 0.000000 0.916580
vn 0.399852 0.000000 0.916580
vn -0.442290 0.000000 -0.896872
vn -0.442290 0.000000 -0.896872
vn 0.429137 0.000000 0.903239
vn 0.429137 0.000000 0.903239
vn -0.500001 0.000000 -0.866025
vn -0.500001 0.000000 -0.866025
vn 0.506920 0.000000 0.861993
vn 0.506920 0.000000 0.861993
vn -0.555570 0.000000 -0.831470
vn -0.555570 0.000000 -0.831470
vn 0.582674 0.000000 0.812706
vn 0.582674 0.000000 0.812706
vn -0.608761 0.000000 -0.793354
vn -0.608761 0.000000 -0.793354
vn 0.609202 0.000000 0.793015
vn 0.609202 0.000000 0.793015
vn -0.659345 0.000000 -0.751840
vn -0.659345 0.000000 -0.751840
vn 0.635065 0.000000 0.772459
vn 0.635065 0.000000 0.772459
vn -0.707108 0.000000 -0.707106
vn -0.707108 0.000000 -0.707106
vn 0.684583 0.000000 0.728935
vn 0.684583 0.000000 0.728935
vn -0.751841 0.000000 -0.659345
vn -0.751841 0.000000 -0.659345
vn 0.731312 0.000000 0.682043
vn 0.731312 0.000000 0.682043
vn -0.793353 0.000000 -0.608762
vn -0.793353 0.000000 -0.608762
vn 0.753489 0.000000 0.657460
vn 0.753489 0.000000 0.657460
vn -0.831469 0.000000 -0.555570
vn -0.831469 0.000000 -0.555570
vn 0.774928 0.000000 0.632050
vn 0.774928 0.000000 0.632050
s 1
g pDisc1
usemtl blinn4SG
f 221/221/1 65/65/2 218/218/3 222/222/4
f 218/218/3 23/23/5 219/219/6 222/222/4
f 219/219/6 62/62/7 220/220/8 222/222/4
f 220/220/8 66/66/9 221/221/1 222/222/4
f 220/220/8 62/62/7 223/223/10 226/226/11
f 223/223/10 11/11/12 224/224/13 226/226/11
f 224/224/13 63/63/14 225/225/15 226/226/11
f 225/225/15 66/66/9 220/220/8 226/226/11
f 225/225/15 63/63/14 227/227/16 230/230/17
f 227/227/16 20/20/18 228/228/19 230/230/17
f 228/228/19 64/64/20 229/229/21 230/230/17
f 229/229/21 66/66/9 225/225/15 230/230/17
f 229/229/21 64/64/20 231/231/22 233/233/23
f 231/231/22 24/24/24 232/232/25 233/233/23
f 232/232/25 65/65/2 221/221/1 233/233/23
f 221/221/1 66/66/9 229/229/21 233/233/23
f 236/236/26 64/64/20 228/228/19 237/237/27
f 228/228/19 20/20/18 234/234/28 237/237/27
f 234/234/28 67/67/29 235/235/30 237/237/27
f 235/235/30 70/70/31 236/236/26 237/237/27
f 235/235/30 67/67/29 238/238/32 241/241/33
s 2
f 815/821/34 816/818/35 817/819/36 818/820/37
f 817/819/36 819/822/38 820/823/39 818/820/37
s 1
f 240/240/40 70/70/31 235/235/30 241/241/33
s 2
f 820/823/39 819/822/38 821/824/41 822/825/42
f 821/824/41 823/826/43 824/827/44 822/825/42
s 1
f 243/243/45 69/69/46 244/244/47 245/245/48
f 244/244/47 70/70/31 240/240/40 245/245/48
f 244/244/47 69/69/46 246/246/49 247/247/50
f 246/246/49 24/24/24 231/231/22 247/247/50
f 231/231/22 64/64/20 236/236/26 247/247/50
f 236/236/26 70/70/31 244/244/47 247/247/50
f 250/250/51 69/69/46 243/243/45 251/251/52
s 2
f 824/827/44 823/826/43 825/828/53 826/829/54
f 825/828/53 827/830/55 828/831/56 826/829/54
s 1
f 249/249/57 74/74/58 250/250/51 251/251/52
s 2
f 828/831/56 827/830/55 829/832/59 830/833/60
f 829/832/59 831/834/61 832/835/62 830/833/60
s 1
f 253/253/63 72/72/64 254/254/65 255/255/66
f 254/254/65 74/74/58 249/249/57 255/255/66
f 254/254/65 72/72/64 256/256/67 259/259/68
f 256/256/67 22/22/69 257/257/70 259/259/68
f 257/257/70 73/73/71 258/258/72 259/259/68
f 258/258/72 74/74/58 254/254/65 259/259/68
f 258/258/72 73/73/71 260/260/73 261/261/74
f 260/260/73 24/24/24 246/246/49 261/261/74
f 246/246/49 69/69/46 250/250/51 261/261/74
f 250/250/51 74/74/58 258/258/72 261/261/74
f 264/264/75 73/73/71 257/257/70 265/265/76
f 257/257/70 22/22/69 262/262/77 265/265/76
f 262/262/77 75/75/78 263/263/79 265/265/76
f 263/263/79 77/77/80 264/264/75 265/265/76
f 263/263/79 75/75/78 266/266/81 269/269/82
f 266/266/81 12/12/83 267/267/84 269/269/82
f 267/267/84 76/76/85 268/268/86 269/269/82
f 268/268/86 77/77/80 263/263/79 269/269/82
f 268/268/86 76/76/85 270/270/87 272/272/88
f 270/270/87 23/23/5 218/218/3 272/272/88
f 218/218/3 65/65/2 271/271/89 272/272/88
f 271/271/89 77/77/80 268/268/86 272/272/88
f 271/271/89 65/65/2 232/232/25 273/273/90
f 232/232/25 24/24/24 260/260/73 273/273/90
f 260/260/73 73/73/71 264/264/75 273/273/90
f 264/264/75 77/77/80 271/271/89 273/273/90
f 276/276/91 80/80/92 274/274/93 277/277/94
f 274/274/93 22/22/69 256/256/67 277/277/94
f 256/256/67 72/72/64 275/275/95 277/277/94
f 275/275/95 81/81/96 276/276/91 277/277/94
f 275/275/95 72/72/64 253/253/63 280/280/97
s 2
f 832/835/62 831/834/61 833/836/98 834/837/99
f 833/836/98 835/838/100 836/839/101 834/837/99
s 1
f 279/279/102 81/81/96 275/275/95 280/280/97
s 2
f 836/839/101 835/838/100 837/840/103 838/841/104
f 837/840/103 839/842/105 840/843/106 838/841/104
s 1
f 282/282/107 79/79/108 283/283/109 284/284/110
f 283/283/109 81/81/96 279/279/102 284/284/110
f 283/283/109 79/79/108 285/285/111 287/287/112
f 285/285/111 28/28/113 286/286/114 287/287/112
f 286/286/114 80/80/92 276/276/91 287/287/112
f 276/276/91 81/81/96 283/283/109 287/287/112
f 290/290/115 79/79/108 282/282/107 291/291/116
s 2
f 840/843/106 839/842/105 841/844/117 842/845/118
f 841/844/117 843/846/119 844/847/120 842/845/118
s 1
f 289/289/121 85/85/122 290/290/115 291/291/116
s 2
f 844/847/120 843/846/119 845/848/123 846/295/124
f 845/848/123 847/849/125 848/850/126 846/295/124
f 848/850/126 849/851/127 850/852/128 846/295/124
f 850/852/128 851/853/129 844/847/120 846/295/124
f 850/852/128 849/851/127 852/854/130 853/855/131
f 852/854/130 854/856/132 855/857/133 853/855/131
s 1
f 296/297/134 84/84/135 297/298/136 298/299/137
f 297/298/136 85/85/122 294/294/138 298/299/137
f 297/298/136 84/84/135 299/300/139 300/301/140
f 299/300/139 28/28/113 285/285/111 300/301/140
f 285/285/111 79/79/108 290/290/115 300/301/140
f 290/290/115 85/85/122 297/298/136 300/301/140
f 303/304/141 84/84/135 296/297/134 304/305/142
s 2
f 855/857/133 854/856/132 856/858/143 857/859/144
f 856/858/143 858/860/145 859/861/146 857/859/144
s 1
f 302/303/147 89/89/148 303/304/141 304/305/142
s 2
f 859/861/146 858/860/145 860/862/149 861/863/150
f 860/862/149 862/864/151 863/865/152 861/863/150
s 1
f 306/307/153 87/87/154 307/308/155 308/309/156
f 307/308/155 89/89/148 302/303/147 308/309/156
f 307/308/155 87/87/154 309/310/157 312/313/158
f 309/310/157 27/27/159 310/311/160 312/313/158
f 310/311/160 88/88/161 311/312/162 312/313/158
f 311/312/162 89/89/148 307/308/155 312/313/158
f 311/312/162 88/88/161 313/314/163 314/315/164
f 313/314/163 28/28/113 299/300/139 314/315/164
f 299/300/139 84/84/135 303/304/141 314/315/164
f 303/304/141 89/89/148 311/312/162 314/315/164
f 317/318/165 88/88/161 310/311/160 318/319/166
f 310/311/160 27/27/159 315/316/167 318/319/166
f 315/316/167 90/90/168 316/317/169 318/319/166
f 316/317/169 91/91/170 317/318/165 318/319/166
f 316/317/169 90/90/168 319/320/171 321/322/172
f 319/320/171 12/12/83 266/266/81 321/322/172
f 266/266/81 75/75/78 320/321/173 321/322/172
f 320/321/173 91/91/170 316/317/169 321/322/172
f 320/321/173 75/75/78 262/262/77 323/324/174
f 262/262/77 22/22/69 274/274/93 323/324/174
f 274/274/93 80/80/92 322/323/175 323/324/174
f 322/323/175 91/91/170 320/321/173 323/324/174
f 322/323/175 80/80/92 286/286/114 324/325/176
f 286/286/114 28/28/113 313/314/163 324/325/176
f 313/314/163 88/88/161 317/318/165 324/325/176
f 317/318/165 91/91/170 322/323/175 324/325/176
f 327/328/177 94/94/178 325/326/179 328/329/180
f 325/326/179 27/27/159 309/310/157 328/329/180
f 309/310/157 87/87/154 326/327/181 328/329/180
f 326/327/181 95/95/182 327/328/177 328/329/180
f 326/327/181 87/87/154 306/307/153 331/332/183
s 2
f 863/865/152 862/864/151 864/866/184 865/867/185
f 864/866/184 866/868/186 867/869/187 865/867/185
s 1
f 330/331/188 95/95/182 326/327/181 331/332/183
s 2
f 867/869/187 866/868/186 868/870/189 869/871/190
f 868/870/189 870/872/191 871/873/192 869/871/190
s 1
f 333/334/193 93/93/194 334/335/195 335/336/196
f 334/335/195 95/95/182 330/331/188 335/336/196
f 334/335/195 93/93/194 336/337/197 338/339/198
f 336/337/197 32/32/199 337/338/200 338/339/198
f 337/338/200 94/94/178 327/328/177 338/339/198
f 327/328/177 95/95/182 334/335/195 338/339/198
f 341/342/201 93/93/194 333/334/193 342/343/202
s 2
f 871/873/192 870/872/191 872/874/203 873/875/204
f 872/874/203 874/876/205 875/877/206 873/875/204
s 1
f 340/341/207 99/99/208 341/342/201 342/343/202
s 2
f 875/877/206 874/876/205 876/878/209 877/879/210
f 876/878/209 878/880/211 879/881/212 877/879/210
s 1
f 344/345/213 97/97/214 345/346/215 346/347/216
f 345/346/215 99/99/208 340/341/207 346/347/216
f 345/346/215 97/97/214 347/348/217 350/351/218
f 347/348/217 30/30/219 348/349/220 350/351/218
f 348/349/220 98/98/221 349/350/222 350/351/218
f 349/350/222 99/99/208 345/346/215 350/351/218
f 349/350/222 98/98/221 351/352/223 352/353/224
f 351/352/223 32/32/199 336/337/197 352/353/224
f 336/337/197 93/93/194 341/342/201 352/353/224
f 341/342/201 99/99/208 349/350/222 352/353/224
f 355/356/225 98/98/221 348/349/220 356/357/226
f 348/349/220 30/30/219 353/354/227 356/357/226
f 353/354/227 100/100/228 354/355/229 356/357/226
f 354/355/229 103/103/230 355/356/225 356/357/226
f 354/355/229 100/100/228 357/358/231 360/361/232
f 357/358/231 10/10/233 358/359/234 360/361/232
f 358/359/234 101/101/235 359/360/236 360/361/232
f 359/360/236 103/103/230 354/355/229 360/361/232
f 359/360/236 101/101/235 361/362/237 364/365/238
f 361/362/237 31/31/239 362/363/240 364/365/238
f 362/363/240 102/102/241 363/364/242 364/365/238
f 363/364/242 103/103/230 359/360/236 364/365/238
f 363/364/242 102/102/241 365/366/243 366/367/244
f 365/366/243 32/32/199 351/352/223 366/367/244
f 351/352/223 98/98/221 355/356/225 366/367/244
f 355/356/225 103/103/230 363/364/242 366/367/244
f 369/370/245 102/102/241 362/363/240 370/371/246
f 362/363/240 31/31/239 367/368/247 370/371/246
f 367/368/247 104/104/248 368/369/249 370/371/246
f 368/369/249 105/105/250 369/370/245 370/371/246
f 368/369/249 104/104/248 371/372/251 373/374/252
f 371/372/251 12/12/83 319/320/171 373/374/252
f 319/320/171 90/90/168 372/373/253 373/374/252
f 372/373/253 105/105/250 368/369/249 373/374/252
f 372/373/253 90/90/168 315/316/167 375/376/254
f 315/316/167 27/27/159 325/326/179 375/376/254
f 325/326/179 94/94/178 374/375/255 375/376/254
f 374/375/255 105/105/250 372/373/253 375/376/254
f 374/375/255 94/94/178 337/338/200 376/377/256
f 337/338/200 32/32/199 365/366/243 376/377/256
f 365/366/243 102/102/241 369/370/245 376/377/256
f 369/370/245 105/105/250 374/375/255 376/377/256
f 379/380/257 108/108/258 377/378/259 380/381/260
f 377/378/259 31/31/239 361/362/237 380/381/260
f 361/362/237 101/101/235 378/379/261 380/381/260
f 378/379/261 109/109/262 379/380/257 380/381/260
f 378/379/261 101/101/235 358/359/234 383/384/263
f 358/359/234 10/10/233 381/382/264 383/384/263
f 381/382/264 106/106/265 382/383/266 383/384/263
f 382/383/266 109/109/262 378/379/261 383/384/263
f 382/383/266 106/106/265 384/385/267 387/388/268
f 384/385/267 33/33/269 385/386/270 387/388/268
f 385/386/270 107/107/271 386/387/272 387/388/268
f 386/387/272 109/109/262 382/383/266 387/388/268
f 386/387/272 107/107/271 388/389/273 390/391/274
f 388/389/273 35/35/275 389/390/276 390/391/274
f 389/390/276 108/108/258 379/380/257 390/391/274
f 379/380/257 109/109/262 386/387/272 390/391/274
f 393/394/277 107/107/271 385/386/270 394/395/278
f 385/386/270 33/33/269 391/392/279 394/395/278
f 391/392/279 110/110/280 392/393/281 394/395/278
f 392/393/281 113/113/282 393/394/277 394/395/278
f 392/393/281 110/110/280 395/396/283 398/399/284
f 395/396/283 7/7/285 396/397/286 398/399/284
f 396/397/286 111/111/287 397/398/288 398/399/284
f 397/398/288 113/113/282 392/393/281 398/399/284
f 397/398/288 111/111/287 399/400/289 402/403/290
f 399/400/289 34/34/291 400/401/292 402/403/290
f 400/401/292 112/112/293 401/402/294 402/403/290
f 401/402/294 113/113/282 397/398/288 402/403/290
f 401/402/294 112/112/293 403/404/295 404/405/296
f 403/404/295 35/35/275 388/389/273 404/405/296
f 388/389/273 107/107/271 393/394/277 404/405/296
f 393/394/277 113/113/282 401/402/294 404/405/296
f 407/408/297 112/112/293 400/401/292 408/409/298
f 400/401/292 34/34/291 405/406/299 408/409/298
f 405/406/299 114/114/300 406/407/301 408/409/298
f 406/407/301 116/116/302 407/408/297 408/409/298
f 406/407/301 114/114/300 409/410/303 411/412/304
f 409/410/303 11/11/12 223/223/10 411/412/304
f 223/223/10 62/62/7 410/411/305 411/412/304
f 410/411/305 116/116/302 406/407/301 411/412/304
f 410/411/305 62/62/7 219/219/6 414/415/306
f 219/219/6 23/23/5 412/413/307 414/415/306
f 412/413/307 115/115/308 413/414/309 414/415/306
f 413/414/309 116/116/302 410/411/305 414/415/306
f 413/414/309 115/115/308 415/416/310 416/417/311
f 415/416/310 35/35/275 403/404/295 416/417/311
f 403/404/295 112/112/293 407/408/297 416/417/311
f 407/408/297 116/116/302 413/414/309 416/417/311
f 418/419/312 115/115/308 412/413/307 419/420/313
f 412/413/307 23/23/5 270/270/87 419/420/313
f 270/270/87 76/76/85 417/418/314 419/420/313
f 417/418/314 117/117/315 418/419/312 419/420/313
f 417/418/314 76/76/85 267/267/84 421/422/316
f 267/267/84 12/12/83 371/372/251 421/422/316
f 371/372/251 104/104/248 420/421/317 421/422/316
f 420/421/317 117/117/315 417/418/314 421/422/316
f 420/421/317 104/104/248 367/368/247 423/424/318
f 367/368/247 31/31/239 377/378/259 423/424/318
f 377/378/259 108/108/258 422/423/319 423/424/318
f 422/423/319 117/117/315 420/421/317 423/424/318
f 422/423/319 108/108/258 389/390/276 424/425/320
f 389/390/276 35/35/275 415/416/310 424/425/320
f 415/416/310 115/115/308 418/419/312 424/425/320
f 418/419/312 117/117/315 422/423/319 424/425/320
f 428/429/321 120/120/322 425/426/323 429/430/324
f 425/426/323 38/38/325 426/427/326 429/430/324
f 426/427/326 118/118/327 427/428/328 429/430/324
f 427/428/328 121/121/329 428/429/321 429/430/324
f 427/428/328 118/118/327 430/431/330 432/433/331
f 430/431/330 10/10/233 357/358/231 432/433/331
f 357/358/231 100/100/228 431/432/332 432/433/331
f 431/432/332 121/121/329 427/428/328 432/433/331
f 431/432/332 100/100/228 353/354/227 435/436/333
f 353/354/227 30/30/219 433/434/334 435/436/333
f 433/434/334 119/119/335 434/435/336 435/436/333
f 434/435/336 121/121/329 431/432/332 435/436/333
f 434/435/336 119/119/335 436/437/337 438/439/338
f 436/437/337 39/39/339 437/438/340 438/439/338
f 437/438/340 120/120/322 428/429/321 438/439/338
f 428/429/321 121/121/329 434/435/336 438/439/338
f 440/441/341 119/119/335 433/434/334 441/442/342
f 433/434/334 30/30/219 347/348/217 441/442/342
f 347/348/217 97/97/214 439/440/343 441/442/342
f 439/440/343 124/124/344 440/441/341 441/442/342
f 439/440/343 97/97/214 344/345/213 444/445/345
s 2
f 879/881/212 878/880/211 880/882/346 881/883/347
f 880/882/346 882/884/348 883/885/349 881/883/347
s 1
f 443/444/350 124/124/344 439/440/343 444/445/345
s 2
f 883/885/349 882/884/348 884/886/351 885/887/352
f 884/886/351 886/888/353 887/889/354 885/887/352
s 1
f 446/447/355 123/123/356 447/448/357 448/449/358
f 447/448/357 124/124/344 443/444/350 448/449/358
f 447/448/357 123/123/356 449/450/359 450/451/360
f 449/450/359 39/39/339 436/437/337 450/451/360
f 436/437/337 119/119/335 440/441/341 450/451/360
f 440/441/341 124/124/344 447/448/357 450/451/360
f 453/454/361 123/123/356 446/447/355 454/455/362
s 2
f 887/889/354 886/888/353 888/890/363 889/891/364
f 888/890/363 890/892/365 891/893/366 889/891/364
s 1
f 452/453/367 128/128/368 453/454/361 454/455/362
s 2
f 891/893/366 890/892/365 892/894/369 893/895/370
f 892/894/369 894/896/371 895/897/372 893/895/370
s 1
f 456/457/373 126/126/374 457/458/375 458/459/376
f 457/458/375 128/128/368 452/453/367 458/459/376
f 457/458/375 126/126/374 459/460/377 462/463/378
f 459/460/377 37/37/379 460/461/380 462/463/378
f 460/461/380 127/127/381 461/462/382 462/463/378
f 461/462/382 128/128/368 457/458/375 462/463/378
f 461/462/382 127/127/381 463/464/383 464/465/384
f 463/464/383 39/39/339 449/450/359 464/465/384
f 449/450/359 123/123/356 453/454/361 464/465/384
f 453/454/361 128/128/368 461/462/382 464/465/384
f 467/468/385 127/127/381 460/461/380 468/469/386
f 460/461/380 37/37/379 465/466/387 468/469/386
f 465/466/387 129/129/388 466/467/389 468/469/386
f 466/467/389 131/131/390 467/468/385 468/469/386
f 466/467/389 129/129/388 469/470/391 472/473/392
f 469/470/391 16/16/393 470/471/394 472/473/392
f 470/471/394 130/130/395 471/472/396 472/473/392
f 471/472/396 131/131/390 466/467/389 472/473/392
f 471/472/396 130/130/395 473/474/397 475/476/398
f 473/474/397 38/38/325 425/426/323 475/476/398
f 425/426/323 120/120/322 474/475/399 475/476/398
f 474/475/399 131/131/390 471/472/396 475/476/398
f 474/475/399 120/120/322 437/438/340 476/477/400
f 437/438/340 39/39/339 463/464/383 476/477/400
f 463/464/383 127/127/381 467/468/385 476/477/400
f 467/468/385 131/131/390 474/475/399 476/477/400
f 479/480/401 134/134/402 477/478/403 480/481/404
f 477/478/403 37/37/379 459/460/377 480/481/404
f 459/460/377 126/126/374 478/479/405 480/481/404
f 478/479/405 135/135/406 479/480/401 480/481/404
f 478/479/405 126/126/374 456/457/373 483/484/407
s 2
f 895/897/372 894/896/371 896/898/408 897/899/409
f 896/898/408 898/900/410 899/901/411 897/899/409
s 1
f 482/483/412 135/135/406 478/479/405 483/484/407
s 2
f 899/901/411 898/900/410 900/902/413 901/903/414
f 900/902/413 902/904/415 903/905/416 901/903/414
s 1
f 485/486/417 133/133/418 486/487/419 487/488/420
f 486/487/419 135/135/406 482/483/412 487/488/420
f 486/487/419 133/133/418 488/489/421 490/491/422
f 488/489/421 43/43/423 489/490/424 490/491/422
f 489/490/424 134/134/402 479/480/401 490/491/422
f 479/480/401 135/135/406 486/487/419 490/491/422
f 493/494/425 133/133/418 485/486/417 494/495/426
s 2
f 903/905/416 902/904/415 904/906/427 905/907/428
f 904/906/427 906/908/429 907/909/430 905/907/428
s 1
f 492/493/431 139/139/432 493/494/425 494/495/426
s 2
f 907/909/430 906/908/429 908/910/433 909/499/434
f 908/910/433 910/911/435 911/912/436 909/499/434
f 911/912/436 912/913/437 913/914/438 909/499/434
f 913/914/438 914/915/439 907/909/430 909/499/434
f 913/914/438 912/913/437 915/916/440 916/917/441
f 915/916/440 917/918/442 918/919/443 916/917/441
s 1
f 499/501/444 138/138/445 500/502/446 501/503/447
f 500/502/446 139/139/432 497/498/448 501/503/447
f 500/502/446 138/138/445 502/504/449 503/505/450
f 502/504/449 43/43/423 488/489/421 503/505/450
f 488/489/421 133/133/418 493/494/425 503/505/450
f 493/494/425 139/139/432 500/502/446 503/505/450
f 506/508/451 138/138/445 499/501/444 507/509/452
s 2
f 918/919/443 917/918/442 919/920/453 920/921/454
f 919/920/453 921/922/455 922/923/456 920/921/454
s 1
f 505/507/457 143/143/458 506/508/451 507/509/452
s 2
f 922/923/456 921/922/455 923/924/459 924/925/460
f 923/924/459 925/926/461 926/927/462 924/925/460
s 1
f 509/511/463 141/141/464 510/512/465 511/513/466
f 510/512/465 143/143/458 505/507/457 511/513/466
f 510/512/465 141/141/464 512/514/467 515/517/468
f 512/514/467 42/42/469 513/515/470 515/517/468
f 513/515/470 142/142/471 514/516/472 515/517/468
f 514/516/472 143/143/458 510/512/465 515/517/468
f 514/516/472 142/142/471 516/518/473 517/519/474
f 516/518/473 43/43/423 502/504/449 517/519/474
f 502/504/449 138/138/445 506/508/451 517/519/474
f 506/508/451 143/143/458 514/516/472 517/519/474
f 520/522/475 142/142/471 513/515/470 521/523/476
f 513/515/470 42/42/469 518/520/477 521/523/476
f 518/520/477 144/144/478 519/521/479 521/523/476
f 519/521/479 145/145/480 520/522/475 521/523/476
f 519/521/479 144/144/478 522/524/481 524/526/482
f 522/524/481 16/16/393 469/470/391 524/526/482
f 469/470/391 129/129/388 523/525/483 524/526/482
f 523/525/483 145/145/480 519/521/479 524/526/482
f 523/525/483 129/129/388 465/466/387 526/528/484
f 465/466/387 37/37/379 477/478/403 526/528/484
f 477/478/403 134/134/402 525/527/485 526/528/484
f 525/527/485 145/145/480 523/525/483 526/528/484
f 525/527/485 134/134/402 489/490/424 527/529/486
f 489/490/424 43/43/423 516/518/473 527/529/486
f 516/518/473 142/142/471 520/522/475 527/529/486
f 520/522/475 145/145/480 525/527/485 527/529/486
f 530/532/487 148/148/488 528/530/489 531/533/490
f 528/530/489 42/42/469 512/514/467 531/533/490
f 512/514/467 141/141/464 529/531/491 531/533/490
f 529/531/491 149/149/492 530/532/487 531/533/490
f 529/531/491 141/141/464 509/511/463 534/536/493
s 2
f 926/927/462 925/926/461 927/928/494 928/929/495
f 927/928/494 929/930/496 930/931/497 928/929/495
s 1
f 533/535/498 149/149/492 529/531/491 534/536/493
s 2
f 930/931/497 929/930/496 931/932/499 932/933/500
f 931/932/499 933/934/501 934/935/502 932/933/500
s 1
f 536/538/503 147/147/504 537/539/505 538/540/506
f 537/539/505 149/149/492 533/535/498 538/540/506
f 537/539/505 147/147/504 539/541/507 541/543/508
f 539/541/507 47/47/509 540/542/510 541/543/508
f 540/542/510 148/148/488 530/532/487 541/543/508
f 530/532/487 149/149/492 537/539/505 541/543/508
f 544/546/511 147/147/504 536/538/503 545/547/512
s 2
f 934/935/502 933/934/501 935/936/513 936/937/514
f 935/936/513 937/938/515 938/939/516 936/937/514
s 1
f 543/545/517 153/153/518 544/546/511 545/547/512
s 2
f 938/939/516 937/938/515 939/940/519 940/941/520
f 939/940/519 941/942/521 942/943/522 940/941/520
s 1
f 547/549/523 151/151/524 548/550/525 549/551/526
f 548/550/525 153/153/518 543/545/517 549/551/526
f 548/550/525 151/151/524 550/552/527 553/555/528
f 550/552/527 45/45/529 551/553/530 553/555/528
f 551/553/530 152/152/531 552/554/532 553/555/528
f 552/554/532 153/153/518 548/550/525 553/555/528
f 552/554/532 152/152/531 554/556/533 555/557/534
f 554/556/533 47/47/509 539/541/507 555/557/534
f 539/541/507 147/147/504 544/546/511 555/557/534
f 544/546/511 153/153/518 552/554/532 555/557/534
f 558/560/535 152/152/531 551/553/530 559/561/536
f 551/553/530 45/45/529 556/558/537 559/561/536
f 556/558/537 154/154/538 557/559/539 559/561/536
f 557/559/539 157/157/540 558/560/535 559/561/536
f 557/559/539 154/154/538 560/562/541 563/565/542
f 560/562/541 15/15/543 561/563/544 563/565/542
f 561/563/544 155/155/545 562/564/546 563/565/542
f 562/564/546 157/157/540 557/559/539 563/565/542
f 562/564/546 155/155/545 564/566/547 567/569/548
f 564/566/547 46/46/549 565/567/550 567/569/548
f 565/567/550 156/156/551 566/568/552 567/569/548
f 566/568/552 157/157/540 562/564/546 567/569/548
f 566/568/552 156/156/551 568/570/553 569/571/554
f 568/570/553 47/47/509 554/556/533 569/571/554
f 554/556/533 152/152/531 558/560/535 569/571/554
f 558/560/535 157/157/540 566/568/552 569/571/554
f 572/574/555 156/156/551 565/567/550 573/575/556
f 565/567/550 46/46/549 570/572/557 573/575/556
f 570/572/557 158/158/558 571/573/559 573/575/556
f 571/573/559 159/159/560 572/574/555 573/575/556
f 571/573/559 158/158/558 574/576/561 576/578/562
f 574/576/561 16/16/393 522/524/481 576/578/562
f 522/524/481 144/144/478 575/577/563 576/578/562
f 575/577/563 159/159/560 571/573/559 576/578/562
f 575/577/563 144/144/478 518/520/477 578/580/564
f 518/520/477 42/42/469 528/530/489 578/580/564
f 528/530/489 148/148/488 577/579/565 578/580/564
f 577/579/565 159/159/560 575/577/563 578/580/564
f 577/579/565 148/148/488 540/542/510 579/581/566
f 540/542/510 47/47/509 568/570/553 579/581/566
f 568/570/553 156/156/551 572/574/555 579/581/566
f 572/574/555 159/159/560 577/579/565 579/581/566
f 582/584/567 162/162/568 580/582/569 583/585/570
f 580/582/569 46/46/549 564/566/547 583/585/570
f 564/566/547 155/155/545 581/583/571 583/585/570
f 581/583/571 163/163/572 582/584/567 583/585/570
f 581/583/571 155/155/545 561/563/544 586/588/573
f 561/563/544 15/15/543 584/586/574 586/588/573
f 584/586/574 160/160/575 585/587/576 586/588/573
f 585/587/576 163/163/572 581/583/571 586/588/573
f 585/587/576 160/160/575 587/589/577 590/592/578
f 587/589/577 48/48/579 588/590/580 590/592/578
f 588/590/580 161/161/581 589/591/582 590/592/578
f 589/591/582 163/163/572 585/587/576 590/592/578
f 589/591/582 161/161/581 591/593/583 593/595/584
f 591/593/583 49/49/585 592/594/586 593/595/584
f 592/594/586 162/162/568 582/584/567 593/595/584
f 582/584/567 163/163/572 589/591/582 593/595/584
f 596/598/587 161/161/581 588/590/580 597/599/588
f 588/590/580 48/48/579 594/596/589 597/599/588
f 594/596/589 164/164/590 595/597/591 597/599/588
f 595/597/591 166/166/592 596/598/587 597/599/588
f 595/597/591 164/164/590 598/600/593 600/602/594
f 598/600/593 7/7/285 395/396/283 600/602/594
f 395/396/283 110/110/280 599/601/595 600/602/594
f 599/601/595 166/166/592 595/597/591 600/602/594
f 599/601/595 110/110/280 391/392/279 603/605/596
f 391/392/279 33/33/269 601/603/597 603/605/596
f 601/603/597 165/165/598 602/604/599 603/605/596
f 602/604/599 166/166/592 599/601/595 603/605/596
f 602/604/599 165/165/598 604/606/600 605/607/601
f 604/606/600 49/49/585 591/593/583 605/607/601
f 591/593/583 161/161/581 596/598/587 605/607/601
f 596/598/587 166/166/592 602/604/599 605/607/601
f 607/609/602 165/165/598 601/603/597 608/610/603
f 601/603/597 33/33/269 384/385/267 608/610/603
f 384/385/267 106/106/265 606/608/604 608/610/603
f 606/608/604 168/168/605 607/609/602 608/610/603
f 606/608/604 106/106/265 381/382/264 610/612/606
f 381/382/264 10/10/233 430/431/330 610/612/606
f 430/431/330 118/118/327 609/611/607 610/612/606
f 609/611/607 168/168/605 606/608/604 610/612/606
f 609/611/607 118/118/327 426/427/326 613/615/608
f 426/427/326 38/38/325 611/613/609 613/615/608
f 611/613/609 167/167/610 612/614/611 613/615/608
f 612/614/611 168/168/605 609/611/607 613/615/608
f 612/614/611 167/167/610 614/616/612 615/617/613
f 614/616/612 49/49/585 604/606/600 615/617/613
f 604/606/600 165/165/598 607/609/602 615/617/613
f 607/609/602 168/168/605 612/614/611 615/617/613
f 617/619/614 167/167/610 611/613/609 618/620/615
f 611/613/609 38/38/325 473/474/397 618/620/615
f 473/474/397 130/130/395 616/618/616 618/620/615
f 616/618/616 169/169/617 617/619/614 618/620/615
f 616/618/616 130/130/395 470/471/394 620/622/618
f 470/471/394 16/16/393 574/576/561 620/622/618
f 574/576/561 158/158/558 619/621/619 620/622/618
f 619/621/619 169/169/617 616/618/616 620/622/618
f 619/621/619 158/158/558 570/572/557 622/624/620
f 570/572/557 46/46/549 580/582/569 622/624/620
f 580/582/569 162/162/568 621/623/621 622/624/620
f 621/623/621 169/169/617 619/621/619 622/624/620
f 621/623/621 162/162/568 592/594/586 623/625/622
f 592/594/586 49/49/585 614/616/612 623/625/622
f 614/616/612 167/167/610 617/619/614 623/625/622
f 617/619/614 169/169/617 621/623/621 623/625/622
f 627/629/623 172/172/624 624/626/625 628/630/626
f 624/626/625 52/52/627 625/627/628 628/630/626
f 625/627/628 170/170/629 626/628/630 628/630/626
f 626/628/630 173/173/631 627/629/623 628/630/626
f 626/628/630 170/170/629 629/631/632 631/633/633
f 629/631/632 15/15/543 560/562/541 631/633/633
f 560/562/541 154/154/538 630/632/634 631/633/633
f 630/632/634 173/173/631 626/628/630 631/633/633
f 630/632/634 154/154/538 556/558/537 634/636/635
f 556/558/537 45/45/529 632/634/636 634/636/635
f 632/634/636 171/171/637 633/635/638 634/636/635
f 633/635/638 173/173/631 630/632/634 634/636/635
f 633/635/638 171/171/637 635/637/639 637/639/640
f 635/637/639 53/53/641 636/638/642 637/639/640
f 636/638/642 172/172/624 627/629/623 637/639/640
f 627/629/623 173/173/631 633/635/638 637/639/640
f 639/641/643 171/171/637 632/634/636 640/642/644
f 632/634/636 45/45/529 550/552/527 640/642/644
f 550/552/527 151/151/524 638/640/645 640/642/644
f 638/640/645 176/176/646 639/641/643 640/642/644
f 638/640/645 151/151/524 547/549/523 643/645/647
s 2
f 942/943/522 941/942/521 943/944/648 944/945/649
f 943/944/648 945/946/650 946/947/651 944/945/649
s 1
f 642/644/652 176/176/646 638/640/645 643/645/647
s 2
f 946/947/651 945/946/650 947/948/653 948/949/654
f 947/948/653 949/950/655 950/951/656 948/949/654
s 1
f 645/647/657 175/175/658 646/648/659 647/649/660
f 646/648/659 176/176/646 642/644/652 647/649/660
f 646/648/659 175/175/658 648/650/661 649/651/662
f 648/650/661 53/53/641 635/637/639 649/651/662
f 635/637/639 171/171/637 639/641/643 649/651/662
f 639/641/643 176/176/646 646/648/659 649/651/662
f 652/654/663 175/175/658 645/647/657 653/655/664
s 2
f 950/951/656 949/950/655 951/952/665 952/953/666
f 951/952/665 953/954/667 954/955/668 952/953/666
s 1
f 651/653/669 180/180/670 652/654/663 653/655/664
s 2
f 954/955/668 953/954/667 955/956/671 956/957/672
f 955/956/671 957/958/673 958/959/674 956/957/672
s 1
f 655/657/675 178/178/676 656/658/677 657/659/678
f 656/658/677 180/180/670 651/653/669 657/659/678
f 656/658/677 178/178/676 658/660/679 661/663/680
f 658/660/679 51/51/681 659/661/682 661/663/680
f 659/661/682 179/179/683 660/662/684 661/663/680
f 660/662/684 180/180/670 656/658/677 661/663/680
f 660/662/684 179/179/683 662/664/685 663/665/686
f 662/664/685 53/53/641 648/650/661 663/665/686
f 648/650/661 175/175/658 652/654/663 663/665/686
f 652/654/663 180/180/670 660/662/684 663/665/686
f 666/668/687 179/179/683 659/661/682 667/669/688
f 659/661/682 51/51/681 664/666/689 667/669/688
f 664/666/689 181/181/690 665/667/691 667/669/688
f 665/667/691 183/183/692 666/668/687 667/669/688
f 665/667/691 181/181/690 668/670/693 671/673/694
f 668/670/693 19/19/695 669/671/696 671/673/694
f 669/671/696 182/182/697 670/672/698 671/673/694
f 670/672/698 183/183/692 665/667/691 671/673/694
f 670/672/698 182/182/697 672/674/699 674/676/700
f 672/674/699 52/52/627 624/626/625 674/676/700
f 624/626/625 172/172/624 673/675/701 674/676/700
f 673/675/701 183/183/692 670/672/698 674/676/700
f 673/675/701 172/172/624 636/638/642 675/677/702
f 636/638/642 53/53/641 662/664/685 675/677/702
f 662/664/685 179/179/683 666/668/687 675/677/702
f 666/668/687 183/183/692 673/675/701 675/677/702
f 678/680/703 186/186/704 676/678/705 679/681/706
f 676/678/705 51/51/681 658/660/679 679/681/706
f 658/660/679 178/178/676 677/679/707 679/681/706
f 677/679/707 187/187/708 678/680/703 679/681/706
f 677/679/707 178/178/676 655/657/675 682/684/709
s 2
f 958/959/674 957/958/673 959/960/710 960/961/711
f 959/960/710 961/962/712 962/963/713 960/961/711
s 1
f 681/683/714 187/187/708 677/679/707 682/684/709
s 2
f 962/963/713 961/962/712 963/964/715 964/965/716
f 963/964/715 965/966/717 966/967/718 964/965/716
s 1
f 684/686/719 185/185/720 685/687/721 686/688/722
f 685/687/721 187/187/708 681/683/714 686/688/722
f 685/687/721 185/185/720 687/689/723 689/691/724
f 687/689/723 57/57/725 688/690/726 689/691/724
f 688/690/726 186/186/704 678/680/703 689/691/724
f 678/680/703 187/187/708 685/687/721 689/691/724
f 692/694/727 185/185/720 684/686/719 693/695/728
s 2
f 966/967/718 965/966/717 967/968/729 968/969/730
f 967/968/729 969/970/731 970/971/732 968/969/730
s 1
f 691/693/733 191/191/734 692/694/727 693/695/728
s 2
f 970/971/732 969/970/731 971/972/735 972/699/736
f 971/972/735 973/973/737 974/974/738 972/699/736
f 974/974/738 975/975/739 976/976/740 972/699/736
f 976/976/740 977/977/741 970/971/732 972/699/736
f 976/976/740 975/975/739 978/978/742 979/979/743
f 978/978/742 980/980/744 981/981/745 979/979/743
s 1
f 698/701/746 190/190/747 699/702/748 700/703/749
f 699/702/748 191/191/734 696/698/750 700/703/749
f 699/702/748 190/190/747 701/704/751 702/705/752
f 701/704/751 57/57/725 687/689/723 702/705/752
f 687/689/723 185/185/720 692/694/727 702/705/752
f 692/694/727 191/191/734 699/702/748 702/705/752
f 705/708/753 190/190/747 698/701/746 706/709/754
s 2
f 981/981/745 980/980/744 982/982/755 983/983/756
f 982/982/755 984/984/757 985/985/758 983/983/756
s 1
f 704/707/759 195/195/760 705/708/753 706/709/754
s 2
f 985/985/758 984/984/757 986/986/761 987/987/762
f 986/986/761 988/988/763 989/989/764 987/987/762
s 1
f 708/711/765 193/193/766 709/712/767 710/713/768
f 709/712/767 195/195/760 704/707/759 710/713/768
f 709/712/767 193/193/766 711/714/769 714/717/770
f 711/714/769 56/56/771 712/715/772 714/717/770
f 712/715/772 194/194/773 713/716/774 714/717/770
f 713/716/774 195/195/760 709/712/767 714/717/770
f 713/716/774 194/194/773 715/718/775 716/719/776
f 715/718/775 57/57/725 701/704/751 716/719/776
f 701/704/751 190/190/747 705/708/753 716/719/776
f 705/708/753 195/195/760 713/716/774 716/719/776
f 719/722/777 194/194/773 712/715/772 720/723/778
f 712/715/772 56/56/771 717/720/779 720/723/778
f 717/720/779 196/196/780 718/721/781 720/723/778
f 718/721/781 197/197/782 719/722/777 720/723/778
f 718/721/781 196/196/780 721/724/783 723/726/784
f 721/724/783 19/19/695 668/670/693 723/726/784
f 668/670/693 181/181/690 722/725/785 723/726/784
f 722/725/785 197/197/782 718/721/781 723/726/784
f 722/725/785 181/181/690 664/666/689 725/728/786
f 664/666/689 51/51/681 676/678/705 725/728/786
f 676/678/705 186/186/704 724/727/787 725/728/786
f 724/727/787 197/197/782 722/725/785 725/728/786
f 724/727/787 186/186/704 688/690/726 726/729/788
f 688/690/726 57/57/725 715/718/775 726/729/788
f 715/718/775 194/194/773 719/722/777 726/729/788
f 719/722/777 197/197/782 724/727/787 726/729/788
f 729/732/789 200/200/790 727/730/791 730/733/792
f 727/730/791 56/56/771 711/714/769 730/733/792
f 711/714/769 193/193/766 728/731/793 730/733/792
f 728/731/793 201/201/794 729/732/789 730/733/792
f 728/731/793 193/193/766 708/711/765 733/736/795
s 2
f 989/989/764 988/988/763 990/990/796 991/991/797
f 990/990/796 992/992/798 993/993/799 991/991/797
s 1
f 732/735/800 201/201/794 728/731/793 733/736/795
s 2
f 993/993/799 992/992/798 994/994/801 995/995/802
f 994/994/801 996/996/803 997/997/804 995/995/802
s 1
f 735/738/805 199/199/806 736/739/807 737/740/808
f 736/739/807 201/201/794 732/735/800 737/740/808
f 736/739/807 199/199/806 738/741/809 740/743/810
f 738/741/809 60/60/811 739/742/812 740/743/810
f 739/742/812 200/200/790 729/732/789 740/743/810
f 729/732/789 201/201/794 736/739/807 740/743/810
f 743/746/813 199/199/806 735/738/805 744/747/814
s 2
f 997/997/804 996/996/803 998/998/815 999/999/816
f 998/998/815 1000/1000/817 1001/1001/818 999/999/816
s 1
f 742/745/819 204/204/820 743/746/813 744/747/814
s 2
f 1001/1001/818 1000/1000/817 1002/1002/821 1003/1003/822
f 1002/1002/821 816/818/35 815/821/34 1003/1003/822
s 1
f 238/238/32 67/67/29 746/749/823 747/750/824
f 746/749/823 204/204/820 742/745/819 747/750/824
f 746/749/823 67/67/29 234/234/28 750/753/825
f 234/234/28 20/20/18 748/751/826 750/753/825
f 748/751/826 203/203/827 749/752/828 750/753/825
f 749/752/828 204/204/820 746/749/823 750/753/825
f 749/752/828 203/203/827 751/754/829 752/755/830
f 751/754/829 60/60/811 738/741/809 752/755/830
f 738/741/809 199/199/806 743/746/813 752/755/830
f 743/746/813 204/204/820 749/752/828 752/755/830
f 754/757/831 203/203/827 748/751/826 755/758/832
f 748/751/826 20/20/18 227/227/16 755/758/832
f 227/227/16 63/63/14 753/756/833 755/758/832
f 753/756/833 207/207/834 754/757/831 755/758/832
f 753/756/833 63/63/14 224/224/13 758/761/835
f 224/224/13 11/11/12 756/759/836 758/761/835
f 756/759/836 205/205/837 757/760/838 758/761/835
f 757/760/838 207/207/834 753/756/833 758/761/835
f 757/760/838 205/205/837 759/762/839 762/765/840
f 759/762/839 59/59/841 760/763/842 762/765/840
f 760/763/842 206/206/843 761/764/844 762/765/840
f 761/764/844 207/207/834 757/760/838 762/765/840
f 761/764/844 206/206/843 763/766/845 764/767/846
f 763/766/845 60/60/811 751/754/829 764/767/846
f 751/754/829 203/203/827 754/757/831 764/767/846
f 754/757/831 207/207/834 761/764/844 764/767/846
f 767/770/847 206/206/843 760/763/842 768/771/848
f 760/763/842 59/59/841 765/768/849 768/771/848
f 765/768/849 208/208/850 766/769/851 768/771/848
f 766/769/851 209/209/852 767/770/847 768/771/848
f 766/769/851 208/208/850 769/772/853 771/774/854
f 769/772/853 19/19/695 721/724/783 771/774/854
f 721/724/783 196/196/780 770/773/855 771/774/854
f 770/773/855 209/209/852 766/769/851 771/774/854
f 770/773/855 196/196/780 717/720/779 773/776/856
f 717/720/779 56/56/771 727/730/791 773/776/856
f 727/730/791 200/200/790 772/775/857 773/776/856
f 772/775/857 209/209/852 770/773/855 773/776/856
f 772/775/857 200/200/790 739/742/812 774/777/858
f 739/742/812 60/60/811 763/766/845 774/777/858
f 763/766/845 206/206/843 767/770/847 774/777/858
f 767/770/847 209/209/852 772/775/857 774/777/858
f 777/780/859 211/211/860 775/778/861 778/781/862
f 775/778/861 59/59/841 759/762/839 778/781/862
f 759/762/839 205/205/837 776/779/863 778/781/862
f 776/779/863 212/212/864 777/780/859 778/781/862
f 776/779/863 205/205/837 756/759/836 780/783/865
f 756/759/836 11/11/12 409/410/303 780/783/865
f 409/410/303 114/114/300 779/782/866 780/783/865
f 779/782/866 212/212/864 776/779/863 780/783/865
f 779/782/866 114/114/300 405/406/299 783/786/867
f 405/406/299 34/34/291 781/784/868 783/786/867
f 781/784/868 210/210/869 782/785/870 783/786/867
f 782/785/870 212/212/864 779/782/866 783/786/867
f 782/785/870 210/210/869 784/787/871 786/789/872
f 784/787/871 61/61/873 785/788/874 786/789/872
f 785/788/874 211/211/860 777/780/859 786/789/872
f 777/780/859 212/212/864 782/785/870 786/789/872
f 788/791/875 210/210/869 781/784/868 789/792/876
f 781/784/868 34/34/291 399/400/289 789/792/876
f 399/400/289 111/111/287 787/790/877 789/792/876
f 787/790/877 214/214/878 788/791/875 789/792/876
f 787/790/877 111/111/287 396/397/286 791/794/879
f 396/397/286 7/7/285 598/600/593 791/794/879
f 598/600/593 164/164/590 790/793/880 791/794/879
f 790/793/880 214/214/878 787/790/877 791/794/879
f 790/793/880 164/164/590 594/596/589 794/797/881
f 594/596/589 48/48/579 792/795/882 794/797/881
f 792/795/882 213/213/883 793/796/884 794/797/881
f 793/796/884 214/214/878 790/793/880 794/797/881
f 793/796/884 213/213/883 795/798/885 796/799/886
f 795/798/885 61/61/873 784/787/871 796/799/886
f 784/787/871 210/210/869 788/791/875 796/799/886
f 788/791/875 214/214/878 793/796/884 796/799/886
f 798/801/887 213/213/883 792/795/882 799/802/888
f 792/795/882 48/48/579 587/589/577 799/802/888
f 587/589/577 160/160/575 797/800/889 799/802/888
f 797/800/889 216/216/890 798/801/887 799/802/888
f 797/800/889 160/160/575 584/586/574 801/804/891
f 584/586/574 15/15/543 629/631/632 801/804/891
f 629/631/632 170/170/629 800/803/892 801/804/891
f 800/803/892 216/216/890 797/800/889 801/804/891
f 800/803/892 170/170/629 625/627/628 804/807/893
f 625/627/628 52/52/627 802/805/894 804/807/893
f 802/805/894 215/215/895 803/806/896 804/807/893
f 803/806/896 216/216/890 800/803/892 804/807/893
f 803/806/896 215/215/895 805/808/897 806/809/898
f 805/808/897 61/61/873 795/798/885 806/809/898
f 795/798/885 213/213/883 798/801/887 806/809/898
f 798/801/887 216/216/890 803/806/896 806/809/898
f 808/811/899 215/215/895 802/805/894 809/812/900
f 802/805/894 52/52/627 672/674/699 809/812/900
f 672/674/699 182/182/697 807/810/901 809/812/900
f 807/810/901 217/217/902 808/811/899 809/812/900
f 807/810/901 182/182/697 669/671/696 811/814/903
f 669/671/696 19/19/695 769/772/853 811/814/903
f 769/772/853 208/208/850 810/813/904 811/814/903
f 810/813/904 217/217/902 807/810/901 811/814/903
f 810/813/904 208/208/850 765/768/849 813/816/905
f 765/768/849 59/59/841 775/778/861 813/816/905
f 775/778/861 211/211/860 812/815/906 813/816/905
f 812/815/906 217/217/902 810/813/904 813/816/905
f 812/815/906 211/211/860 785/788/874 814/817/907
f 785/788/874 61/61/873 805/808/897 814/817/907
f 805/808/897 215/215/895 808/811/899 814/817/907
f 808/811/899 217/217/902 812/815/906 814/817/907
s 34
f 6/6/908 239/239/909 817/819/910 816/818/911
s 35
f 241/241/912 238/238/913 815/821/914 818/820/915
s 34
f 239/239/909 68/68/916 819/822/917 817/819/910
s 35
f 240/240/918 241/241/912 818/820/915 820/823/919
s 34
f 68/68/916 242/242/920 821/824/921 819/822/917
s 35
f 245/245/922 240/240/918 820/823/919 822/825/923
s 34
f 242/242/920 21/21/924 823/826/925 821/824/921
s 35
f 243/243/926 245/245/922 822/825/923 824/827/927
s 34
f 21/21/924 248/248/928 825/828/929 823/826/925
s 35
f 251/251/930 243/243/926 824/827/927 826/829/931
s 34
f 248/248/928 71/71/932 827/830/933 825/828/929
s 35
f 249/249/934 251/251/930 826/829/931 828/831/935
s 34
f 71/71/932 252/252/936 829/832/937 827/830/933
s 35
f 255/255/938 249/249/934 828/831/935 830/833/939
s 34
f 252/252/936 8/8/940 831/834/941 829/832/937
s 35
f 253/253/942 255/255/938 830/833/939 832/835/943
s 34
f 8/8/940 278/278/944 833/836/945 831/834/941
s 35
f 280/280/946 253/253/942 832/835/943 834/837/947
s 34
f 278/278/944 78/78/948 835/838/949 833/836/945
s 35
f 279/279/950 280/280/946 834/837/947 836/839/951
s 34
f 78/78/948 281/281/952 837/840/953 835/838/949
s 35
f 284/284/954 279/279/950 836/839/951 838/841/955
s 34
f 281/281/952 25/25/956 839/842/957 837/840/953
s 35
f 282/282/958 284/284/954 838/841/955 840/843/959
s 34
f 25/25/956 288/288/960 841/844/961 839/842/957
s 35
f 291/291/962 282/282/958 840/843/959 842/845/963
s 34
f 288/288/960 82/82/964 843/846/965 841/844/961
s 35
f 289/289/966 291/291/962 842/845/963 844/847/967
s 34
f 82/82/964 292/292/968 845/848/969 843/846/965
f 292/292/968 1/1/970 847/849/971 845/848/969
f 1/1/970 293/293/972 848/850/973 847/849/971
f 293/293/972 83/83/974 849/851/975 848/850/973
s off
f 294/294/976 85/85/977 851/853/978 850/852/979
f 85/85/980 289/289/981 844/847/982 851/853/983
s 34
f 83/83/974 295/296/984 852/854/985 849/851/975
s 36
f 298/299/986 294/294/987 850/852/988 853/855/989
s 34
f 295/296/984 26/26/990 854/856/991 852/854/985
s 36
f 296/297/992 298/299/986 853/855/989 855/857/993
s 34
f 26/26/990 301/302/994 856/858/995 854/856/991
s 36
f 304/305/996 296/297/992 855/857/993 857/859/997
s 34
f 301/302/994 86/86/998 858/860/999 856/858/995
s 36
f 302/303/1000 304/305/996 857/859/997 859/861/1001
s 34
f 86/86/998 305/306/1002 860/862/1003 858/860/999
s 36
f 308/309/1004 302/303/1000 859/861/1001 861/863/1005
s 34
f 305/306/1002 9/9/1006 862/864/1007 860/862/1003
s 36
f 306/307/1008 308/309/1004 861/863/1005 863/865/1009
s 34
f 9/9/1006 329/330/1010 864/866/1011 862/864/1007
s 36
f 331/332/1012 306/307/1008 863/865/1009 865/867/1013
s 34
f 329/330/1010 92/92/1014 866/868/1015 864/866/1011
s 36
f 330/331/1016 331/332/1012 865/867/1013 867/869/1017
s 34
f 92/92/1014 332/333/1018 868/870/1019 866/868/1015
s 36
f 335/336/1020 330/331/1016 867/869/1017 869/871/1021
s 34
f 332/333/1018 29/29/1022 870/872/1023 868/870/1019
s 36
f 333/334/1024 335/336/1020 869/871/1021 871/873/1025
s 34
f 29/29/1022 339/340/1026 872/874/1027 870/872/1023
s 36
f 342/343/1028 333/334/1024 871/873/1025 873/875/1029
s 34
f 339/340/1026 96/96/1030 874/876/1031 872/874/1027
s 36
f 340/341/1032 342/343/1028 873/875/1029 875/877/1033
s 34
f 96/96/1030 343/344/1034 876/878/1035 874/876/1031
s 36
f 346/347/1036 340/341/1032 875/877/1033 877/879/1037
s 34
f 343/344/1034 4/4/1038 878/880/1039 876/878/1035
s 36
f 344/345/1040 346/347/1036 877/879/1037 879/881/1041
s 34
f 4/4/1038 442/443/1042 880/882/1043 878/880/1039
s 36
f 444/445/1044 344/345/1040 879/881/1041 881/883/1045
s 34
f 442/443/1042 122/122/1046 882/884/1047 880/882/1043
s 36
f 443/444/1048 444/445/1044 881/883/1045 883/885/1049
s 34
f 122/122/1046 445/446/1050 884/886/1051 882/884/1047
s 36
f 448/449/1052 443/444/1048 883/885/1049 885/887/1053
s 34
f 445/446/1050 36/36/1054 886/888/1055 884/886/1051
s 36
f 446/447/1056 448/449/1052 885/887/1053 887/889/1057
s 34
f 36/36/1054 451/452/1058 888/890/1059 886/888/1055
s 36
f 454/455/1060 446/447/1056 887/889/1057 889/891/1061
s 34
f 451/452/1058 125/125/1062 890/892/1063 888/890/1059
s 36
f 452/453/1064 454/455/1060 889/891/1061 891/893/1065
s 34
f 125/125/1062 455/456/1066 892/894/1067 890/892/1063
s 36
f 458/459/1068 452/453/1064 891/893/1065 893/895/1069
s 34
f 455/456/1066 13/13/1070 894/896/1071 892/894/1067
s 36
f 456/457/1072 458/459/1068 893/895/1069 895/897/1073
s 34
f 13/13/1070 481/482/1074 896/898/1075 894/896/1071
s 36
f 483/484/1076 456/457/1072 895/897/1073 897/899/1077
s 34
f 481/482/1074 132/132/1078 898/900/1079 896/898/1075
s 36
f 482/483/1080 483/484/1076 897/899/1077 899/901/1081
s 34
f 132/132/1078 484/485/1082 900/902/1083 898/900/1079
s 36
f 487/488/1084 482/483/1080 899/901/1081 901/903/1085
s 34
f 484/485/1082 40/40/1086 902/904/1087 900/902/1083
s 36
f 485/486/1088 487/488/1084 901/903/1085 903/905/1089
s 34
f 40/40/1086 491/492/1090 904/906/1091 902/904/1087
s 36
f 494/495/1092 485/486/1088 903/905/1089 905/907/1093
s 34
f 491/492/1090 136/136/1094 906/908/1095 904/906/1091
s 36
f 492/493/1096 494/495/1092 905/907/1093 907/909/1097
s 34
f 136/136/1094 495/496/1098 908/910/1099 906/908/1095
f 495/496/1098 2/2/1100 910/911/1101 908/910/1099
f 2/2/1100 496/497/1102 911/912/1103 910/911/1101
f 496/497/1102 137/137/1104 912/913/1105 911/912/1103
s off
f 497/498/1106 139/139/1107 914/915/1108 913/914/1109
f 139/139/1110 492/493/1111 907/909/1112 914/915/1113
s 34
f 137/137/1104 498/500/1114 915/916/1115 912/913/1105
s 37
f 501/503/1116 497/498/1117 913/914/1118 916/917/1119
s 34
f 498/500/1114 41/41/1120 917/918/1121 915/916/1115
s 37
f 499/501/1122 501/503/1116 916/917/1119 918/919/1123
s 34
f 41/41/1120 504/506/1124 919/920/1125 917/918/1121
s 37
f 507/509/1126 499/501/1122 918/919/1123 920/921/1127
s 34
f 504/506/1124 140/140/1128 921/922/1129 919/920/1125
s 37
f 505/507/1130 507/509/1126 920/921/1127 922/923/1131
s 34
f 140/140/1128 508/510/1132 923/924/1133 921/922/1129
s 37
f 511/513/1134 505/507/1130 922/923/1131 924/925/1135
s 34
f 508/510/1132 14/14/1136 925/926/1137 923/924/1133
s 37
f 509/511/1138 511/513/1134 924/925/1135 926/927/1139
s 34
f 14/14/1136 532/534/1140 927/928/1141 925/926/1137
s 37
f 534/536/1142 509/511/1138 926/927/1139 928/929/1143
s 34
f 532/534/1140 146/146/1144 929/930/1145 927/928/1141
s 37
f 533/535/1146 534/536/1142 928/929/1143 930/931/1147
s 34
f 146/146/1144 535/537/1148 931/932/1149 929/930/1145
s 37
f 538/540/1150 533/535/1146 930/931/1147 932/933/1151
s 34
f 535/537/1148 44/44/1152 933/934/1153 931/932/1149
s 37
f 536/538/1154 538/540/1150 932/933/1151 934/935/1155
s 34
f 44/44/1152 542/544/1156 935/936/1157 933/934/1153
s 37
f 545/547/1158 536/538/1154 934/935/1155 936/937/1159
s 34
f 542/544/1156 150/150/1160 937/938/1161 935/936/1157
s 37
f 543/545/1162 545/547/1158 936/937/1159 938/939/1163
s 34
f 150/150/1160 546/548/1164 939/940/1165 937/938/1161
s 37
f 549/551/1166 543/545/1162 938/939/1163 940/941/1167
s 34
f 546/548/1164 5/5/1168 941/942/1169 939/940/1165
s 37
f 547/549/1170 549/551/1166 940/941/1167 942/943/1171
s 34
f 5/5/1168 641/643/1172 943/944/1173 941/942/1169
s 37
f 643/645/1174 547/549/1170 942/943/1171 944/945/1175
s 34
f 641/643/1172 174/174/1176 945/946/1177 943/944/1173
s 37
f 642/644/1178 643/645/1174 944/945/1175 946/947/1179
s 34
f 174/174/1176 644/646/1180 947/948/1181 945/946/1177
s 37
f 647/649/1182 642/644/1178 946/947/1179 948/949/1183
s 34
f 644/646/1180 50/50/1184 949/950/1185 947/948/1181
s 37
f 645/647/1186 647/649/1182 948/949/1183 950/951/1187
s 34
f 50/50/1184 650/652/1188 951/952/1189 949/950/1185
s 37
f 653/655/1190 645/647/1186 950/951/1187 952/953/1191
s 34
f 650/652/1188 177/177/1192 953/954/1193 951/952/1189
s 37
f 651/653/1194 653/655/1190 952/953/1191 954/955/1195
s 34
f 177/177/1192 654/656/1196 955/956/1197 953/954/1193
s 37
f 657/659/1198 651/653/1194 954/955/1195 956/957/1199
s 34
f 654/656/1196 17/17/1200 957/958/1201 955/956/1197
s 37
f 655/657/1202 657/659/1198 956/957/1199 958/959/1203
s 34
f 17/17/1200 680/682/1204 959/960/1205 957/958/1201
s 37
f 682/684/1206 655/657/1202 958/959/1203 960/961/1207
s 34
f 680/682/1204 184/184/1208 961/962/1209 959/960/1205
s 37
f 681/683/1210 682/684/1206 960/961/1207 962/963/1211
s 34
f 184/184/1208 683/685/1212 963/964/1213 961/962/1209
s 37
f 686/688/1214 681/683/1210 962/963/1211 964/965/1215
s 34
f 683/685/1212 54/54/1216 965/966/1217 963/964/1213
s 37
f 684/686/1218 686/688/1214 964/965/1215 966/967/1219
s 34
f 54/54/1216 690/692/1220 967/968/1221 965/966/1217
s 37
f 693/695/1222 684/686/1218 966/967/1219 968/969/1223
s 34
f 690/692/1220 188/188/1224 969/970/1225 967/968/1221
s 37
f 691/693/1226 693/695/1222 968/969/1223 970/971/1227
s 34
f 188/188/1224 694/696/1228 971/972/1229 969/970/1225
f 694/696/1228 3/3/1230 973/973/1231 971/972/1229
f 3/3/1230 695/697/1232 974/974/1233 973/973/1231
f 695/697/1232 189/189/1234 975/975/1235 974/974/1233
s off
f 696/698/1236 191/191/1237 977/977/1238 976/976/1239
f 191/191/1240 691/693/1241 970/971/1242 977/977/1243
s 34
f 189/189/1234 697/700/1244 978/978/1245 975/975/1235
s 35
f 700/703/1246 696/698/1247 976/976/1248 979/979/1249
s 34
f 697/700/1244 55/55/1250 980/980/1251 978/978/1245
s 35
f 698/701/1252 700/703/1246 979/979/1249 981/981/1253
s 34
f 55/55/1250 703/706/1254 982/982/1255 980/980/1251
s 35
f 706/709/1256 698/701/1252 981/981/1253 983/983/1257
s 34
f 703/706/1254 192/192/1258 984/984/1259 982/982/1255
s 35
f 704/707/1260 706/709/1256 983/983/1257 985/985/1261
s 34
f 192/192/1258 707/710/1262 986/986/1263 984/984/1259
s 35
f 710/713/1264 704/707/1260 985/985/1261 987/987/1265
s 34
f 707/710/1262 18/18/1266 988/988/1267 986/986/1263
s 35
f 708/711/1268 710/713/1264 987/987/1265 989/989/1269
s 34
f 18/18/1266 731/734/1270 990/990/1271 988/988/1267
s 35
f 733/736/1272 708/711/1268 989/989/1269 991/991/1273
s 34
f 731/734/1270 198/198/1274 992/992/1275 990/990/1271
s 35
f 732/735/1276 733/736/1272 991/991/1273 993/993/1277
s 34
f 198/198/1274 734/737/1278 994/994/1279 992/992/1275
s 35
f 737/740/1280 732/735/1276 993/993/1277 995/995/1281
s 34
f 734/737/1278 58/58/1282 996/996/1283 994/994/1279
s 35
f 735/738/1284 737/740/1280 995/995/1281 997/997/1285
s 34
f 58/58/1282 741/744/1286 998/998/1287 996/996/1283
s 35
f 744/747/1288 735/738/1284 997/997/1285 999/999/1289
s 34
f 741/744/1286 202/202/1290 1000/1000/1291 998/998/1287
s 35
f 742/745/1292 744/747/1288 999/999/1289 1001/1001/1293
s 34
f 202/202/1290 745/748/1294 1002/1002/1295 1000/1000/1291
s 35
f 747/750/1296 742/745/1292 1001/1001/1293 1003/1003/1297
s 34
f 745/748/1294 6/6/908 816/818/911 1002/1002/1295
s 35
f 238/238/913 747/750/1296 1003/1003/1297 815/821/914
g default
v 0.743891 -0.938442 -0.241705
v 0.632791 -0.938442 -0.459750
v 0.459750 -0.938442 -0.632791
v 0.241705 -0.938442 -0.743891
v 0.000000 -0.938442 -0.782173
v -0.241705 -0.938442 -0.743890
v -0.459750 -0.938442 -0.632791
v -0.632791 -0.938442 -0.459750
v -0.743890 -0.938442 -0.241705
v -0.782173 -0.938442 0.000000
v -0.743890 -0.938442 0.241705
v -0.632791 -0.938442 0.459749
v -0.459749 -0.938442 0.632791
v -0.241705 -0.938442 0.743890
v -0.000000 -0.938442 0.782173
v 0.241705 -0.938442 0.743890
v 0.459749 -0.938442 0.632791
v 0.632791 -0.938442 0.459749
v 0.743890 -0.938442 0.241705
v 0.782172 -0.938442 0.000000
v 1.469464 -0.755283 -0.477458
v 1.250001 -0.755283 -0.908179
v 0.908179 -0.755283 -1.250001
v 0.477458 -0.755283 -1.469464
v 0.000000 -0.755283 -1.545086
v -0.477458 -0.755283 -1.469464
v -0.908179 -0.755283 -1.250000
v -1.250000 -0.755283 -0.908178
v -1.469463 -0.755283 -0.477458
v -1.545085 -0.755283 0.000000
v -1.469463 -0.755283 0.477458
v -1.250000 -0.755283 0.908178
v -0.908178 -0.755283 1.250000
v -0.477458 -0.755283 1.469463
v -0.000000 -0.755283 1.545085
v 0.477457 -0.755283 1.469463
v 0.908178 -0.755283 1.250000
v 1.250000 -0.755283 0.908178
v 1.469463 -0.755283 0.477458
v 1.545085 -0.755283 0.000000
v 2.158854 -0.455033 -0.701454
v 1.836431 -0.455033 -1.334245
v 1.334245 -0.455033 -1.836431
v 0.701454 -0.455033 -2.158854
v 0.000000 -0.455033 -2.269954
v -0.701454 -0.455033 -2.158854
v -1.334245 -0.455033 -1.836431
v -1.836431 -0.455033 -1.334245
v -2.158854 -0.455033 -0.701454
v -2.269953 -0.455033 0.000000
v -2.158854 -0.455033 0.701454
v -1.836431 -0.455033 1.334245
v -1.334245 -0.455033 1.836430
v -0.701454 -0.455033 2.158854
v -0.000000 -0.455033 2.269953
v 0.701454 -0.455033 2.158853
v 1.334245 -0.455033 1.836430
v 1.836430 -0.455033 1.334245
v 2.158853 -0.455033 0.701454
v 2.269953 -0.455033 0.000000
v 2.795087 -0.045085 -0.908179
v 2.377643 -0.045085 -1.727458
v 1.727458 -0.045085 -2.377643
v 0.908179 -0.045085 -2.795086
v 0.000000 -0.045085 -2.938928
v -0.908179 -0.045085 -2.795086
v -1.727458 -0.045085 -2.377642
v -2.377642 -0.045085 -1.727458
v -2.795086 -0.045085 -0.908178
v -2.938927 -0.045085 0.000000
v -2.795086 -0.045085 0.908178
v -2.377642 -0.045085 1.727458
v -1.727458 -0.045085 2.377642
v -0.908178 -0.045085 2.795085
v -0.000000 -0.045085 2.938926
v 0.908178 -0.045085 2.795085
v 1.727458 -0.045085 2.377641
v 2.377641 -0.045085 1.727458
v 2.795085 -0.045085 0.908178
v 2.938926 -0.045085 0.000000
v 3.362495 0.464466 -1.092541
v 2.860309 0.464466 -2.078136
v 2.078136 0.464466 -2.860309
v 1.092541 0.464466 -3.362494
v 0.000000 0.464466 -3.535536
v -1.092541 0.464466 -3.362494
v -2.078135 0.464466 -2.860308
v -2.860308 0.464466 -2.078135
v -3.362494 0.464466 -1.092540
v -3.535535 0.464466 0.000000
v -3.362494 0.464466 1.092540
v -2.860308 0.464466 2.078135
v -2.078135 0.464466 2.860307
v -1.092540 0.464466 3.362493
v -0.000000 0.464466 3.535534
v 1.092540 0.464466 3.362493
v 2.078135 0.464466 2.860307
v 2.860307 0.464466 2.078135
v 3.362493 0.464466 1.092540
v 3.535534 0.464466 0.000000
v 3.847107 1.061074 -1.250001
v 3.272545 1.061074 -2.377643
v 2.377643 1.061074 -3.272544
v 1.250001 1.061074 -3.847106
v 0.000000 1.061074 -4.045087
v -1.250001 1.061074 -3.847106
v -2.377642 1.061074 -3.272544
v -3.272543 1.061074 -2.377642
v -3.847106 1.061074 -1.250000
v -4.045086 1.061074 0.000000
v -3.847106 1.061074 1.250000
v -3.272543 1.061074 2.377642
v -2.377642 1.061074 3.272543
v -1.250000 1.061074 3.847105
v -0.000000 1.061074 4.045085
v 1.250000 1.061074 3.847105
v 2.377641 1.061074 3.272543
v 3.272542 1.061074 2.377641
v 3.847105 1.061074 1.250000
v 4.045085 1.061074 0.000000
v 4.236991 1.730047 -1.376682
v 3.604200 1.730047 -2.618604
v 2.618604 1.730047 -3.604199
v 1.376682 1.730047 -4.236990
v 0.000000 1.730047 -4.455035
v -1.376682 1.730047 -4.236990
v -2.618604 1.730047 -3.604199
v -3.604198 1.730047 -2.618603
v -4.236989 1.730047 -1.376681
v -4.455034 1.730047 0.000000
v -4.236989 1.730047 1.376681
v -3.604198 1.730047 2.618603
v -2.618603 1.730047 3.604198
v -1.376681 1.730047 4.236989
v -0.000000 1.730047 4.455033
v 1.376681 1.730047 4.236989
v 2.618603 1.730047 3.604198
v 3.604197 1.730047 2.618603
v 4.236988 1.730047 1.376681
v 4.455033 1.730047 0.000000
v 4.522546 2.454915 -1.469464
v 3.847107 2.454915 -2.795087
v 2.795087 2.454915 -3.847107
v 1.469464 2.454915 -4.522545
v 0.000000 2.454915 -4.755285
v -1.469464 2.454915 -4.522545
v -2.795086 2.454915 -3.847106
v -3.847106 2.454915 -2.795086
v -4.522544 2.454915 -1.469464
v -4.755284 2.454915 0.000000
v -4.522544 2.454915 1.469464
v -3.847106 2.454915 2.795086
v -2.795086 2.454915 3.847105
v -1.469464 2.454915 4.522543
v -0.000000 2.454915 4.755283
v 1.469463 2.454915 4.522543
v 2.795085 2.454915 3.847105
v 3.847105 2.454915 2.795085
v 4.522543 2.454915 1.469463
v 4.755283 2.454915 0.000000
v 4.696740 3.217828 -1.526063
v 3.995286 3.217828 -2.902745
v 2.902745 3.217828 -3.995286
v 1.526063 3.217828 -4.696740
v 0.000000 3.217828 -4.938444
v -1.526063 3.217828 -4.696739
v -2.902744 3.217828 -3.995285
v -3.995285 3.217828 -2.902744
v -4.696739 3.217828 -1.526063
v -4.938443 3.217828 0.000000
v -4.696739 3.217828 1.526063
v -3.995284 3.217828 2.902744
v -2.902744 3.217828 3.995284
v -1.526063 3.217828 4.696738
v -0.000000 3.217828 4.938442
v 1.526062 3.217828 4.696738
v 2.902743 3.217828 3.995284
v 3.995283 3.217828 2.902744
v 4.696737 3.217828 1.526062
v 4.938442 3.217828 0.000000
v 4.755286 4.000000 -1.545086
v 4.045088 4.000000 -2.938928
v 2.938928 4.000000 -4.045087
v 1.545086 4.000000 -4.755285
v 0.000000 4.000000 -5.000002
v -1.545086 4.000000 -4.755285
v -2.938927 4.000000 -4.045086
v -4.045086 4.000000 -2.938927
v -4.755284 4.000000 -1.545085
v -5.000001 4.000000 0.000000
v -4.755284 4.000000 1.545085
v -4.045086 4.000000 2.938927
v -2.938927 4.000000 4.045085
v -1.545085 4.000000 4.755283
v -0.000000 4.000000 5.000000
v 1.545085 4.000000 4.755283
v 2.938926 4.000000 4.045085
v 4.045085 4.000000 2.938926
v 4.755283 4.000000 1.545085
v 5.000000 4.000000 0.000000
v 4.696740 4.782172 -1.526063
v 3.995286 4.782172 -2.902745
v 2.902745 4.782172 -3.995286
v 1.526063 4.782172 -4.696740
v 0.000000 4.782172 -4.938444
v -1.526063 4.782172 -4.696739
v -2.902744 4.782172 -3.995285
v -3.995285 4.782172 -2.902744
v -4.696739 4.782172 -1.526063
v -4.938443 4.782172 0.000000
v -4.696739 4.782172 1.526063
v -3.995284 4.782172 2.902744
v -2.902744 4.782172 3.995284
v -1.526063 4.782172 4.696738
v -0.000000 4.782172 4.938442
v 1.526062 4.782172 4.696738
v 2.902743 4.782172 3.995284
v 3.995283 4.782172 2.902744
v 4.696737 4.782172 1.526062
v 4.938442 4.782172 0.000000
v 4.522546 5.545085 -1.469464
v 3.847107 5.545085 -2.795087
v 2.795087 5.545085 -3.847107
v 1.469464 5.545085 -4.522545
v 0.000000 5.545085 -4.755285
v -1.469464 5.545085 -4.522545
v -2.795086 5.545085 -3.847106
v -3.847106 5.545085 -2.795086
v -4.522544 5.545085 -1.469464
v -4.755284 5.545085 0.000000
v -4.522544 5.545085 1.469464
v -3.847106 5.545085 2.795086
v -2.795086 5.545085 3.847105
v -1.469464 5.545085 4.522543
v -0.000000 5.545085 4.755283
v 1.469463 5.545085 4.522543
v 2.795085 5.545085 3.847105
v 3.847105 5.545085 2.795085
v 4.522543 5.545085 1.469463
v 4.755283 5.545085 0.000000
v 4.236991 6.269953 -1.376682
v 3.604200 6.269953 -2.618604
v 2.618604 6.269953 -3.604199
v 1.376682 6.269953 -4.236990
v 0.000000 6.269953 -4.455035
v -1.376682 6.269953 -4.236990
v -2.618604 6.269953 -3.604199
v -3.604198 6.269953 -2.618603
v -4.236989 6.269953 -1.376681
v -4.455034 6.269953 0.000000
v -4.236989 6.269953 1.376681
v -3.604198 6.269953 2.618603
v -2.618603 6.269953 3.604198
v -1.376681 6.269953 4.236989
v -0.000000 6.269953 4.455033
v 1.376681 6.269953 4.236989
v 2.618603 6.269953 3.604198
v 3.604197 6.269953 2.618603
v 4.236988 6.269953 1.376681
v 4.455033 6.269953 0.000000
v 3.847107 6.938926 -1.250001
v 3.272545 6.938926 -2.377643
v 2.377643 6.938926 -3.272544
v 1.250001 6.938926 -3.847106
v 0.000000 6.938926 -4.045087
v -1.250001 6.938926 -3.847106
v -2.377642 6.938926 -3.272544
v -3.272543 6.938926 -2.377642
v -3.847106 6.938926 -1.250000
v -4.045086 6.938926 0.000000
v -3.847106 6.938926 1.250000
v -3.272543 6.938926 2.377642
v -2.377642 6.938926 3.272543
v -1.250000 6.938926 3.847105
v -0.000000 6.938926 4.045085
v 1.250000 6.938926 3.847105
v 2.377641 6.938926 3.272543
v 3.272542 6.938926 2.377641
v 3.847105 6.938926 1.250000
v 4.045085 6.938926 0.000000
v 3.362495 7.535534 -1.092541
v 2.860309 7.535534 -2.078136
v 2.078136 7.535534 -2.860309
v 1.092541 7.535534 -3.362494
v 0.000000 7.535534 -3.535536
v -1.092541 7.535534 -3.362494
v -2.078135 7.535534 -2.860308
v -2.860308 7.535534 -2.078135
v -3.362494 7.535534 -1.092540
v -3.535535 7.535534 0.000000
v -3.362494 7.535534 1.092540
v -2.860308 7.535534 2.078135
v -2.078135 7.535534 2.860307
v -1.092540 7.535534 3.362493
v -0.000000 7.535534 3.535534
v 1.092540 7.535534 3.362493
v 2.078135 7.535534 2.860307
v 2.860307 7.535534 2.078135
v 3.362493 7.535534 1.092540
v 3.535534 7.535534 0.000000
v 2.795087 8.045085 -0.908179
v 2.377643 8.045085 -1.727458
v 1.727458 8.045085 -2.377643
v 0.908179 8.045085 -2.795086
v 0.000000 8.045085 -2.938928
v -0.908179 8.045085 -2.795086
v -1.727458 8.045085 -2.377642
v -2.377642 8.045085 -1.727458
v -2.795086 8.045085 -0.908178
v -2.938927 8.045085 0.000000
v -2.795086 8.045085 0.908178
v -2.377642 8.045085 1.727458
v -1.727458 8.045085 2.377642
v -0.908178 8.045085 2.795085
v -0.000000 8.045085 2.938926
v 0.908178 8.045085 2.795085
v 1.727458 8.045085 2.377641
v 2.377641 8.045085 1.727458
v 2.795085 8.045085 0.908178
v 2.938926 8.045085 0.000000
v 2.158854 8.455032 -0.701454
v 1.836431 8.455032 -1.334245
v 1.334245 8.455032 -1.836431
v 0.701454 8.455032 -2.158854
v 0.000000 8.455032 -2.269954
v -0.701454 8.455032 -2.158854
v -1.334245 8.455032 -1.836431
v -1.836431 8.455032 -1.334245
v -2.158854 8.455032 -0.701454
v -2.269953 8.455032 0.000000
v -2.158854 8.455032 0.701454
v -1.836431 8.455032 1.334245
v -1.334245 8.455032 1.836430
v -0.701454 8.455032 2.158854
v -0.000000 8.455032 2.269953
v 0.701454 8.455032 2.158853
v 1.334245 8.455032 1.836430
v 1.836430 8.455032 1.334245
v 2.158853 8.455032 0.701454
v 2.269953 8.455032 0.000000
v 1.469464 8.755283 -0.477458
v 1.250001 8.755283 -0.908179
v 0.908179 8.755283 -1.250001
v 0.477458 8.755283 -1.469464
v 0.000000 8.755283 -1.545086
v -0.477458 8.755283 -1.469464
v -0.908179 8.755283 -1.250000
v -1.250000 8.755283 -0.908178
v -1.469463 8.755283 -0.477458
v -1.545085 8.755283 0.000000
v -1.469463 8.755283 0.477458
v -1.250000 8.755283 0.908178
v -0.908178 8.755283 1.250000
v -0.477458 8.755283 1.469463
v -0.000000 8.755283 1.545085
v 0.477457 8.755283 1.469463
v 0.908178 8.755283 1.250000
v 1.250000 8.755283 0.908178
v 1.469463 8.755283 0.477458
v 1.545085 8.755283 0.000000
v 0.743891 8.938442 -0.241705
v 0.632791 8.938442 -0.459750
v 0.459750 8.938442 -0.632791
v 0.241705 8.938442 -0.743891
v 0.000000 8.938442 -0.782173
v -0.241705 8.938442 -0.743890
v -0.459750 8.938442 -0.632791
v -0.632791 8.938442 -0.459750
v -0.743890 8.938442 -0.241705
v -0.782173 8.938442 0.000000
v -0.743890 8.938442 0.241705
v -0.632791 8.938442 0.459749
v -0.459749 8.938442 0.632791
v -0.241705 8.938442 0.743890
v -0.000000 8.938442 0.782173
v 0.241705 8.938442 0.743890
v 0.459749 8.938442 0.632791
v 0.632791 8.938442 0.459749
v 0.743890 8.938442 0.241705
v 0.782172 8.938442 0.000000
v 0.000000 -1.000000 0.000000
v 4.108527 4.820146 -3.015987
v 3.015986 4.820146 -4.108527
v 2.905565 5.595233 -3.957586
v 3.957586 5.595233 -2.905566
v -3.015986 4.820146 -4.108526
v -4.108526 4.820146 -3.015986
v -3.957584 5.595233 -2.905565
v -2.905565 5.595233 -3.957585
v -4.108526 4.820146 3.015985
v -3.015985 4.820146 4.108525
v -2.905564 5.595233 3.957584
v -3.957584 5.595233 2.905564
v 3.015985 4.820146 4.108525
v 4.108525 4.820146 3.015985
v 3.957583 5.595233 2.905564
v 2.905564 5.595233 3.957584
v 2.722244 6.343725 -3.707839
v 3.707840 6.343725 -2.722244
v -3.707839 6.343726 -2.722244
v -2.722244 6.343726 -3.707839
v -2.722243 6.343725 3.707838
v -3.707838 6.343725 2.722243
v 3.707837 6.343725 2.722243
v 2.722243 6.343725 3.707838
v 2.471904 7.034600 -3.366805
v 3.366806 7.034600 -2.471904
v -3.366804 7.034601 -2.471903
v -2.471903 7.034601 -3.366805
v -2.471903 7.034600 3.366804
v -3.366804 7.034600 2.471903
v 3.366804 7.034600 2.471902
v 2.471902 7.034600 3.366804
v 2.160677 7.650845 -2.942849
v 2.942850 7.650845 -2.160677
v -2.942849 7.650845 -2.160676
v -2.160676 7.650845 -2.942849
v -2.160676 7.650845 2.942848
v -2.942848 7.650845 2.160676
v 2.942848 7.650845 2.160676
v 2.160676 7.650845 2.942848
v 1.796199 8.177261 -2.446383
v 2.446384 8.177261 -1.796199
v -2.446383 8.177261 -1.796199
v -1.796199 8.177261 -2.446383
v -1.796198 8.177261 2.446383
v -2.446383 8.177261 1.796199
v 2.446382 8.177261 1.796199
v 1.796198 8.177261 2.446382
v 1.387429 8.600851 -1.889615
v 1.889615 8.600851 -1.387429
v -1.889615 8.600851 -1.387429
v -1.387429 8.600851 -1.889615
v -1.387428 8.600851 1.889614
v -1.889614 8.600851 1.387429
v 1.889614 8.600851 1.387428
v 1.387428 8.600851 1.889614
v 0.944428 8.911139 -1.286250
v 1.286250 8.911139 -0.944428
v -1.286250 8.911139 -0.944428
v -0.944428 8.911139 -1.286250
v -0.944428 8.911139 1.286250
v -1.286249 8.911139 0.944428
v 1.286249 8.911139 0.944427
v 0.944427 8.911139 1.286249
v 0.476462 9.100442 -0.652360
v 0.652360 9.100442 -0.476461
v -0.652359 9.100442 -0.476461
v -0.476461 9.100442 -0.652360
v -0.476461 9.100442 0.652359
v -0.652359 9.100442 0.476461
v 0.652359 9.100442 0.476461
v 0.476461 9.100442 0.652359
v 0.756171 9.102510 -0.245695
v -0.000000 9.164588 -0.000000
v 0.245695 9.102510 -0.756171
v -0.000000 9.102510 -0.795085
v -0.245695 9.102510 -0.756171
v -0.756171 9.102510 -0.245695
v -0.795085 9.102510 0.000000
v -0.756171 9.102510 0.245695
v -0.245695 9.102510 0.756171
v -0.000000 9.102510 0.795085
v 0.245695 9.102510 0.756170
v 0.756171 9.102510 0.245695
v 0.795085 9.102510 0.000000
vt 0.000000 0.050000
vt 0.050000 0.050000
vt 0.100000 0.050000
vt 0.150000 0.050000
vt 0.200000 0.050000
vt 0.250000 0.050000
vt 0.300000 0.050000
vt 0.350000 0.050000
vt 0.400000 0.050000
vt 0.450000 0.050000
vt 0.500000 0.050000
vt 0.550000 0.050000
vt 0.600000 0.050000
vt 0.650000 0.050000
vt 0.700000 0.050000
vt 0.750000 0.050000
vt 0.800000 0.050000
vt 0.850000 0.050000
vt 0.900000 0.050000
vt 0.950000 0.050000
vt 1.000000 0.050000
vt 0.000000 0.100000
vt 0.050000 0.100000
vt 0.100000 0.100000
vt 0.150000 0.100000
vt 0.200000 0.100000
vt 0.250000 0.100000
vt 0.300000 0.100000
vt 0.350000 0.100000
vt 0.400000 0.100000
vt 0.450000 0.100000
vt 0.500000 0.100000
vt 0.550000 0.100000
vt 0.600000 0.100000
vt 0.650000 0.100000
vt 0.700000 0.100000
vt 0.750000 0.100000
vt 0.800000 0.100000
vt 0.850000 0.100000
vt 0.900000 0.100000
vt 0.950000 0.100000
vt 1.000000 0.100000
vt 0.000000 0.150000
vt 0.050000 0.150000
vt 0.100000 0.150000
vt 0.150000 0.150000
vt 0.200000 0.150000
vt 0.250000 0.150000
vt 0.300000 0.150000
vt 0.350000 0.150000
vt 0.400000 0.150000
vt 0.450000 0.150000
vt 0.500000 0.150000
vt 0.550000 0.150000
vt 0.600000 0.150000
vt 0.650000 0.150000
vt 0.700000 0.150000
vt 0.750000 0.150000
vt 0.800000 0.150000
vt 0.850000 0.150000
vt 0.900000 0.150000
vt 0.950000 0.150000
vt 1.000000 0.150000
vt 0.000000 0.200000
vt 0.050000 0.200000
vt 0.100000 0.200000
vt 0.150000 0.200000
vt 0.200000 0.200000
vt 0.250000 0.200000
vt 0.300000 0.200000
vt 0.350000 0.200000
vt 0.400000 0.200000
vt 0.450000 0.200000
vt 0.500000 0.200000
vt 0.550000 0.200000
vt 0.600000 0.200000
vt 0.650000 0.200000
vt 0.700000 0.200000
vt 0.750000 0.200000
vt 0.800000 0.200000
vt 0.850000 0.200000
vt 0.900000 0.200000
vt 0.950000 0.200000
vt 1.000000 0.200000
vt 0.000000 0.250000
vt 0.050000 0.250000
vt 0.100000 0.250000
vt 0.150000 0.250000
vt 0.200000 0.250000
vt 0.250000 0.250000
vt 0.300000 0.250000
vt 0.350000 0.250000
vt 0.400000 0.250000
vt 0.450000 0.250000
vt 0.500000 0.250000
vt 0.550000 0.250000
vt 0.600000 0.250000
vt 0.650000 0.250000
vt 0.700000 0.250000
vt 0.750000 0.250000
vt 0.800000 0.250000
vt 0.850000 0.250000
vt 0.900000 0.250000
vt 0.950000 0.250000
vt 1.000000 0.250000
vt 0.000000 0.300000
vt 0.050000 0.300000
vt 0.100000 0.300000
vt 0.150000 0.300000
vt 0.200000 0.300000
vt 0.250000 0.300000
vt 0.300000 0.300000
vt 0.350000 0.300000
vt 0.400000 0.300000
vt 0.450000 0.300000
vt 0.500000 0.300000
vt 0.550000 0.300000
vt 0.600000 0.300000
vt 0.650000 0.300000
vt 0.700000 0.300000
vt 0.750000 0.300000
vt 0.800000 0.300000
vt 0.850000 0.300000
vt 0.900000 0.300000
vt 0.950000 0.300000
vt 1.000000 0.300000
vt 0.000000 0.350000
vt 0.050000 0.350000
vt 0.100000 0.350000
vt 0.150000 0.350000
vt 0.200000 0.350000
vt 0.250000 0.350000
vt 0.300000 0.350000
vt 0.350000 0.350000
vt 0.400000 0.350000
vt 0.450000 0.350000
vt 0.500000 0.350000
vt 0.550000 0.350000
vt 0.600000 0.350000
vt 0.650000 0.350000
vt 0.700000 0.350000
vt 0.750000 0.350000
vt 0.800000 0.350000
vt 0.850000 0.350000
vt 0.900000 0.350000
vt 0.950000 0.350000
vt 1.000000 0.350000
vt 0.000000 0.400000
vt 0.050000 0.400000
vt 0.100000 0.400000
vt 0.150000 0.400000
vt 0.200000 0.400000
vt 0.250000 0.400000
vt 0.300000 0.400000
vt 0.350000 0.400000
vt 0.400000 0.400000
vt 0.450000 0.400000
vt 0.500000 0.400000
vt 0.550000 0.400000
vt 0.600000 0.400000
vt 0.650000 0.400000
vt 0.700000 0.400000
vt 0.750000 0.400000
vt 0.800000 0.400000
vt 0.850000 0.400000
vt 0.900000 0.400000
vt 0.950000 0.400000
vt 1.000000 0.400000
vt 0.000000 0.450000
vt 0.050000 0.450000
vt 0.100000 0.450000
vt 0.150000 0.450000
vt 0.200000 0.450000
vt 0.250000 0.450000
vt 0.300000 0.450000
vt 0.350000 0.450000
vt 0.400000 0.450000
vt 0.450000 0.450000
vt 0.500000 0.450000
vt 0.550000 0.450000
vt 0.600000 0.450000
vt 0.650000 0.450000
vt 0.700000 0.450000
vt 0.750000 0.450000
vt 0.800000 0.450000
vt 0.850000 0.450000
vt 0.900000 0.450000
vt 0.950000 0.450000
vt 1.000000 0.450000
vt 0.000000 0.500000
vt 0.050000 0.500000
vt 0.100000 0.500000
vt 0.150000 0.500000
vt 0.200000 0.500000
vt 0.250000 0.500000
vt 0.300000 0.500000
vt 0.350000 0.500000
vt 0.400000 0.500000
vt 0.450000 0.500000
vt 0.500000 0.500000
vt 0.550000 0.500000
vt 0.600000 0.500000
vt 0.650000 0.500000
vt 0.700000 0.500000
vt 0.750000 0.500000
vt 0.800000 0.500000
vt 0.850000 0.500000
vt 0.900000 0.500000
vt 0.950000 0.500000
vt 1.000000 0.500000
vt 0.000000 0.550000
vt 0.050000 0.550000
vt 0.100000 0.550000
vt 0.150000 0.550000
vt 0.200000 0.550000
vt 0.250000 0.550000
vt 0.300000 0.550000
vt 0.350000 0.550000
vt 0.400000 0.550000
vt 0.450000 0.550000
vt 0.500000 0.550000
vt 0.550000 0.550000
vt 0.600000 0.550000
vt 0.650000 0.550000
vt 0.700000 0.550000
vt 0.750000 0.550000
vt 0.800000 0.550000
vt 0.850000 0.550000
vt 0.900000 0.550000
vt 0.950000 0.550000
vt 1.000000 0.550000
vt 0.000000 0.600000
vt 0.050000 0.600000
vt 0.100000 0.600000
vt 0.150000 0.600000
vt 0.200000 0.600000
vt 0.250000 0.600000
vt 0.300000 0.600000
vt 0.350000 0.600000
vt 0.400000 0.600000
vt 0.450000 0.600000
vt 0.500000 0.600000
vt 0.550000 0.600000
vt 0.600000 0.600000
vt 0.650000 0.600000
vt 0.700000 0.600000
vt 0.750000 0.600000
vt 0.800000 0.600000
vt 0.850000 0.600000
vt 0.900000 0.600000
vt 0.950000 0.600000
vt 1.000000 0.600000
vt 0.000000 0.650000
vt 0.050000 0.650000
vt 0.100000 0.650000
vt 0.150000 0.650000
vt 0.200000 0.650000
vt 0.250000 0.650000
vt 0.300000 0.650000
vt 0.350000 0.650000
vt 0.400000 0.650000
vt 0.450000 0.650000
vt 0.500000 0.650000
vt 0.550000 0.650000
vt 0.600000 0.650000
vt 0.650000 0.650000
vt 0.700000 0.650000
vt 0.750000 0.650000
vt 0.800000 0.650000
vt 0.850000 0.650000
vt 0.900000 0.650000
vt 0.950000 0.650000
vt 1.000000 0.650000
vt 0.000000 0.700000
vt 0.050000 0.700000
vt 0.100000 0.700000
vt 0.150000 0.700000
vt 0.200000 0.700000
vt 0.250000 0.700000
vt 0.300000 0.700000
vt 0.350000 0.700000
vt 0.400000 0.700000
vt 0.450000 0.700000
vt 0.500000 0.700000
vt 0.550000 0.700000
vt 0.600000 0.700000
vt 0.650000 0.700000
vt 0.700000 0.700000
vt 0.750000 0.700000
vt 0.800000 0.700000
vt 0.850000 0.700000
vt 0.900000 0.700000
vt 0.950000 0.700000
vt 1.000000 0.700000
vt 0.000000 0.750000
vt 0.050000 0.750000
vt 0.100000 0.750000
vt 0.150000 0.750000
vt 0.200000 0.750000
vt 0.250000 0.750000
vt 0.300000 0.750000
vt 0.350000 0.750000
vt 0.400000 0.750000
vt 0.450000 0.750000
vt 0.500000 0.750000
vt 0.550000 0.750000
vt 0.600000 0.750000
vt 0.650000 0.750000
vt 0.700000 0.750000
vt 0.750000 0.750000
vt 0.800000 0.750000
vt 0.850000 0.750000
vt 0.900000 0.750000
vt 0.950000 0.750000
vt 1.000000 0.750000
vt 0.000000 0.800000
vt 0.050000 0.800000
vt 0.100000 0.800000
vt 0.150000 0.800000
vt 0.200000 0.800000
vt 0.250000 0.800000
vt 0.300000 0.800000
vt 0.350000 0.800000
vt 0.400000 0.800000
vt 0.450000 0.800000
vt 0.500000 0.800000
vt 0.550000 0.800000
vt 0.600000 0.800000
vt 0.650000 0.800000
vt 0.700000 0.800000
vt 0.750000 0.800000
vt 0.800000 0.800000
vt 0.850000 0.800000
vt 0.900000 0.800000
vt 0.950000 0.800000
vt 1.000000 0.800000
vt 0.000000 0.850000
vt 0.050000 0.850000
vt 0.100000 0.850000
vt 0.150000 0.850000
vt 0.200000 0.850000
vt 0.250000 0.850000
vt 0.300000 0.850000
vt 0.350000 0.850000
vt 0.400000 0.850000
vt 0.450000 0.850000
vt 0.500000 0.850000
vt 0.550000 0.850000
vt 0.600000 0.850000
vt 0.650000 0.850000
vt 0.700000 0.850000
vt 0.750000 0.850000
vt 0.800000 0.850000
vt 0.850000 0.850000
vt 0.900000 0.850000
vt 0.950000 0.850000
vt 1.000000 0.850000
vt 0.000000 0.900000
vt 0.050000 0.900000
vt 0.100000 0.900000
vt 0.150000 0.900000
vt 0.200000 0.900000
vt 0.250000 0.900000
vt 0.300000 0.900000
vt 0.350000 0.900000
vt 0.400000 0.900000
vt 0.450000 0.900000
vt 0.500000 0.900000
vt 0.550000 0.900000
vt 0.600000 0.900000
vt 0.650000 0.900000
vt 0.700000 0.900000
vt 0.750000 0.900000
vt 0.800000 0.900000
vt 0.850000 0.900000
vt 0.900000 0.900000
vt 0.950000 0.900000
vt 1.000000 0.900000
vt 0.000000 0.950000
vt 0.050000 0.950000
vt 0.100000 0.950000
vt 0.150000 0.950000
vt 0.200000 0.950000
vt 0.250000 0.950000
vt 0.300000 0.950000
vt 0.350000 0.950000
vt 0.400000 0.950000
vt 0.450000 0.950000
vt 0.500000 0.950000
vt 0.550000 0.950000
vt 0.600000 0.950000
vt 0.650000 0.950000
vt 0.700000 0.950000
vt 0.750000 0.950000
vt 0.800000 0.950000
vt 0.850000 0.950000
vt 0.900000 0.950000
vt 0.950000 0.950000
vt 1.000000 0.950000
vt 0.025000 0.000000
vt 0.075000 0.000000
vt 0.125000 0.000000
vt 0.175000 0.000000
vt 0.225000 0.000000
vt 0.275000 0.000000
vt 0.325000 0.000000
vt 0.375000 0.000000
vt 0.425000 0.000000
vt 0.475000 0.000000
vt 0.525000 0.000000
vt 0.575000 0.000000
vt 0.625000 0.000000
vt 0.675000 0.000000
vt 0.725000 0.000000
vt 0.775000 0.000000
vt 0.825000 0.000000
vt 0.875000 0.000000
vt 0.925000 0.000000
vt 0.975000 0.000000
vt 0.025000 1.000000
vt 0.075000 1.000000
vt 0.125000 1.000000
vt 0.175000 1.000000
vt 0.225000 1.000000
vt 0.275000 1.000000
vt 0.325000 1.000000
vt 0.375000 1.000000
vt 0.425000 1.000000
vt 0.475000 1.000000
vt 0.525000 1.000000
vt 0.575000 1.000000
vt 0.625000 1.000000
vt 0.675000 1.000000
vt 0.725000 1.000000
vt 0.775000 1.000000
vt 0.825000 1.000000
vt 0.875000 1.000000
vt 0.925000 1.000000
vt 0.975000 1.000000
vt 0.050000 0.550000
vt 0.100000 0.550000
vt 0.100000 0.600000
vt 0.050000 0.600000
vt 0.300000 0.550000
vt 0.350000 0.550000
vt 0.350000 0.600000
vt 0.300000 0.600000
vt 0.550000 0.550000
vt 0.600000 0.550000
vt 0.600000 0.600000
vt 0.550000 0.600000
vt 0.800000 0.550000
vt 0.850000 0.550000
vt 0.850000 0.600000
vt 0.800000 0.600000
vt 0.100000 0.650000
vt 0.050000 0.650000
vt 0.350000 0.650000
vt 0.300000 0.650000
vt 0.600000 0.650000
vt 0.550000 0.650000
vt 0.850000 0.650000
vt 0.800000 0.650000
vt 0.100000 0.700000
vt 0.050000 0.700000
vt 0.350000 0.700000
vt 0.300000 0.700000
vt 0.600000 0.700000
vt 0.550000 0.700000
vt 0.850000 0.700000
vt 0.800000 0.700000
vt 0.100000 0.750000
vt 0.050000 0.750000
vt 0.350000 0.750000
vt 0.300000 0.750000
vt 0.600000 0.750000
vt 0.550000 0.750000
vt 0.850000 0.750000
vt 0.800000 0.750000
vt 0.100000 0.800000
vt 0.050000 0.800000
vt 0.350000 0.800000
vt 0.300000 0.800000
vt 0.600000 0.800000
vt 0.550000 0.800000
vt 0.850000 0.800000
vt 0.800000 0.800000
vt 0.100000 0.850000
vt 0.050000 0.850000
vt 0.350000 0.850000
vt 0.300000 0.850000
vt 0.600000 0.850000
vt 0.550000 0.850000
vt 0.850000 0.850000
vt 0.800000 0.850000
vt 0.100000 0.900000
vt 0.050000 0.900000
vt 0.350000 0.900000
vt 0.300000 0.900000
vt 0.600000 0.900000
vt 0.550000 0.900000
vt 0.850000 0.900000
vt 0.800000 0.900000
vt 0.100000 0.950000
vt 0.050000 0.950000
vt 0.350000 0.950000
vt 0.300000 0.950000
vt 0.600000 0.950000
vt 0.550000 0.950000
vt 0.850000 0.950000
vt 0.800000 0.950000
vt 0.000000 0.950000
vt 0.150000 0.950000
vt 0.200000 0.950000
vt 0.250000 0.950000
vt 0.400000 0.950000
vt 0.450000 0.950000
vt 0.500000 0.950000
vt 0.650000 0.950000
vt 0.700000 0.950000
vt 0.750000 0.950000
vt 0.900000 0.950000
vt 0.950000 0.950000
vt 1.000000 0.950000
vn 0.190555 -0.979722 -0.061915
vn 0.162095 -0.979722 -0.117769
vn 0.269870 -0.942723 -0.196072
vn 0.317252 -0.942723 -0.103081
vn 0.117769 -0.979722 -0.162096
vn 0.196072 -0.942723 -0.269870
vn 0.061915 -0.979722 -0.190555
vn 0.103081 -0.942723 -0.317252
vn -0.000000 -0.979722 -0.200361
vn -0.000000 -0.942723 -0.333578
vn -0.061915 -0.979722 -0.190555
vn -0.103081 -0.942723 -0.317252
vn -0.117769 -0.979722 -0.162096
vn -0.196072 -0.942722 -0.269870
vn -0.162095 -0.979722 -0.117769
vn -0.269870 -0.942723 -0.196072
vn -0.190555 -0.979722 -0.061915
vn -0.317252 -0.942723 -0.103081
vn -0.200361 -0.979722 0.000000
vn -0.333578 -0.942722 0.000000
vn -0.190555 -0.979722 0.061915
vn -0.317252 -0.942723 0.103081
vn -0.162095 -0.979722 0.117769
vn -0.269870 -0.942723 0.196072
vn -0.117769 -0.979722 0.162095
vn -0.196072 -0.942723 0.269870
vn -0.061915 -0.979722 0.190555
vn -0.103081 -0.942722 0.317252
vn 0.000000 -0.979722 0.200361
vn 0.000000 -0.942723 0.333578
vn 0.061915 -0.979722 0.190555
vn 0.103081 -0.942722 0.317252
vn 0.117769 -0.979722 0.162095
vn 0.196072 -0.942722 0.269871
vn 0.162095 -0.979722 0.117769
vn 0.269870 -0.942722 0.196072
vn 0.190555 -0.979722 0.061915
vn 0.317252 -0.942722 0.103081
vn 0.200361 -0.979722 0.000000
vn 0.333578 -0.942722 0.000000
vn 0.380846 -0.882266 -0.276701
vn 0.447712 -0.882266 -0.145470
vn 0.276701 -0.882266 -0.380846
vn 0.145470 -0.882266 -0.447712
vn -0.000000 -0.882266 -0.470752
vn -0.145470 -0.882266 -0.447712
vn -0.276701 -0.882266 -0.380846
vn -0.380846 -0.882266 -0.276701
vn -0.447712 -0.882266 -0.145470
vn -0.470752 -0.882266 -0.000000
vn -0.447712 -0.882266 0.145470
vn -0.380846 -0.882266 0.276701
vn -0.276701 -0.882266 0.380846
vn -0.145470 -0.882266 0.447712
vn 0.000000 -0.882266 0.470752
vn 0.145470 -0.882266 0.447712
vn 0.276701 -0.882266 0.380846
vn 0.380846 -0.882266 0.276701
vn 0.447712 -0.882266 0.145470
vn 0.470752 -0.882266 0.000001
vn 0.485138 -0.800252 -0.352474
vn 0.570314 -0.800252 -0.185306
vn 0.352473 -0.800252 -0.485138
vn 0.185306 -0.800252 -0.570314
vn 0.000000 -0.800252 -0.599664
vn -0.185306 -0.800252 -0.570314
vn -0.352474 -0.800252 -0.485138
vn -0.485138 -0.800252 -0.352474
vn -0.570314 -0.800252 -0.185306
vn -0.599664 -0.800252 0.000000
vn -0.570314 -0.800252 0.185306
vn -0.485138 -0.800252 0.352474
vn -0.352474 -0.800252 0.485138
vn -0.185306 -0.800252 0.570315
vn 0.000000 -0.800252 0.599664
vn 0.185306 -0.800252 0.570315
vn 0.352474 -0.800252 0.485138
vn 0.485138 -0.800252 0.352474
vn 0.570315 -0.800252 0.185306
vn 0.599664 -0.800252 0.000001
vn 0.578713 -0.698789 -0.420459
vn 0.680318 -0.698789 -0.221048
vn 0.420459 -0.698789 -0.578713
vn 0.221049 -0.698789 -0.680318
vn 0.000000 -0.698789 -0.715328
vn -0.221049 -0.698789 -0.680318
vn -0.420460 -0.698789 -0.578713
vn -0.578713 -0.698789 -0.420459
vn -0.680318 -0.698789 -0.221049
vn -0.715328 -0.698789 0.000000
vn -0.680318 -0.698789 0.221049
vn -0.578713 -0.698788 0.420460
vn -0.420459 -0.698788 0.578713
vn -0.221049 -0.698788 0.680318
vn 0.000000 -0.698788 0.715328
vn 0.221049 -0.698788 0.680318
vn 0.420460 -0.698788 0.578713
vn 0.578713 -0.698789 0.420459
vn 0.680318 -0.698788 0.221049
vn 0.715328 -0.698789 0.000001
vn 0.658808 -0.580401 -0.478652
vn 0.774475 -0.580401 -0.251641
vn 0.478652 -0.580401 -0.658808
vn 0.251642 -0.580401 -0.774475
vn -0.000000 -0.580401 -0.814331
vn -0.251642 -0.580401 -0.774475
vn -0.478652 -0.580401 -0.658808
vn -0.658808 -0.580401 -0.478652
vn -0.774475 -0.580401 -0.251642
vn -0.814331 -0.580400 0.000000
vn -0.774475 -0.580401 0.251642
vn -0.658808 -0.580401 0.478652
vn -0.478652 -0.580401 0.658808
vn -0.251642 -0.580401 0.774475
vn -0.000000 -0.580401 0.814331
vn 0.251642 -0.580401 0.774475
vn 0.478652 -0.580401 0.658808
vn 0.658808 -0.580401 0.478652
vn 0.774475 -0.580401 0.251642
vn 0.814331 -0.580401 0.000001
vn 0.723291 -0.447994 -0.525502
vn 0.850280 -0.447994 -0.276272
vn 0.525501 -0.447994 -0.723291
vn 0.276272 -0.447994 -0.850279
vn -0.000000 -0.447994 -0.894037
vn -0.276273 -0.447994 -0.850279
vn -0.525502 -0.447994 -0.723291
vn -0.723291 -0.447994 -0.525501
vn -0.850280 -0.447994 -0.276272
vn -0.894037 -0.447994 -0.000000
vn -0.850279 -0.447994 0.276273
vn -0.723291 -0.447994 0.525502
vn -0.525502 -0.447994 0.723291
vn -0.276273 -0.447994 0.850279
vn 0.000000 -0.447994 0.894037
vn 0.276273 -0.447994 0.850280
vn 0.525502 -0.447994 0.723291
vn 0.723291 -0.447994 0.525501
vn 0.850280 -0.447994 0.276273
vn 0.894037 -0.447994 0.000001
vn 0.770524 -0.304789 -0.559818
vn 0.905806 -0.304788 -0.294313
vn 0.559818 -0.304789 -0.770524
vn 0.294314 -0.304789 -0.905805
vn -0.000000 -0.304789 -0.952420
vn -0.294314 -0.304788 -0.905805
vn -0.559819 -0.304788 -0.770524
vn -0.770524 -0.304789 -0.559818
vn -0.905805 -0.304789 -0.294314
vn -0.952420 -0.304789 -0.000000
vn -0.905805 -0.304789 0.294314
vn -0.770524 -0.304789 0.559819
vn -0.559818 -0.304789 0.770524
vn -0.294314 -0.304788 0.905805
vn 0.000000 -0.304788 0.952420
vn 0.294314 -0.304788 0.905805
vn 0.559818 -0.304788 0.770524
vn 0.770524 -0.304788 0.559819
vn 0.905805 -0.304789 0.294314
vn 0.952420 -0.304788 0.000001
vn 0.799335 -0.154249 -0.580751
vn 0.939675 -0.154249 -0.305318
vn 0.580751 -0.154249 -0.799335
vn 0.305319 -0.154249 -0.939674
vn -0.000000 -0.154249 -0.988032
vn -0.305319 -0.154249 -0.939674
vn -0.580751 -0.154248 -0.799335
vn -0.799335 -0.154249 -0.580751
vn -0.939674 -0.154249 -0.305319
vn -0.988032 -0.154249 0.000000
vn -0.939674 -0.154248 0.305319
vn -0.799335 -0.154248 0.580751
vn -0.580751 -0.154249 0.799335
vn -0.305319 -0.154249 0.939674
vn 0.000000 -0.154249 0.988032
vn 0.305319 -0.154249 0.939674
vn 0.580751 -0.154249 0.799335
vn 0.799335 -0.154248 0.580751
vn 0.939674 -0.154249 0.305319
vn 0.988032 -0.154249 0.000001
vn 0.809017 0.000000 -0.587785
vn 0.951057 0.000000 -0.309016
vn 0.587785 -0.000000 -0.809017
vn 0.309017 0.000000 -0.951057
vn 0.000000 0.000000 -1.000000
vn -0.309017 0.000000 -0.951057
vn -0.587786 0.000000 -0.809017
vn -0.809017 0.000000 -0.587785
vn -0.951057 -0.000000 -0.309017
vn -1.000000 0.000000 0.000000
vn -0.951057 0.000000 0.309017
vn -0.809017 0.000000 0.587785
vn -0.587785 0.000000 0.809017
vn -0.309017 -0.000000 0.951057
vn 0.000000 -0.000000 1.000000
vn 0.309017 0.000000 0.951057
vn 0.587785 0.000000 0.809017
vn 0.809017 0.000000 0.587785
vn 0.951057 -0.000000 0.309017
vn 1.000000 0.000000 0.000001
vn 0.830418 0.128390 -0.542146
vn 0.939675 0.154249 -0.305318
vn 0.542146 0.128390 -0.830418
vn 0.305319 0.154249 -0.939674
vn -0.000000 0.154249 -0.988032
vn -0.305319 0.154249 -0.939674
vn -0.542146 0.128390 -0.830418
vn -0.830418 0.128390 -0.542146
vn -0.939674 0.154249 -0.305319
vn -0.988032 0.154249 -0.000000
vn -0.939674 0.154248 0.305319
vn -0.830418 0.128390 0.542146
vn -0.542146 0.128390 0.830418
vn -0.305319 0.154249 0.939674
vn 0.000000 0.154249 0.988032
vn 0.305319 0.154249 0.939674
vn 0.542146 0.128390 0.830418
vn 0.830418 0.128390 0.542146
vn 0.939674 0.154249 0.305319
vn 0.988032 0.154249 0.000001
vn 0.849579 0.301379 -0.432882
vn 0.905806 0.304788 -0.294313
vn 0.687824 0.231938 -0.687825
vn 0.687824 0.231938 -0.687825
vn 0.673943 0.302655 -0.673944
vn 0.673943 0.302655 -0.673944
vn 0.294314 0.304789 -0.905805
vn 0.432882 0.301379 -0.849579
vn -0.000000 0.304789 -0.952420
vn -0.294314 0.304788 -0.905805
vn -0.432882 0.301379 -0.849579
vn -0.687825 0.231937 -0.687824
vn -0.687825 0.231937 -0.687824
vn -0.673944 0.302655 -0.673944
vn -0.673944 0.302655 -0.673943
vn -0.905805 0.304789 -0.294314
vn -0.849579 0.301379 -0.432882
vn -0.952420 0.304789 -0.000000
vn -0.905805 0.304788 0.294314
vn -0.849579 0.301379 0.432882
vn -0.687824 0.231938 0.687825
vn -0.687824 0.231938 0.687825
vn -0.673943 0.302655 0.673944
vn -0.673943 0.302655 0.673944
vn -0.294314 0.304788 0.905805
vn -0.432882 0.301379 0.849579
vn 0.000000 0.304788 0.952420
vn 0.294314 0.304788 0.905805
vn 0.432882 0.301379 0.849579
vn 0.687825 0.231937 0.687825
vn 0.687825 0.231937 0.687825
vn 0.673944 0.302655 0.673944
vn 0.673944 0.302655 0.673944
vn 0.905805 0.304788 0.294314
vn 0.849579 0.301379 0.432882
vn 0.952420 0.304788 0.000001
vn 0.798556 0.443569 -0.406885
vn 0.850280 0.447994 -0.276272
vn 0.633698 0.443681 -0.633698
vn 0.633698 0.443681 -0.633698
vn 0.276272 0.447994 -0.850279
vn 0.406884 0.443569 -0.798556
vn -0.000000 0.447994 -0.894037
vn -0.276273 0.447994 -0.850279
vn -0.406885 0.443569 -0.798556
vn -0.633698 0.443681 -0.633698
vn -0.633698 0.443681 -0.633698
vn -0.850279 0.447994 -0.276272
vn -0.798556 0.443569 -0.406884
vn -0.894037 0.447994 0.000000
vn -0.850280 0.447994 0.276273
vn -0.798556 0.443569 0.406885
vn -0.633698 0.443681 0.633699
vn -0.633698 0.443681 0.633699
vn -0.276273 0.447994 0.850279
vn -0.406885 0.443569 0.798556
vn 0.000000 0.447994 0.894037
vn 0.276273 0.447994 0.850280
vn 0.406884 0.443569 0.798556
vn 0.633698 0.443681 0.633698
vn 0.633698 0.443681 0.633698
vn 0.850280 0.447994 0.276273
vn 0.798556 0.443569 0.406885
vn 0.894037 0.447994 0.000001
vn 0.728583 0.575633 -0.371232
vn 0.774475 0.580401 -0.251641
vn 0.578142 0.575764 -0.578142
vn 0.578142 0.575764 -0.578142
vn 0.251642 0.580401 -0.774475
vn 0.371232 0.575633 -0.728584
vn -0.000000 0.580401 -0.814331
vn -0.251642 0.580401 -0.774475
vn -0.371232 0.575633 -0.728583
vn -0.578142 0.575764 -0.578142
vn -0.578142 0.575764 -0.578142
vn -0.774475 0.580401 -0.251642
vn -0.728584 0.575633 -0.371232
vn -0.814331 0.580401 0.000000
vn -0.774475 0.580401 0.251642
vn -0.728584 0.575633 0.371232
vn -0.578142 0.575764 0.578142
vn -0.578142 0.575764 0.578142
vn -0.251642 0.580401 0.774475
vn -0.371232 0.575633 0.728584
vn 0.000000 0.580401 0.814331
vn 0.251642 0.580401 0.774475
vn 0.371232 0.575633 0.728584
vn 0.578142 0.575764 0.578142
vn 0.578142 0.575764 0.578142
vn 0.774475 0.580401 0.251642
vn 0.728584 0.575633 0.371232
vn 0.814331 0.580401 0.000001
vn 0.641205 0.694346 -0.326710
vn 0.680318 0.698789 -0.221048
vn 0.508769 0.694484 -0.508769
vn 0.508769 0.694484 -0.508769
vn 0.221049 0.698789 -0.680318
vn 0.326710 0.694346 -0.641205
vn 0.000000 0.698789 -0.715328
vn -0.221049 0.698789 -0.680318
vn -0.326710 0.694346 -0.641205
vn -0.508769 0.694484 -0.508769
vn -0.508769 0.694484 -0.508769
vn -0.680318 0.698788 -0.221049
vn -0.641205 0.694346 -0.326710
vn -0.715328 0.698788 0.000000
vn -0.680318 0.698788 0.221049
vn -0.641205 0.694346 0.326710
vn -0.508769 0.694484 0.508769
vn -0.508769 0.694484 0.508769
vn -0.221049 0.698788 0.680318
vn -0.326710 0.694346 0.641205
vn 0.000000 0.698788 0.715328
vn 0.221049 0.698788 0.680318
vn 0.326710 0.694346 0.641205
vn 0.508769 0.694484 0.508769
vn 0.508769 0.694484 0.508769
vn 0.680318 0.698789 0.221049
vn 0.641205 0.694346 0.326710
vn 0.715328 0.698789 0.000001
vn 0.538541 0.796667 -0.274400
vn 0.570314 0.800252 -0.185306
vn 0.427268 0.796797 -0.427268
vn 0.427268 0.796797 -0.427268
vn 0.185306 0.800252 -0.570314
vn 0.274400 0.796667 -0.538541
vn 0.000000 0.800252 -0.599664
vn -0.185306 0.800252 -0.570314
vn -0.274401 0.796667 -0.538541
vn -0.427268 0.796797 -0.427268
vn -0.427268 0.796797 -0.427268
vn -0.570314 0.800252 -0.185306
vn -0.538541 0.796667 -0.274400
vn -0.599664 0.800252 0.000000
vn -0.570314 0.800252 0.185307
vn -0.538541 0.796667 0.274401
vn -0.427268 0.796796 0.427268
vn -0.427268 0.796796 0.427268
vn -0.185306 0.800252 0.570314
vn -0.274400 0.796667 0.538541
vn 0.000000 0.800252 0.599664
vn 0.185306 0.800252 0.570314
vn 0.274401 0.796667 0.538541
vn 0.427268 0.796796 0.427268
vn 0.427268 0.796796 0.427268
vn 0.570314 0.800252 0.185306
vn 0.538541 0.796667 0.274400
vn 0.599664 0.800252 0.000001
vn 0.423496 0.879824 -0.215782
vn 0.447712 0.882266 -0.145469
vn 0.335946 0.879932 -0.335946
vn 0.335946 0.879932 -0.335946
vn 0.145470 0.882266 -0.447712
vn 0.215782 0.879823 -0.423496
vn -0.000000 0.882266 -0.470752
vn -0.145470 0.882266 -0.447712
vn -0.215782 0.879823 -0.423496
vn -0.335946 0.879932 -0.335946
vn -0.335946 0.879932 -0.335946
vn -0.447712 0.882266 -0.145470
vn -0.423496 0.879824 -0.215782
vn -0.470752 0.882266 0.000000
vn -0.447712 0.882266 0.145471
vn -0.423496 0.879823 0.215782
vn -0.335946 0.879932 0.335947
vn -0.335946 0.879932 0.335947
vn -0.145470 0.882266 0.447712
vn -0.215782 0.879823 0.423496
vn 0.000000 0.882266 0.470752
vn 0.145470 0.882266 0.447712
vn 0.215782 0.879823 0.423496
vn 0.335946 0.879932 0.335946
vn 0.335946 0.879932 0.335946
vn 0.447712 0.882266 0.145470
vn 0.423496 0.879823 0.215782
vn 0.470752 0.882266 0.000001
vn 0.300507 0.941409 -0.153116
vn 0.317252 0.942722 -0.103081
vn 0.238129 0.941589 -0.238129
vn 0.238129 0.941589 -0.238129
vn 0.103081 0.942722 -0.317252
vn 0.153116 0.941409 -0.300506
vn -0.000000 0.942722 -0.333579
vn -0.103082 0.942722 -0.317252
vn -0.153116 0.941409 -0.300507
vn -0.238129 0.941589 -0.238128
vn -0.238129 0.941589 -0.238128
vn -0.317252 0.942722 -0.103081
vn -0.300507 0.941409 -0.153116
vn -0.333579 0.942722 0.000000
vn -0.317252 0.942722 0.103082
vn -0.300507 0.941409 0.153116
vn -0.238129 0.941589 0.238129
vn -0.238129 0.941589 0.238129
vn -0.103082 0.942722 0.317253
vn -0.153116 0.941409 0.300507
vn 0.000000 0.942722 0.333579
vn 0.103082 0.942722 0.317252
vn 0.153116 0.941409 0.300507
vn 0.238129 0.941589 0.238129
vn 0.238129 0.941589 0.238129
vn 0.317252 0.942722 0.103081
vn 0.300507 0.941409 0.153116
vn 0.333579 0.942722 0.000001
vn 0.210450 0.971706 -0.107230
vn 0.222019 0.972370 -0.072138
vn 0.125180 0.983546 -0.130259
vn 0.130259 0.983546 -0.125180
vn 0.072138 0.972370 -0.222019
vn 0.107230 0.971706 -0.210449
vn -0.000000 0.972370 -0.233445
vn -0.072138 0.972370 -0.222020
vn -0.107230 0.971706 -0.210451
vn -0.130259 0.983546 -0.125179
vn -0.125180 0.983546 -0.130258
vn -0.222019 0.972370 -0.072138
vn -0.210450 0.971706 -0.107230
vn -0.233445 0.972370 0.000000
vn -0.222019 0.972370 0.072139
vn -0.210450 0.971706 0.107230
vn -0.125180 0.983546 0.130259
vn -0.130259 0.983546 0.125180
vn -0.072138 0.972370 0.222020
vn -0.107230 0.971706 0.210451
vn 0.000000 0.972370 0.233445
vn 0.072139 0.972370 0.222020
vn 0.107230 0.971706 0.210450
vn 0.130259 0.983546 0.125180
vn 0.125180 0.983546 0.130259
vn 0.222020 0.972370 0.072138
vn 0.210450 0.971706 0.107230
vn 0.233445 0.972370 0.000000
vn -0.000000 -1.000000 0.000000
vn 0.073228 0.996963 -0.026521
vn 0.000000 1.000000 -0.000000
vn 0.026522 0.996963 -0.073228
vn -0.000000 0.996966 -0.077840
vn -0.026522 0.996963 -0.073228
vn -0.073228 0.996963 -0.026521
vn -0.077840 0.996966 0.000000
vn -0.073228 0.996963 0.026521
vn -0.026522 0.996963 0.073228
vn 0.000000 0.996966 0.077840
vn 0.026522 0.996963 0.073227
vn 0.073228 0.996963 0.026521
vn 0.077840 0.996966 -0.000000
vn 0.163146 -0.973019 -0.163146
vn 0.163146 -0.973019 -0.163146
vn 0.163146 -0.973019 -0.163146
vn 0.163146 -0.973019 -0.163146
vn -0.713520 0.034922 -0.699764
vn -0.717647 0.044748 -0.694968
vn -0.717645 0.044744 -0.694970
vn -0.713520 0.034922 -0.699764
vn 0.694969 0.044748 0.717646
vn 0.699765 0.034922 0.713519
vn 0.699765 0.034922 0.713519
vn 0.694971 0.044744 0.717644
vn -0.163146 -0.973019 -0.163146
vn -0.163146 -0.973019 -0.163146
vn -0.163146 -0.973019 -0.163146
vn -0.163146 -0.973019 -0.163146
vn -0.699765 0.034921 0.713519
vn -0.694969 0.044748 0.717646
vn -0.694970 0.044744 0.717645
vn -0.699765 0.034921 0.713519
vn 0.717646 0.044748 -0.694969
vn 0.713519 0.034922 -0.699765
vn 0.713519 0.034922 -0.699765
vn 0.717644 0.044745 -0.694971
vn -0.163146 -0.973019 0.163146
vn -0.163146 -0.973019 0.163146
vn -0.163146 -0.973019 0.163146
vn -0.163146 -0.973019 0.163146
vn 0.713520 0.034922 0.699764
vn 0.717646 0.044748 0.694969
vn 0.717644 0.044744 0.694971
vn 0.713520 0.034922 0.699764
vn -0.694970 0.044748 -0.717645
vn -0.699766 0.034923 -0.713518
vn -0.699766 0.034923 -0.713518
vn -0.694972 0.044745 -0.717644
vn 0.163146 -0.973020 0.163146
vn 0.163146 -0.973019 0.163146
vn 0.163146 -0.973020 0.163146
vn 0.163146 -0.973020 0.163146
vn 0.699764 0.034922 -0.713520
vn 0.694968 0.044748 -0.717647
vn 0.694970 0.044744 -0.717645
vn 0.699764 0.034922 -0.713520
vn -0.717646 0.044748 0.694969
vn -0.713520 0.034922 0.699764
vn -0.713520 0.034922 0.699764
vn -0.717645 0.044744 0.694971
vn -0.728016 0.061665 -0.682781
vn -0.728016 0.061665 -0.682781
vn 0.682782 0.061664 0.728015
vn 0.682782 0.061665 0.728016
vn -0.682781 0.061665 0.728016
vn -0.682781 0.061665 0.728016
vn 0.728015 0.061665 -0.682782
vn 0.728016 0.061665 -0.682782
vn 0.728015 0.061665 0.682782
vn 0.728016 0.061665 0.682782
vn -0.682782 0.061665 -0.728015
vn -0.682782 0.061666 -0.728015
vn 0.682781 0.061665 -0.728016
vn 0.682781 0.061665 -0.728016
vn -0.728015 0.061666 0.682782
vn -0.728015 0.061666 0.682782
vn -0.741765 0.072607 -0.666718
vn -0.741765 0.072607 -0.666718
vn 0.666719 0.072606 0.741764
vn 0.666718 0.072607 0.741765
vn -0.666719 0.072606 0.741765
vn -0.666718 0.072606 0.741765
vn 0.741764 0.072606 -0.666719
vn 0.741765 0.072607 -0.666718
vn 0.741764 0.072607 0.666719
vn 0.741765 0.072607 0.666718
vn -0.666719 0.072607 -0.741764
vn -0.666718 0.072608 -0.741765
vn 0.666718 0.072606 -0.741765
vn 0.666717 0.072607 -0.741765
vn -0.741764 0.072607 0.666719
vn -0.741765 0.072607 0.666719
vn -0.757059 0.076478 -0.648855
vn -0.757060 0.076478 -0.648854
vn 0.648855 0.076478 0.757059
vn 0.648854 0.076478 0.757060
vn -0.648855 0.076478 0.757059
vn -0.648854 0.076478 0.757060
vn 0.757059 0.076478 -0.648855
vn 0.757060 0.076478 -0.648854
vn 0.757059 0.076478 0.648855
vn 0.757060 0.076478 0.648854
vn -0.648855 0.076478 -0.757059
vn -0.648854 0.076478 -0.757060
vn 0.648855 0.076478 -0.757059
vn 0.648854 0.076478 -0.757060
vn -0.757059 0.076478 0.648855
vn -0.757060 0.076478 0.648854
vn -0.772411 0.072864 -0.630930
vn -0.772411 0.072863 -0.630929
vn 0.630930 0.072865 0.772411
vn 0.630929 0.072864 0.772411
vn -0.630931 0.072864 0.772410
vn -0.630930 0.072864 0.772411
vn 0.772411 0.072865 -0.630930
vn 0.772411 0.072865 -0.630929
vn 0.772411 0.072864 0.630930
vn 0.772412 0.072864 0.630929
vn -0.630930 0.072865 -0.772411
vn -0.630929 0.072864 -0.772411
vn 0.630930 0.072865 -0.772410
vn 0.630930 0.072864 -0.772411
vn -0.772411 0.072864 0.630930
vn -0.772411 0.072864 0.630929
vn -0.786309 0.062082 -0.614707
vn -0.786309 0.062081 -0.614706
vn 0.614707 0.062082 0.786308
vn 0.614707 0.062082 0.786309
vn -0.614707 0.062081 0.786308
vn -0.614707 0.062081 0.786309
vn 0.786309 0.062082 -0.614707
vn 0.786309 0.062082 -0.614706
vn 0.786309 0.062081 0.614707
vn 0.786309 0.062080 0.614706
vn -0.614708 0.062083 -0.786308
vn -0.614707 0.062082 -0.786309
vn 0.614707 0.062082 -0.786308
vn 0.614707 0.062081 -0.786309
vn -0.786309 0.062081 0.614707
vn -0.786309 0.062081 0.614707
vn -0.797547 0.041980 -0.601794
vn -0.797547 0.041979 -0.601794
vn 0.601794 0.041979 0.797547
vn 0.601794 0.041979 0.797547
vn -0.601795 0.041979 0.797547
vn -0.601795 0.041979 0.797547
vn 0.797547 0.041979 -0.601794
vn 0.797547 0.041979 -0.601794
vn 0.797547 0.041979 0.601794
vn 0.797547 0.041979 0.601794
vn -0.601795 0.041980 -0.797547
vn -0.601795 0.041980 -0.797547
vn 0.601794 0.041979 -0.797547
vn 0.601794 0.041979 -0.797547
vn -0.797547 0.041979 0.601794
vn -0.797547 0.041979 0.601794
vn -0.802267 0.028966 -0.596262
vn -0.802267 0.028966 -0.596262
vn 0.596261 0.028966 0.802268
vn 0.596261 0.028966 0.802268
vn -0.596262 0.028966 0.802267
vn -0.596262 0.028966 0.802267
vn 0.802268 0.028966 -0.596261
vn 0.802268 0.028966 -0.596262
vn 0.802268 0.028966 0.596261
vn 0.802268 0.028966 0.596261
vn -0.596261 0.028966 -0.802268
vn -0.596261 0.028966 -0.802268
vn 0.596262 0.028966 -0.802267
vn 0.596262 0.028966 -0.802267
vn -0.802268 0.028966 0.596260
vn -0.802268 0.028966 0.596260
vn 0.950300 -0.097196 -0.295776
vn 0.896178 -0.114746 -0.428601
vn 0.896178 -0.114746 -0.428601
vn 0.950363 -0.097169 -0.295583
vn 0.428600 -0.114747 -0.896178
vn 0.295776 -0.097197 -0.950300
vn 0.295582 -0.097170 -0.950363
vn 0.428600 -0.114747 -0.896178
vn -0.000000 -0.078459 -0.996917
vn -0.000000 -0.078459 -0.996917
vn -0.295777 -0.097196 -0.950299
vn -0.295583 -0.097170 -0.950362
vn -0.428601 -0.114747 -0.896178
vn -0.428601 -0.114747 -0.896178
vn -0.896178 -0.114746 -0.428601
vn -0.950299 -0.097196 -0.295777
vn -0.950362 -0.097170 -0.295583
vn -0.896178 -0.114746 -0.428601
vn -0.996917 -0.078459 -0.000000
vn -0.996917 -0.078459 -0.000000
vn -0.950299 -0.097196 0.295777
vn -0.950362 -0.097170 0.295583
vn -0.896178 -0.114746 0.428601
vn -0.896178 -0.114746 0.428601
vn -0.428601 -0.114746 0.896178
vn -0.295777 -0.097196 0.950300
vn -0.295583 -0.097170 0.950362
vn -0.428601 -0.114746 0.896178
vn 0.000000 -0.078459 0.996917
vn 0.000000 -0.078459 0.996917
vn 0.295777 -0.097196 0.950300
vn 0.295583 -0.097169 0.950363
vn 0.428601 -0.114746 0.896178
vn 0.428601 -0.114746 0.896178
vn 0.896178 -0.114746 0.428601
vn 0.950299 -0.097196 0.295777
vn 0.950362 -0.097170 0.295583
vn 0.896178 -0.114746 0.428601
vn 0.996917 -0.078459 0.000001
vn 0.996917 -0.078459 0.000001
s 1
g pSphere1
usemtl blinn2SG
f 1004/1004/1298 1005/1005/1299 1025/1026/1300 1024/1025/1301
f 1005/1005/1299 1006/1006/1302 1026/1027/1303 1025/1026/1300
f 1006/1006/1302 1007/1007/1304 1027/1028/1305 1026/1027/1303
f 1007/1007/1304 1008/1008/1306 1028/1029/1307 1027/1028/1305
f 1008/1008/1306 1009/1009/1308 1029/1030/1309 1028/1029/1307
f 1009/1009/1308 1010/1010/1310 1030/1031/1311 1029/1030/1309
f 1010/1010/1310 1011/1011/1312 1031/1032/1313 1030/1031/1311
f 1011/1011/1312 1012/1012/1314 1032/1033/1315 1031/1032/1313
f 1012/1012/1314 1013/1013/1316 1033/1034/1317 1032/1033/1315
f 1013/1013/1316 1014/1014/1318 1034/1035/1319 1033/1034/1317
f 1014/1014/1318 1015/1015/1320 1035/1036/1321 1034/1035/1319
f 1015/1015/1320 1016/1016/1322 1036/1037/1323 1035/1036/1321
f 1016/1016/1322 1017/1017/1324 1037/1038/1325 1036/1037/1323
f 1017/1017/1324 1018/1018/1326 1038/1039/1327 1037/1038/1325
f 1018/1018/1326 1019/1019/1328 1039/1040/1329 1038/1039/1327
f 1019/1019/1328 1020/1020/1330 1040/1041/1331 1039/1040/1329
f 1020/1020/1330 1021/1021/1332 1041/1042/1333 1040/1041/1331
f 1021/1021/1332 1022/1022/1334 1042/1043/1335 1041/1042/1333
f 1022/1022/1334 1023/1023/1336 1043/1044/1337 1042/1043/1335
f 1023/1023/1336 1004/1024/1298 1024/1045/1301 1043/1044/1337
f 1024/1025/1301 1025/1026/1300 1045/1047/1338 1044/1046/1339
f 1025/1026/1300 1026/1027/1303 1046/1048/1340 1045/1047/1338
f 1026/1027/1303 1027/1028/1305 1047/1049/1341 1046/1048/1340
f 1027/1028/1305 1028/1029/1307 1048/1050/1342 1047/1049/1341
f 1028/1029/1307 1029/1030/1309 1049/1051/1343 1048/1050/1342
f 1029/1030/1309 1030/1031/1311 1050/1052/1344 1049/1051/1343
f 1030/1031/1311 1031/1032/1313 1051/1053/1345 1050/1052/1344
f 1031/1032/1313 1032/1033/1315 1052/1054/1346 1051/1053/1345
f 1032/1033/1315 1033/1034/1317 1053/1055/1347 1052/1054/1346
f 1033/1034/1317 1034/1035/1319 1054/1056/1348 1053/1055/1347
f 1034/1035/1319 1035/1036/1321 1055/1057/1349 1054/1056/1348
f 1035/1036/1321 1036/1037/1323 1056/1058/1350 1055/1057/1349
f 1036/1037/1323 1037/1038/1325 1057/1059/1351 1056/1058/1350
f 1037/1038/1325 1038/1039/1327 1058/1060/1352 1057/1059/1351
f 1038/1039/1327 1039/1040/1329 1059/1061/1353 1058/1060/1352
f 1039/1040/1329 1040/1041/1331 1060/1062/1354 1059/1061/1353
f 1040/1041/1331 1041/1042/1333 1061/1063/1355 1060/1062/1354
f 1041/1042/1333 1042/1043/1335 1062/1064/1356 1061/1063/1355
f 1042/1043/1335 1043/1044/1337 1063/1065/1357 1062/1064/1356
f 1043/1044/1337 1024/1045/1301 1044/1066/1339 1063/1065/1357
f 1044/1046/1339 1045/1047/1338 1065/1068/1358 1064/1067/1359
f 1045/1047/1338 1046/1048/1340 1066/1069/1360 1065/1068/1358
f 1046/1048/1340 1047/1049/1341 1067/1070/1361 1066/1069/1360
f 1047/1049/1341 1048/1050/1342 1068/1071/1362 1067/1070/1361
f 1048/1050/1342 1049/1051/1343 1069/1072/1363 1068/1071/1362
f 1049/1051/1343 1050/1052/1344 1070/1073/1364 1069/1072/1363
f 1050/1052/1344 1051/1053/1345 1071/1074/1365 1070/1073/1364
f 1051/1053/1345 1052/1054/1346 1072/1075/1366 1071/1074/1365
f 1052/1054/1346 1053/1055/1347 1073/1076/1367 1072/1075/1366
f 1053/1055/1347 1054/1056/1348 1074/1077/1368 1073/1076/1367
f 1054/1056/1348 1055/1057/1349 1075/1078/1369 1074/1077/1368
f 1055/1057/1349 1056/1058/1350 1076/1079/1370 1075/1078/1369
f 1056/1058/1350 1057/1059/1351 1077/1080/1371 1076/1079/1370
f 1057/1059/1351 1058/1060/1352 1078/1081/1372 1077/1080/1371
f 1058/1060/1352 1059/1061/1353 1079/1082/1373 1078/1081/1372
f 1059/1061/1353 1060/1062/1354 1080/1083/1374 1079/1082/1373
f 1060/1062/1354 1061/1063/1355 1081/1084/1375 1080/1083/1374
f 1061/1063/1355 1062/1064/1356 1082/1085/1376 1081/1084/1375
f 1062/1064/1356 1063/1065/1357 1083/1086/1377 1082/1085/1376
f 1063/1065/1357 1044/1066/1339 1064/1087/1359 1083/1086/1377
f 1064/1067/1359 1065/1068/1358 1085/1089/1378 1084/1088/1379
f 1065/1068/1358 1066/1069/1360 1086/1090/1380 1085/1089/1378
f 1066/1069/1360 1067/1070/1361 1087/1091/1381 1086/1090/1380
f 1067/1070/1361 1068/1071/1362 1088/1092/1382 1087/1091/1381
f 1068/1071/1362 1069/1072/1363 1089/1093/1383 1088/1092/1382
f 1069/1072/1363 1070/1073/1364 1090/1094/1384 1089/1093/1383
f 1070/1073/1364 1071/1074/1365 1091/1095/1385 1090/1094/1384
f 1071/1074/1365 1072/1075/1366 1092/1096/1386 1091/1095/1385
f 1072/1075/1366 1073/1076/1367 1093/1097/1387 1092/1096/1386
f 1073/1076/1367 1074/1077/1368 1094/1098/1388 1093/1097/1387
f 1074/1077/1368 1075/1078/1369 1095/1099/1389 1094/1098/1388
f 1075/1078/1369 1076/1079/1370 1096/1100/1390 1095/1099/1389
f 1076/1079/1370 1077/1080/1371 1097/1101/1391 1096/1100/1390
f 1077/1080/1371 1078/1081/1372 1098/1102/1392 1097/1101/1391
f 1078/1081/1372 1079/1082/1373 1099/1103/1393 1098/1102/1392
f 1079/1082/1373 1080/1083/1374 1100/1104/1394 1099/1103/1393
f 1080/1083/1374 1081/1084/1375 1101/1105/1395 1100/1104/1394
f 1081/1084/1375 1082/1085/1376 1102/1106/1396 1101/1105/1395
f 1082/1085/1376 1083/1086/1377 1103/1107/1397 1102/1106/1396
f 1083/1086/1377 1064/1087/1359 1084/1108/1379 1103/1107/1397
f 1084/1088/1379 1085/1089/1378 1105/1110/1398 1104/1109/1399
f 1085/1089/1378 1086/1090/1380 1106/1111/1400 1105/1110/1398
f 1086/1090/1380 1087/1091/1381 1107/1112/1401 1106/1111/1400
f 1087/1091/1381 1088/1092/1382 1108/1113/1402 1107/1112/1401
f 1088/1092/1382 1089/1093/1383 1109/1114/1403 1108/1113/1402
f 1089/1093/1383 1090/1094/1384 1110/1115/1404 1109/1114/1403
f 1090/1094/1384 1091/1095/1385 1111/1116/1405 1110/1115/1404
f 1091/1095/1385 1092/1096/1386 1112/1117/1406 1111/1116/1405
f 1092/1096/1386 1093/1097/1387 1113/1118/1407 1112/1117/1406
f 1093/1097/1387 1094/1098/1388 1114/1119/1408 1113/1118/1407
f 1094/1098/1388 1095/1099/1389 1115/1120/1409 1114/1119/1408
f 1095/1099/1389 1096/1100/1390 1116/1121/1410 1115/1120/1409
f 1096/1100/1390 1097/1101/1391 1117/1122/1411 1116/1121/1410
f 1097/1101/1391 1098/1102/1392 1118/1123/1412 1117/1122/1411
f 1098/1102/1392 1099/1103/1393 1119/1124/1413 1118/1123/1412
f 1099/1103/1393 1100/1104/1394 1120/1125/1414 1119/1124/1413
f 1100/1104/1394 1101/1105/1395 1121/1126/1415 1120/1125/1414
f 1101/1105/1395 1102/1106/1396 1122/1127/1416 1121/1126/1415
f 1102/1106/1396 1103/1107/1397 1123/1128/1417 1122/1127/1416
f 1103/1107/1397 1084/1108/1379 1104/1129/1399 1123/1128/1417
f 1104/1109/1399 1105/1110/1398 1125/1131/1418 1124/1130/1419
f 1105/1110/1398 1106/1111/1400 1126/1132/1420 1125/1131/1418
f 1106/1111/1400 1107/1112/1401 1127/1133/1421 1126/1132/1420
f 1107/1112/1401 1108/1113/1402 1128/1134/1422 1127/1133/1421
f 1108/1113/1402 1109/1114/1403 1129/1135/1423 1128/1134/1422
f 1109/1114/1403 1110/1115/1404 1130/1136/1424 1129/1135/1423
f 1110/1115/1404 1111/1116/1405 1131/1137/1425 1130/1136/1424
f 1111/1116/1405 1112/1117/1406 1132/1138/1426 1131/1137/1425
f 1112/1117/1406 1113/1118/1407 1133/1139/1427 1132/1138/1426
f 1113/1118/1407 1114/1119/1408 1134/1140/1428 1133/1139/1427
f 1114/1119/1408 1115/1120/1409 1135/1141/1429 1134/1140/1428
f 1115/1120/1409 1116/1121/1410 1136/1142/1430 1135/1141/1429
f 1116/1121/1410 1117/1122/1411 1137/1143/1431 1136/1142/1430
f 1117/1122/1411 1118/1123/1412 1138/1144/1432 1137/1143/1431
f 1118/1123/1412 1119/1124/1413 1139/1145/1433 1138/1144/1432
f 1119/1124/1413 1120/1125/1414 1140/1146/1434 1139/1145/1433
f 1120/1125/1414 1121/1126/1415 1141/1147/1435 1140/1146/1434
f 1121/1126/1415 1122/1127/1416 1142/1148/1436 1141/1147/1435
f 1122/1127/1416 1123/1128/1417 1143/1149/1437 1142/1148/1436
f 1123/1128/1417 1104/1129/1399 1124/1150/1419 1143/1149/1437
f 1124/1130/1419 1125/1131/1418 1145/1152/1438 1144/1151/1439
f 1125/1131/1418 1126/1132/1420 1146/1153/1440 1145/1152/1438
f 1126/1132/1420 1127/1133/1421 1147/1154/1441 1146/1153/1440
f 1127/1133/1421 1128/1134/1422 1148/1155/1442 1147/1154/1441
f 1128/1134/1422 1129/1135/1423 1149/1156/1443 1148/1155/1442
f 1129/1135/1423 1130/1136/1424 1150/1157/1444 1149/1156/1443
f 1130/1136/1424 1131/1137/1425 1151/1158/1445 1150/1157/1444
f 1131/1137/1425 1132/1138/1426 1152/1159/1446 1151/1158/1445
f 1132/1138/1426 1133/1139/1427 1153/1160/1447 1152/1159/1446
usemtl initialShadingGroup
f 1133/1139/1427 1134/1140/1428 1154/1161/1448 1153/1160/1447
f 1134/1140/1428 1135/1141/1429 1155/1162/1449 1154/1161/1448
f 1135/1141/1429 1136/1142/1430 1156/1163/1450 1155/1162/1449
f 1136/1142/1430 1137/1143/1431 1157/1164/1451 1156/1163/1450
f 1137/1143/1431 1138/1144/1432 1158/1165/1452 1157/1164/1451
f 1138/1144/1432 1139/1145/1433 1159/1166/1453 1158/1165/1452
f 1139/1145/1433 1140/1146/1434 1160/1167/1454 1159/1166/1453
usemtl blinn2SG
f 1140/1146/1434 1141/1147/1435 1161/1168/1455 1160/1167/1454
f 1141/1147/1435 1142/1148/1436 1162/1169/1456 1161/1168/1455
f 1142/1148/1436 1143/1149/1437 1163/1170/1457 1162/1169/1456
f 1143/1149/1437 1124/1150/1419 1144/1171/1439 1163/1170/1457
usemtl initialShadingGroup
f 1144/1151/1439 1145/1152/1438 1165/1173/1458 1164/1172/1459
f 1145/1152/1438 1146/1153/1440 1166/1174/1460 1165/1173/1458
f 1146/1153/1440 1147/1154/1441 1167/1175/1461 1166/1174/1460
f 1147/1154/1441 1148/1155/1442 1168/1176/1462 1167/1175/1461
f 1148/1155/1442 1149/1156/1443 1169/1177/1463 1168/1176/1462
f 1149/1156/1443 1150/1157/1444 1170/1178/1464 1169/1177/1463
f 1150/1157/1444 1151/1158/1445 1171/1179/1465 1170/1178/1464
f 1151/1158/1445 1152/1159/1446 1172/1180/1466 1171/1179/1465
f 1152/1159/1446 1153/1160/1447 1173/1181/1467 1172/1180/1466
f 1153/1160/1447 1154/1161/1448 1174/1182/1468 1173/1181/1467
f 1154/1161/1448 1155/1162/1449 1175/1183/1469 1174/1182/1468
f 1155/1162/1449 1156/1163/1450 1176/1184/1470 1175/1183/1469
f 1156/1163/1450 1157/1164/1451 1177/1185/1471 1176/1184/1470
f 1157/1164/1451 1158/1165/1452 1178/1186/1472 1177/1185/1471
f 1158/1165/1452 1159/1166/1453 1179/1187/1473 1178/1186/1472
f 1159/1166/1453 1160/1167/1454 1180/1188/1474 1179/1187/1473
f 1160/1167/1454 1161/1168/1455 1181/1189/1475 1180/1188/1474
f 1161/1168/1455 1162/1169/1456 1182/1190/1476 1181/1189/1475
f 1162/1169/1456 1163/1170/1457 1183/1191/1477 1182/1190/1476
f 1163/1170/1457 1144/1171/1439 1164/1192/1459 1183/1191/1477
f 1164/1172/1459 1165/1173/1458 1185/1194/1478 1184/1193/1479
f 1165/1173/1458 1166/1174/1460 1186/1195/1480 1185/1194/1478
f 1166/1174/1460 1167/1175/1461 1187/1196/1481 1186/1195/1480
f 1167/1175/1461 1168/1176/1462 1188/1197/1482 1187/1196/1481
f 1168/1176/1462 1169/1177/1463 1189/1198/1483 1188/1197/1482
f 1169/1177/1463 1170/1178/1464 1190/1199/1484 1189/1198/1483
f 1170/1178/1464 1171/1179/1465 1191/1200/1485 1190/1199/1484
f 1171/1179/1465 1172/1180/1466 1192/1201/1486 1191/1200/1485
f 1172/1180/1466 1173/1181/1467 1193/1202/1487 1192/1201/1486
f 1173/1181/1467 1174/1182/1468 1194/1203/1488 1193/1202/1487
f 1174/1182/1468 1175/1183/1469 1195/1204/1489 1194/1203/1488
f 1175/1183/1469 1176/1184/1470 1196/1205/1490 1195/1204/1489
f 1176/1184/1470 1177/1185/1471 1197/1206/1491 1196/1205/1490
f 1177/1185/1471 1178/1186/1472 1198/1207/1492 1197/1206/1491
f 1178/1186/1472 1179/1187/1473 1199/1208/1493 1198/1207/1492
f 1179/1187/1473 1180/1188/1474 1200/1209/1494 1199/1208/1493
f 1180/1188/1474 1181/1189/1475 1201/1210/1495 1200/1209/1494
f 1181/1189/1475 1182/1190/1476 1202/1211/1496 1201/1210/1495
f 1182/1190/1476 1183/1191/1477 1203/1212/1497 1202/1211/1496
f 1183/1191/1477 1164/1192/1459 1184/1213/1479 1203/1212/1497
f 1184/1193/1479 1185/1194/1478 1205/1215/1498 1204/1214/1499
f 1185/1194/1478 1186/1195/1480 1206/1216/1500 1205/1215/1498
f 1186/1195/1480 1187/1196/1481 1207/1217/1501 1206/1216/1500
f 1187/1196/1481 1188/1197/1482 1208/1218/1502 1207/1217/1501
f 1188/1197/1482 1189/1198/1483 1209/1219/1503 1208/1218/1502
f 1189/1198/1483 1190/1199/1484 1210/1220/1504 1209/1219/1503
f 1190/1199/1484 1191/1200/1485 1211/1221/1505 1210/1220/1504
f 1191/1200/1485 1192/1201/1486 1212/1222/1506 1211/1221/1505
f 1192/1201/1486 1193/1202/1487 1213/1223/1507 1212/1222/1506
f 1193/1202/1487 1194/1203/1488 1214/1224/1508 1213/1223/1507
f 1194/1203/1488 1195/1204/1489 1215/1225/1509 1214/1224/1508
f 1195/1204/1489 1196/1205/1490 1216/1226/1510 1215/1225/1509
f 1196/1205/1490 1197/1206/1491 1217/1227/1511 1216/1226/1510
f 1197/1206/1491 1198/1207/1492 1218/1228/1512 1217/1227/1511
f 1198/1207/1492 1199/1208/1493 1219/1229/1513 1218/1228/1512
f 1199/1208/1493 1200/1209/1494 1220/1230/1514 1219/1229/1513
f 1200/1209/1494 1201/1210/1495 1221/1231/1515 1220/1230/1514
f 1201/1210/1495 1202/1211/1496 1222/1232/1516 1221/1231/1515
f 1202/1211/1496 1203/1212/1497 1223/1233/1517 1222/1232/1516
f 1203/1212/1497 1184/1213/1479 1204/1234/1499 1223/1233/1517
usemtl blinn1SG
f 1204/1214/1499 1205/1215/1498 1225/1236/1518 1224/1235/1519
s 2
usemtl lambert2SG
f 1385/1443/1520 1386/1444/1521 1387/1445/1522 1388/1446/1523
s 1
usemtl blinn1SG
f 1206/1216/1500 1207/1217/1501 1227/1238/1524 1226/1237/1525
f 1207/1217/1501 1208/1218/1502 1228/1239/1526 1227/1238/1524
f 1208/1218/1502 1209/1219/1503 1229/1240/1527 1228/1239/1526
f 1209/1219/1503 1210/1220/1504 1230/1241/1528 1229/1240/1527
s 2
usemtl lambert2SG
f 1389/1447/1529 1390/1448/1530 1391/1449/1531 1392/1450/1532
s 1
usemtl blinn1SG
f 1211/1221/1505 1212/1222/1506 1232/1243/1533 1231/1242/1534
f 1212/1222/1506 1213/1223/1507 1233/1244/1535 1232/1243/1533
f 1213/1223/1507 1214/1224/1508 1234/1245/1536 1233/1244/1535
f 1214/1224/1508 1215/1225/1509 1235/1246/1537 1234/1245/1536
s 2
usemtl lambert2SG
f 1393/1451/1538 1394/1452/1539 1395/1453/1540 1396/1454/1541
s 1
usemtl blinn1SG
f 1216/1226/1510 1217/1227/1511 1237/1248/1542 1236/1247/1543
f 1217/1227/1511 1218/1228/1512 1238/1249/1544 1237/1248/1542
f 1218/1228/1512 1219/1229/1513 1239/1250/1545 1238/1249/1544
f 1219/1229/1513 1220/1230/1514 1240/1251/1546 1239/1250/1545
s 2
usemtl lambert2SG
f 1397/1455/1547 1398/1456/1548 1399/1457/1549 1400/1458/1550
s 1
usemtl blinn1SG
f 1221/1231/1515 1222/1232/1516 1242/1253/1551 1241/1252/1552
f 1222/1232/1516 1223/1233/1517 1243/1254/1553 1242/1253/1551
f 1223/1233/1517 1204/1234/1499 1224/1255/1519 1243/1254/1553
f 1224/1235/1519 1225/1236/1518 1245/1257/1554 1244/1256/1555
s 2
usemtl lambert2SG
f 1388/1446/1523 1387/1445/1522 1401/1459/1556 1402/1460/1557
s 1
usemtl blinn1SG
f 1226/1237/1525 1227/1238/1524 1247/1259/1558 1246/1258/1559
f 1227/1238/1524 1228/1239/1526 1248/1260/1560 1247/1259/1558
f 1228/1239/1526 1229/1240/1527 1249/1261/1561 1248/1260/1560
f 1229/1240/1527 1230/1241/1528 1250/1262/1562 1249/1261/1561
s 2
usemtl lambert2SG
f 1392/1450/1532 1391/1449/1531 1403/1461/1563 1404/1462/1564
s 1
usemtl blinn1SG
f 1231/1242/1534 1232/1243/1533 1252/1264/1565 1251/1263/1566
f 1232/1243/1533 1233/1244/1535 1253/1265/1567 1252/1264/1565
f 1233/1244/1535 1234/1245/1536 1254/1266/1568 1253/1265/1567
f 1234/1245/1536 1235/1246/1537 1255/1267/1569 1254/1266/1568
s 2
usemtl lambert2SG
f 1396/1454/1541 1395/1453/1540 1405/1463/1570 1406/1464/1571
s 1
usemtl blinn1SG
f 1236/1247/1543 1237/1248/1542 1257/1269/1572 1256/1268/1573
f 1237/1248/1542 1238/1249/1544 1258/1270/1574 1257/1269/1572
f 1238/1249/1544 1239/1250/1545 1259/1271/1575 1258/1270/1574
f 1239/1250/1545 1240/1251/1546 1260/1272/1576 1259/1271/1575
s 2
usemtl lambert2SG
f 1400/1458/1550 1399/1457/1549 1407/1465/1577 1408/1466/1578
s 1
usemtl blinn1SG
f 1241/1252/1552 1242/1253/1551 1262/1274/1579 1261/1273/1580
f 1242/1253/1551 1243/1254/1553 1263/1275/1581 1262/1274/1579
f 1243/1254/1553 1224/1255/1519 1244/1276/1555 1263/1275/1581
f 1244/1256/1555 1245/1257/1554 1265/1278/1582 1264/1277/1583
s 2
usemtl lambert2SG
f 1402/1460/1557 1401/1459/1556 1409/1467/1584 1410/1468/1585
s 1
usemtl blinn1SG
f 1246/1258/1559 1247/1259/1558 1267/1280/1586 1266/1279/1587
f 1247/1259/1558 1248/1260/1560 1268/1281/1588 1267/1280/1586
f 1248/1260/1560 1249/1261/1561 1269/1282/1589 1268/1281/1588
f 1249/1261/1561 1250/1262/1562 1270/1283/1590 1269/1282/1589
s 2
usemtl lambert2SG
f 1404/1462/1564 1403/1461/1563 1411/1469/1591 1412/1470/1592
s 1
usemtl blinn1SG
f 1251/1263/1566 1252/1264/1565 1272/1285/1593 1271/1284/1594
f 1252/1264/1565 1253/1265/1567 1273/1286/1595 1272/1285/1593
f 1253/1265/1567 1254/1266/1568 1274/1287/1596 1273/1286/1595
f 1254/1266/1568 1255/1267/1569 1275/1288/1597 1274/1287/1596
s 2
usemtl lambert2SG
f 1406/1464/1571 1405/1463/1570 1413/1471/1598 1414/1472/1599
s 1
usemtl blinn1SG
f 1256/1268/1573 1257/1269/1572 1277/1290/1600 1276/1289/1601
f 1257/1269/1572 1258/1270/1574 1278/1291/1602 1277/1290/1600
f 1258/1270/1574 1259/1271/1575 1279/1292/1603 1278/1291/1602
f 1259/1271/1575 1260/1272/1576 1280/1293/1604 1279/1292/1603
s 2
usemtl lambert2SG
f 1408/1466/1578 1407/1465/1577 1415/1473/1605 1416/1474/1606
s 1
usemtl blinn1SG
f 1261/1273/1580 1262/1274/1579 1282/1295/1607 1281/1294/1608
f 1262/1274/1579 1263/1275/1581 1283/1296/1609 1282/1295/1607
f 1263/1275/1581 1244/1276/1555 1264/1297/1583 1283/1296/1609
f 1264/1277/1583 1265/1278/1582 1285/1299/1610 1284/1298/1611
s 2
usemtl lambert2SG
f 1410/1468/1585 1409/1467/1584 1417/1475/1612 1418/1476/1613
s 1
usemtl blinn1SG
f 1266/1279/1587 1267/1280/1586 1287/1301/1614 1286/1300/1615
f 1267/1280/1586 1268/1281/1588 1288/1302/1616 1287/1301/1614
f 1268/1281/1588 1269/1282/1589 1289/1303/1617 1288/1302/1616
f 1269/1282/1589 1270/1283/1590 1290/1304/1618 1289/1303/1617
s 2
usemtl lambert2SG
f 1412/1470/1592 1411/1469/1591 1419/1477/1619 1420/1478/1620
s 1
usemtl blinn1SG
f 1271/1284/1594 1272/1285/1593 1292/1306/1621 1291/1305/1622
f 1272/1285/1593 1273/1286/1595 1293/1307/1623 1292/1306/1621
f 1273/1286/1595 1274/1287/1596 1294/1308/1624 1293/1307/1623
f 1274/1287/1596 1275/1288/1597 1295/1309/1625 1294/1308/1624
s 2
usemtl lambert2SG
f 1414/1472/1599 1413/1471/1598 1421/1479/1626 1422/1480/1627
s 1
usemtl blinn1SG
f 1276/1289/1601 1277/1290/1600 1297/1311/1628 1296/1310/1629
f 1277/1290/1600 1278/1291/1602 1298/1312/1630 1297/1311/1628
f 1278/1291/1602 1279/1292/1603 1299/1313/1631 1298/1312/1630
f 1279/1292/1603 1280/1293/1604 1300/1314/1632 1299/1313/1631
s 2
usemtl lambert2SG
f 1416/1474/1606 1415/1473/1605 1423/1481/1633 1424/1482/1634
s 1
usemtl blinn1SG
f 1281/1294/1608 1282/1295/1607 1302/1316/1635 1301/1315/1636
f 1282/1295/1607 1283/1296/1609 1303/1317/1637 1302/1316/1635
f 1283/1296/1609 1264/1297/1583 1284/1318/1611 1303/1317/1637
f 1284/1298/1611 1285/1299/1610 1305/1320/1638 1304/1319/1639
s 2
usemtl lambert2SG
f 1418/1476/1613 1417/1475/1612 1425/1483/1640 1426/1484/1641
s 1
usemtl blinn1SG
f 1286/1300/1615 1287/1301/1614 1307/1322/1642 1306/1321/1643
f 1287/1301/1614 1288/1302/1616 1308/1323/1644 1307/1322/1642
f 1288/1302/1616 1289/1303/1617 1309/1324/1645 1308/1323/1644
f 1289/1303/1617 1290/1304/1618 1310/1325/1646 1309/1324/1645
s 2
usemtl lambert2SG
f 1420/1478/1620 1419/1477/1619 1427/1485/1647 1428/1486/1648
s 1
usemtl blinn1SG
f 1291/1305/1622 1292/1306/1621 1312/1327/1649 1311/1326/1650
f 1292/1306/1621 1293/1307/1623 1313/1328/1651 1312/1327/1649
f 1293/1307/1623 1294/1308/1624 1314/1329/1652 1313/1328/1651
f 1294/1308/1624 1295/1309/1625 1315/1330/1653 1314/1329/1652
s 2
usemtl lambert2SG
f 1422/1480/1627 1421/1479/1626 1429/1487/1654 1430/1488/1655
s 1
usemtl blinn1SG
f 1296/1310/1629 1297/1311/1628 1317/1332/1656 1316/1331/1657
f 1297/1311/1628 1298/1312/1630 1318/1333/1658 1317/1332/1656
f 1298/1312/1630 1299/1313/1631 1319/1334/1659 1318/1333/1658
f 1299/1313/1631 1300/1314/1632 1320/1335/1660 1319/1334/1659
s 2
usemtl lambert2SG
f 1424/1482/1634 1423/1481/1633 1431/1489/1661 1432/1490/1662
s 1
usemtl blinn1SG
f 1301/1315/1636 1302/1316/1635 1322/1337/1663 1321/1336/1664
f 1302/1316/1635 1303/1317/1637 1323/1338/1665 1322/1337/1663
f 1303/1317/1637 1284/1318/1611 1304/1339/1639 1323/1338/1665
f 1304/1319/1639 1305/1320/1638 1325/1341/1666 1324/1340/1667
s 2
usemtl lambert2SG
f 1426/1484/1641 1425/1483/1640 1433/1491/1668 1434/1492/1669
s 1
usemtl blinn1SG
f 1306/1321/1643 1307/1322/1642 1327/1343/1670 1326/1342/1671
f 1307/1322/1642 1308/1323/1644 1328/1344/1672 1327/1343/1670
f 1308/1323/1644 1309/1324/1645 1329/1345/1673 1328/1344/1672
f 1309/1324/1645 1310/1325/1646 1330/1346/1674 1329/1345/1673
s 2
usemtl lambert2SG
f 1428/1486/1648 1427/1485/1647 1435/1493/1675 1436/1494/1676
s 1
usemtl blinn1SG
f 1311/1326/1650 1312/1327/1649 1332/1348/1677 1331/1347/1678
f 1312/1327/1649 1313/1328/1651 1333/1349/1679 1332/1348/1677
f 1313/1328/1651 1314/1329/1652 1334/1350/1680 1333/1349/1679
f 1314/1329/1652 1315/1330/1653 1335/1351/1681 1334/1350/1680
s 2
usemtl lambert2SG
f 1430/1488/1655 1429/1487/1654 1437/1495/1682 1438/1496/1683
s 1
usemtl blinn1SG
f 1316/1331/1657 1317/1332/1656 1337/1353/1684 1336/1352/1685
f 1317/1332/1656 1318/1333/1658 1338/1354/1686 1337/1353/1684
f 1318/1333/1658 1319/1334/1659 1339/1355/1687 1338/1354/1686
f 1319/1334/1659 1320/1335/1660 1340/1356/1688 1339/1355/1687
s 2
usemtl lambert2SG
f 1432/1490/1662 1431/1489/1661 1439/1497/1689 1440/1498/1690
s 1
usemtl blinn1SG
f 1321/1336/1664 1322/1337/1663 1342/1358/1691 1341/1357/1692
f 1322/1337/1663 1323/1338/1665 1343/1359/1693 1342/1358/1691
f 1323/1338/1665 1304/1339/1639 1324/1360/1667 1343/1359/1693
f 1324/1340/1667 1325/1341/1666 1345/1362/1694 1344/1361/1695
s 2
usemtl lambert2SG
f 1434/1492/1669 1433/1491/1668 1441/1499/1696 1442/1500/1697
s 1
usemtl blinn1SG
f 1326/1342/1671 1327/1343/1670 1347/1364/1698 1346/1363/1699
f 1327/1343/1670 1328/1344/1672 1348/1365/1700 1347/1364/1698
f 1328/1344/1672 1329/1345/1673 1349/1366/1701 1348/1365/1700
f 1329/1345/1673 1330/1346/1674 1350/1367/1702 1349/1366/1701
s 2
usemtl lambert2SG
f 1436/1494/1676 1435/1493/1675 1443/1501/1703 1444/1502/1704
s 1
usemtl blinn1SG
f 1331/1347/1678 1332/1348/1677 1352/1369/1705 1351/1368/1706
f 1332/1348/1677 1333/1349/1679 1353/1370/1707 1352/1369/1705
f 1333/1349/1679 1334/1350/1680 1354/1371/1708 1353/1370/1707
f 1334/1350/1680 1335/1351/1681 1355/1372/1709 1354/1371/1708
s 2
usemtl lambert2SG
f 1438/1496/1683 1437/1495/1682 1445/1503/1710 1446/1504/1711
s 1
usemtl blinn1SG
f 1336/1352/1685 1337/1353/1684 1357/1374/1712 1356/1373/1713
f 1337/1353/1684 1338/1354/1686 1358/1375/1714 1357/1374/1712
f 1338/1354/1686 1339/1355/1687 1359/1376/1715 1358/1375/1714
f 1339/1355/1687 1340/1356/1688 1360/1377/1716 1359/1376/1715
s 2
usemtl lambert2SG
f 1440/1498/1690 1439/1497/1689 1447/1505/1717 1448/1506/1718
s 1
usemtl blinn1SG
f 1341/1357/1692 1342/1358/1691 1362/1379/1719 1361/1378/1720
f 1342/1358/1691 1343/1359/1693 1363/1380/1721 1362/1379/1719
f 1343/1359/1693 1324/1360/1667 1344/1381/1695 1363/1380/1721
f 1344/1361/1695 1345/1362/1694 1365/1383/1722 1364/1382/1723
s 2
usemtl lambert2SG
f 1442/1500/1697 1441/1499/1696 1449/1507/1724 1450/1508/1725
s 1
usemtl blinn1SG
f 1346/1363/1699 1347/1364/1698 1367/1385/1726 1366/1384/1727
f 1347/1364/1698 1348/1365/1700 1368/1386/1728 1367/1385/1726
f 1348/1365/1700 1349/1366/1701 1369/1387/1729 1368/1386/1728
f 1349/1366/1701 1350/1367/1702 1370/1388/1730 1369/1387/1729
s 2
usemtl lambert2SG
f 1444/1502/1704 1443/1501/1703 1451/1509/1731 1452/1510/1732
s 1
usemtl blinn1SG
f 1351/1368/1706 1352/1369/1705 1372/1390/1733 1371/1389/1734
f 1352/1369/1705 1353/1370/1707 1373/1391/1735 1372/1390/1733
f 1353/1370/1707 1354/1371/1708 1374/1392/1736 1373/1391/1735
f 1354/1371/1708 1355/1372/1709 1375/1393/1737 1374/1392/1736
s 2
usemtl lambert2SG
f 1446/1504/1711 1445/1503/1710 1453/1511/1738 1454/1512/1739
s 1
usemtl blinn1SG
f 1356/1373/1713 1357/1374/1712 1377/1395/1740 1376/1394/1741
f 1357/1374/1712 1358/1375/1714 1378/1396/1742 1377/1395/1740
f 1358/1375/1714 1359/1376/1715 1379/1397/1743 1378/1396/1742
f 1359/1376/1715 1360/1377/1716 1380/1398/1744 1379/1397/1743
s 2
usemtl lambert2SG
f 1448/1506/1718 1447/1505/1717 1455/1513/1745 1456/1514/1746
s 1
usemtl blinn1SG
f 1361/1378/1720 1362/1379/1719 1382/1400/1747 1381/1399/1748
f 1362/1379/1719 1363/1380/1721 1383/1401/1749 1382/1400/1747
f 1363/1380/1721 1344/1381/1695 1364/1402/1723 1383/1401/1749
usemtl blinn2SG
f 1005/1005/1299 1004/1004/1298 1384/1403/1750
f 1006/1006/1302 1005/1005/1299 1384/1404/1750
f 1007/1007/1304 1006/1006/1302 1384/1405/1750
f 1008/1008/1306 1007/1007/1304 1384/1406/1750
f 1009/1009/1308 1008/1008/1306 1384/1407/1750
f 1010/1010/1310 1009/1009/1308 1384/1408/1750
f 1011/1011/1312 1010/1010/1310 1384/1409/1750
f 1012/1012/1314 1011/1011/1312 1384/1410/1750
f 1013/1013/1316 1012/1012/1314 1384/1411/1750
f 1014/1014/1318 1013/1013/1316 1384/1412/1750
f 1015/1015/1320 1014/1014/1318 1384/1413/1750
f 1016/1016/1322 1015/1015/1320 1384/1414/1750
f 1017/1017/1324 1016/1016/1322 1384/1415/1750
f 1018/1018/1326 1017/1017/1324 1384/1416/1750
f 1019/1019/1328 1018/1018/1326 1384/1417/1750
f 1020/1020/1330 1019/1019/1328 1384/1418/1750
f 1021/1021/1332 1020/1020/1330 1384/1419/1750
f 1022/1022/1334 1021/1021/1332 1384/1420/1750
f 1023/1023/1336 1022/1022/1334 1384/1421/1750
f 1004/1024/1298 1023/1023/1336 1384/1422/1750
s 2
usemtl lambert2SG
f 1457/1515/1751 1450/1508/1725 1458/1423/1752
f 1450/1508/1725 1449/1507/1724 1458/1424/1752
f 1449/1507/1724 1459/1516/1753 1458/1425/1752
f 1459/1516/1753 1460/1517/1754 1458/1426/1752
f 1460/1517/1754 1461/1518/1755 1458/1427/1752
f 1461/1518/1755 1452/1510/1732 1458/1428/1752
f 1452/1510/1732 1451/1509/1731 1458/1429/1752
f 1451/1509/1731 1462/1519/1756 1458/1430/1752
f 1462/1519/1756 1463/1520/1757 1458/1431/1752
f 1463/1520/1757 1464/1521/1758 1458/1432/1752
f 1464/1521/1758 1454/1512/1739 1458/1433/1752
f 1454/1512/1739 1453/1511/1738 1458/1434/1752
f 1453/1511/1738 1465/1522/1759 1458/1435/1752
f 1465/1522/1759 1466/1523/1760 1458/1436/1752
f 1466/1523/1760 1467/1524/1761 1458/1437/1752
f 1467/1524/1761 1456/1514/1746 1458/1438/1752
f 1456/1514/1746 1455/1513/1745 1458/1439/1752
f 1455/1513/1745 1468/1525/1762 1458/1440/1752
f 1468/1525/1762 1469/1526/1763 1458/1441/1752
f 1469/1526/1763 1457/1527/1751 1458/1442/1752
s off
usemtl initialShadingGroup
f 1205/1215/1764 1206/1216/1765 1386/1444/1766 1385/1443/1767
s 6
usemtl lambert2SG
f 1206/1216/1768 1226/1237/1769 1387/1445/1770 1386/1444/1771
s 7
f 1225/1236/1772 1205/1215/1773 1385/1443/1774 1388/1446/1775
s off
usemtl initialShadingGroup
f 1210/1220/1776 1211/1221/1777 1390/1448/1778 1389/1447/1779
s 8
usemtl lambert2SG
f 1211/1221/1780 1231/1242/1781 1391/1449/1782 1390/1448/1783
s 9
f 1230/1241/1784 1210/1220/1785 1389/1447/1786 1392/1450/1787
s off
usemtl initialShadingGroup
f 1215/1225/1788 1216/1226/1789 1394/1452/1790 1393/1451/1791
s 10
usemtl lambert2SG
f 1216/1226/1792 1236/1247/1793 1395/1453/1794 1394/1452/1795
s 11
f 1235/1246/1796 1215/1225/1797 1393/1451/1798 1396/1454/1799
s off
usemtl initialShadingGroup
f 1220/1230/1800 1221/1231/1801 1398/1456/1802 1397/1455/1803
s 12
usemtl lambert2SG
f 1221/1231/1804 1241/1252/1805 1399/1457/1806 1398/1456/1807
s 13
f 1240/1251/1808 1220/1230/1809 1397/1455/1810 1400/1458/1811
s 6
f 1226/1237/1769 1246/1258/1812 1401/1459/1813 1387/1445/1770
s 7
f 1245/1257/1814 1225/1236/1772 1388/1446/1775 1402/1460/1815
s 8
f 1231/1242/1781 1251/1263/1816 1403/1461/1817 1391/1449/1782
s 9
f 1250/1262/1818 1230/1241/1784 1392/1450/1787 1404/1462/1819
s 10
f 1236/1247/1793 1256/1268/1820 1405/1463/1821 1395/1453/1794
s 11
f 1255/1267/1822 1235/1246/1796 1396/1454/1799 1406/1464/1823
s 12
f 1241/1252/1805 1261/1273/1824 1407/1465/1825 1399/1457/1806
s 13
f 1260/1272/1826 1240/1251/1808 1400/1458/1811 1408/1466/1827
s 6
f 1246/1258/1812 1266/1279/1828 1409/1467/1829 1401/1459/1813
s 7
f 1265/1278/1830 1245/1257/1814 1402/1460/1815 1410/1468/1831
s 8
f 1251/1263/1816 1271/1284/1832 1411/1469/1833 1403/1461/1817
s 9
f 1270/1283/1834 1250/1262/1818 1404/1462/1819 1412/1470/1835
s 10
f 1256/1268/1820 1276/1289/1836 1413/1471/1837 1405/1463/1821
s 11
f 1275/1288/1838 1255/1267/1822 1406/1464/1823 1414/1472/1839
s 12
f 1261/1273/1824 1281/1294/1840 1415/1473/1841 1407/1465/1825
s 13
f 1280/1293/1842 1260/1272/1826 1408/1466/1827 1416/1474/1843
s 6
f 1266/1279/1828 1286/1300/1844 1417/1475/1845 1409/1467/1829
s 7
f 1285/1299/1846 1265/1278/1830 1410/1468/1831 1418/1476/1847
s 8
f 1271/1284/1832 1291/1305/1848 1419/1477/1849 1411/1469/1833
s 9
f 1290/1304/1850 1270/1283/1834 1412/1470/1835 1420/1478/1851
s 10
f 1276/1289/1836 1296/1310/1852 1421/1479/1853 1413/1471/1837
s 11
f 1295/1309/1854 1275/1288/1838 1414/1472/1839 1422/1480/1855
s 12
f 1281/1294/1840 1301/1315/1856 1423/1481/1857 1415/1473/1841
s 13
f 1300/1314/1858 1280/1293/1842 1416/1474/1843 1424/1482/1859
s 6
f 1286/1300/1844 1306/1321/1860 1425/1483/1861 1417/1475/1845
s 7
f 1305/1320/1862 1285/1299/1846 1418/1476/1847 1426/1484/1863
s 8
f 1291/1305/1848 1311/1326/1864 1427/1485/1865 1419/1477/1849
s 9
f 1310/1325/1866 1290/1304/1850 1420/1478/1851 1428/1486/1867
s 10
f 1296/1310/1852 1316/1331/1868 1429/1487/1869 1421/1479/1853
s 11
f 1315/1330/1870 1295/1309/1854 1422/1480/1855 1430/1488/1871
s 12
f 1301/1315/1856 1321/1336/1872 1431/1489/1873 1423/1481/1857
s 13
f 1320/1335/1874 1300/1314/1858 1424/1482/1859 1432/1490/1875
s 6
f 1306/1321/1860 1326/1342/1876 1433/1491/1877 1425/1483/1861
s 7
f 1325/1341/1878 1305/1320/1862 1426/1484/1863 1434/1492/1879
s 8
f 1311/1326/1864 1331/1347/1880 1435/1493/1881 1427/1485/1865
s 9
f 1330/1346/1882 1310/1325/1866 1428/1486/1867 1436/1494/1883
s 10
f 1316/1331/1868 1336/1352/1884 1437/1495/1885 1429/1487/1869
s 11
f 1335/1351/1886 1315/1330/1870 1430/1488/1871 1438/1496/1887
s 12
f 1321/1336/1872 1341/1357/1888 1439/1497/1889 1431/1489/1873
s 13
f 1340/1356/1890 1320/1335/1874 1432/1490/1875 1440/1498/1891
s 6
f 1326/1342/1876 1346/1363/1892 1441/1499/1893 1433/1491/1877
s 7
f 1345/1362/1894 1325/1341/1878 1434/1492/1879 1442/1500/1895
s 8
f 1331/1347/1880 1351/1368/1896 1443/1501/1897 1435/1493/1881
s 9
f 1350/1367/1898 1330/1346/1882 1436/1494/1883 1444/1502/1899
s 10
f 1336/1352/1884 1356/1373/1900 1445/1503/1901 1437/1495/1885
s 11
f 1355/1372/1902 1335/1351/1886 1438/1496/1887 1446/1504/1903
s 12
f 1341/1357/1888 1361/1378/1904 1447/1505/1905 1439/1497/1889
s 13
f 1360/1377/1906 1340/1356/1890 1440/1498/1891 1448/1506/1907
s 6
f 1346/1363/1892 1366/1384/1908 1449/1507/1909 1441/1499/1893
s 7
f 1365/1383/1910 1345/1362/1894 1442/1500/1895 1450/1508/1911
s 8
f 1351/1368/1896 1371/1389/1912 1451/1509/1913 1443/1501/1897
s 9
f 1370/1388/1914 1350/1367/1898 1444/1502/1899 1452/1510/1915
s 10
f 1356/1373/1900 1376/1394/1916 1453/1511/1917 1445/1503/1901
s 11
f 1375/1393/1918 1355/1372/1902 1446/1504/1903 1454/1512/1919
s 12
f 1361/1378/1904 1381/1399/1920 1455/1513/1921 1447/1505/1905
s 13
f 1380/1398/1922 1360/1377/1906 1448/1506/1907 1456/1514/1923
s 14
f 1364/1382/1924 1365/1383/1925 1450/1508/1926 1457/1515/1927
s 15
f 1366/1384/1928 1367/1385/1929 1459/1516/1930 1449/1507/1931
f 1367/1385/1929 1368/1386/1932 1460/1517/1933 1459/1516/1930
f 1368/1386/1932 1369/1387/1934 1461/1518/1935 1460/1517/1933
f 1369/1387/1934 1370/1388/1936 1452/1510/1937 1461/1518/1935
s 16
f 1371/1389/1938 1372/1390/1939 1462/1519/1940 1451/1509/1941
f 1372/1390/1939 1373/1391/1942 1463/1520/1943 1462/1519/1940
f 1373/1391/1942 1374/1392/1944 1464/1521/1945 1463/1520/1943
f 1374/1392/1944 1375/1393/1946 1454/1512/1947 1464/1521/1945
s 17
f 1376/1394/1948 1377/1395/1949 1465/1522/1950 1453/1511/1951
f 1377/1395/1949 1378/1396/1952 1466/1523/1953 1465/1522/1950
f 1378/1396/1952 1379/1397/1954 1467/1524/1955 1466/1523/1953
f 1379/1397/1954 1380/1398/1956 1456/1514/1957 1467/1524/1955
s 14
f 1381/1399/1958 1382/1400/1959 1468/1525/1960 1455/1513/1961
f 1382/1400/1959 1383/1401/1962 1469/1526/1963 1468/1525/1960
f 1383/1401/1962 1364/1402/1924 1457/1527/1927 1469/1526/1963
g default
v 3.804229 -0.250000 -1.236069
v 3.236070 -0.250000 -2.351142
v 2.351142 -0.250000 -3.236070
v 1.236069 -0.250000 -3.804228
v 0.000000 -0.250000 -4.000002
v -1.236069 -0.250000 -3.804228
v -2.351142 -0.250000 -3.236069
v -3.236069 -0.250000 -2.351142
v -3.804227 -0.250000 -1.236068
v -4.000001 -0.250000 0.000000
v -3.804227 -0.250000 1.236068
v -3.236069 -0.250000 2.351141
v -2.351141 -0.250000 3.236068
v -1.236068 -0.250000 3.804227
v -0.000000 -0.250000 4.000000
v 1.236068 -0.250000 3.804226
v 2.351141 -0.250000 3.236068
v 3.236068 -0.250000 2.351141
v 3.804226 -0.250000 1.236068
v 4.000000 -0.250000 0.000000
v 3.804229 0.250000 -1.236069
v 3.236070 0.250000 -2.351142
v 2.351142 0.250000 -3.236070
v 1.236069 0.250000 -3.804228
v 0.000000 0.250000 -4.000002
v -1.236069 0.250000 -3.804228
v -2.351142 0.250000 -3.236069
v -3.236069 0.250000 -2.351142
v -3.804227 0.250000 -1.236068
v -4.000001 0.250000 0.000000
v -3.804227 0.250000 1.236068
v -3.236069 0.250000 2.351141
v -2.351141 0.250000 3.236068
v -1.236068 0.250000 3.804227
v -0.000000 0.250000 4.000000
v 1.236068 0.250000 3.804226
v 2.351141 0.250000 3.236068
v 3.236068 0.250000 2.351141
v 3.804226 0.250000 1.236068
v 4.000000 0.250000 0.000000
v 3.521286 -0.541305 -1.144135
v 2.995385 -0.541305 -2.176274
v 2.176274 -0.541305 -2.995385
v 1.144135 -0.541305 -3.521286
v 0.000000 -0.541305 -3.702499
v -1.144135 -0.541305 -3.521286
v -2.176274 -0.541305 -2.995384
v -2.995384 -0.541305 -2.176274
v -3.521285 -0.541305 -1.144135
v -3.702498 -0.541305 0.000000
v -3.521285 -0.541305 1.144135
v -2.995384 -0.541305 2.176274
v -2.176274 -0.541305 2.995384
v -1.144135 -0.541305 3.521284
v -0.000000 -0.541305 3.702497
v 1.144134 -0.541305 3.521284
v 2.176273 -0.541305 2.995383
v 2.995383 -0.541305 2.176273
v 3.521284 -0.541305 1.144135
v 3.702497 -0.541305 -0.000000
v 3.102249 -0.455442 -1.007982
v 2.638931 -0.455442 -1.917295
v 1.917295 -0.455442 -2.638930
v 1.007982 -0.455442 -3.102248
v 0.000000 -0.455442 -3.261897
v -1.007982 -0.455442 -3.102248
v -1.917295 -0.455442 -2.638930
v -2.638930 -0.455442 -1.917295
v -3.102248 -0.455442 -1.007981
v -3.261896 -0.455442 0.000000
v -3.102248 -0.455442 1.007981
v -2.638929 -0.455442 1.917295
v -1.917295 -0.455442 2.638929
v -1.007981 -0.455442 3.102247
v -0.000000 -0.455442 3.261896
v 1.007981 -0.455442 3.102247
v 1.917294 -0.455442 2.638929
v 2.638929 -0.455442 1.917294
v 3.102247 -0.455442 1.007981
v 3.261896 -0.455442 -0.000000
v 3.102249 -0.137833 -1.007982
v 2.638931 -0.137833 -1.917295
v 0.000000 -0.137833 0.000000
v 1.917295 -0.137833 -2.638930
v 1.007982 -0.137833 -3.102248
v -0.000000 -0.137833 -3.261897
v -1.007982 -0.137833 -3.102248
v -1.917295 -0.137833 -2.638930
v -2.638930 -0.137833 -1.917295
v -3.102248 -0.137833 -1.007981
v -3.261896 -0.137833 -0.000000
v -3.102248 -0.137833 1.007981
v -2.638929 -0.137833 1.917295
v -1.917295 -0.137833 2.638929
v -1.007981 -0.137833 3.102247
v -0.000000 -0.137833 3.261896
v 1.007981 -0.137833 3.102247
v 1.917294 -0.137833 2.638929
v 2.638929 -0.137833 1.917294
v 3.102247 -0.137833 1.007981
v 3.261896 -0.137833 -0.000000
v 8.501072 1.750000 -2.762165
v 7.231443 1.750000 -5.253951
v 5.253951 1.750000 -7.231443
v 2.762165 1.750000 -8.501071
v 0.000000 1.750000 -8.938555
v -2.762165 1.750000 -8.501070
v -5.253950 1.750000 -7.231441
v -7.231441 1.750000 -5.253949
v -8.501069 1.750000 -2.762165
v -8.938553 1.750000 0.000000
v -8.501069 1.750000 2.762165
v -7.231441 1.750000 5.253950
v -5.253949 1.750000 7.231441
v -2.762165 1.750000 8.501068
v -0.000000 1.750000 8.938550
v 2.762164 1.750000 8.501066
v 5.253948 1.750000 7.231440
v 7.231439 1.750000 5.253949
v 8.501066 1.750000 2.762164
v 8.938549 1.750000 0.000000
v 3.920664 -0.174945 -1.295396
v 3.352506 -0.174945 -2.410470
v 7.347879 1.325055 -5.313278
v 8.617508 1.325055 -2.821492
v 2.410469 -0.174945 -3.352505
v 1.295395 -0.174945 -3.920664
v 2.821492 1.325055 -8.617507
v 5.313278 1.325055 -7.347879
v -0.020443 -0.174945 -4.129071
v -1.256511 -0.174945 -3.933298
v -2.782608 1.325055 -8.630140
v -0.020443 1.325055 -9.067625
v -2.443546 -0.174945 -3.328473
v -3.328473 -0.174945 -2.443546
v -7.323845 1.325055 -5.346353
v -5.346354 1.325055 -7.323845
v -3.933297 -0.174945 -1.256511
v -4.129071 -0.174945 -0.020443
v -9.067623 1.325055 -0.020443
v -8.630139 1.325055 -2.782607
v -3.920663 -0.174945 1.295395
v -3.352504 -0.174945 2.410469
v -7.347877 1.325055 5.313277
v -8.617505 1.325055 2.821492
v -2.410469 -0.174945 3.352504
v -1.295395 -0.174945 3.920662
v -2.821492 1.325055 8.617504
v -5.313276 1.325055 7.347877
v 0.020443 -0.174945 4.129071
v 1.256511 -0.174945 3.933296
v 2.782606 1.325055 8.630136
v 0.020442 1.325055 9.067620
v 2.443545 -0.174945 3.328472
v 3.328472 -0.174945 2.443545
v 7.323842 1.325055 5.346352
v 5.346352 1.325055 7.323843
v 3.933296 -0.174945 1.256511
v 4.129070 -0.174945 0.020443
v 9.067619 1.325055 0.020443
v 8.630136 1.325055 2.782607
v 5.466158 3.441475 -1.776062
v 4.649792 3.441475 -3.378272
v 3.378271 3.441475 -4.649792
v 1.776062 3.441475 -5.466158
v 0.000000 3.441475 -5.747458
v -1.776062 3.441476 -5.466157
v -3.378271 3.441476 -4.649790
v -4.649791 3.441475 -3.378270
v -5.466157 3.441475 -1.776062
v -5.747458 3.441475 0.000000
v -5.466157 3.441475 1.776062
v -4.649790 3.441476 3.378271
v -3.378270 3.441476 4.649791
v -1.776062 3.441475 5.466156
v -0.000000 3.441476 5.747456
v 1.776061 3.441476 5.466155
v 3.378269 3.441475 4.649789
v 4.649789 3.441476 3.378270
v 5.466155 3.441476 1.776062
v 5.747455 3.441475 0.000000
v 5.466158 3.441475 -1.776062
v 4.649792 3.441475 -3.378272
v 3.378271 3.441475 -4.649792
v 1.776062 3.441475 -5.466158
v 0.000000 3.441475 -5.747458
v -1.776062 3.441476 -5.466157
v -3.378271 3.441476 -4.649790
v -4.649791 3.441475 -3.378270
v -5.466157 3.441475 -1.776062
v -5.747458 3.441475 0.000000
v -5.466157 3.441475 1.776062
v -4.649790 3.441476 3.378271
v -3.378270 3.441476 4.649791
v -1.776062 3.441475 5.466156
v -0.000000 3.441476 5.747456
v 1.776061 3.441476 5.466155
v 3.378269 3.441475 4.649789
v 4.649789 3.441476 3.378270
v 5.466155 3.441476 1.776062
v 5.747455 3.441475 0.000000
v 6.401222 3.941475 -2.079883
v 5.445205 3.941475 -3.956173
v 3.956173 3.941475 -5.445205
v 2.079883 3.941475 -6.401222
v 0.000000 3.941475 -6.730641
v -2.079883 3.941476 -6.401221
v -3.956172 3.941476 -5.445203
v -5.445204 3.941475 -3.956172
v -6.401220 3.941475 -2.079883
v -6.730642 3.941475 0.000000
v -6.401221 3.941476 2.079883
v -5.445203 3.941476 3.956172
v -3.956171 3.941476 5.445204
v -2.079882 3.941475 6.401220
v -0.000000 3.941476 6.730639
v 2.079882 3.941476 6.401218
v 3.956171 3.941475 5.445201
v 5.445201 3.941476 3.956172
v 6.401218 3.941476 2.079882
v 6.730639 3.941475 0.000000
v 6.401222 4.476697 -2.079883
v 5.445205 4.476697 -3.956173
v 3.956173 4.476697 -5.445205
v 2.079883 4.476697 -6.401222
v 0.000000 4.476697 -6.730641
v -2.079883 4.476698 -6.401221
v -3.956172 4.476698 -5.445203
v -5.445204 4.476697 -3.956172
v -6.401220 4.476697 -2.079883
v -6.730642 4.476697 -0.000000
v -6.401221 4.476698 2.079883
v -5.445203 4.476698 3.956172
v -3.956171 4.476698 5.445204
v -2.079882 4.476697 6.401220
v -0.000000 4.476698 6.730639
v 2.079882 4.476698 6.401218
v 3.956171 4.476697 5.445201
v 5.445201 4.476698 3.956172
v 6.401218 4.476698 2.079882
v 6.730639 4.476697 0.000000
v 5.496641 5.012599 -1.785967
v 4.675722 5.012599 -3.397111
v 0.000000 5.012599 -0.000000
v 3.397111 5.012599 -4.675722
v 1.785967 5.012599 -5.496640
v 0.000000 5.012599 -5.779508
v -1.785966 5.012599 -5.496639
v -3.397110 5.012599 -4.675720
v -4.675721 5.012599 -3.397110
v -5.496639 5.012599 -1.785966
v -5.779509 5.012599 0.000000
v -5.496639 5.012599 1.785966
v -4.675720 5.012599 3.397110
v -3.397109 5.012599 4.675721
v -1.785966 5.012599 5.496638
v -0.000000 5.012599 5.779507
v 1.785966 5.012599 5.496637
v 3.397109 5.012599 4.675718
v 4.675718 5.012599 3.397109
v 5.496636 5.012599 1.785966
v 5.779506 5.012599 -0.000000
v 7.231443 1.750000 -5.253951
v 5.253951 1.750000 -7.231443
v 3.378271 3.441475 -4.649792
v 4.649792 3.441475 -3.378272
v 2.762165 1.750000 -8.501071
v 0.000000 1.750000 -8.938555
v 0.000000 3.441475 -5.747458
v 1.776062 3.441475 -5.466158
v -2.762165 1.750000 -8.501070
v -5.253950 1.750000 -7.231441
v -3.378271 3.441476 -4.649790
v -1.776062 3.441476 -5.466157
v -7.231441 1.750000 -5.253949
v -8.501069 1.750000 -2.762165
v -5.466157 3.441475 -1.776062
v -4.649791 3.441475 -3.378270
v -8.938553 1.750000 0.000000
v -8.501069 1.750000 2.762165
v -5.466157 3.441475 1.776062
v -5.747458 3.441475 0.000000
v -7.231441 1.750000 5.253950
v -5.253949 1.750000 7.231441
v -3.378270 3.441476 4.649791
v -4.649790 3.441476 3.378271
v -2.762165 1.750000 8.501068
v -0.000000 1.750000 8.938550
v -0.000000 3.441476 5.747456
v -1.776062 3.441475 5.466156
v 2.762164 1.750000 8.501066
v 5.253948 1.750000 7.231440
v 3.378269 3.441475 4.649789
v 1.776061 3.441476 5.466155
v 7.231439 1.750000 5.253949
v 8.501066 1.750000 2.762164
v 5.466155 3.441476 1.776062
v 4.649789 3.441476 3.378270
v 8.938549 1.750000 0.000000
v 8.501072 1.750000 -2.762165
v 5.466158 3.441475 -1.776062
v 5.747455 3.441475 0.000000
v 9.042973 2.563919 -2.933654
v 7.688702 2.563919 -5.591559
v 4.934940 4.368159 -3.590835
v 5.805731 4.368159 -1.881811
v 7.693828 2.563919 -5.584503
v 5.584503 2.563919 -7.693829
v 3.583779 4.368160 -4.940066
v 4.940067 4.368160 -3.583779
v 5.591559 2.563919 -7.688703
v 2.933654 2.563919 -9.042972
v 1.881811 4.368160 -5.805731
v 3.590834 4.368160 -4.934940
v 2.941949 2.563919 -9.040277
v -0.004361 2.563919 -9.506926
v -0.004361 4.368160 -6.103089
v 1.890106 4.368160 -5.803036
v 0.004361 2.563919 -9.506926
v -2.941949 2.563919 -9.040276
v -1.890105 4.368160 -5.803035
v 0.004361 4.368159 -6.103089
v -2.933655 2.563919 -9.042971
v -5.591558 2.563919 -7.688701
v -3.590834 4.368160 -4.934939
v -1.881811 4.368160 -5.805730
v -5.584503 2.563919 -7.693827
v -7.693827 2.563919 -5.584501
v -4.940066 4.368159 -3.583777
v -3.583778 4.368160 -4.940065
v -7.688701 2.563919 -5.591558
v -9.042970 2.563919 -2.933654
v -5.805731 4.368159 -1.881811
v -4.934939 4.368159 -3.590833
v -9.040275 2.563919 -2.941948
v -9.506924 2.563919 0.004361
v -6.103089 4.368159 0.004361
v -5.803036 4.368159 -1.890105
v -9.506924 2.563919 -0.004361
v -9.040275 2.563919 2.941948
v -5.803036 4.368159 1.890105
v -6.103089 4.368159 -0.004361
v -9.042970 2.563919 2.933654
v -7.688700 2.563919 5.591558
v -4.934939 4.368160 3.590834
v -5.805730 4.368159 1.881811
v -7.693826 2.563919 5.584503
v -5.584502 2.563919 7.693826
v -3.583777 4.368160 4.940066
v -4.940066 4.368160 3.583778
v -5.591558 2.563919 7.688700
v -2.933654 2.563919 9.042969
v -1.881810 4.368159 5.805730
v -3.590833 4.368160 4.934939
v -2.941948 2.563919 9.040274
v 0.004361 2.563919 9.506921
v 0.004361 4.368160 6.103087
v -1.890105 4.368159 5.803035
v -0.004361 2.563919 9.506921
v 2.941948 2.563919 9.040272
v 1.890105 4.368159 5.803034
v -0.004361 4.368159 6.103087
v 2.933653 2.563919 9.042967
v 5.591557 2.563919 7.688699
v 3.590832 4.368159 4.934938
v 1.881811 4.368160 5.805729
v 5.584500 2.563919 7.693825
v 7.693824 2.563919 5.584502
v 4.940064 4.368160 3.583777
v 3.583777 4.368159 4.940064
v 7.688698 2.563919 5.591557
v 9.042967 2.563919 2.933653
v 5.805728 4.368159 1.881810
v 4.934938 4.368159 3.590833
v 9.040272 2.563919 2.941948
v 9.506920 2.563919 -0.004360
v 6.103087 4.368159 -0.004361
v 5.803033 4.368160 1.890105
v 9.506920 2.563919 0.004362
v 9.040277 2.563919 -2.941948
v 5.803037 4.368159 -1.890105
v 6.103087 4.368159 0.004362
vt 0.648603 0.107966
vt 0.626409 0.064408
vt 0.591842 0.029841
vt 0.548284 0.007647
vt 0.500000 -0.000000
vt 0.451716 0.007647
vt 0.408159 0.029841
vt 0.373591 0.064409
vt 0.351397 0.107966
vt 0.343750 0.156250
vt 0.351397 0.204534
vt 0.373591 0.248091
vt 0.408159 0.282659
vt 0.451716 0.304853
vt 0.500000 0.312500
vt 0.548284 0.304853
vt 0.591841 0.282659
vt 0.626409 0.248091
vt 0.648603 0.204534
vt 0.656250 0.156250
vt 0.375000 0.312500
vt 0.387500 0.312500
vt 0.400000 0.312500
vt 0.412500 0.312500
vt 0.425000 0.312500
vt 0.437500 0.312500
vt 0.450000 0.312500
vt 0.462500 0.312500
vt 0.475000 0.312500
vt 0.487500 0.312500
vt 0.500000 0.312500
vt 0.512500 0.312500
vt 0.525000 0.312500
vt 0.537500 0.312500
vt 0.550000 0.312500
vt 0.562500 0.312500
vt 0.575000 0.312500
vt 0.587500 0.312500
vt 0.600000 0.312500
vt 0.612500 0.312500
vt 0.625000 0.312500
vt 0.375000 0.687500
vt 0.387500 0.687500
vt 0.400000 0.687500
vt 0.412500 0.687500
vt 0.425000 0.687500
vt 0.437500 0.687500
vt 0.450000 0.687500
vt 0.462500 0.687500
vt 0.475000 0.687500
vt 0.487500 0.687500
vt 0.500000 0.687500
vt 0.512500 0.687500
vt 0.525000 0.687500
vt 0.537500 0.687500
vt 0.550000 0.687500
vt 0.562500 0.687500
vt 0.575000 0.687500
vt 0.587500 0.687500
vt 0.600000 0.687500
vt 0.612500 0.687500
vt 0.625000 0.687500
vt 0.648603 0.795466
vt 0.626409 0.751908
vt 0.591842 0.717341
vt 0.548284 0.695147
vt 0.500000 0.687500
vt 0.451716 0.695147
vt 0.408159 0.717341
vt 0.373591 0.751909
vt 0.351397 0.795466
vt 0.343750 0.843750
vt 0.351397 0.892034
vt 0.373591 0.935591
vt 0.408159 0.970159
vt 0.451716 0.992353
vt 0.500000 1.000000
vt 0.548284 0.992353
vt 0.591841 0.970159
vt 0.626409 0.935591
vt 0.648603 0.892034
vt 0.656250 0.843750
vt 0.500000 0.156250
vt 0.500000 0.843750
vt 0.626409 0.064408
vt 0.648603 0.107966
vt 0.591842 0.029841
vt 0.548284 0.007647
vt 0.500000 -0.000000
vt 0.451716 0.007647
vt 0.408159 0.029841
vt 0.373591 0.064409
vt 0.351397 0.107966
vt 0.343750 0.156250
vt 0.351397 0.204534
vt 0.373591 0.248091
vt 0.408159 0.282659
vt 0.451716 0.304853
vt 0.500000 0.312500
vt 0.548284 0.304853
vt 0.591841 0.282659
vt 0.626409 0.248091
vt 0.648603 0.204534
vt 0.656250 0.156250
vt 0.626409 0.064408
vt 0.648603 0.107966
vt 0.591842 0.029841
vt 0.548284 0.007647
vt 0.500000 -0.000000
vt 0.451716 0.007647
vt 0.408159 0.029841
vt 0.373591 0.064409
vt 0.351397 0.107966
vt 0.343750 0.156250
vt 0.351397 0.204534
vt 0.373591 0.248091
vt 0.408159 0.282659
vt 0.451716 0.304853
vt 0.500000 0.312500
vt 0.548284 0.304853
vt 0.591841 0.282659
vt 0.626409 0.248091
vt 0.648603 0.204534
vt 0.656250 0.156250
vt 0.626409 0.064408
vt 0.648603 0.107966
vt 0.591842 0.029841
vt 0.548284 0.007647
vt 0.500000 -0.000000
vt 0.451716 0.007647
vt 0.408159 0.029841
vt 0.373591 0.064409
vt 0.351397 0.107966
vt 0.343750 0.156250
vt 0.351397 0.204534
vt 0.373591 0.248091
vt 0.408159 0.282659
vt 0.451716 0.304853
vt 0.500000 0.312500
vt 0.548284 0.304853
vt 0.591841 0.282659
vt 0.626409 0.248091
vt 0.648603 0.204534
vt 0.656250 0.156250
vt 0.648603 0.892034
vt 0.626409 0.935591
vt 0.591841 0.970159
vt 0.548284 0.992353
vt 0.500000 1.000000
vt 0.451716 0.992353
vt 0.408159 0.970159
vt 0.373591 0.935591
vt 0.351397 0.892034
vt 0.343750 0.843750
vt 0.351397 0.795466
vt 0.373591 0.751909
vt 0.408159 0.717341
vt 0.451716 0.695147
vt 0.500000 0.687500
vt 0.548284 0.695147
vt 0.591842 0.717341
vt 0.626409 0.751908
vt 0.648603 0.795466
vt 0.656250 0.843750
vt 0.648603 0.892034
vt 0.626409 0.935591
vt 0.626409 0.935591
vt 0.648603 0.892034
vt 0.591841 0.970159
vt 0.548284 0.992353
vt 0.548284 0.992353
vt 0.591841 0.970159
vt 0.500000 1.000000
vt 0.451716 0.992353
vt 0.451716 0.992353
vt 0.500000 1.000000
vt 0.408159 0.970159
vt 0.373591 0.935591
vt 0.373591 0.935591
vt 0.408159 0.970159
vt 0.351397 0.892034
vt 0.343750 0.843750
vt 0.343750 0.843750
vt 0.351397 0.892034
vt 0.351397 0.795466
vt 0.373591 0.751909
vt 0.373591 0.751909
vt 0.351397 0.795466
vt 0.408159 0.717341
vt 0.451716 0.695147
vt 0.451716 0.695147
vt 0.408159 0.717341
vt 0.500000 0.687500
vt 0.548284 0.695147
vt 0.548284 0.695147
vt 0.500000 0.687500
vt 0.591842 0.717341
vt 0.626409 0.751908
vt 0.626409 0.751908
vt 0.591842 0.717341
vt 0.648603 0.795466
vt 0.656250 0.843750
vt 0.656250 0.843750
vt 0.648603 0.795466
vt 0.648603 0.892034
vt 0.626409 0.935591
vt 0.591841 0.970159
vt 0.548284 0.992353
vt 0.500000 1.000000
vt 0.451716 0.992353
vt 0.408159 0.970159
vt 0.373591 0.935591
vt 0.351397 0.892034
vt 0.343750 0.843750
vt 0.351397 0.795466
vt 0.373591 0.751909
vt 0.408159 0.717341
vt 0.451716 0.695147
vt 0.500000 0.687500
vt 0.548284 0.695147
vt 0.591842 0.717341
vt 0.626409 0.751908
vt 0.648603 0.795466
vt 0.656250 0.843750
vt 0.648603 0.892034
vt 0.626409 0.935591
vt 0.591841 0.970159
vt 0.548284 0.992353
vt 0.500000 1.000000
vt 0.451716 0.992353
vt 0.408159 0.970159
vt 0.373591 0.935591
vt 0.351397 0.892034
vt 0.343750 0.843750
vt 0.351397 0.795466
vt 0.373591 0.751909
vt 0.408159 0.717341
vt 0.451716 0.695147
vt 0.500000 0.687500
vt 0.548284 0.695147
vt 0.591842 0.717341
vt 0.626409 0.751908
vt 0.648603 0.795466
vt 0.656250 0.843750
vt 0.648603 0.892034
vt 0.626409 0.935591
vt 0.591841 0.970159
vt 0.548284 0.992353
vt 0.500000 1.000000
vt 0.451716 0.992353
vt 0.408159 0.970159
vt 0.373591 0.935591
vt 0.351397 0.892034
vt 0.343750 0.843750
vt 0.351397 0.795466
vt 0.373591 0.751909
vt 0.408159 0.717341
vt 0.451716 0.695147
vt 0.500000 0.687500
vt 0.548284 0.695147
vt 0.591842 0.717341
vt 0.626409 0.751908
vt 0.648603 0.795466
vt 0.656250 0.843750
vt 0.648603 0.892034
vt 0.626409 0.935591
vt 0.591841 0.970159
vt 0.548284 0.992353
vt 0.500000 1.000000
vt 0.451716 0.992353
vt 0.408159 0.970159
vt 0.373591 0.935591
vt 0.351397 0.892034
vt 0.343750 0.843750
vt 0.351397 0.795466
vt 0.373591 0.751909
vt 0.408159 0.717341
vt 0.451716 0.695147
vt 0.500000 0.687500
vt 0.548284 0.695147
vt 0.591842 0.717341
vt 0.626409 0.751908
vt 0.648603 0.795466
vt 0.656250 0.843750
vt 0.648603 0.892034
vt 0.626409 0.935591
vt 0.591841 0.970159
vt 0.548284 0.992353
vt 0.500000 1.000000
vt 0.451716 0.992353
vt 0.408159 0.970159
vt 0.373591 0.935591
vt 0.351397 0.892034
vt 0.343750 0.843750
vt 0.351397 0.795466
vt 0.373591 0.751909
vt 0.408159 0.717341
vt 0.451716 0.695147
vt 0.500000 0.687500
vt 0.548284 0.695147
vt 0.591842 0.717341
vt 0.626409 0.751908
vt 0.648603 0.795466
vt 0.656250 0.843750
vt 0.626409 0.935591
vt 0.591841 0.970159
vt 0.591841 0.970159
vt 0.626409 0.935591
vt 0.548284 0.992353
vt 0.500000 1.000000
vt 0.500000 1.000000
vt 0.548284 0.992353
vt 0.451716 0.992353
vt 0.408159 0.970159
vt 0.408159 0.970159
vt 0.451716 0.992353
vt 0.373591 0.935591
vt 0.351397 0.892034
vt 0.351397 0.892034
vt 0.373591 0.935591
vt 0.343750 0.843750
vt 0.351397 0.795466
vt 0.351397 0.795466
vt 0.343750 0.843750
vt 0.373591 0.751909
vt 0.408159 0.717341
vt 0.408159 0.717341
vt 0.373591 0.751909
vt 0.451716 0.695147
vt 0.500000 0.687500
vt 0.500000 0.687500
vt 0.451716 0.695147
vt 0.548284 0.695147
vt 0.591842 0.717341
vt 0.591842 0.717341
vt 0.548284 0.695147
vt 0.626409 0.751908
vt 0.648603 0.795466
vt 0.648603 0.795466
vt 0.626409 0.751908
vt 0.656250 0.843750
vt 0.648603 0.892034
vt 0.648603 0.892034
vt 0.656250 0.843750
vt 0.648603 0.892034
vt 0.626409 0.935591
vt 0.626409 0.935591
vt 0.648603 0.892034
vt 0.626409 0.935591
vt 0.591841 0.970159
vt 0.591841 0.970159
vt 0.626409 0.935591
vt 0.591841 0.970159
vt 0.548284 0.992353
vt 0.548284 0.992353
vt 0.591841 0.970159
vt 0.548284 0.992353
vt 0.500000 1.000000
vt 0.500000 1.000000
vt 0.548284 0.992353
vt 0.500000 1.000000
vt 0.451716 0.992353
vt 0.451716 0.992353
vt 0.500000 1.000000
vt 0.451716 0.992353
vt 0.408159 0.970159
vt 0.408159 0.970159
vt 0.451716 0.992353
vt 0.408159 0.970159
vt 0.373591 0.935591
vt 0.373591 0.935591
vt 0.408159 0.970159
vt 0.373591 0.935591
vt 0.351397 0.892034
vt 0.351397 0.892034
vt 0.373591 0.935591
vt 0.351397 0.892034
vt 0.343750 0.843750
vt 0.343750 0.843750
vt 0.351397 0.892034
vt 0.343750 0.843750
vt 0.351397 0.795466
vt 0.351397 0.795466
vt 0.343750 0.843750
vt 0.351397 0.795466
vt 0.373591 0.751909
vt 0.373591 0.751909
vt 0.351397 0.795466
vt 0.373591 0.751909
vt 0.408159 0.717341
vt 0.408159 0.717341
vt 0.373591 0.751909
vt 0.408159 0.717341
vt 0.451716 0.695147
vt 0.451716 0.695147
vt 0.408159 0.717341
vt 0.451716 0.695147
vt 0.500000 0.687500
vt 0.500000 0.687500
vt 0.451716 0.695147
vt 0.500000 0.687500
vt 0.548284 0.695147
vt 0.548284 0.695147
vt 0.500000 0.687500
vt 0.548284 0.695147
vt 0.591842 0.717341
vt 0.591842 0.717341
vt 0.548284 0.695147
vt 0.591842 0.717341
vt 0.626409 0.751908
vt 0.626409 0.751908
vt 0.591842 0.717341
vt 0.626409 0.751908
vt 0.648603 0.795466
vt 0.648603 0.795466
vt 0.626409 0.751908
vt 0.648603 0.795466
vt 0.656250 0.843750
vt 0.656250 0.843750
vt 0.648603 0.795466
vt 0.656250 0.843750
vt 0.648603 0.892034
vt 0.648603 0.892034
vt 0.656250 0.843750
vn 0.951057 0.000000 -0.309016
vn 0.809017 0.000000 -0.587785
vn 0.809017 0.000000 -0.587785
vn 0.951057 0.000000 -0.309016
vn 0.587785 0.000000 -0.809017
vn 0.587785 0.000000 -0.809017
vn 0.309017 0.000000 -0.951057
vn 0.309017 0.000000 -0.951057
vn -0.000000 0.000000 -1.000000
vn -0.000000 0.000000 -1.000000
vn -0.309017 0.000000 -0.951056
vn -0.309017 0.000000 -0.951056
vn -0.587785 0.000000 -0.809017
vn -0.587785 0.000000 -0.809017
vn -0.809017 0.000000 -0.587785
vn -0.809017 0.000000 -0.587785
vn -0.951057 0.000000 -0.309017
vn -0.951057 0.000000 -0.309017
vn -1.000000 0.000000 0.000000
vn -1.000000 0.000000 0.000000
vn -0.951057 0.000000 0.309017
vn -0.951057 0.000000 0.309017
vn -0.809017 0.000000 0.587785
vn -0.809017 0.000000 0.587785
vn -0.587785 0.000000 0.809017
vn -0.587785 0.000000 0.809017
vn -0.309017 0.000000 0.951057
vn -0.309017 0.000000 0.951057
vn 0.000000 0.000000 1.000000
vn 0.000000 0.000000 1.000000
vn 0.309017 0.000000 0.951057
vn 0.309017 0.000000 0.951057
vn 0.587785 0.000000 0.809017
vn 0.587785 0.000000 0.809017
vn 0.809017 0.000000 0.587785
vn 0.809017 0.000000 0.587785
vn 0.951057 0.000000 0.309017
vn 0.951057 0.000000 0.309017
vn 1.000000 0.000000 0.000001
vn 1.000000 0.000000 0.000001
vn -0.000000 -1.000000 0.000000
vn -0.000000 -1.000000 0.000000
vn -0.000000 -1.000000 -0.000000
vn -0.000000 -1.000000 -0.000000
vn 0.000000 -1.000000 -0.000000
vn 0.000000 -1.000000 0.000000
vn -0.000000 -1.000000 0.000000
vn -0.000000 -1.000000 0.000000
vn -0.000000 -1.000000 0.000000
vn -0.000000 -1.000000 -0.000000
vn -0.000000 -1.000000 0.000000
vn -0.000000 -1.000000 -0.000000
vn -0.000000 -1.000000 -0.000000
vn -0.000000 -1.000000 -0.000000
vn 0.000000 -1.000000 -0.000000
vn 0.000000 -1.000000 -0.000000
vn -0.000000 -1.000000 0.000000
vn -0.000000 -1.000000 -0.000000
vn -0.000000 -1.000000 -0.000000
vn -0.000000 -1.000000 0.000000
vn -0.000000 -1.000000 0.000000
vn 0.158932 0.985938 -0.051640
vn 0.135195 0.985938 -0.098225
vn 0.000000 1.000000 0.000000
vn 0.098225 0.985938 -0.135195
vn 0.051640 0.985938 -0.158932
vn 0.000000 0.985938 -0.167110
vn -0.051640 0.985938 -0.158931
vn -0.098225 0.985938 -0.135195
vn -0.135195 0.985938 -0.098225
vn -0.158932 0.985938 -0.051640
vn -0.167111 0.985938 -0.000000
vn -0.158931 0.985938 0.051640
vn -0.135195 0.985938 0.098225
vn -0.098225 0.985938 0.135195
vn -0.051640 0.985938 0.158932
vn -0.000000 0.985938 0.167110
vn 0.051640 0.985938 0.158932
vn 0.098225 0.985938 0.135195
vn 0.135195 0.985938 0.098225
vn 0.158932 0.985938 0.051640
vn 0.167110 0.985938 0.000000
vn 0.566008 -0.714511 -0.411229
vn 0.665383 -0.714511 -0.216195
vn 0.665383 -0.714511 -0.216195
vn 0.566008 -0.714511 -0.411229
vn 0.411229 -0.714511 -0.566008
vn 0.411229 -0.714511 -0.566008
vn 0.216196 -0.714511 -0.665382
vn 0.216196 -0.714511 -0.665382
vn -0.000000 -0.714511 -0.699624
vn -0.000000 -0.714511 -0.699624
vn -0.216196 -0.714511 -0.665382
vn -0.216196 -0.714511 -0.665382
vn -0.411229 -0.714511 -0.566008
vn -0.411229 -0.714511 -0.566008
vn -0.566008 -0.714511 -0.411229
vn -0.566008 -0.714511 -0.411229
vn -0.665383 -0.714511 -0.216196
vn -0.665383 -0.714511 -0.216196
vn -0.699625 -0.714511 -0.000000
vn -0.699625 -0.714511 -0.000000
vn -0.665382 -0.714511 0.216196
vn -0.665382 -0.714511 0.216196
vn -0.566008 -0.714511 0.411229
vn -0.566008 -0.714511 0.411229
vn -0.411229 -0.714511 0.566008
vn -0.411229 -0.714511 0.566008
vn -0.216196 -0.714511 0.665382
vn -0.216196 -0.714511 0.665382
vn -0.000000 -0.714511 0.699624
vn 0.000000 -0.714511 0.699624
vn 0.216196 -0.714511 0.665382
vn 0.216196 -0.714511 0.665382
vn 0.411229 -0.714511 0.566008
vn 0.411229 -0.714511 0.566008
vn 0.566008 -0.714511 0.411229
vn 0.566008 -0.714511 0.411229
vn 0.665382 -0.714511 0.216196
vn 0.665382 -0.714511 0.216196
vn 0.699624 -0.714511 0.000001
vn 0.699624 -0.714511 0.000001
vn -0.154747 -0.981536 0.112430
vn -0.181916 -0.981536 0.059108
vn -0.181916 -0.981536 0.059108
vn -0.154747 -0.981536 0.112430
vn -0.112430 -0.981536 0.154747
vn -0.112430 -0.981536 0.154747
vn -0.059108 -0.981536 0.181916
vn -0.059108 -0.981536 0.181916
vn -0.000000 -0.981536 0.191278
vn -0.000000 -0.981536 0.191278
vn 0.059108 -0.981536 0.181916
vn 0.059108 -0.981536 0.181916
vn 0.112430 -0.981536 0.154747
vn 0.112430 -0.981536 0.154747
vn 0.154747 -0.981536 0.112430
vn 0.154747 -0.981536 0.112430
vn 0.181916 -0.981536 0.059108
vn 0.181916 -0.981536 0.059108
vn 0.191278 -0.981536 0.000000
vn 0.191278 -0.981536 0.000000
vn 0.181916 -0.981536 -0.059108
vn 0.181916 -0.981536 -0.059108
vn 0.154747 -0.981536 -0.112430
vn 0.154747 -0.981536 -0.112430
vn 0.112430 -0.981536 -0.154747
vn 0.112430 -0.981536 -0.154747
vn 0.059108 -0.981536 -0.181916
vn 0.059108 -0.981536 -0.181916
vn 0.000000 -0.981536 -0.191278
vn -0.000000 -0.981536 -0.191278
vn -0.059108 -0.981536 -0.181916
vn -0.059108 -0.981536 -0.181916
vn -0.112430 -0.981536 -0.154747
vn -0.112430 -0.981536 -0.154747
vn -0.154747 -0.981536 -0.112430
vn -0.154747 -0.981536 -0.112430
vn -0.181916 -0.981536 -0.059108
vn -0.181916 -0.981536 -0.059108
vn -0.191278 -0.981536 -0.000000
vn -0.191278 -0.981536 -0.000000
vn -0.809017 0.000000 0.587785
vn -0.951057 0.000000 0.309016
vn -0.951057 0.000000 0.309016
vn -0.809017 0.000000 0.587785
vn -0.587785 0.000000 0.809017
vn -0.587785 0.000000 0.809017
vn -0.309017 0.000000 0.951057
vn -0.309017 0.000000 0.951057
vn 0.000000 0.000000 1.000000
vn 0.000000 0.000000 1.000000
vn 0.309017 0.000000 0.951057
vn 0.309017 0.000000 0.951057
vn 0.587786 0.000000 0.809017
vn 0.587786 0.000000 0.809017
vn 0.809017 0.000000 0.587785
vn 0.809017 0.000000 0.587785
vn 0.951057 0.000000 0.309017
vn 0.951057 0.000000 0.309017
vn 1.000000 0.000000 0.000000
vn 1.000000 0.000000 0.000000
vn 0.951057 0.000000 -0.309017
vn 0.951057 0.000000 -0.309017
vn 0.809017 0.000000 -0.587785
vn 0.809017 0.000000 -0.587785
vn 0.587785 0.000000 -0.809017
vn 0.587785 0.000000 -0.809017
vn 0.309017 0.000000 -0.951057
vn 0.309017 0.000000 -0.951057
vn -0.000000 0.000000 -1.000000
vn -0.000000 0.000000 -1.000000
vn -0.309017 0.000000 -0.951057
vn -0.309017 0.000000 -0.951057
vn -0.587785 0.000000 -0.809017
vn -0.587785 0.000000 -0.809017
vn -0.809017 0.000000 -0.587785
vn -0.809017 0.000000 -0.587785
vn -0.951057 0.000000 -0.309017
vn -0.951057 0.000000 -0.309017
vn -1.000000 0.000000 -0.000001
vn -1.000000 0.000000 -0.000001
vn 0.261897 -0.955826 -0.133443
vn 0.261897 -0.955826 -0.133443
vn 0.261897 -0.955826 -0.133443
vn 0.261897 -0.955826 -0.133443
vn 0.207843 -0.955826 -0.207843
vn 0.207843 -0.955826 -0.207843
vn 0.207843 -0.955826 -0.207843
vn 0.207843 -0.955826 -0.207843
vn 0.133443 -0.955826 -0.261897
vn 0.133443 -0.955826 -0.261897
vn 0.133443 -0.955826 -0.261897
vn 0.133443 -0.955826 -0.261897
vn 0.045981 -0.955826 -0.290316
vn 0.045981 -0.955826 -0.290316
vn 0.045981 -0.955826 -0.290316
vn 0.045981 -0.955826 -0.290316
vn -0.045981 -0.955826 -0.290315
vn -0.045981 -0.955826 -0.290315
vn -0.045981 -0.955826 -0.290315
vn -0.045981 -0.955826 -0.290315
vn -0.133444 -0.955826 -0.261897
vn -0.133444 -0.955826 -0.261897
vn -0.133444 -0.955826 -0.261897
vn -0.133444 -0.955826 -0.261897
vn -0.207843 -0.955826 -0.207843
vn -0.207843 -0.955826 -0.207843
vn -0.207843 -0.955826 -0.207843
vn -0.207843 -0.955826 -0.207843
vn -0.261898 -0.955826 -0.133443
vn -0.261897 -0.955826 -0.133443
vn -0.261898 -0.955826 -0.133443
vn -0.261897 -0.955826 -0.133443
vn -0.290316 -0.955826 -0.045981
vn -0.290316 -0.955826 -0.045981
vn -0.290316 -0.955826 -0.045981
vn -0.290316 -0.955826 -0.045981
vn -0.290316 -0.955826 0.045981
vn -0.290316 -0.955826 0.045981
vn -0.290316 -0.955826 0.045981
vn -0.290316 -0.955826 0.045981
vn -0.261897 -0.955826 0.133443
vn -0.261897 -0.955826 0.133443
vn -0.261897 -0.955826 0.133443
vn -0.261897 -0.955826 0.133443
vn -0.207843 -0.955826 0.207843
vn -0.207843 -0.955826 0.207843
vn -0.207843 -0.955826 0.207843
vn -0.207843 -0.955826 0.207843
vn -0.133443 -0.955826 0.261898
vn -0.133443 -0.955826 0.261897
vn -0.133443 -0.955826 0.261897
vn -0.133443 -0.955826 0.261898
vn -0.045981 -0.955826 0.290316
vn -0.045981 -0.955826 0.290316
vn -0.045981 -0.955826 0.290316
vn -0.045981 -0.955826 0.290316
vn 0.045981 -0.955826 0.290316
vn 0.045981 -0.955826 0.290316
vn 0.045981 -0.955826 0.290316
vn 0.045981 -0.955826 0.290316
vn 0.133443 -0.955826 0.261898
vn 0.133443 -0.955826 0.261898
vn 0.133443 -0.955826 0.261898
vn 0.133443 -0.955826 0.261898
vn 0.207843 -0.955826 0.207843
vn 0.207843 -0.955826 0.207843
vn 0.207843 -0.955826 0.207843
vn 0.207843 -0.955826 0.207843
vn 0.261898 -0.955826 0.133443
vn 0.261898 -0.955826 0.133443
vn 0.261898 -0.955826 0.133443
vn 0.261898 -0.955826 0.133443
vn 0.290316 -0.955826 0.045981
vn 0.290316 -0.955826 0.045981
vn 0.290316 -0.955826 0.045981
vn 0.290316 -0.955826 0.045981
vn 0.290316 -0.955826 -0.045981
vn 0.290316 -0.955826 -0.045981
vn 0.290316 -0.955826 -0.045981
vn 0.290316 -0.955826 -0.045981
vn -0.851647 -0.293934 0.433936
vn -0.851647 -0.293934 0.433936
vn -0.851647 -0.293934 0.433936
vn -0.851647 -0.293934 0.433936
vn -0.576352 -0.043996 -0.816016
vn -0.576353 -0.043996 -0.816016
vn -0.576353 -0.043996 -0.816016
vn -0.576353 -0.043996 -0.816016
vn 0.851646 0.293935 -0.433936
vn 0.851646 0.293935 -0.433936
vn 0.851646 0.293935 -0.433936
vn 0.851646 0.293935 -0.433936
vn 0.321399 -0.043997 0.945921
vn 0.321399 -0.043997 0.945921
vn 0.321399 -0.043997 0.945921
vn 0.321399 -0.043997 0.945921
vn -0.433936 -0.293934 0.851647
vn -0.433936 -0.293934 0.851647
vn -0.433936 -0.293934 0.851647
vn -0.433936 -0.293934 0.851647
vn -0.945921 -0.043996 -0.321399
vn -0.945921 -0.043996 -0.321399
vn -0.945921 -0.043996 -0.321399
vn -0.945921 -0.043996 -0.321399
vn 0.433935 0.293935 -0.851647
vn 0.433936 0.293935 -0.851647
vn 0.433936 0.293935 -0.851647
vn 0.433936 0.293935 -0.851647
vn 0.816016 -0.043997 0.576352
vn 0.816016 -0.043997 0.576352
vn 0.816016 -0.043997 0.576352
vn 0.816016 -0.043997 0.576352
vn 0.149524 -0.293934 0.944058
vn 0.149524 -0.293934 0.944058
vn 0.149524 -0.293934 0.944058
vn 0.149524 -0.293934 0.944058
vn -0.954180 -0.043997 0.295981
vn -0.954180 -0.043997 0.295981
vn -0.954180 -0.043997 0.295981
vn -0.954180 -0.043997 0.295981
vn -0.149524 0.293935 -0.944058
vn -0.149524 0.293935 -0.944058
vn -0.149524 0.293935 -0.944058
vn -0.149524 0.293935 -0.944058
vn 0.998942 -0.043997 -0.013363
vn 0.998942 -0.043997 -0.013363
vn 0.998942 -0.043997 -0.013363
vn 0.998942 -0.043997 -0.013363
vn 0.675871 -0.293935 0.675870
vn 0.675871 -0.293935 0.675870
vn 0.675871 -0.293935 0.675870
vn 0.675871 -0.293935 0.675870
vn -0.597974 -0.043996 0.800307
vn -0.597975 -0.043996 0.800307
vn -0.597974 -0.043996 0.800307
vn -0.597975 -0.043996 0.800307
vn -0.675871 0.293933 -0.675871
vn -0.675871 0.293933 -0.675871
vn -0.675871 0.293933 -0.675871
vn -0.675871 0.293933 -0.675871
vn 0.800307 -0.043997 -0.597975
vn 0.800307 -0.043997 -0.597975
vn 0.800307 -0.043997 -0.597975
vn 0.800307 -0.043997 -0.597975
vn 0.944057 -0.293936 0.149524
vn 0.944057 -0.293936 0.149524
vn 0.944057 -0.293936 0.149524
vn 0.944057 -0.293936 0.149524
vn -0.013363 -0.043997 0.998942
vn -0.013363 -0.043997 0.998942
vn -0.013363 -0.043997 0.998942
vn -0.013363 -0.043997 0.998942
vn -0.944058 0.293934 -0.149524
vn -0.944058 0.293934 -0.149524
vn -0.944058 0.293934 -0.149524
vn -0.944058 0.293934 -0.149524
vn 0.295981 -0.043997 -0.954180
vn 0.295981 -0.043997 -0.954180
vn 0.295981 -0.043997 -0.954180
vn 0.295981 -0.043997 -0.954180
vn 0.851647 -0.293934 -0.433936
vn 0.851647 -0.293934 -0.433936
vn 0.851647 -0.293934 -0.433936
vn 0.851647 -0.293934 -0.433936
vn 0.576353 -0.043996 0.816016
vn 0.576353 -0.043996 0.816016
vn 0.576353 -0.043996 0.816016
vn 0.576353 -0.043996 0.816016
vn -0.851647 0.293934 0.433936
vn -0.851647 0.293934 0.433936
vn -0.851647 0.293934 0.433936
vn -0.851647 0.293934 0.433936
vn -0.321399 -0.043997 -0.945921
vn -0.321399 -0.043997 -0.945921
vn -0.321399 -0.043997 -0.945921
vn -0.321399 -0.043997 -0.945921
vn 0.433936 -0.293934 -0.851647
vn 0.433936 -0.293934 -0.851647
vn 0.433936 -0.293934 -0.851647
vn 0.433936 -0.293934 -0.851647
vn 0.945921 -0.043998 0.321399
vn 0.945921 -0.043998 0.321399
vn 0.945921 -0.043998 0.321399
vn 0.945921 -0.043998 0.321399
vn -0.433935 0.293935 0.851647
vn -0.433936 0.293935 0.851647
vn -0.433935 0.293935 0.851647
vn -0.433936 0.293935 0.851647
vn -0.816016 -0.043997 -0.576352
vn -0.816016 -0.043997 -0.576352
vn -0.816016 -0.043997 -0.576352
vn -0.816016 -0.043997 -0.576352
vn -0.149524 -0.293935 -0.944058
vn -0.149524 -0.293935 -0.944058
vn -0.149524 -0.293935 -0.944058
vn -0.149524 -0.293935 -0.944058
vn 0.954180 -0.043997 -0.295981
vn 0.954180 -0.043997 -0.295981
vn 0.954180 -0.043997 -0.295981
vn 0.954180 -0.043997 -0.295981
vn 0.149524 0.293935 0.944058
vn 0.149524 0.293935 0.944058
vn 0.149524 0.293935 0.944058
vn 0.149524 0.293935 0.944058
vn -0.998942 -0.043997 0.013363
vn -0.998942 -0.043997 0.013363
vn -0.998942 -0.043997 0.013363
vn -0.998942 -0.043997 0.013363
vn -0.675871 -0.293934 -0.675871
vn -0.675871 -0.293934 -0.675871
vn -0.675871 -0.293934 -0.675871
vn -0.675871 -0.293934 -0.675871
vn 0.597975 -0.043997 -0.800307
vn 0.597975 -0.043997 -0.800307
vn 0.597975 -0.043997 -0.800307
vn 0.597975 -0.043997 -0.800307
vn 0.675871 0.293933 0.675871
vn 0.675871 0.293933 0.675871
vn 0.675871 0.293933 0.675871
vn 0.675871 0.293933 0.675871
vn -0.800307 -0.043997 0.597975
vn -0.800307 -0.043997 0.597975
vn -0.800306 -0.043997 0.597975
vn -0.800307 -0.043997 0.597975
vn -0.944057 -0.293936 -0.149524
vn -0.944057 -0.293936 -0.149524
vn -0.944057 -0.293936 -0.149524
vn -0.944057 -0.293936 -0.149524
vn 0.013363 -0.043997 -0.998942
vn 0.013363 -0.043997 -0.998942
vn 0.013363 -0.043997 -0.998942
vn 0.013363 -0.043997 -0.998942
vn 0.944058 0.293935 0.149524
vn 0.944058 0.293935 0.149524
vn 0.944058 0.293935 0.149524
vn 0.944058 0.293935 0.149524
vn -0.295981 -0.043997 0.954180
vn -0.295981 -0.043997 0.954180
vn -0.295981 -0.043997 0.954180
vn -0.295981 -0.043997 0.954180
vn 0.421334 0.881130 -0.214680
vn 0.421334 0.881130 -0.214680
vn 0.421334 0.881130 -0.214680
vn 0.421334 0.881130 -0.214680
vn 0.334373 0.881130 -0.334373
vn 0.334373 0.881130 -0.334373
vn 0.334373 0.881130 -0.334373
vn 0.334373 0.881130 -0.334373
vn 0.214680 0.881130 -0.421334
vn 0.214680 0.881130 -0.421334
vn 0.214680 0.881130 -0.421334
vn 0.214680 0.881130 -0.421334
vn 0.073974 0.881130 -0.467053
vn 0.073974 0.881130 -0.467053
vn 0.073974 0.881130 -0.467053
vn 0.073974 0.881130 -0.467053
vn -0.073974 0.881130 -0.467052
vn -0.073974 0.881130 -0.467052
vn -0.073974 0.881130 -0.467052
vn -0.073974 0.881130 -0.467052
vn -0.214681 0.881130 -0.421334
vn -0.214681 0.881130 -0.421334
vn -0.214681 0.881130 -0.421334
vn -0.214681 0.881130 -0.421334
vn -0.334373 0.881130 -0.334373
vn -0.334373 0.881130 -0.334373
vn -0.334373 0.881130 -0.334373
vn -0.334373 0.881130 -0.334373
vn -0.421334 0.881130 -0.214681
vn -0.421334 0.881130 -0.214681
vn -0.421334 0.881130 -0.214681
vn -0.421334 0.881130 -0.214681
vn -0.467053 0.881130 -0.073974
vn -0.467053 0.881130 -0.073974
vn -0.467053 0.881130 -0.073974
vn -0.467053 0.881130 -0.073974
vn -0.467053 0.881130 0.073974
vn -0.467053 0.881130 0.073974
vn -0.467053 0.881130 0.073974
vn -0.467053 0.881130 0.073974
vn -0.421334 0.881130 0.214680
vn -0.421334 0.881130 0.214680
vn -0.421334 0.881130 0.214680
vn -0.421334 0.881130 0.214680
vn -0.334373 0.881130 0.334373
vn -0.334373 0.881130 0.334373
vn -0.334373 0.881130 0.334373
vn -0.334373 0.881130 0.334373
vn -0.214680 0.881130 0.421334
vn -0.214680 0.881130 0.421334
vn -0.214680 0.881130 0.421334
vn -0.214680 0.881130 0.421334
vn -0.073974 0.881130 0.467053
vn -0.073974 0.881130 0.467053
vn -0.073974 0.881130 0.467053
vn -0.073974 0.881130 0.467053
vn 0.073974 0.881130 0.467053
vn 0.073974 0.881130 0.467053
vn 0.073974 0.881130 0.467053
vn 0.073974 0.881130 0.467053
vn 0.214681 0.881130 0.421334
vn 0.214681 0.881130 0.421334
vn 0.214681 0.881130 0.421334
vn 0.214681 0.881130 0.421334
vn 0.334373 0.881130 0.334373
vn 0.334373 0.881130 0.334373
vn 0.334373 0.881130 0.334373
vn 0.334373 0.881130 0.334373
vn 0.421334 0.881130 0.214680
vn 0.421334 0.881130 0.214681
vn 0.421334 0.881130 0.214680
vn 0.421334 0.881130 0.214681
vn 0.467053 0.881130 0.073974
vn 0.467053 0.881130 0.073974
vn 0.467053 0.881130 0.073974
vn 0.467053 0.881130 0.073974
vn 0.467053 0.881130 -0.073973
vn 0.467053 0.881130 -0.073973
vn 0.467053 0.881130 -0.073973
vn 0.467053 0.881130 -0.073973
vn 0.000000 0.000000 0.000000
vn 0.000000 0.000000 0.000000
vn 0.000000 0.000000 0.000000
vn 0.000000 0.000000 0.000000
vn 0.000000 0.000000 0.000000
vn 0.000000 0.000000 0.000000
vn 0.000000 0.000000 0.000000
vn 0.000000 0.000000 0.000000
vn 0.000000 0.000000 0.000000
vn 0.000000 0.000000 0.000000
vn 0.000000 0.000000 0.000000
vn 0.000000 0.000000 0.000000
vn 0.000000 0.000000 0.000000
vn 0.000000 0.000000 0.000000
vn 0.000000 0.000000 0.000000
vn 0.000000 0.000000 0.000000
vn 0.000000 0.000000 0.000000
vn 0.000000 0.000000 0.000000
vn 0.000000 0.000000 0.000000
vn 0.000000 0.000000 0.000000
vn 0.000000 0.000000 0.000000
vn 0.000000 0.000000 0.000000
vn 0.000000 0.000000 0.000000
vn 0.000000 0.000000 0.000000
vn 0.000000 0.000000 0.000000
vn 0.000000 0.000000 0.000000
vn 0.000000 0.000000 0.000000
vn 0.000000 0.000000 0.000000
vn 0.000000 0.000000 0.000000
vn 0.000000 0.000000 0.000000
vn 0.000000 0.000000 0.000000
vn 0.000000 0.000000 0.000000
vn 0.000000 0.000000 0.000000
vn 0.000000 0.000000 0.000000
vn 0.000000 0.000000 0.000000
vn 0.000000 0.000000 0.000000
vn 0.000000 0.000000 0.000000
vn 0.000000 0.000000 0.000000
vn 0.000000 0.000000 0.000000
vn 0.000000 0.000000 0.000000
vn 0.000000 0.000000 0.000000
vn 0.000000 0.000000 0.000000
vn 0.000000 0.000000 0.000000
vn 0.000000 0.000000 0.000000
vn 0.000000 0.000000 0.000000
vn 0.000000 0.000000 0.000000
vn 0.000000 0.000000 0.000000
vn 0.000000 0.000000 0.000000
vn 0.000000 0.000000 0.000000
vn 0.000000 0.000000 0.000000
vn 0.000000 0.000000 0.000000
vn 0.000000 0.000000 0.000000
vn 0.000000 0.000000 0.000000
vn 0.000000 0.000000 0.000000
vn 0.000000 0.000000 0.000000
vn 0.000000 0.000000 0.000000
vn 0.000000 0.000000 0.000000
vn 0.000000 0.000000 0.000000
vn 0.000000 0.000000 0.000000
vn 0.000000 0.000000 0.000000
vn 0.000000 0.000000 0.000000
vn 0.000000 0.000000 0.000000
vn 0.000000 0.000000 0.000000
vn 0.000000 0.000000 0.000000
vn 0.000000 0.000000 0.000000
vn 0.000000 0.000000 0.000000
vn 0.000000 0.000000 0.000000
vn 0.000000 0.000000 0.000000
vn 0.000000 0.000000 0.000000
vn 0.000000 0.000000 0.000000
vn 0.000000 0.000000 0.000000
vn 0.000000 0.000000 0.000000
vn 0.000000 0.000000 0.000000
vn 0.000000 0.000000 0.000000
vn 0.000000 0.000000 0.000000
vn 0.000000 0.000000 0.000000
vn 0.000000 0.000000 0.000000
vn 0.000000 0.000000 0.000000
vn 0.000000 0.000000 0.000000
vn 0.000000 0.000000 0.000000
vn 0.431115 -0.891358 -0.140077
vn 0.366728 -0.891358 -0.266444
vn 0.366728 -0.891358 -0.266444
vn 0.431115 -0.891357 -0.140077
vn 0.266444 -0.891357 -0.366728
vn 0.266444 -0.891357 -0.366728
vn 0.140078 -0.891357 -0.431115
vn 0.140078 -0.891357 -0.431115
vn -0.000000 -0.891357 -0.453301
vn -0.000000 -0.891357 -0.453301
vn -0.140078 -0.891357 -0.431115
vn -0.140078 -0.891357 -0.431115
vn -0.266444 -0.891357 -0.366729
vn -0.266444 -0.891357 -0.366729
vn -0.366728 -0.891357 -0.266444
vn -0.366728 -0.891357 -0.266444
vn -0.431115 -0.891357 -0.140078
vn -0.431115 -0.891357 -0.140078
vn -0.453301 -0.891357 0.000000
vn -0.453301 -0.891357 0.000000
vn -0.431115 -0.891357 0.140078
vn -0.431115 -0.891357 0.140078
vn -0.366728 -0.891357 0.266444
vn -0.366728 -0.891357 0.266444
vn -0.266444 -0.891357 0.366729
vn -0.266444 -0.891357 0.366729
vn -0.140078 -0.891357 0.431115
vn -0.140078 -0.891357 0.431115
vn 0.000000 -0.891357 0.453302
vn 0.000000 -0.891357 0.453302
vn 0.140078 -0.891357 0.431115
vn 0.140078 -0.891357 0.431115
vn 0.266444 -0.891357 0.366729
vn 0.266444 -0.891357 0.366729
vn 0.366729 -0.891357 0.266444
vn 0.366729 -0.891357 0.266444
vn 0.431116 -0.891357 0.140078
vn 0.431116 -0.891357 0.140078
vn 0.453302 -0.891357 0.000001
vn 0.453302 -0.891357 0.000001
vn 0.951057 0.000001 -0.309016
vn 0.809017 0.000000 -0.587785
vn 0.809017 0.000000 -0.587785
vn 0.951057 0.000001 -0.309016
vn 0.587785 0.000000 -0.809017
vn 0.587785 0.000000 -0.809017
vn 0.309017 0.000000 -0.951057
vn 0.309017 0.000000 -0.951057
vn -0.000000 0.000000 -1.000000
vn -0.000000 0.000000 -1.000000
vn -0.309017 0.000000 -0.951057
vn -0.309017 0.000000 -0.951057
vn -0.587785 0.000000 -0.809017
vn -0.587785 0.000000 -0.809017
vn -0.809017 0.000000 -0.587785
vn -0.809017 0.000000 -0.587785
vn -0.951057 0.000000 -0.309017
vn -0.951057 0.000000 -0.309017
vn -1.000000 0.000000 -0.000000
vn -1.000000 0.000000 -0.000000
vn -0.951056 0.000000 0.309017
vn -0.951056 0.000000 0.309017
vn -0.809017 0.000000 0.587785
vn -0.809017 0.000000 0.587785
vn -0.587785 0.000000 0.809017
vn -0.587785 0.000000 0.809017
vn -0.309017 0.000000 0.951057
vn -0.309016 0.000000 0.951057
vn 0.000000 0.000000 1.000000
vn 0.000000 0.000000 1.000000
vn 0.309017 0.000000 0.951057
vn 0.309017 0.000000 0.951057
vn 0.587785 0.000000 0.809017
vn 0.587785 0.000000 0.809017
vn 0.809017 0.000000 0.587786
vn 0.809017 0.000000 0.587785
vn 0.951057 -0.000000 0.309017
vn 0.951057 -0.000000 0.309017
vn 1.000000 0.000000 0.000001
vn 1.000000 0.000000 0.000001
vn 0.466854 0.871227 -0.151690
vn 0.397130 0.871228 -0.288532
vn 0.288532 0.871228 -0.397130
vn 0.151690 0.871228 -0.466854
vn -0.000000 0.871228 -0.490879
vn -0.151690 0.871228 -0.466854
vn -0.288532 0.871228 -0.397130
vn -0.397130 0.871228 -0.288532
vn -0.466854 0.871228 -0.151690
vn -0.490879 0.871228 -0.000000
vn -0.466854 0.871228 0.151690
vn -0.397130 0.871228 0.288532
vn -0.288531 0.871228 0.397130
vn -0.151690 0.871228 0.466854
vn -0.000000 0.871228 0.490880
vn 0.151690 0.871227 0.466854
vn 0.288532 0.871228 0.397130
vn 0.397130 0.871228 0.288532
vn 0.466854 0.871228 0.151690
vn 0.490880 0.871228 0.000000
vn 0.000000 0.000000 0.000000
vn 0.000000 0.000000 0.000000
vn 0.000000 0.000000 0.000000
vn 0.000000 0.000000 0.000000
vn 0.000000 0.000000 0.000000
vn 0.000000 0.000000 0.000000
vn 0.000000 0.000000 0.000000
vn 0.000000 0.000000 0.000000
vn 0.000000 0.000000 0.000000
vn 0.000000 0.000000 0.000000
vn 0.000000 0.000000 0.000000
vn 0.000000 0.000000 0.000000
vn 0.000000 0.000000 0.000000
vn 0.000000 0.000000 0.000000
vn 0.000000 0.000000 0.000000
vn 0.000000 0.000000 0.000000
vn 0.000000 0.000000 0.000000
vn 0.000000 0.000000 0.000000
vn 0.000000 0.000000 0.000000
vn 0.000000 0.000000 0.000000
vn 0.000000 0.000000 0.000000
vn 0.000000 0.000000 0.000000
vn 0.000000 0.000000 0.000000
vn 0.000000 0.000000 0.000000
vn 0.000000 0.000000 0.000000
vn 0.000000 0.000000 0.000000
vn 0.000000 0.000000 0.000000
vn 0.000000 0.000000 0.000000
vn 0.000000 0.000000 0.000000
vn 0.000000 0.000000 0.000000
vn 0.000000 0.000000 0.000000
vn 0.000000 0.000000 0.000000
vn 0.000000 0.000000 0.000000
vn 0.000000 0.000000 0.000000
vn 0.000000 0.000000 0.000000
vn 0.000000 0.000000 0.000000
vn 0.000000 0.000000 0.000000
vn 0.000000 0.000000 0.000000
vn 0.000000 0.000000 0.000000
vn 0.000000 0.000000 0.000000
vn 0.000000 0.000000 0.000000
vn 0.000000 0.000000 0.000000
vn 0.000000 0.000000 0.000000
vn 0.000000 0.000000 0.000000
vn 0.000000 0.000000 0.000000
vn 0.000000 0.000000 0.000000
vn 0.000000 0.000000 0.000000
vn 0.000000 0.000000 0.000000
vn 0.000000 0.000000 0.000000
vn 0.000000 0.000000 0.000000
vn 0.000000 0.000000 0.000000
vn 0.000000 0.000000 0.000000
vn 0.000000 0.000000 0.000000
vn 0.000000 0.000000 0.000000
vn 0.000000 0.000000 0.000000
vn 0.000000 0.000000 0.000000
vn 0.000000 0.000000 0.000000
vn 0.000000 0.000000 0.000000
vn 0.000000 0.000000 0.000000
vn 0.000000 0.000000 0.000000
vn 0.000000 0.000000 0.000000
vn 0.000000 0.000000 0.000000
vn 0.000000 0.000000 0.000000
vn 0.000000 0.000000 0.000000
vn 0.000000 0.000000 0.000000
vn 0.000000 0.000000 0.000000
vn 0.000000 0.000000 0.000000
vn 0.000000 0.000000 0.000000
vn 0.000000 0.000000 0.000000
vn 0.000000 0.000000 0.000000
vn 0.000000 0.000000 0.000000
vn 0.000000 0.000000 0.000000
vn 0.000000 0.000000 0.000000
vn 0.000000 0.000000 0.000000
vn 0.000000 0.000000 0.000000
vn 0.000000 0.000000 0.000000
vn 0.000000 0.000000 0.000000
vn 0.000000 0.000000 0.000000
vn 0.000000 0.000000 0.000000
vn 0.000000 0.000000 0.000000
vn 0.000000 0.000000 0.000000
vn 0.000000 0.000000 0.000000
vn 0.000000 0.000000 0.000000
vn 0.000000 0.000000 0.000000
vn 0.000000 0.000000 0.000000
vn 0.000000 0.000000 0.000000
vn 0.000000 0.000000 0.000000
vn 0.000000 0.000000 0.000000
vn 0.000000 0.000000 0.000000
vn 0.000000 0.000000 0.000000
vn 0.000000 0.000000 0.000000
vn 0.000000 0.000000 0.000000
vn 0.000000 0.000000 0.000000
vn 0.000000 0.000000 0.000000
vn 0.000000 0.000000 0.000000
vn 0.000000 0.000000 0.000000
vn 0.000000 0.000000 0.000000
vn 0.000000 0.000000 0.000000
vn 0.000000 0.000000 0.000000
vn 0.000000 0.000000 0.000000
vn 0.000000 0.000000 0.000000
vn 0.000000 0.000000 0.000000
vn 0.000000 0.000000 0.000000
vn 0.000000 0.000000 0.000000
vn 0.000000 0.000000 0.000000
vn 0.000000 0.000000 0.000000
vn 0.000000 0.000000 0.000000
vn 0.000000 0.000000 0.000000
vn 0.000000 0.000000 0.000000
vn 0.000000 0.000000 0.000000
vn 0.000000 0.000000 0.000000
vn 0.000000 0.000000 0.000000
vn 0.000000 0.000000 0.000000
vn 0.000000 0.000000 0.000000
vn 0.000000 0.000000 0.000000
vn 0.000000 0.000000 0.000000
vn 0.000000 0.000000 0.000000
vn 0.000000 0.000000 0.000000
vn 0.000000 0.000000 0.000000
vn 0.000000 0.000000 0.000000
vn 0.000000 0.000000 0.000000
vn 0.000000 0.000000 0.000000
vn 0.000000 0.000000 0.000000
vn 0.000000 0.000000 0.000000
vn 0.000000 0.000000 0.000000
vn 0.000000 0.000000 0.000000
vn 0.000000 0.000000 0.000000
vn 0.000000 0.000000 0.000000
vn 0.000000 0.000000 0.000000
vn 0.000000 0.000000 0.000000
vn 0.000000 0.000000 0.000000
vn 0.000000 0.000000 0.000000
vn 0.000000 0.000000 0.000000
vn 0.000000 0.000000 0.000000
vn 0.000000 0.000000 0.000000
vn 0.000000 0.000000 0.000000
vn 0.000000 0.000000 0.000000
vn 0.000000 0.000000 0.000000
vn 0.000000 0.000000 0.000000
vn 0.000000 0.000000 0.000000
vn 0.000000 0.000000 0.000000
vn 0.000000 0.000000 0.000000
vn 0.000000 0.000000 0.000000
vn 0.000000 0.000000 0.000000
vn 0.000000 0.000000 0.000000
vn 0.000000 0.000000 0.000000
vn 0.000000 0.000000 0.000000
vn 0.000000 0.000000 0.000000
vn 0.000000 0.000000 0.000000
vn 0.000000 0.000000 0.000000
vn 0.000000 0.000000 0.000000
vn 0.000000 0.000000 0.000000
vn 0.000000 0.000000 0.000000
vn 0.000000 0.000000 0.000000
vn 0.000000 0.000000 0.000000
vn 0.000000 0.000000 0.000000
vn 0.000000 0.000000 0.000000
vn 0.000000 0.000000 0.000000
vn 0.000000 0.000000 0.000000
vn 0.000000 0.000000 0.000000
vn 0.733754 -0.567299 -0.373866
vn 0.733754 -0.567299 -0.373866
vn 0.733754 -0.567299 -0.373866
vn 0.733754 -0.567299 -0.373866
vn -0.589456 -0.003911 -0.807791
vn -0.589456 -0.003911 -0.807791
vn -0.589456 -0.003911 -0.807791
vn -0.589456 -0.003911 -0.807791
vn -0.833366 0.353834 0.424621
vn -0.833366 0.353834 0.424621
vn -0.833366 0.353834 0.424621
vn -0.833366 0.353834 0.424621
vn 0.307043 -0.003910 0.951688
vn 0.307043 -0.003910 0.951688
vn 0.307043 -0.003910 0.951688
vn 0.307043 -0.003910 0.951688
vn 0.582311 -0.567300 -0.582310
vn 0.582311 -0.567300 -0.582310
vn 0.582311 -0.567300 -0.582310
vn 0.582311 -0.567300 -0.582310
vn -0.810227 -0.003910 -0.586103
vn -0.810227 -0.003910 -0.586103
vn -0.810227 -0.003910 -0.586103
vn -0.810227 -0.003910 -0.586103
vn -0.661363 0.353833 0.661363
vn -0.661363 0.353833 0.661363
vn -0.661363 0.353833 0.661363
vn -0.661363 0.353833 0.661363
vn 0.586102 -0.003910 0.810228
vn 0.586102 -0.003910 0.810228
vn 0.586102 -0.003910 0.810228
vn 0.586102 -0.003910 0.810228
vn 0.373866 -0.567300 -0.733754
vn 0.373866 -0.567300 -0.733754
vn 0.373866 -0.567300 -0.733754
vn 0.373866 -0.567300 -0.733754
vn -0.951688 -0.003910 -0.307043
vn -0.951688 -0.003910 -0.307043
vn -0.951688 -0.003910 -0.307043
vn -0.951688 -0.003910 -0.307043
vn -0.424621 0.353833 0.833366
vn -0.424621 0.353833 0.833366
vn -0.424621 0.353833 0.833366
vn -0.424621 0.353833 0.833366
vn 0.807791 -0.003911 0.589456
vn 0.807791 -0.003911 0.589456
vn 0.807791 -0.003911 0.589456
vn 0.807791 -0.003911 0.589456
vn 0.128826 -0.567299 -0.813373
vn 0.128826 -0.567299 -0.813373
vn 0.128826 -0.567299 -0.813373
vn 0.128826 -0.567299 -0.813373
vn -0.999990 -0.003910 0.002073
vn -0.999990 -0.003910 0.002073
vn -0.999990 -0.003910 0.002073
vn -0.999990 -0.003910 0.002073
vn -0.146314 0.353834 0.923793
vn -0.146314 0.353833 0.923793
vn -0.146314 0.353834 0.923793
vn -0.146314 0.353833 0.923793
vn 0.950407 -0.003911 0.310985
vn 0.950407 -0.003911 0.310985
vn 0.950407 -0.003911 0.310985
vn 0.950407 -0.003911 0.310985
vn -0.128826 -0.567299 -0.813373
vn -0.128826 -0.567299 -0.813373
vn -0.128826 -0.567299 -0.813373
vn -0.128826 -0.567299 -0.813373
vn -0.950407 -0.003910 0.310985
vn -0.950407 -0.003910 0.310985
vn -0.950407 -0.003910 0.310985
vn -0.950407 -0.003910 0.310985
vn 0.146315 0.353834 0.923793
vn 0.146315 0.353834 0.923793
vn 0.146315 0.353834 0.923793
vn 0.146315 0.353834 0.923793
vn 0.999990 -0.003910 0.002073
vn 0.999990 -0.003910 0.002073
vn 0.999990 -0.003910 0.002073
vn 0.999990 -0.003910 0.002073
vn -0.373866 -0.567300 -0.733754
vn -0.373866 -0.567300 -0.733754
vn -0.373866 -0.567300 -0.733754
vn -0.373866 -0.567300 -0.733754
vn -0.807791 -0.003910 0.589456
vn -0.807791 -0.003910 0.589456
vn -0.807791 -0.003910 0.589456
vn -0.807791 -0.003910 0.589456
vn 0.424621 0.353833 0.833366
vn 0.424621 0.353834 0.833366
vn 0.424621 0.353834 0.833366
vn 0.424621 0.353834 0.833366
vn 0.951688 -0.003910 -0.307043
vn 0.951688 -0.003910 -0.307043
vn 0.951688 -0.003910 -0.307043
vn 0.951688 -0.003910 -0.307043
vn -0.582311 -0.567300 -0.582310
vn -0.582311 -0.567300 -0.582310
vn -0.582311 -0.567300 -0.582310
vn -0.582311 -0.567300 -0.582310
vn -0.586103 -0.003910 0.810227
vn -0.586103 -0.003910 0.810227
vn -0.586103 -0.003910 0.810227
vn -0.586103 -0.003910 0.810227
vn 0.661363 0.353834 0.661363
vn 0.661363 0.353834 0.661363
vn 0.661363 0.353834 0.661363
vn 0.661363 0.353834 0.661363
vn 0.810227 -0.003910 -0.586103
vn 0.810227 -0.003910 -0.586103
vn 0.810228 -0.003910 -0.586103
vn 0.810227 -0.003910 -0.586103
vn -0.733754 -0.567300 -0.373866
vn -0.733754 -0.567300 -0.373866
vn -0.733754 -0.567300 -0.373866
vn -0.733754 -0.567300 -0.373866
vn -0.307043 -0.003910 0.951688
vn -0.307043 -0.003910 0.951688
vn -0.307043 -0.003910 0.951688
vn -0.307043 -0.003910 0.951688
vn 0.833366 0.353834 0.424621
vn 0.833366 0.353834 0.424621
vn 0.833366 0.353834 0.424621
vn 0.833366 0.353834 0.424621
vn 0.589456 -0.003911 -0.807791
vn 0.589456 -0.003911 -0.807791
vn 0.589456 -0.003911 -0.807791
vn 0.589456 -0.003911 -0.807791
vn -0.813373 -0.567300 -0.128825
vn -0.813373 -0.567300 -0.128825
vn -0.813373 -0.567300 -0.128825
vn -0.813373 -0.567300 -0.128825
vn 0.002073 -0.003910 0.999990
vn 0.002073 -0.003910 0.999990
vn 0.002073 -0.003910 0.999990
vn 0.002073 -0.003910 0.999990
vn 0.923793 0.353834 0.146314
vn 0.923793 0.353834 0.146314
vn 0.923793 0.353834 0.146314
vn 0.923793 0.353834 0.146314
vn 0.310985 -0.003910 -0.950407
vn 0.310985 -0.003910 -0.950407
vn 0.310985 -0.003910 -0.950407
vn 0.310985 -0.003910 -0.950407
vn -0.813372 -0.567300 0.128825
vn -0.813372 -0.567300 0.128825
vn -0.813372 -0.567300 0.128825
vn -0.813372 -0.567300 0.128825
vn 0.310985 -0.003910 0.950407
vn 0.310985 -0.003910 0.950407
vn 0.310985 -0.003910 0.950407
vn 0.310985 -0.003910 0.950407
vn 0.923793 0.353834 -0.146314
vn 0.923793 0.353834 -0.146314
vn 0.923793 0.353834 -0.146314
vn 0.923793 0.353834 -0.146314
vn 0.002073 -0.003910 -0.999990
vn 0.002073 -0.003910 -0.999990
vn 0.002073 -0.003910 -0.999990
vn 0.002073 -0.003910 -0.999990
vn -0.733754 -0.567300 0.373866
vn -0.733754 -0.567300 0.373866
vn -0.733754 -0.567300 0.373866
vn -0.733754 -0.567300 0.373866
vn 0.589456 -0.003910 0.807791
vn 0.589456 -0.003910 0.807791
vn 0.589457 -0.003910 0.807791
vn 0.589456 -0.003910 0.807791
vn 0.833366 0.353833 -0.424621
vn 0.833366 0.353833 -0.424621
vn 0.833366 0.353833 -0.424621
vn 0.833366 0.353833 -0.424621
vn -0.307043 -0.003910 -0.951688
vn -0.307043 -0.003910 -0.951688
vn -0.307043 -0.003910 -0.951688
vn -0.307043 -0.003910 -0.951688
vn -0.582310 -0.567300 0.582310
vn -0.582310 -0.567300 0.582310
vn -0.582310 -0.567300 0.582310
vn -0.582310 -0.567300 0.582310
vn 0.810227 -0.003910 0.586103
vn 0.810227 -0.003910 0.586103
vn 0.810227 -0.003910 0.586103
vn 0.810227 -0.003910 0.586103
vn 0.661363 0.353834 -0.661363
vn 0.661363 0.353834 -0.661363
vn 0.661363 0.353834 -0.661363
vn 0.661363 0.353834 -0.661363
vn -0.586103 -0.003910 -0.810227
vn -0.586103 -0.003910 -0.810227
vn -0.586103 -0.003910 -0.810227
vn -0.586103 -0.003910 -0.810227
vn -0.373866 -0.567300 0.733754
vn -0.373866 -0.567300 0.733754
vn -0.373866 -0.567300 0.733754
vn -0.373866 -0.567300 0.733754
vn 0.951688 -0.003910 0.307043
vn 0.951688 -0.003910 0.307043
vn 0.951688 -0.003910 0.307043
vn 0.951688 -0.003910 0.307043
vn 0.424621 0.353834 -0.833366
vn 0.424621 0.353834 -0.833366
vn 0.424621 0.353834 -0.833366
vn 0.424621 0.353834 -0.833366
vn -0.807791 -0.003910 -0.589456
vn -0.807791 -0.003910 -0.589456
vn -0.807791 -0.003910 -0.589456
vn -0.807791 -0.003910 -0.589456
vn -0.128825 -0.567299 0.813373
vn -0.128825 -0.567299 0.813373
vn -0.128825 -0.567299 0.813373
vn -0.128825 -0.567299 0.813373
vn 0.999990 -0.003910 -0.002073
vn 0.999990 -0.003910 -0.002073
vn 0.999990 -0.003910 -0.002073
vn 0.999990 -0.003910 -0.002073
vn 0.146314 0.353834 -0.923793
vn 0.146314 0.353834 -0.923793
vn 0.146314 0.353834 -0.923793
vn 0.146314 0.353834 -0.923793
vn -0.950407 -0.003910 -0.310985
vn -0.950407 -0.003910 -0.310985
vn -0.950407 -0.003910 -0.310985
vn -0.950407 -0.003910 -0.310985
vn 0.128826 -0.567299 0.813373
vn 0.128826 -0.567299 0.813373
vn 0.128826 -0.567299 0.813373
vn 0.128826 -0.567299 0.813373
vn 0.950407 -0.003910 -0.310985
vn 0.950407 -0.003910 -0.310985
vn 0.950407 -0.003910 -0.310985
vn 0.950407 -0.003910 -0.310985
vn -0.146314 0.353834 -0.923793
vn -0.146314 0.353834 -0.923793
vn -0.146314 0.353834 -0.923793
vn -0.146314 0.353834 -0.923793
vn -0.999990 -0.003910 -0.002073
vn -0.999990 -0.003910 -0.002073
vn -0.999990 -0.003910 -0.002073
vn -0.999990 -0.003910 -0.002073
vn 0.373866 -0.567300 0.733754
vn 0.373866 -0.567300 0.733754
vn 0.373866 -0.567300 0.733754
vn 0.373866 -0.567300 0.733754
vn 0.807791 -0.003910 -0.589456
vn 0.807791 -0.003910 -0.589456
vn 0.807791 -0.003910 -0.589456
vn 0.807791 -0.003910 -0.589456
vn -0.424621 0.353834 -0.833365
vn -0.424621 0.353834 -0.833365
vn -0.424621 0.353834 -0.833365
vn -0.424621 0.353834 -0.833365
vn -0.951688 -0.003910 0.307043
vn -0.951688 -0.003910 0.307043
vn -0.951688 -0.003910 0.307043
vn -0.951688 -0.003910 0.307043
vn 0.582311 -0.567299 0.582311
vn 0.582311 -0.567299 0.582311
vn 0.582311 -0.567299 0.582311
vn 0.582310 -0.567299 0.582311
vn 0.586103 -0.003910 -0.810227
vn 0.586103 -0.003910 -0.810227
vn 0.586103 -0.003910 -0.810227
vn 0.586103 -0.003910 -0.810227
vn -0.661363 0.353834 -0.661363
vn -0.661363 0.353834 -0.661363
vn -0.661363 0.353834 -0.661363
vn -0.661363 0.353834 -0.661363
vn -0.810227 -0.003910 0.586103
vn -0.810227 -0.003910 0.586103
vn -0.810227 -0.003910 0.586103
vn -0.810227 -0.003910 0.586103
vn 0.733754 -0.567300 0.373866
vn 0.733754 -0.567300 0.373866
vn 0.733754 -0.567300 0.373866
vn 0.733754 -0.567300 0.373866
vn 0.307043 -0.003910 -0.951688
vn 0.307043 -0.003910 -0.951688
vn 0.307043 -0.003910 -0.951688
vn 0.307043 -0.003910 -0.951688
vn -0.833366 0.353834 -0.424621
vn -0.833366 0.353834 -0.424621
vn -0.833366 0.353834 -0.424621
vn -0.833366 0.353834 -0.424621
vn -0.589456 -0.003910 0.807791
vn -0.589456 -0.003910 0.807791
vn -0.589456 -0.003910 0.807791
vn -0.589456 -0.003910 0.807791
vn 0.813373 -0.567299 0.128825
vn 0.813373 -0.567299 0.128825
vn 0.813373 -0.567299 0.128825
vn 0.813373 -0.567299 0.128825
vn -0.002073 -0.003910 -0.999990
vn -0.002073 -0.003910 -0.999990
vn -0.002073 -0.003910 -0.999990
vn -0.002073 -0.003910 -0.999990
vn -0.923793 0.353834 -0.146314
vn -0.923793 0.353834 -0.146314
vn -0.923793 0.353834 -0.146314
vn -0.923793 0.353834 -0.146314
vn -0.310985 -0.003910 0.950407
vn -0.310985 -0.003910 0.950407
vn -0.310985 -0.003910 0.950407
vn -0.310985 -0.003910 0.950407
vn 0.813373 -0.567300 -0.128824
vn 0.813373 -0.567299 -0.128824
vn 0.813373 -0.567300 -0.128824
vn 0.813373 -0.567299 -0.128824
vn -0.310985 -0.003910 -0.950407
vn -0.310985 -0.003910 -0.950407
vn -0.310985 -0.003910 -0.950407
vn -0.310985 -0.003910 -0.950407
vn -0.923793 0.353834 0.146313
vn -0.923793 0.353834 0.146313
vn -0.923793 0.353834 0.146313
vn -0.923793 0.353834 0.146313
vn -0.002073 -0.003911 0.999990
vn -0.002073 -0.003911 0.999990
vn -0.002073 -0.003911 0.999990
vn -0.002073 -0.003911 0.999990
s 1
g pCylinder1
usemtl lambert3SG
f 1470/1548/1964 1471/1549/1965 1491/1570/1966 1490/1569/1967
f 1471/1549/1965 1472/1550/1968 1492/1571/1969 1491/1570/1966
f 1472/1550/1968 1473/1551/1970 1493/1572/1971 1492/1571/1969
f 1473/1551/1970 1474/1552/1972 1494/1573/1973 1493/1572/1971
f 1474/1552/1972 1475/1553/1974 1495/1574/1975 1494/1573/1973
f 1475/1553/1974 1476/1554/1976 1496/1575/1977 1495/1574/1975
f 1476/1554/1976 1477/1555/1978 1497/1576/1979 1496/1575/1977
f 1477/1555/1978 1478/1556/1980 1498/1577/1981 1497/1576/1979
f 1478/1556/1980 1479/1557/1982 1499/1578/1983 1498/1577/1981
f 1479/1557/1982 1480/1558/1984 1500/1579/1985 1499/1578/1983
f 1480/1558/1984 1481/1559/1986 1501/1580/1987 1500/1579/1985
f 1481/1559/1986 1482/1560/1988 1502/1581/1989 1501/1580/1987
f 1482/1560/1988 1483/1561/1990 1503/1582/1991 1502/1581/1989
f 1483/1561/1990 1484/1562/1992 1504/1583/1993 1503/1582/1991
f 1484/1562/1992 1485/1563/1994 1505/1584/1995 1504/1583/1993
f 1485/1563/1994 1486/1564/1996 1506/1585/1997 1505/1584/1995
f 1486/1564/1996 1487/1565/1998 1507/1586/1999 1506/1585/1997
f 1487/1565/1998 1488/1566/2000 1508/1587/2001 1507/1586/1999
f 1488/1566/2000 1489/1567/2002 1509/1588/2003 1508/1587/2001
f 1489/1567/2002 1470/1568/1964 1490/1589/1967 1509/1588/2003
s 2
usemtl blinn3SG
f 1551/1652/2004 1550/1653/2005 1552/1610/2006
f 1553/1654/2007 1551/1652/2004 1552/1610/2006
f 1554/1655/2008 1553/1654/2007 1552/1610/2006
f 1555/1656/2009 1554/1655/2008 1552/1610/2006
f 1556/1657/2010 1555/1656/2009 1552/1610/2006
f 1557/1658/2011 1556/1657/2010 1552/1610/2006
f 1558/1659/2012 1557/1658/2011 1552/1610/2006
f 1559/1660/2013 1558/1659/2012 1552/1610/2006
f 1560/1661/2014 1559/1660/2013 1552/1610/2006
f 1561/1662/2015 1560/1661/2014 1552/1610/2006
f 1562/1663/2016 1561/1662/2015 1552/1610/2006
f 1563/1664/2017 1562/1663/2016 1552/1610/2006
f 1564/1665/2018 1563/1664/2017 1552/1610/2006
f 1565/1666/2019 1564/1665/2018 1552/1610/2006
f 1566/1667/2020 1565/1666/2019 1552/1610/2006
f 1567/1668/2021 1566/1667/2020 1552/1610/2006
f 1568/1669/2022 1567/1668/2021 1552/1610/2006
f 1569/1670/2023 1568/1669/2022 1552/1610/2006
f 1570/1671/2024 1569/1670/2023 1552/1610/2006
f 1550/1653/2005 1570/1671/2024 1552/1610/2006
s 3
usemtl standardSurface5SG
f 1711/1812/2025 1712/1813/2026 1713/1611/2027
f 1712/1813/2026 1714/1814/2028 1713/1611/2027
f 1714/1814/2028 1715/1815/2029 1713/1611/2027
f 1715/1815/2029 1716/1816/2030 1713/1611/2027
f 1716/1816/2030 1717/1817/2031 1713/1611/2027
f 1717/1817/2031 1718/1818/2032 1713/1611/2027
f 1718/1818/2032 1719/1819/2033 1713/1611/2027
f 1719/1819/2033 1720/1820/2034 1713/1611/2027
f 1720/1820/2034 1721/1821/2035 1713/1611/2027
f 1721/1821/2035 1722/1822/2036 1713/1611/2027
f 1722/1822/2036 1723/1823/2037 1713/1611/2027
f 1723/1823/2037 1724/1824/2038 1713/1611/2027
f 1724/1824/2038 1725/1825/2039 1713/1611/2027
f 1725/1825/2039 1726/1826/2040 1713/1611/2027
f 1726/1826/2040 1727/1827/2041 1713/1611/2027
f 1727/1827/2041 1728/1828/2042 1713/1611/2027
f 1728/1828/2042 1729/1829/2043 1713/1611/2027
f 1729/1829/2043 1730/1830/2044 1713/1611/2027
f 1730/1830/2044 1731/1831/2045 1713/1611/2027
f 1731/1831/2045 1711/1812/2025 1713/1611/2027
s 4
usemtl lambert3SG
f 1471/1529/2046 1470/1528/2047 1510/1613/2048 1511/1612/2049
f 1472/1530/2050 1471/1529/2046 1511/1612/2049 1512/1614/2051
f 1473/1531/2052 1472/1530/2050 1512/1614/2051 1513/1615/2053
f 1474/1532/2054 1473/1531/2052 1513/1615/2053 1514/1616/2055
f 1475/1533/2056 1474/1532/2054 1514/1616/2055 1515/1617/2057
f 1476/1534/2058 1475/1533/2056 1515/1617/2057 1516/1618/2059
f 1477/1535/2060 1476/1534/2058 1516/1618/2059 1517/1619/2061
f 1478/1536/2062 1477/1535/2060 1517/1619/2061 1518/1620/2063
f 1479/1537/2064 1478/1536/2062 1518/1620/2063 1519/1621/2065
f 1480/1538/2066 1479/1537/2064 1519/1621/2065 1520/1622/2067
f 1481/1539/2068 1480/1538/2066 1520/1622/2067 1521/1623/2069
f 1482/1540/2070 1481/1539/2068 1521/1623/2069 1522/1624/2071
f 1483/1541/2072 1482/1540/2070 1522/1624/2071 1523/1625/2073
f 1484/1542/2074 1483/1541/2072 1523/1625/2073 1524/1626/2075
f 1485/1543/2076 1484/1542/2074 1524/1626/2075 1525/1627/2077
f 1486/1544/2078 1485/1543/2076 1525/1627/2077 1526/1628/2079
f 1487/1545/2080 1486/1544/2078 1526/1628/2079 1527/1629/2081
f 1488/1546/2082 1487/1545/2080 1527/1629/2081 1528/1630/2083
f 1489/1547/2084 1488/1546/2082 1528/1630/2083 1529/1631/2085
f 1470/1528/2047 1489/1547/2084 1529/1631/2085 1510/1613/2048
s 5
f 1511/1612/2086 1510/1613/2087 1530/1633/2088 1531/1632/2089
f 1512/1614/2090 1511/1612/2086 1531/1632/2089 1532/1634/2091
f 1513/1615/2092 1512/1614/2090 1532/1634/2091 1533/1635/2093
f 1514/1616/2094 1513/1615/2092 1533/1635/2093 1534/1636/2095
f 1515/1617/2096 1514/1616/2094 1534/1636/2095 1535/1637/2097
f 1516/1618/2098 1515/1617/2096 1535/1637/2097 1536/1638/2099
f 1517/1619/2100 1516/1618/2098 1536/1638/2099 1537/1639/2101
f 1518/1620/2102 1517/1619/2100 1537/1639/2101 1538/1640/2103
f 1519/1621/2104 1518/1620/2102 1538/1640/2103 1539/1641/2105
f 1520/1622/2106 1519/1621/2104 1539/1641/2105 1540/1642/2107
f 1521/1623/2108 1520/1622/2106 1540/1642/2107 1541/1643/2109
f 1522/1624/2110 1521/1623/2108 1541/1643/2109 1542/1644/2111
f 1523/1625/2112 1522/1624/2110 1542/1644/2111 1543/1645/2113
f 1524/1626/2114 1523/1625/2112 1543/1645/2113 1544/1646/2115
f 1525/1627/2116 1524/1626/2114 1544/1646/2115 1545/1647/2117
f 1526/1628/2118 1525/1627/2116 1545/1647/2117 1546/1648/2119
f 1527/1629/2120 1526/1628/2118 1546/1648/2119 1547/1649/2121
f 1528/1630/2122 1527/1629/2120 1547/1649/2121 1548/1650/2123
f 1529/1631/2124 1528/1630/2122 1548/1650/2123 1549/1651/2125
f 1510/1613/2087 1529/1631/2124 1549/1651/2125 1530/1633/2088
s 6
f 1531/1632/2126 1530/1633/2127 1550/1653/2128 1551/1652/2129
f 1532/1634/2130 1531/1632/2126 1551/1652/2129 1553/1654/2131
f 1533/1635/2132 1532/1634/2130 1553/1654/2131 1554/1655/2133
f 1534/1636/2134 1533/1635/2132 1554/1655/2133 1555/1656/2135
f 1535/1637/2136 1534/1636/2134 1555/1656/2135 1556/1657/2137
f 1536/1638/2138 1535/1637/2136 1556/1657/2137 1557/1658/2139
f 1537/1639/2140 1536/1638/2138 1557/1658/2139 1558/1659/2141
f 1538/1640/2142 1537/1639/2140 1558/1659/2141 1559/1660/2143
f 1539/1641/2144 1538/1640/2142 1559/1660/2143 1560/1661/2145
f 1540/1642/2146 1539/1641/2144 1560/1661/2145 1561/1662/2147
f 1541/1643/2148 1540/1642/2146 1561/1662/2147 1562/1663/2149
f 1542/1644/2150 1541/1643/2148 1562/1663/2149 1563/1664/2151
f 1543/1645/2152 1542/1644/2150 1563/1664/2151 1564/1665/2153
f 1544/1646/2154 1543/1645/2152 1564/1665/2153 1565/1666/2155
f 1545/1647/2156 1544/1646/2154 1565/1666/2155 1566/1667/2157
f 1546/1648/2158 1545/1647/2156 1566/1667/2157 1567/1668/2159
f 1547/1649/2160 1546/1648/2158 1567/1668/2159 1568/1669/2161
f 1548/1650/2162 1547/1649/2160 1568/1669/2161 1569/1670/2163
f 1549/1651/2164 1548/1650/2162 1569/1670/2163 1570/1671/2165
f 1530/1633/2127 1549/1651/2164 1570/1671/2165 1550/1653/2128
s off
usemtl standardSurface4SG
f 1591/1692/2166 1592/1693/2167 1593/1694/2168 1594/1695/2169
usemtl standardSurface3SG
f 1491/1607/2170 1492/1606/2171 1573/1674/2172 1572/1673/2173
usemtl standardSurface4SG
f 1595/1696/2174 1596/1697/2175 1597/1698/2176 1598/1699/2177
usemtl standardSurface3SG
f 1493/1605/2178 1494/1604/2179 1575/1676/2180 1574/1675/2181
usemtl standardSurface4SG
f 1599/1700/2182 1600/1701/2183 1601/1702/2184 1602/1703/2185
usemtl standardSurface3SG
f 1495/1603/2186 1496/1602/2187 1577/1678/2188 1576/1677/2189
usemtl standardSurface4SG
f 1603/1704/2190 1604/1705/2191 1605/1706/2192 1606/1707/2193
usemtl standardSurface3SG
f 1497/1601/2194 1498/1600/2195 1579/1680/2196 1578/1679/2197
usemtl standardSurface4SG
f 1607/1708/2198 1608/1709/2199 1609/1710/2200 1610/1711/2201
usemtl standardSurface3SG
f 1499/1599/2202 1500/1598/2203 1581/1682/2204 1580/1681/2205
usemtl standardSurface4SG
f 1611/1712/2206 1612/1713/2207 1613/1714/2208 1614/1715/2209
usemtl standardSurface3SG
f 1501/1597/2210 1502/1596/2211 1583/1684/2212 1582/1683/2213
usemtl standardSurface4SG
f 1615/1716/2214 1616/1717/2215 1617/1718/2216 1618/1719/2217
usemtl standardSurface3SG
f 1503/1595/2218 1504/1594/2219 1585/1686/2220 1584/1685/2221
usemtl standardSurface4SG
f 1619/1720/2222 1620/1721/2223 1621/1722/2224 1622/1723/2225
usemtl standardSurface3SG
f 1505/1593/2226 1506/1592/2227 1587/1688/2228 1586/1687/2229
usemtl standardSurface4SG
f 1623/1724/2230 1624/1725/2231 1625/1726/2232 1626/1727/2233
usemtl standardSurface3SG
f 1507/1591/2234 1508/1590/2235 1589/1690/2236 1588/1689/2237
usemtl standardSurface4SG
f 1627/1728/2238 1628/1729/2239 1629/1730/2240 1630/1731/2241
usemtl standardSurface3SG
f 1509/1609/2242 1490/1608/2243 1571/1672/2244 1590/1691/2245
f 1490/1608/2246 1491/1607/2247 1592/1693/2248 1591/1692/2249
usemtl standardSurface4SG
f 1491/1607/2250 1572/1673/2251 1593/1694/2252 1592/1693/2253
f 1572/1673/2254 1571/1672/2255 1594/1695/2256 1593/1694/2257
f 1571/1672/2258 1490/1608/2259 1591/1692/2260 1594/1695/2261
usemtl standardSurface3SG
f 1492/1606/2262 1493/1605/2263 1596/1697/2264 1595/1696/2265
usemtl standardSurface4SG
f 1493/1605/2266 1574/1675/2267 1597/1698/2268 1596/1697/2269
f 1574/1675/2270 1573/1674/2271 1598/1699/2272 1597/1698/2273
f 1573/1674/2274 1492/1606/2275 1595/1696/2276 1598/1699/2277
usemtl standardSurface3SG
f 1494/1604/2278 1495/1603/2279 1600/1701/2280 1599/1700/2281
usemtl standardSurface4SG
f 1495/1603/2282 1576/1677/2283 1601/1702/2284 1600/1701/2285
f 1576/1677/2286 1575/1676/2287 1602/1703/2288 1601/1702/2289
f 1575/1676/2290 1494/1604/2291 1599/1700/2292 1602/1703/2293
usemtl standardSurface3SG
f 1496/1602/2294 1497/1601/2295 1604/1705/2296 1603/1704/2297
usemtl standardSurface4SG
f 1497/1601/2298 1578/1679/2299 1605/1706/2300 1604/1705/2301
f 1578/1679/2302 1577/1678/2303 1606/1707/2304 1605/1706/2305
f 1577/1678/2306 1496/1602/2307 1603/1704/2308 1606/1707/2309
usemtl standardSurface3SG
f 1498/1600/2310 1499/1599/2311 1608/1709/2312 1607/1708/2313
usemtl standardSurface4SG
f 1499/1599/2314 1580/1681/2315 1609/1710/2316 1608/1709/2317
f 1580/1681/2318 1579/1680/2319 1610/1711/2320 1609/1710/2321
f 1579/1680/2322 1498/1600/2323 1607/1708/2324 1610/1711/2325
usemtl standardSurface3SG
f 1500/1598/2326 1501/1597/2327 1612/1713/2328 1611/1712/2329
usemtl standardSurface4SG
f 1501/1597/2330 1582/1683/2331 1613/1714/2332 1612/1713/2333
f 1582/1683/2334 1581/1682/2335 1614/1715/2336 1613/1714/2337
f 1581/1682/2338 1500/1598/2339 1611/1712/2340 1614/1715/2341
usemtl standardSurface3SG
f 1502/1596/2342 1503/1595/2343 1616/1717/2344 1615/1716/2345
usemtl standardSurface4SG
f 1503/1595/2346 1584/1685/2347 1617/1718/2348 1616/1717/2349
f 1584/1685/2350 1583/1684/2351 1618/1719/2352 1617/1718/2353
f 1583/1684/2354 1502/1596/2355 1615/1716/2356 1618/1719/2357
usemtl standardSurface3SG
f 1504/1594/2358 1505/1593/2359 1620/1721/2360 1619/1720/2361
usemtl standardSurface4SG
f 1505/1593/2362 1586/1687/2363 1621/1722/2364 1620/1721/2365
f 1586/1687/2366 1585/1686/2367 1622/1723/2368 1621/1722/2369
f 1585/1686/2370 1504/1594/2371 1619/1720/2372 1622/1723/2373
usemtl standardSurface3SG
f 1506/1592/2374 1507/1591/2375 1624/1725/2376 1623/1724/2377
usemtl standardSurface4SG
f 1507/1591/2378 1588/1689/2379 1625/1726/2380 1624/1725/2381
f 1588/1689/2382 1587/1688/2383 1626/1727/2384 1625/1726/2385
f 1587/1688/2386 1506/1592/2387 1623/1724/2388 1626/1727/2389
usemtl standardSurface3SG
f 1508/1590/2390 1509/1609/2391 1628/1729/2392 1627/1728/2393
usemtl standardSurface4SG
f 1509/1609/2394 1590/1691/2395 1629/1730/2396 1628/1729/2397
f 1590/1691/2398 1589/1690/2399 1630/1731/2400 1629/1730/2401
f 1589/1690/2402 1508/1590/2403 1627/1728/2404 1630/1731/2405
usemtl standardSurface3SG
f 1772/1872/2406 1773/1873/2407 1774/1874/2408 1775/1875/2409
f 1776/1876/2410 1777/1877/2411 1778/1878/2412 1779/1879/2413
f 1780/1880/2414 1781/1881/2415 1782/1882/2416 1783/1883/2417
f 1784/1884/2418 1785/1885/2419 1786/1886/2420 1787/1887/2421
f 1788/1888/2422 1789/1889/2423 1790/1890/2424 1791/1891/2425
f 1792/1892/2426 1793/1893/2427 1794/1894/2428 1795/1895/2429
f 1796/1896/2430 1797/1897/2431 1798/1898/2432 1799/1899/2433
f 1800/1900/2434 1801/1901/2435 1802/1902/2436 1803/1903/2437
f 1804/1904/2438 1805/1905/2439 1806/1906/2440 1807/1907/2441
f 1808/1908/2442 1809/1909/2443 1810/1910/2444 1811/1911/2445
f 1812/1912/2446 1813/1913/2447 1814/1914/2448 1815/1915/2449
f 1816/1916/2450 1817/1917/2451 1818/1918/2452 1819/1919/2453
f 1820/1920/2454 1821/1921/2455 1822/1922/2456 1823/1923/2457
f 1824/1924/2458 1825/1925/2459 1826/1926/2460 1827/1927/2461
f 1828/1928/2462 1829/1929/2463 1830/1930/2464 1831/1931/2465
f 1832/1932/2466 1833/1933/2467 1834/1934/2468 1835/1935/2469
f 1836/1936/2470 1837/1937/2471 1838/1938/2472 1839/1939/2473
f 1840/1940/2474 1841/1941/2475 1842/1942/2476 1843/1943/2477
f 1844/1944/2478 1845/1945/2479 1846/1946/2480 1847/1947/2481
f 1848/1948/2482 1849/1949/2483 1850/1950/2484 1851/1951/2485
f 1631/1732/2486 1632/1733/2487 1652/1753/2488 1651/1752/2489
f 1632/1733/2490 1633/1734/2491 1653/1754/2492 1652/1753/2493
f 1633/1734/2494 1634/1735/2495 1654/1755/2496 1653/1754/2497
f 1634/1735/2498 1635/1736/2499 1655/1756/2500 1654/1755/2501
f 1635/1736/2502 1636/1737/2503 1656/1757/2504 1655/1756/2505
f 1636/1737/2506 1637/1738/2507 1657/1758/2508 1656/1757/2509
f 1637/1738/2510 1638/1739/2511 1658/1759/2512 1657/1758/2513
f 1638/1739/2514 1639/1740/2515 1659/1760/2516 1658/1759/2517
f 1639/1740/2518 1640/1741/2519 1660/1761/2520 1659/1760/2521
f 1640/1741/2522 1641/1742/2523 1661/1762/2524 1660/1761/2525
f 1641/1742/2526 1642/1743/2527 1662/1763/2528 1661/1762/2529
f 1642/1743/2530 1643/1744/2531 1663/1764/2532 1662/1763/2533
f 1643/1744/2534 1644/1745/2535 1664/1765/2536 1663/1764/2537
f 1644/1745/2538 1645/1746/2539 1665/1766/2540 1664/1765/2541
f 1645/1746/2542 1646/1747/2543 1666/1767/2544 1665/1766/2545
f 1646/1747/2546 1647/1748/2547 1667/1768/2548 1666/1767/2549
f 1647/1748/2550 1648/1749/2551 1668/1769/2552 1667/1768/2553
f 1648/1749/2554 1649/1750/2555 1669/1770/2556 1668/1769/2557
f 1649/1750/2558 1650/1751/2559 1670/1771/2560 1669/1770/2561
f 1650/1751/2562 1631/1732/2563 1651/1752/2564 1670/1771/2565
s 7
f 1651/1752/2566 1652/1753/2567 1672/1773/2568 1671/1772/2569
f 1652/1753/2567 1653/1754/2570 1673/1774/2571 1672/1773/2568
f 1653/1754/2570 1654/1755/2572 1674/1775/2573 1673/1774/2571
f 1654/1755/2572 1655/1756/2574 1675/1776/2575 1674/1775/2573
f 1655/1756/2574 1656/1757/2576 1676/1777/2577 1675/1776/2575
f 1656/1757/2576 1657/1758/2578 1677/1778/2579 1676/1777/2577
f 1657/1758/2578 1658/1759/2580 1678/1779/2581 1677/1778/2579
f 1658/1759/2580 1659/1760/2582 1679/1780/2583 1678/1779/2581
f 1659/1760/2582 1660/1761/2584 1680/1781/2585 1679/1780/2583
f 1660/1761/2584 1661/1762/2586 1681/1782/2587 1680/1781/2585
f 1661/1762/2586 1662/1763/2588 1682/1783/2589 1681/1782/2587
f 1662/1763/2588 1663/1764/2590 1683/1784/2591 1682/1783/2589
f 1663/1764/2590 1664/1765/2592 1684/1785/2593 1683/1784/2591
f 1664/1765/2592 1665/1766/2594 1685/1786/2595 1684/1785/2593
f 1665/1766/2594 1666/1767/2596 1686/1787/2597 1685/1786/2595
f 1666/1767/2596 1667/1768/2598 1687/1788/2599 1686/1787/2597
f 1667/1768/2598 1668/1769/2600 1688/1789/2601 1687/1788/2599
f 1668/1769/2600 1669/1770/2602 1689/1790/2603 1688/1789/2601
f 1669/1770/2602 1670/1771/2604 1690/1791/2605 1689/1790/2603
f 1670/1771/2604 1651/1752/2566 1671/1772/2569 1690/1791/2605
s 8
usemtl standardSurface5SG
f 1671/1772/2606 1672/1773/2607 1692/1793/2608 1691/1792/2609
f 1672/1773/2607 1673/1774/2610 1693/1794/2611 1692/1793/2608
f 1673/1774/2610 1674/1775/2612 1694/1795/2613 1693/1794/2611
f 1674/1775/2612 1675/1776/2614 1695/1796/2615 1694/1795/2613
f 1675/1776/2614 1676/1777/2616 1696/1797/2617 1695/1796/2615
f 1676/1777/2616 1677/1778/2618 1697/1798/2619 1696/1797/2617
f 1677/1778/2618 1678/1779/2620 1698/1799/2621 1697/1798/2619
f 1678/1779/2620 1679/1780/2622 1699/1800/2623 1698/1799/2621
f 1679/1780/2622 1680/1781/2624 1700/1801/2625 1699/1800/2623
f 1680/1781/2624 1681/1782/2626 1701/1802/2627 1700/1801/2625
f 1681/1782/2626 1682/1783/2628 1702/1803/2629 1701/1802/2627
f 1682/1783/2628 1683/1784/2630 1703/1804/2631 1702/1803/2629
f 1683/1784/2630 1684/1785/2632 1704/1805/2633 1703/1804/2631
f 1684/1785/2632 1685/1786/2634 1705/1806/2635 1704/1805/2633
f 1685/1786/2634 1686/1787/2636 1706/1807/2637 1705/1806/2635
f 1686/1787/2636 1687/1788/2638 1707/1808/2639 1706/1807/2637
f 1687/1788/2638 1688/1789/2640 1708/1809/2641 1707/1808/2639
f 1688/1789/2640 1689/1790/2642 1709/1810/2643 1708/1809/2641
f 1689/1790/2642 1690/1791/2644 1710/1811/2645 1709/1810/2643
f 1690/1791/2644 1671/1772/2606 1691/1792/2609 1710/1811/2645
s 3
f 1691/1792/2646 1692/1793/2647 1712/1813/2026 1711/1812/2025
f 1692/1793/2647 1693/1794/2648 1714/1814/2028 1712/1813/2026
f 1693/1794/2648 1694/1795/2649 1715/1815/2029 1714/1814/2028
f 1694/1795/2649 1695/1796/2650 1716/1816/2030 1715/1815/2029
f 1695/1796/2650 1696/1797/2651 1717/1817/2031 1716/1816/2030
f 1696/1797/2651 1697/1798/2652 1718/1818/2032 1717/1817/2031
f 1697/1798/2652 1698/1799/2653 1719/1819/2033 1718/1818/2032
f 1698/1799/2653 1699/1800/2654 1720/1820/2034 1719/1819/2033
f 1699/1800/2654 1700/1801/2655 1721/1821/2035 1720/1820/2034
f 1700/1801/2655 1701/1802/2656 1722/1822/2036 1721/1821/2035
f 1701/1802/2656 1702/1803/2657 1723/1823/2037 1722/1822/2036
f 1702/1803/2657 1703/1804/2658 1724/1824/2038 1723/1823/2037
f 1703/1804/2658 1704/1805/2659 1725/1825/2039 1724/1824/2038
f 1704/1805/2659 1705/1806/2660 1726/1826/2040 1725/1825/2039
f 1705/1806/2660 1706/1807/2661 1727/1827/2041 1726/1826/2040
f 1706/1807/2661 1707/1808/2662 1728/1828/2042 1727/1827/2041
f 1707/1808/2662 1708/1809/2663 1729/1829/2043 1728/1828/2042
f 1708/1809/2663 1709/1810/2664 1730/1830/2044 1729/1829/2043
f 1709/1810/2664 1710/1811/2665 1731/1831/2045 1730/1830/2044
f 1710/1811/2665 1691/1792/2646 1711/1812/2025 1731/1831/2045
s off
usemtl standardSurface3SG
f 1572/1673/2666 1573/1674/2667 1733/1833/2668 1732/1832/2669
f 1573/1674/2670 1633/1734/2671 1734/1834/2672 1733/1833/2673
f 1633/1734/2674 1632/1733/2675 1735/1835/2676 1734/1834/2677
f 1632/1733/2678 1572/1673/2679 1732/1832/2680 1735/1835/2681
f 1574/1675/2682 1575/1676/2683 1737/1837/2684 1736/1836/2685
f 1575/1676/2686 1635/1736/2687 1738/1838/2688 1737/1837/2689
f 1635/1736/2690 1634/1735/2691 1739/1839/2692 1738/1838/2693
f 1634/1735/2694 1574/1675/2695 1736/1836/2696 1739/1839/2697
f 1576/1677/2698 1577/1678/2699 1741/1841/2700 1740/1840/2701
f 1577/1678/2702 1637/1738/2703 1742/1842/2704 1741/1841/2705
f 1637/1738/2706 1636/1737/2707 1743/1843/2708 1742/1842/2709
f 1636/1737/2710 1576/1677/2711 1740/1840/2712 1743/1843/2713
f 1578/1679/2714 1579/1680/2715 1745/1845/2716 1744/1844/2717
f 1579/1680/2718 1639/1740/2719 1746/1846/2720 1745/1845/2721
f 1639/1740/2722 1638/1739/2723 1747/1847/2724 1746/1846/2725
f 1638/1739/2726 1578/1679/2727 1744/1844/2728 1747/1847/2729
f 1580/1681/2730 1581/1682/2731 1749/1849/2732 1748/1848/2733
f 1581/1682/2734 1641/1742/2735 1750/1850/2736 1749/1849/2737
f 1641/1742/2738 1640/1741/2739 1751/1851/2740 1750/1850/2741
f 1640/1741/2742 1580/1681/2743 1748/1848/2744 1751/1851/2745
f 1582/1683/2746 1583/1684/2747 1753/1853/2748 1752/1852/2749
f 1583/1684/2750 1643/1744/2751 1754/1854/2752 1753/1853/2753
f 1643/1744/2754 1642/1743/2755 1755/1855/2756 1754/1854/2757
f 1642/1743/2758 1582/1683/2759 1752/1852/2760 1755/1855/2761
f 1584/1685/2762 1585/1686/2763 1757/1857/2764 1756/1856/2765
f 1585/1686/2766 1645/1746/2767 1758/1858/2768 1757/1857/2769
f 1645/1746/2770 1644/1745/2771 1759/1859/2772 1758/1858/2773
f 1644/1745/2774 1584/1685/2775 1756/1856/2776 1759/1859/2777
f 1586/1687/2778 1587/1688/2779 1761/1861/2780 1760/1860/2781
f 1587/1688/2782 1647/1748/2783 1762/1862/2784 1761/1861/2785
f 1647/1748/2786 1646/1747/2787 1763/1863/2788 1762/1862/2789
f 1646/1747/2790 1586/1687/2791 1760/1860/2792 1763/1863/2793
f 1588/1689/2794 1589/1690/2795 1765/1865/2796 1764/1864/2797
f 1589/1690/2798 1649/1750/2799 1766/1866/2800 1765/1865/2801
f 1649/1750/2802 1648/1749/2803 1767/1867/2804 1766/1866/2805
f 1648/1749/2806 1588/1689/2807 1764/1864/2808 1767/1867/2809
f 1590/1691/2810 1571/1672/2811 1769/1869/2812 1768/1868/2813
f 1571/1672/2814 1631/1732/2815 1770/1870/2816 1769/1869/2817
f 1631/1732/2818 1650/1751/2819 1771/1871/2820 1770/1870/2821
f 1650/1751/2822 1590/1691/2823 1768/1868/2824 1771/1871/2825
f 1571/1672/2826 1572/1673/2827 1773/1873/2828 1772/1872/2829
f 1572/1673/2830 1632/1733/2831 1774/1874/2832 1773/1873/2833
f 1632/1733/2834 1631/1732/2835 1775/1875/2836 1774/1874/2837
f 1631/1732/2838 1571/1672/2839 1772/1872/2840 1775/1875/2841
f 1732/1832/2842 1733/1833/2843 1777/1877/2844 1776/1876/2845
f 1733/1833/2846 1734/1834/2847 1778/1878/2848 1777/1877/2849
f 1734/1834/2850 1735/1835/2851 1779/1879/2852 1778/1878/2853
f 1735/1835/2854 1732/1832/2855 1776/1876/2856 1779/1879/2857
f 1573/1674/2858 1574/1675/2859 1781/1881/2860 1780/1880/2861
f 1574/1675/2862 1634/1735/2863 1782/1882/2864 1781/1881/2865
f 1634/1735/2866 1633/1734/2867 1783/1883/2868 1782/1882/2869
f 1633/1734/2870 1573/1674/2871 1780/1880/2872 1783/1883/2873
f 1736/1836/2874 1737/1837/2875 1785/1885/2876 1784/1884/2877
f 1737/1837/2878 1738/1838/2879 1786/1886/2880 1785/1885/2881
f 1738/1838/2882 1739/1839/2883 1787/1887/2884 1786/1886/2885
f 1739/1839/2886 1736/1836/2887 1784/1884/2888 1787/1887/2889
f 1575/1676/2890 1576/1677/2891 1789/1889/2892 1788/1888/2893
f 1576/1677/2894 1636/1737/2895 1790/1890/2896 1789/1889/2897
f 1636/1737/2898 1635/1736/2899 1791/1891/2900 1790/1890/2901
f 1635/1736/2902 1575/1676/2903 1788/1888/2904 1791/1891/2905
f 1740/1840/2906 1741/1841/2907 1793/1893/2908 1792/1892/2909
f 1741/1841/2910 1742/1842/2911 1794/1894/2912 1793/1893/2913
f 1742/1842/2914 1743/1843/2915 1795/1895/2916 1794/1894/2917
f 1743/1843/2918 1740/1840/2919 1792/1892/2920 1795/1895/2921
f 1577/1678/2922 1578/1679/2923 1797/1897/2924 1796/1896/2925
f 1578/1679/2926 1638/1739/2927 1798/1898/2928 1797/1897/2929
f 1638/1739/2930 1637/1738/2931 1799/1899/2932 1798/1898/2933
f 1637/1738/2934 1577/1678/2935 1796/1896/2936 1799/1899/2937
f 1744/1844/2938 1745/1845/2939 1801/1901/2940 1800/1900/2941
f 1745/1845/2942 1746/1846/2943 1802/1902/2944 1801/1901/2945
f 1746/1846/2946 1747/1847/2947 1803/1903/2948 1802/1902/2949
f 1747/1847/2950 1744/1844/2951 1800/1900/2952 1803/1903/2953
f 1579/1680/2954 1580/1681/2955 1805/1905/2956 1804/1904/2957
f 1580/1681/2958 1640/1741/2959 1806/1906/2960 1805/1905/2961
f 1640/1741/2962 1639/1740/2963 1807/1907/2964 1806/1906/2965
f 1639/1740/2966 1579/1680/2967 1804/1904/2968 1807/1907/2969
f 1748/1848/2970 1749/1849/2971 1809/1909/2972 1808/1908/2973
f 1749/1849/2974 1750/1850/2975 1810/1910/2976 1809/1909/2977
f 1750/1850/2978 1751/1851/2979 1811/1911/2980 1810/1910/2981
f 1751/1851/2982 1748/1848/2983 1808/1908/2984 1811/1911/2985
f 1581/1682/2986 1582/1683/2987 1813/1913/2988 1812/1912/2989
f 1582/1683/2990 1642/1743/2991 1814/1914/2992 1813/1913/2993
f 1642/1743/2994 1641/1742/2995 1815/1915/2996 1814/1914/2997
f 1641/1742/2998 1581/1682/2999 1812/1912/3000 1815/1915/3001
f 1752/1852/3002 1753/1853/3003 1817/1917/3004 1816/1916/3005
f 1753/1853/3006 1754/1854/3007 1818/1918/3008 1817/1917/3009
f 1754/1854/3010 1755/1855/3011 1819/1919/3012 1818/1918/3013
f 1755/1855/3014 1752/1852/3015 1816/1916/3016 1819/1919/3017
f 1583/1684/3018 1584/1685/3019 1821/1921/3020 1820/1920/3021
f 1584/1685/3022 1644/1745/3023 1822/1922/3024 1821/1921/3025
f 1644/1745/3026 1643/1744/3027 1823/1923/3028 1822/1922/3029
f 1643/1744/3030 1583/1684/3031 1820/1920/3032 1823/1923/3033
f 1756/1856/3034 1757/1857/3035 1825/1925/3036 1824/1924/3037
f 1757/1857/3038 1758/1858/3039 1826/1926/3040 1825/1925/3041
f 1758/1858/3042 1759/1859/3043 1827/1927/3044 1826/1926/3045
f 1759/1859/3046 1756/1856/3047 1824/1924/3048 1827/1927/3049
f 1585/1686/3050 1586/1687/3051 1829/1929/3052 1828/1928/3053
f 1586/1687/3054 1646/1747/3055 1830/1930/3056 1829/1929/3057
f 1646/1747/3058 1645/1746/3059 1831/1931/3060 1830/1930/3061
f 1645/1746/3062 1585/1686/3063 1828/1928/3064 1831/1931/3065
f 1760/1860/3066 1761/1861/3067 1833/1933/3068 1832/1932/3069
f 1761/1861/3070 1762/1862/3071 1834/1934/3072 1833/1933/3073
f 1762/1862/3074 1763/1863/3075 1835/1935/3076 1834/1934/3077
f 1763/1863/3078 1760/1860/3079 1832/1932/3080 1835/1935/3081
f 1587/1688/3082 1588/1689/3083 1837/1937/3084 1836/1936/3085
f 1588/1689/3086 1648/1749/3087 1838/1938/3088 1837/1937/3089
f 1648/1749/3090 1647/1748/3091 1839/1939/3092 1838/1938/3093
f 1647/1748/3094 1587/1688/3095 1836/1936/3096 1839/1939/3097
f 1764/1864/3098 1765/1865/3099 1841/1941/3100 1840/1940/3101
f 1765/1865/3102 1766/1866/3103 1842/1942/3104 1841/1941/3105
f 1766/1866/3106 1767/1867/3107 1843/1943/3108 1842/1942/3109
f 1767/1867/3110 1764/1864/3111 1840/1940/3112 1843/1943/3113
f 1589/1690/3114 1590/1691/3115 1845/1945/3116 1844/1944/3117
f 1590/1691/3118 1650/1751/3119 1846/1946/3120 1845/1945/3121
f 1650/1751/3122 1649/1750/3123 1847/1947/3124 1846/1946/3125
f 1649/1750/3126 1589/1690/3127 1844/1944/3128 1847/1947/3129
f 1768/1868/3130 1769/1869/3131 1849/1949/3132 1848/1948/3133
f 1769/1869/3134 1770/1870/3135 1850/1950/3136 1849/1949/3137
f 1770/1870/3138 1771/1871/3139 1851/1951/3140 1850/1950/3141
f 1771/1871/3142 1768/1868/3143 1848/1948/3144 1851/1951/3145
