# This file uses centimeters as units for non-parametric coordinates.

mtllib pumpjack.mtl
g default
v 15.784268 0.181093 3.115895
v 24.231804 0.181093 3.115895
v 15.784268 6.412882 3.115895
v 24.231804 6.412882 3.115895
v 15.784268 6.412882 -3.115895
v 24.231804 6.412882 -3.115895
v 15.784268 0.181093 -3.115895
v 24.231804 0.181093 -3.115895
v 13.156270 8.241747 -0.470513
v 12.777555 9.033439 -0.470513
v 12.187690 9.661730 -0.470513
v 11.444416 10.065116 -0.470513
v 10.620492 10.204113 -0.470513
v 9.796568 10.065116 -0.470513
v 9.053297 9.661728 -0.470513
v 8.463432 9.033439 -0.470513
v 8.084717 8.241747 -0.470513
v 7.954220 7.364151 -0.470513
v 8.084717 6.486554 -0.470513
v 8.463432 5.694863 -0.470513
v 9.053297 5.066573 -0.470513
v 9.796568 4.663186 -0.470513
v 10.620492 4.524189 -0.470513
v 11.444416 4.663186 -0.470513
v 12.187689 5.066573 -0.470513
v 12.777554 5.694863 -0.470513
v 13.156269 6.486555 -0.470513
v 13.286766 7.364151 -0.470513
v 13.156270 8.241747 0.470513
v 12.777556 9.033439 0.470513
v 12.187689 9.661730 0.470513
v 11.444416 10.065116 0.470513
v 10.620492 10.204113 0.470513
v 9.796568 10.065117 0.470513
v 9.053297 9.661728 0.470513
v 8.463432 9.033439 0.470513
v 8.084717 8.241746 0.470513
v 7.954220 7.364151 0.470513
v 8.084717 6.486554 0.470513
v 8.463432 5.694864 0.470513
v 9.053297 5.066572 0.470513
v 9.796568 4.663187 0.470513
v 10.620492 4.524188 0.470513
v 11.444416 4.663186 0.470513
v 12.187688 5.066572 0.470513
v 12.777554 5.694864 0.470513
v 13.156269 6.486555 0.470513
v 13.286766 7.364151 0.470513
v 10.620492 7.364151 -0.470513
v 10.620492 7.364151 0.470513
v 12.187690 9.661729 -0.470513
v 11.444416 10.065116 -0.470513
v 11.444415 10.065116 0.470513
v 12.187690 9.661729 0.470513
v 20.773079 7.291562 -0.470513
v 20.029802 7.694948 -0.470513
v 20.029804 7.694947 0.470513
v 20.773079 7.291562 0.470513
v 11.444416 4.663186 -0.470513
v 12.187688 5.066573 -0.470513
v 12.187689 5.066573 0.470513
v 11.444416 4.663187 0.470513
v 18.343082 2.761091 -0.470513
v 19.086353 3.164477 -0.470513
v 19.086353 3.164476 0.470513
v 18.343081 2.761090 0.470513
v -10.098933 5.061351 -0.259033
v -10.210658 5.061351 -0.492711
v -10.384673 5.061351 -0.678158
v -10.603946 5.061351 -0.797223
v -10.847012 5.061351 -0.838249
v -11.090077 5.061351 -0.797223
v -11.309350 5.061351 -0.678158
v -11.483365 5.061351 -0.492710
v -11.595090 5.061351 -0.259033
v -11.633588 5.061351 0.000000
v -11.595090 5.061351 0.259033
v -11.483365 5.061351 0.492711
v -11.309350 5.061351 0.678158
v -11.090077 5.061351 0.797222
v -10.847012 5.061351 0.838249
v -10.603946 5.061351 0.797222
v -10.384674 5.061351 0.678158
v -10.210658 5.061351 0.492711
v -10.098933 5.061351 0.259033
v -10.060435 5.061351 0.000000
v -10.098933 5.999013 -0.259033
v -10.210657 5.999013 -0.492711
v -10.384674 5.999013 -0.678158
v -10.603946 5.999013 -0.797222
v -10.847012 5.999013 -0.838250
v -11.090077 5.999013 -0.797223
v -11.309350 5.999013 -0.678158
v -11.483365 5.999013 -0.492710
v -11.595090 5.999013 -0.259033
v -11.633588 5.999013 0.000000
v -11.595090 5.999013 0.259033
v -11.483365 5.999013 0.492711
v -11.309349 5.999013 0.678158
v -11.090077 5.999013 0.797222
v -10.847012 5.999013 0.838249
v -10.603946 5.999013 0.797222
v -10.384674 5.999013 0.678158
v -10.210658 5.999013 0.492710
v -10.098933 5.999013 0.259033
v -10.060435 5.999013 0.000000
v -10.847012 5.061351 0.000000
v -10.847012 5.999013 0.000000
v -21.035740 -0.409998 5.380592
v 13.065050 -0.409998 5.380592
v -21.035740 2.195055 5.380592
v 13.065050 2.195055 5.380592
v -21.035740 2.195055 -5.380592
v 13.065050 2.195055 -5.380592
v -21.035740 -0.409998 -5.380592
v 13.065050 -0.409998 -5.380592
v 13.065050 -0.409998 -5.380592
v 13.065050 -0.409998 5.380592
v 13.065050 2.195055 -5.380592
v 13.065050 2.195055 5.380592
v 13.065050 -0.409998 -5.380592
v 13.065050 -0.409998 5.380592
v 13.065050 0.336056 -5.380592
v 13.065050 0.336056 5.380592
v 27.305269 -0.409998 -5.380592
v 27.305269 -0.409998 5.380592
v 27.305269 0.336056 -5.380592
v 27.305269 0.336056 5.380592
v -16.520687 1.962150 -0.309017
v -16.654039 1.962150 -0.587786
v -16.861742 1.962150 -0.809017
v -17.123461 1.962150 -0.951057
v -17.413580 1.962150 -1.000000
v -17.703697 1.962150 -0.951057
v -17.965416 1.962150 -0.809017
v -18.173119 1.962150 -0.587785
v -18.306471 1.962150 -0.309017
v -18.352421 1.962150 0.000000
v -18.306471 1.962150 0.309017
v -18.173119 1.962150 0.587785
v -17.965416 1.962150 0.809017
v -17.703697 1.962150 0.951057
v -17.413580 1.962150 1.000000
v -17.123461 1.962150 0.951057
v -16.861742 1.962150 0.809017
v -16.654041 1.962150 0.587785
v -16.520687 1.962150 0.309017
v -16.474737 1.962150 0.000000
v -16.520687 8.229796 -0.309017
v -16.654039 8.229796 -0.587785
v -16.861742 8.229796 -0.809018
v -17.123461 8.229796 -0.951057
v -17.413580 8.229796 -1.000001
v -17.703697 8.229796 -0.951057
v -17.965416 8.229796 -0.809017
v -18.173119 8.229796 -0.587785
v -18.306471 8.229796 -0.309017
v -18.352421 8.229796 0.000000
v -18.306471 8.229796 0.309017
v -18.173119 8.229796 0.587785
v -17.965416 8.229796 0.809017
v -17.703697 8.229796 0.951057
v -17.413580 8.229796 1.000000
v -17.123461 8.229796 0.951057
v -16.861744 8.229796 0.809017
v -16.654041 8.229796 0.587785
v -16.520687 8.229796 0.309017
v -16.474737 8.229796 0.000000
v -17.413580 1.962150 0.000000
v -17.413580 8.229796 0.000000
v -16.864208 12.039468 -0.190130
v -16.946257 12.039468 -0.361648
v -17.074049 12.039468 -0.497766
v -17.235079 12.039468 -0.585159
v -17.413580 12.039468 -0.615272
v -17.592081 12.039468 -0.585159
v -17.753109 12.039468 -0.497766
v -17.880901 12.039468 -0.361648
v -17.962950 12.039468 -0.190130
v -17.991222 12.039468 0.000000
v -17.962950 12.039468 0.190129
v -17.880901 12.039468 0.361648
v -17.753109 12.039468 0.497765
v -17.592081 12.039468 0.585158
v -17.413580 12.039468 0.615272
v -17.235079 12.039468 0.585158
v -17.074051 12.039468 0.497765
v -16.946257 12.039468 0.361648
v -16.864208 12.039468 0.190129
v -16.835938 12.039468 0.000000
v -16.864208 13.263865 -0.190130
v -16.946257 13.263865 -0.361648
v -17.074049 13.263865 -0.497766
v -17.235079 13.263865 -0.585159
v -17.413580 13.263865 -0.615272
v -17.592081 13.263865 -0.585159
v -17.753109 13.263865 -0.497766
v -17.880901 13.263865 -0.361648
v -17.962950 13.263865 -0.190130
v -17.991222 13.263865 0.000000
v -17.962950 13.263865 0.190129
v -17.880901 13.263865 0.361648
v -17.753109 13.263865 0.497765
v -17.592081 13.263865 0.585158
v -17.413580 13.263865 0.615272
v -17.235079 13.263865 0.585158
v -17.074051 13.263865 0.497765
v -16.946257 13.263865 0.361648
v -16.864208 13.263865 0.190129
v -16.835938 13.263865 0.000000
v -17.413580 12.039468 0.000000
v -17.413580 13.263864 0.000000
v 21.339815 4.150917 -4.879924
v 21.144058 4.560136 -4.879924
v 20.839163 4.884895 -4.879924
v 20.454969 5.093403 -4.879924
v 20.029091 5.165250 -4.879924
v 19.603209 5.093403 -4.879924
v 19.219017 4.884895 -4.879924
v 18.914120 4.560136 -4.879924
v 18.718365 4.150916 -4.879924
v 18.650911 3.697293 -4.879924
v 18.718365 3.243669 -4.879924
v 18.914120 2.834450 -4.879924
v 19.219017 2.509691 -4.879924
v 19.603209 2.301183 -4.879924
v 20.029091 2.229336 -4.879924
v 20.454969 2.301183 -4.879924
v 20.839163 2.509691 -4.879924
v 21.144058 2.834450 -4.879924
v 21.339813 3.243669 -4.879924
v 21.407267 3.697293 -4.879924
v 21.339815 4.150917 4.879924
v 21.144060 4.560136 4.879924
v 20.839163 4.884895 4.879924
v 20.454969 5.093403 4.879924
v 20.029091 5.165250 4.879924
v 19.603209 5.093403 4.879924
v 19.219017 4.884895 4.879924
v 18.914120 4.560136 4.879924
v 18.718365 4.150916 4.879924
v 18.650911 3.697293 4.879924
v 18.718365 3.243669 4.879924
v 18.914120 2.834450 4.879924
v 19.219017 2.509691 4.879924
v 19.603209 2.301183 4.879924
v 20.029091 2.229336 4.879924
v 20.454969 2.301183 4.879924
v 20.839163 2.509691 4.879924
v 21.144058 2.834450 4.879924
v 21.339813 3.243669 4.879924
v 21.407267 3.697293 4.879924
v 20.029091 3.697293 -4.879924
v 20.029089 3.697293 4.879923
v 8.098260 14.589935 -4.227581
v 8.034805 14.722585 -4.227581
v 7.935972 14.827857 -4.227581
v 7.811434 14.895446 -4.227581
v 7.673383 14.918735 -4.227581
v 7.535332 14.895446 -4.227581
v 7.410795 14.827857 -4.227581
v 7.311961 14.722585 -4.227581
v 7.248506 14.589935 -4.227581
v 7.226641 14.442891 -4.227581
v 7.248506 14.295847 -4.227581
v 7.311961 14.163197 -4.227581
v 7.410795 14.057925 -4.227581
v 7.535332 13.990336 -4.227581
v 7.673383 13.967047 -4.227581
v 7.811434 13.990336 -4.227581
v 7.935971 14.057925 -4.227581
v 8.034805 14.163197 -4.227581
v 8.098260 14.295847 -4.227581
v 8.120125 14.442891 -4.227581
v 8.098260 14.589935 4.227581
v 8.034805 14.722585 4.227581
v 7.935971 14.827857 4.227581
v 7.811434 14.895446 4.227581
v 7.673383 14.918735 4.227581
v 7.535332 14.895446 4.227581
v 7.410795 14.827857 4.227581
v 7.311961 14.722585 4.227581
v 7.248506 14.589935 4.227581
v 7.226641 14.442891 4.227581
v 7.248506 14.295847 4.227581
v 7.311961 14.163197 4.227581
v 7.410795 14.057925 4.227581
v 7.535332 13.990336 4.227581
v 7.673383 13.967047 4.227581
v 7.811434 13.990336 4.227581
v 7.935971 14.057925 4.227581
v 8.034805 14.163197 4.227581
v 8.098260 14.295847 4.227581
v 8.120125 14.442891 4.227581
v 7.673383 14.442891 -4.227581
v 7.673383 14.442891 4.227580
v -10.376028 3.825370 -0.163085
v -10.446369 3.825370 -0.310206
v -10.555928 3.825370 -0.426962
v -10.693980 3.825370 -0.501924
v -10.847012 3.825370 -0.527755
v -11.000044 3.825370 -0.501924
v -11.138096 3.825370 -0.426962
v -11.247654 3.825370 -0.310206
v -11.317995 3.825370 -0.163085
v -11.342233 3.825370 0.000000
v -11.317995 3.825370 0.163085
v -11.247654 3.825370 0.310206
v -11.138096 3.825370 0.426962
v -11.000044 3.825370 0.501924
v -10.847012 3.825370 0.527754
v -10.693980 3.825370 0.501924
v -10.555928 3.825370 0.426962
v -10.446369 3.825370 0.310206
v -10.376028 3.825370 0.163085
v -10.351790 3.825370 0.000000
v -10.376028 5.021183 -0.163085
v -10.446369 5.021183 -0.310206
v -10.555928 5.021183 -0.426963
v -10.693980 5.021183 -0.501924
v -10.847012 5.021183 -0.527755
v -11.000044 5.021183 -0.501924
v -11.138096 5.021183 -0.426962
v -11.247654 5.021183 -0.310206
v -11.317995 5.021183 -0.163085
v -11.342233 5.021183 0.000000
v -11.317995 5.021183 0.163085
v -11.247654 5.021183 0.310206
v -11.138096 5.021183 0.426962
v -11.000044 5.021183 0.501924
v -10.847012 5.021183 0.527755
v -10.693980 5.021183 0.501924
v -10.555928 5.021183 0.426962
v -10.446369 5.021183 0.310206
v -10.376028 5.021183 0.163085
v -10.351790 5.021183 0.000000
v -10.847012 3.825370 0.000000
v -10.847012 5.021183 0.000000
v 7.933566 5.526460 3.819876
v 7.901026 5.526460 3.751851
v 7.850342 5.526460 3.697866
v 7.786477 5.526460 3.663205
v 7.715683 5.526460 3.651262
v 7.644888 5.526460 3.663205
v 7.581023 5.526460 3.697866
v 7.530339 5.526460 3.751851
v 7.497799 5.526460 3.819876
v 7.486586 5.526460 3.895283
v 7.497799 5.526460 3.970689
v 7.530339 5.526460 4.038715
v 7.581023 5.526460 4.092700
v 7.644888 5.526460 4.127360
v 7.715683 5.526460 4.139303
v 7.786477 5.526460 4.127360
v 7.850342 5.526460 4.092700
v 7.901026 5.526460 4.038715
v 7.933566 5.526460 3.970689
v 7.944779 5.526460 3.895283
v 7.933566 15.541595 3.819876
v 7.901026 15.541595 3.751851
v 7.850342 15.541595 3.697866
v 7.786477 15.541595 3.663205
v 7.715683 15.541595 3.651262
v 7.644888 15.541595 3.663205
v 7.581023 15.541595 3.697866
v 7.530339 15.541595 3.751851
v 7.497799 15.541595 3.819876
v 7.486586 15.541595 3.895283
v 7.497799 15.541595 3.970689
v 7.530339 15.541595 4.038715
v 7.581023 15.541595 4.092700
v 7.644888 15.541595 4.127360
v 7.715683 15.541595 4.139304
v 7.786477 15.541595 4.127360
v 7.850342 15.541595 4.092700
v 7.901026 15.541595 4.038714
v 7.933566 15.541595 3.970689
v 7.944779 15.541595 3.895283
v 7.715683 5.526460 3.895283
v 7.715683 15.541594 3.895283
v -17.022406 8.053706 -0.135380
v -17.080828 8.053706 -0.257508
v -17.171822 8.053706 -0.354429
v -17.286480 8.053706 -0.416656
v -17.413580 8.053706 -0.438098
v -17.540680 8.053706 -0.416656
v -17.655338 8.053706 -0.354429
v -17.746330 8.053706 -0.257507
v -17.804752 8.053706 -0.135380
v -17.824883 8.053706 0.000000
v -17.804752 8.053706 0.135380
v -17.746330 8.053706 0.257507
v -17.655338 8.053706 0.354428
v -17.540680 8.053706 0.416655
v -17.413580 8.053706 0.438097
v -17.286480 8.053706 0.416655
v -17.171822 8.053706 0.354428
v -17.080828 8.053706 0.257507
v -17.022406 8.053706 0.135379
v -17.002275 8.053706 0.000000
v -17.022406 12.040990 -0.135380
v -17.080828 12.040990 -0.257507
v -17.171822 12.040990 -0.354429
v -17.286480 12.040990 -0.416656
v -17.413580 12.040990 -0.438098
v -17.540680 12.040990 -0.416656
v -17.655338 12.040990 -0.354429
v -17.746330 12.040990 -0.257507
v -17.804752 12.040990 -0.135380
v -17.824883 12.040990 0.000000
v -17.804752 12.040990 0.135380
v -17.746330 12.040990 0.257507
v -17.655338 12.040990 0.354428
v -17.540680 12.040990 0.416655
v -17.413580 12.040990 0.438098
v -17.286480 12.040990 0.416655
v -17.171822 12.040990 0.354428
v -17.080828 12.040990 0.257507
v -17.022406 12.040990 0.135379
v -17.002275 12.040990 0.000000
v -17.413580 8.053706 0.000000
v -17.413580 12.040989 0.000000
v 4.476134 2.138426 3.115895
v 11.187232 2.138426 3.115895
v 4.476134 8.370215 3.115895
v 11.187232 8.370215 3.115895
v 4.476134 8.370215 -3.115895
v 11.187232 8.370215 -3.115895
v 4.476134 2.138426 -3.115895
v 11.187232 2.138426 -3.115895
v -9.771150 2.062659 -0.372340
v -9.931829 2.062659 -0.708234
v -10.182093 2.062659 -0.974800
v -10.497443 2.062659 -1.145946
v -10.847012 2.062659 -1.204919
v -11.196580 2.062659 -1.145946
v -11.511930 2.062659 -0.974800
v -11.762194 2.062659 -0.708234
v -11.922873 2.062659 -0.372340
v -11.978239 2.062659 0.000000
v -11.922873 2.062659 0.372340
v -11.762194 2.062659 0.708234
v -11.511930 2.062659 0.974800
v -11.196580 2.062659 1.145946
v -10.847012 2.062659 1.204919
v -10.497443 2.062659 1.145946
v -10.182093 2.062659 0.974800
v -9.931830 2.062659 0.708233
v -9.771151 2.062659 0.372340
v -9.715785 2.062659 0.000000
v -9.771150 3.942031 -0.372340
v -9.931829 3.942031 -0.708234
v -10.182093 3.942031 -0.974800
v -10.497443 3.942031 -1.145946
v -10.847012 3.942031 -1.204919
v -11.196580 3.942031 -1.145946
v -11.511930 3.942031 -0.974800
v -11.762194 3.942031 -0.708233
v -11.922873 3.942031 -0.372340
v -11.978239 3.942031 0.000000
v -11.922873 3.942031 0.372340
v -11.762194 3.942031 0.708233
v -11.511930 3.942031 0.974800
v -11.196580 3.942031 1.145946
v -10.847012 3.942031 1.204919
v -10.497443 3.942031 1.145946
v -10.182093 3.942031 0.974800
v -9.931830 3.942031 0.708233
v -9.771151 3.942031 0.372340
v -9.715785 3.942031 0.000000
v -10.847012 2.062659 0.000000
v -10.847012 3.942031 0.000000
v 7.933566 5.526460 -3.695321
v 7.901026 5.526460 -3.763346
v 7.850342 5.526460 -3.817331
v 7.786477 5.526460 -3.851992
v 7.715683 5.526460 -3.863935
v 7.644888 5.526460 -3.851992
v 7.581023 5.526460 -3.817331
v 7.530339 5.526460 -3.763346
v 7.497799 5.526460 -3.695321
v 7.486586 5.526460 -3.619914
v 7.497799 5.526460 -3.544508
v 7.530339 5.526460 -3.476483
v 7.581023 5.526460 -3.422498
v 7.644888 5.526460 -3.387837
v 7.715683 5.526460 -3.375894
v 7.786477 5.526460 -3.387837
v 7.850342 5.526460 -3.422498
v 7.901026 5.526460 -3.476483
v 7.933566 5.526460 -3.544508
v 7.944779 5.526460 -3.619914
v 7.933566 15.541595 -3.695321
v 7.901026 15.541595 -3.763346
v 7.850342 15.541595 -3.817331
v 7.786477 15.541595 -3.851992
v 7.715683 15.541595 -3.863935
v 7.644888 15.541595 -3.851992
v 7.581023 15.541595 -3.817331
v 7.530339 15.541595 -3.763346
v 7.497799 15.541595 -3.695321
v 7.486586 15.541595 -3.619914
v 7.497799 15.541595 -3.544508
v 7.530339 15.541595 -3.476483
v 7.581023 15.541595 -3.422498
v 7.644888 15.541595 -3.387837
v 7.715683 15.541595 -3.375894
v 7.786477 15.541595 -3.387837
v 7.850342 15.541595 -3.422498
v 7.901026 15.541595 -3.476483
v 7.933566 15.541595 -3.544508
v 7.944779 15.541595 -3.619914
v 7.715683 5.526460 -3.619914
v 7.715683 15.541594 -3.619914
v 22.189096 5.713363 -0.470513
v 21.810381 6.505055 -0.470513
v 21.220514 7.133345 -0.470513
v 20.477243 7.536732 -0.470513
v 19.653318 7.675729 -0.470513
v 18.829395 7.536731 -0.470513
v 18.086123 7.133344 -0.470513
v 17.496258 6.505054 -0.470513
v 17.117542 5.713363 -0.470513
v 16.987045 4.835766 -0.470513
v 17.117542 3.958169 -0.470513
v 17.496258 3.166478 -0.470513
v 18.086123 2.538188 -0.470513
v 18.829395 2.134801 -0.470513
v 19.653318 1.995804 -0.470513
v 20.477242 2.134801 -0.470513
v 21.220514 2.538188 -0.470513
v 21.810379 3.166478 -0.470513
v 22.189095 3.958169 -0.470513
v 22.319592 4.835766 -0.470513
v 22.189096 5.713363 0.470513
v 21.810381 6.505054 0.470513
v 21.220514 7.133345 0.470513
v 20.477243 7.536731 0.470513
v 19.653318 7.675730 0.470513
v 18.829393 7.536732 0.470513
v 18.086123 7.133345 0.470513
v 17.496258 6.505054 0.470513
v 17.117542 5.713362 0.470513
v 16.987045 4.835766 0.470513
v 17.117542 3.958169 0.470513
v 17.496258 3.166478 0.470513
v 18.086123 2.538188 0.470513
v 18.829395 2.134802 0.470513
v 19.653318 1.995803 0.470513
v 20.477242 2.134801 0.470513
v 21.220514 2.538188 0.470513
v 21.810379 3.166479 0.470513
v 22.189095 3.958169 0.470513
v 22.319592 4.835766 0.470513
v 19.653318 4.835766 -0.470513
v 19.653318 4.835766 0.470513
v 6.955212 13.923204 1.856591
v 8.470313 13.923204 1.856591
v 7.390567 15.857579 1.856591
v 8.034958 15.773539 1.856591
v 7.390567 15.857579 -1.856591
v 8.034957 15.773539 -1.856591
v 6.955212 13.923204 -1.856591
v 8.470313 13.923204 -1.856591
v -3.730185 20.343433 -1.873404
v -3.730185 20.343433 1.873404
v -0.350543 19.630482 1.873404
v -0.350543 19.630482 -1.873404
v -3.883373 19.697334 -1.873404
v -0.503730 18.984386 -1.873404
v -11.789246 22.043541 -1.873404
v -11.789246 22.043541 1.873404
v -3.883373 19.697334 1.873404
v -0.503730 18.984386 1.873404
v 4.309560 18.647411 1.873404
v 4.309560 18.647411 -1.873404
v -11.942432 21.397442 -1.873404
v 4.156373 18.001312 -1.873404
v -0.503730 18.984386 -1.265238
v -3.883373 19.697334 -1.265238
v -13.219713 23.154831 -1.873404
v -13.219713 23.154831 1.873404
v -11.942430 21.397442 1.873404
v -3.883373 19.697334 1.265238
v -0.503730 18.984386 1.265238
v 4.156373 18.001312 1.873404
v 10.905617 17.083515 1.873404
v 10.905617 17.083515 -1.873404
v -11.942432 21.397442 -1.265238
v -13.448782 22.086739 -1.873404
v 10.752434 16.437416 -1.873404
v 4.156373 18.001312 -1.265238
v -4.178517 18.452496 -1.265238
v -0.798875 17.739544 -1.265238
v -13.338408 27.669743 -1.873404
v -13.338408 27.669743 1.873404
v -13.448782 22.086739 1.873404
v -11.942432 21.397442 1.265238
v -4.178517 18.452496 1.265238
v -0.798875 17.739544 1.265238
v 4.156373 18.001312 1.265238
v 10.752432 16.437416 1.873404
v -12.237576 20.152599 -1.265238
v -12.237576 20.152599 -1.873404
v -13.890127 20.028843 -1.873404
v -17.287550 22.454178 -1.873404
v -17.168793 23.685619 -1.873404
v -14.980699 22.233370 -1.873404
v -14.930231 22.585443 -1.873404
v -16.144510 22.684864 -1.873404
v -16.158625 22.346119 -1.873404
v 10.752432 16.437416 -1.265238
v 3.861227 16.756474 -1.265238
v -4.178517 18.452496 -1.873404
v -0.798875 17.739544 -1.873404
v -15.469137 27.852970 -1.873404
v -16.136925 23.837370 -1.873404
v -14.416039 23.837370 -1.873404
v -14.102268 26.026323 -1.873404
v -15.316547 26.125742 -1.873404
v -15.469137 27.852970 1.873404
v -17.168793 23.685619 1.873404
v -16.136925 23.837370 1.873404
v -15.316548 26.125742 1.873404
v -14.102267 26.026323 1.873404
v -14.416039 23.837370 1.873404
v -17.287550 22.454178 1.873404
v -16.158627 22.346119 1.873404
v -16.144512 22.684864 1.873404
v -14.930231 22.585443 1.873404
v -14.980699 22.233370 1.873404
v -13.890127 20.028843 1.873404
v -12.237576 20.152599 1.873404
v -12.237576 20.152599 1.265238
v -4.178517 18.452496 1.873404
v -0.798875 17.739544 1.873404
v 3.861227 16.756474 1.265238
v 10.752432 16.437416 1.265238
v 10.457285 15.192575 -1.873404
v 10.457285 15.192575 1.873404
v -14.057989 19.246151 -1.873404
v -12.349831 19.679142 -1.873404
v -17.516357 20.081558 -1.873404
v -16.239857 20.396490 -1.873404
v -15.244001 20.396490 -1.873404
v -15.244001 20.396490 1.873404
v -16.239857 20.396490 1.873404
v 10.457285 15.192576 -1.265238
v 3.861227 16.756474 -1.873404
v -4.290772 17.979038 -1.873404
v -0.911129 17.266087 -1.873404
v -17.516357 20.081558 1.873404
v -14.057989 19.246151 1.873404
v -12.349831 19.679142 1.873404
v -4.290772 17.979038 1.873404
v -0.911129 17.266087 1.873404
v 3.861227 16.756474 1.873404
v 10.457285 15.192576 1.265238
v 10.345030 14.719117 -1.873404
v 10.345030 14.719117 1.873404
v -17.603382 19.179161 -1.873404
v 3.748971 16.283012 -1.873404
v -5.964478 2.039144 -1.873404
v -4.783690 3.119942 -1.873404
v -0.407593 3.119942 -1.873404
v -0.407593 7.183497 -1.873404
v -4.783690 7.183497 -1.873404
v -4.584066 8.343646 -1.873404
v -0.684500 8.343646 -1.873404
v -0.684500 11.964704 -1.873404
v -4.584066 11.964704 -1.873404
v -4.065435 13.239967 -1.873404
v -1.203131 13.239967 -1.873404
v -1.203131 15.897845 -1.873404
v -4.065435 15.897845 -1.873404
v 0.762576 1.326192 -1.873404
v -17.603382 19.179161 1.873404
v -5.964478 2.039144 1.873404
v 0.762576 1.326192 1.873404
v -4.783690 3.119942 1.873404
v -4.783690 7.183497 1.873404
v -4.584066 8.343646 1.873404
v -4.584066 11.964704 1.873404
v -4.065435 13.239967 1.873404
v -4.065435 15.897845 1.873404
v -1.203131 15.897845 1.873404
v -1.203131 13.239967 1.873404
v -0.684500 11.964704 1.873404
v -0.684500 8.343646 1.873404
v -0.407593 7.183497 1.873404
v -0.407593 3.119942 1.873404
v 3.748972 16.283012 1.873404
v -15.242952 15.364261 -1.873404
v -15.242952 15.364261 1.873404
v -17.081680 15.297271 -1.873404
v -16.459789 16.802999 -1.873404
v -15.463934 16.802999 -1.873404
v -15.150164 18.991953 -1.873404
v -16.364443 19.091373 -1.873404
v -17.081680 15.297271 1.873404
v -16.459789 16.802999 1.873404
v -16.364445 19.091373 1.873404
v -15.150164 18.991953 1.873404
v -15.463934 16.802999 1.873404
v -11.460330 5.917616 -0.135380
v -11.460330 5.859195 -0.257508
v -11.460330 5.768201 -0.354429
v -11.460330 5.653543 -0.416656
v -11.460330 5.526443 -0.438098
v -11.460330 5.399343 -0.416656
v -11.460330 5.284684 -0.354429
v -11.460330 5.193691 -0.257507
v -11.460330 5.135269 -0.135380
v -11.460330 5.115139 0.000000
v -11.460330 5.135269 0.135380
v -11.460330 5.193691 0.257507
v -11.460330 5.284684 0.354428
v -11.460330 5.399343 0.416655
v -11.460330 5.526443 0.438097
v -11.460330 5.653542 0.416655
v -11.460330 5.768201 0.354428
v -11.460330 5.859194 0.257507
v -11.460330 5.917616 0.135379
v -11.460330 5.937746 0.000000
v -16.636488 5.917616 -0.135380
v -16.636488 5.859195 -0.257507
v -16.636488 5.768201 -0.354429
v -16.636488 5.653542 -0.416656
v -16.636488 5.526443 -0.438098
v -16.636488 5.399343 -0.416656
v -16.636488 5.284684 -0.354429
v -16.636488 5.193691 -0.257507
v -16.636488 5.135269 -0.135380
v -16.636488 5.115139 0.000000
v -16.636488 5.135269 0.135380
v -16.636488 5.193691 0.257507
v -16.636488 5.284684 0.354428
v -16.636488 5.399343 0.416655
v -16.636488 5.526443 0.438098
v -16.636488 5.653542 0.416655
v -16.636488 5.768201 0.354428
v -16.636488 5.859194 0.257507
v -16.636488 5.917616 0.135379
v -16.636488 5.937746 0.000000
v -11.460330 5.526443 0.000000
v -16.636486 5.526442 0.000000
v -17.195696 13.188086 -0.075407
v -17.228235 13.188086 -0.143432
v -17.278919 13.188086 -0.197417
v -17.342785 13.188086 -0.232078
v -17.413580 13.188086 -0.244021
v -17.484373 13.188086 -0.232078
v -17.548239 13.188086 -0.197417
v -17.598923 13.188086 -0.143432
v -17.631462 13.188086 -0.075407
v -17.642675 13.188086 0.000000
v -17.631462 13.188086 0.075406
v -17.598923 13.188086 0.143432
v -17.548239 13.188086 0.197417
v -17.484373 13.188086 0.232077
v -17.413580 13.188086 0.244021
v -17.342785 13.188086 0.232077
v -17.278919 13.188086 0.197417
v -17.228235 13.188086 0.143432
v -17.195696 13.188086 0.075406
v -17.184483 13.188086 0.000000
v -17.195696 19.522062 -0.075407
v -17.228235 19.522062 -0.143432
v -17.278919 19.522062 -0.197417
v -17.342785 19.522062 -0.232078
v -17.413580 19.522062 -0.244021
v -17.484373 19.522062 -0.232078
v -17.548239 19.522062 -0.197417
v -17.598923 19.522062 -0.143432
v -17.631462 19.522062 -0.075407
v -17.642675 19.522062 0.000000
v -17.631462 19.522062 0.075406
v -17.598923 19.522062 0.143432
v -17.548239 19.522062 0.197417
v -17.484373 19.522062 0.232077
v -17.413580 19.522062 0.244021
v -17.342785 19.522062 0.232077
v -17.278919 19.522062 0.197417
v -17.228235 19.522062 0.143432
v -17.195696 19.522062 0.075406
v -17.184483 19.522062 0.000000
v -17.413580 13.188086 0.000000
v -17.413580 19.522062 0.000000
v 9.216078 6.019372 -4.879924
v 9.020322 6.428592 -4.879924
v 8.715425 6.753350 -4.879924
v 8.331233 6.961858 -4.879924
v 7.905352 7.033705 -4.879924
v 7.479472 6.961858 -4.879924
v 7.095280 6.753350 -4.879924
v 6.790383 6.428591 -4.879924
v 6.594627 6.019372 -4.879924
v 6.527175 5.565748 -4.879924
v 6.594627 5.112124 -4.879924
v 6.790383 4.702905 -4.879924
v 7.095280 4.378146 -4.879924
v 7.479472 4.169638 -4.879924
v 7.905352 4.097792 -4.879924
v 8.331233 4.169638 -4.879924
v 8.715425 4.378146 -4.879924
v 9.020321 4.702905 -4.879924
v 9.216077 5.112125 -4.879924
v 9.283530 5.565748 -4.879924
v 9.216078 6.019372 4.879924
v 9.020323 6.428591 4.879924
v 8.715425 6.753351 4.879924
v 8.331233 6.961858 4.879924
v 7.905352 7.033705 4.879924
v 7.479472 6.961858 4.879924
v 7.095280 6.753350 4.879924
v 6.790383 6.428591 4.879924
v 6.594627 6.019371 4.879924
v 6.527175 5.565748 4.879924
v 6.594627 5.112124 4.879924
v 6.790383 4.702905 4.879924
v 7.095280 4.378146 4.879924
v 7.479472 4.169639 4.879924
v 7.905352 4.097791 4.879924
v 8.331233 4.169638 4.879924
v 8.715424 4.378146 4.879924
v 9.020321 4.702905 4.879924
v 9.216077 5.112124 4.879924
v 9.283530 5.565748 4.879924
v 7.905352 5.565748 -4.879924
v 7.905352 5.565748 4.879923
vt 0.375000 0.000000
vt 0.625000 0.000000
vt 0.625000 0.250000
vt 0.375000 0.250000
vt 0.625000 0.500000
vt 0.375000 0.500000
vt 0.625000 0.750000
vt 0.375000 0.750000
vt 0.625000 1.000000
vt 0.375000 1.000000
vt 0.875000 0.000000
vt 0.875000 0.250000
vt 0.125000 0.000000
vt 0.125000 0.250000
vt 0.375000 0.312500
vt 0.387500 0.312500
vt 0.387500 0.687500
vt 0.375000 0.687500
vt 0.400000 0.312500
vt 0.400000 0.687500
vt 0.400000 0.312500
vt 0.412500 0.312500
vt 0.412500 0.687500
vt 0.400000 0.687500
vt 0.412500 0.312500
vt 0.425000 0.312500
vt 0.425000 0.687500
vt 0.412500 0.687500
vt 0.437500 0.312500
vt 0.437500 0.687500
vt 0.450000 0.312500
vt 0.450000 0.687500
vt 0.462500 0.312500
vt 0.462500 0.687500
vt 0.475000 0.312500
vt 0.475000 0.687500
vt 0.487500 0.312500
vt 0.487500 0.687500
vt 0.500000 0.312500
vt 0.500000 0.687500
vt 0.512500 0.312500
vt 0.512500 0.687500
vt 0.525000 0.312500
vt 0.525000 0.687500
vt 0.537500 0.312500
vt 0.537500 0.687500
vt 0.550000 0.312500
vt 0.550000 0.687500
vt 0.562500 0.312500
vt 0.562500 0.687500
vt 0.562500 0.312500
vt 0.575000 0.312500
vt 0.575000 0.687500
vt 0.562500 0.687500
vt 0.575000 0.312500
vt 0.587500 0.312500
vt 0.587500 0.687500
vt 0.575000 0.687500
vt 0.600000 0.312500
vt 0.600000 0.687500
vt 0.612500 0.312500
vt 0.612500 0.687500
vt 0.625000 0.312500
vt 0.625000 0.687500
vt 0.626409 0.064408
vt 0.648603 0.107966
vt 0.500000 0.156250
vt 0.591842 0.029841
vt 0.548284 0.007647
vt 0.500000 -0.000000
vt 0.451716 0.007647
vt 0.408159 0.029841
vt 0.373591 0.064409
vt 0.351397 0.107966
vt 0.343750 0.156250
vt 0.351397 0.204534
vt 0.373591 0.248091
vt 0.408159 0.282659
vt 0.451716 0.304853
vt 0.500000 0.312500
vt 0.548284 0.304853
vt 0.591841 0.282659
vt 0.626409 0.248091
vt 0.648603 0.204534
vt 0.656250 0.156250
vt 0.648603 0.892034
vt 0.626409 0.935591
vt 0.500000 0.843750
vt 0.591841 0.970159
vt 0.548284 0.992353
vt 0.500000 1.000000
vt 0.451716 0.992353
vt 0.408159 0.970159
vt 0.373591 0.935591
vt 0.351397 0.892034
vt 0.343750 0.843750
vt 0.351397 0.795466
vt 0.373591 0.751909
vt 0.408159 0.717341
vt 0.451716 0.695147
vt 0.500000 0.687500
vt 0.548284 0.695147
vt 0.591842 0.717341
vt 0.626409 0.751908
vt 0.648603 0.795466
vt 0.656250 0.843750
vt 0.412500 0.312500
vt 0.400000 0.312500
vt 0.412500 0.687500
vt 0.400000 0.687500
vt 0.575000 0.312500
vt 0.562500 0.312500
vt 0.575000 0.687500
vt 0.562500 0.687500
vt 0.375000 0.312500
vt 0.387500 0.312500
vt 0.387500 0.687500
vt 0.375000 0.687500
vt 0.400000 0.312500
vt 0.400000 0.687500
vt 0.412500 0.312500
vt 0.412500 0.687500
vt 0.425000 0.312500
vt 0.425000 0.687500
vt 0.437500 0.312500
vt 0.437500 0.687500
vt 0.450000 0.312500
vt 0.450000 0.687500
vt 0.462500 0.312500
vt 0.462500 0.687500
vt 0.475000 0.312500
vt 0.475000 0.687500
vt 0.487500 0.312500
vt 0.487500 0.687500
vt 0.500000 0.312500
vt 0.500000 0.687500
vt 0.512500 0.312500
vt 0.512500 0.687500
vt 0.525000 0.312500
vt 0.525000 0.687500
vt 0.537500 0.312500
vt 0.537500 0.687500
vt 0.550000 0.312500
vt 0.550000 0.687500
vt 0.562500 0.312500
vt 0.562500 0.687500
vt 0.575000 0.312500
vt 0.575000 0.687500
vt 0.587500 0.312500
vt 0.587500 0.687500
vt 0.600000 0.312500
vt 0.600000 0.687500
vt 0.612500 0.312500
vt 0.612500 0.687500
vt 0.625000 0.312500
vt 0.625000 0.687500
vt 0.626409 0.064408
vt 0.648603 0.107966
vt 0.500000 0.156250
vt 0.591842 0.029841
vt 0.548284 0.007647
vt 0.500000 -0.000000
vt 0.451716 0.007647
vt 0.408159 0.029841
vt 0.373591 0.064409
vt 0.351397 0.107966
vt 0.343750 0.156250
vt 0.351397 0.204534
vt 0.373591 0.248091
vt 0.408159 0.282659
vt 0.451716 0.304853
vt 0.500000 0.312500
vt 0.548284 0.304853
vt 0.591841 0.282659
vt 0.626409 0.248091
vt 0.648603 0.204534
vt 0.656250 0.156250
vt 0.648603 0.892034
vt 0.626409 0.935591
vt 0.500000 0.843750
vt 0.591841 0.970159
vt 0.548284 0.992353
vt 0.500000 1.000000
vt 0.451716 0.992353
vt 0.408159 0.970159
vt 0.373591 0.935591
vt 0.351397 0.892034
vt 0.343750 0.843750
vt 0.351397 0.795466
vt 0.373591 0.751909
vt 0.408159 0.717341
vt 0.451716 0.695147
vt 0.500000 0.687500
vt 0.548284 0.695147
vt 0.591842 0.717341
vt 0.626409 0.751908
vt 0.648603 0.795466
vt 0.656250 0.843750
vt 0.375000 0.000000
vt 0.625000 0.000000
vt 0.625000 0.250000
vt 0.375000 0.250000
vt 0.625000 0.500000
vt 0.375000 0.500000
vt 0.625000 0.750000
vt 0.375000 0.750000
vt 0.625000 1.000000
vt 0.375000 1.000000
vt 0.625000 0.000000
vt 0.875000 0.000000
vt 0.875000 0.125000
vt 0.625000 0.125000
vt 0.125000 0.000000
vt 0.125000 0.250000
vt 0.875000 0.000000
vt 0.875000 0.000000
vt 0.625000 0.000000
vt 0.875000 0.250000
vt 0.875000 0.250000
vt 0.875000 0.125000
vt 0.875000 0.000000
vt 0.625000 0.250000
vt 0.625000 0.000000
vt 0.625000 0.125000
vt 0.375000 0.312500
vt 0.387500 0.312500
vt 0.387500 0.687500
vt 0.375000 0.687500
vt 0.400000 0.312500
vt 0.400000 0.687500
vt 0.412500 0.312500
vt 0.412500 0.687500
vt 0.425000 0.312500
vt 0.425000 0.687500
vt 0.437500 0.312500
vt 0.437500 0.687500
vt 0.450000 0.312500
vt 0.450000 0.687500
vt 0.462500 0.312500
vt 0.462500 0.687500
vt 0.475000 0.312500
vt 0.475000 0.687500
vt 0.487500 0.312500
vt 0.487500 0.687500
vt 0.500000 0.312500
vt 0.500000 0.687500
vt 0.512500 0.312500
vt 0.512500 0.687500
vt 0.525000 0.312500
vt 0.525000 0.687500
vt 0.537500 0.312500
vt 0.537500 0.687500
vt 0.550000 0.312500
vt 0.550000 0.687500
vt 0.562500 0.312500
vt 0.562500 0.687500
vt 0.575000 0.312500
vt 0.575000 0.687500
vt 0.587500 0.312500
vt 0.587500 0.687500
vt 0.600000 0.312500
vt 0.600000 0.687500
vt 0.612500 0.312500
vt 0.612500 0.687500
vt 0.625000 0.312500
vt 0.625000 0.687500
vt 0.626409 0.064408
vt 0.648603 0.107966
vt 0.500000 0.156250
vt 0.591842 0.029841
vt 0.548284 0.007647
vt 0.500000 -0.000000
vt 0.451716 0.007647
vt 0.408159 0.029841
vt 0.373591 0.064409
vt 0.351397 0.107966
vt 0.343750 0.156250
vt 0.351397 0.204534
vt 0.373591 0.248091
vt 0.408159 0.282659
vt 0.451716 0.304853
vt 0.500000 0.312500
vt 0.548284 0.304853
vt 0.591841 0.282659
vt 0.626409 0.248091
vt 0.648603 0.204534
vt 0.656250 0.156250
vt 0.648603 0.892034
vt 0.626409 0.935591
vt 0.500000 0.843750
vt 0.591841 0.970159
vt 0.548284 0.992353
vt 0.500000 1.000000
vt 0.451716 0.992353
vt 0.408159 0.970159
vt 0.373591 0.935591
vt 0.351397 0.892034
vt 0.343750 0.843750
vt 0.351397 0.795466
vt 0.373591 0.751909
vt 0.408159 0.717341
vt 0.451716 0.695147
vt 0.500000 0.687500
vt 0.548284 0.695147
vt 0.591842 0.717341
vt 0.626409 0.751908
vt 0.648603 0.795466
vt 0.656250 0.843750
vt 0.375000 0.312500
vt 0.387500 0.312500
vt 0.387500 0.687500
vt 0.375000 0.687500
vt 0.400000 0.312500
vt 0.400000 0.687500
vt 0.412500 0.312500
vt 0.412500 0.687500
vt 0.425000 0.312500
vt 0.425000 0.687500
vt 0.437500 0.312500
vt 0.437500 0.687500
vt 0.450000 0.312500
vt 0.450000 0.687500
vt 0.462500 0.312500
vt 0.462500 0.687500
vt 0.475000 0.312500
vt 0.475000 0.687500
vt 0.487500 0.312500
vt 0.487500 0.687500
vt 0.500000 0.312500
vt 0.500000 0.687500
vt 0.512500 0.312500
vt 0.512500 0.687500
vt 0.525000 0.312500
vt 0.525000 0.687500
vt 0.537500 0.312500
vt 0.537500 0.687500
vt 0.550000 0.312500
vt 0.550000 0.687500
vt 0.562500 0.312500
vt 0.562500 0.687500
vt 0.575000 0.312500
vt 0.575000 0.687500
vt 0.587500 0.312500
vt 0.587500 0.687500
vt 0.600000 0.312500
vt 0.600000 0.687500
vt 0.612500 0.312500
vt 0.612500 0.687500
vt 0.625000 0.312500
vt 0.625000 0.687500
vt 0.626409 0.064408
vt 0.648603 0.107966
vt 0.500000 0.156250
vt 0.591842 0.029841
vt 0.548284 0.007647
vt 0.500000 -0.000000
vt 0.451716 0.007647
vt 0.408159 0.029841
vt 0.373591 0.064409
vt 0.351397 0.107966
vt 0.343750 0.156250
vt 0.351397 0.204534
vt 0.373591 0.248091
vt 0.408159 0.282659
vt 0.451716 0.304853
vt 0.500000 0.312500
vt 0.548284 0.304853
vt 0.591841 0.282659
vt 0.626409 0.248091
vt 0.648603 0.204534
vt 0.656250 0.156250
vt 0.648603 0.892034
vt 0.626409 0.935591
vt 0.500000 0.843750
vt 0.591841 0.970159
vt 0.548284 0.992353
vt 0.500000 1.000000
vt 0.451716 0.992353
vt 0.408159 0.970159
vt 0.373591 0.935591
vt 0.351397 0.892034
vt 0.343750 0.843750
vt 0.351397 0.795466
vt 0.373591 0.751909
vt 0.408159 0.717341
vt 0.451716 0.695147
vt 0.500000 0.687500
vt 0.548284 0.695147
vt 0.591842 0.717341
vt 0.626409 0.751908
vt 0.648603 0.795466
vt 0.656250 0.843750
vt 0.375000 0.312500
vt 0.387500 0.312500
vt 0.387500 0.687500
vt 0.375000 0.687500
vt 0.400000 0.312500
vt 0.400000 0.687500
vt 0.412500 0.312500
vt 0.412500 0.687500
vt 0.425000 0.312500
vt 0.425000 0.687500
vt 0.437500 0.312500
vt 0.437500 0.687500
vt 0.450000 0.312500
vt 0.450000 0.687500
vt 0.462500 0.312500
vt 0.462500 0.687500
vt 0.475000 0.312500
vt 0.475000 0.687500
vt 0.487500 0.312500
vt 0.487500 0.687500
vt 0.500000 0.312500
vt 0.500000 0.687500
vt 0.512500 0.312500
vt 0.512500 0.687500
vt 0.525000 0.312500
vt 0.525000 0.687500
vt 0.537500 0.312500
vt 0.537500 0.687500
vt 0.550000 0.312500
vt 0.550000 0.687500
vt 0.562500 0.312500
vt 0.562500 0.687500
vt 0.575000 0.312500
vt 0.575000 0.687500
vt 0.587500 0.312500
vt 0.587500 0.687500
vt 0.600000 0.312500
vt 0.600000 0.687500
vt 0.612500 0.312500
vt 0.612500 0.687500
vt 0.625000 0.312500
vt 0.625000 0.687500
vt 0.626409 0.064408
vt 0.648603 0.107966
vt 0.500000 0.156250
vt 0.591842 0.029841
vt 0.548284 0.007647
vt 0.500000 -0.000000
vt 0.451716 0.007647
vt 0.408159 0.029841
vt 0.373591 0.064409
vt 0.351397 0.107966
vt 0.343750 0.156250
vt 0.351397 0.204534
vt 0.373591 0.248091
vt 0.408159 0.282659
vt 0.451716 0.304853
vt 0.500000 0.312500
vt 0.548284 0.304853
vt 0.591841 0.282659
vt 0.626409 0.248091
vt 0.648603 0.204534
vt 0.656250 0.156250
vt 0.648603 0.892034
vt 0.626409 0.935591
vt 0.500000 0.843750
vt 0.591841 0.970159
vt 0.548284 0.992353
vt 0.500000 1.000000
vt 0.451716 0.992353
vt 0.408159 0.970159
vt 0.373591 0.935591
vt 0.351397 0.892034
vt 0.343750 0.843750
vt 0.351397 0.795466
vt 0.373591 0.751909
vt 0.408159 0.717341
vt 0.451716 0.695147
vt 0.500000 0.687500
vt 0.548284 0.695147
vt 0.591842 0.717341
vt 0.626409 0.751908
vt 0.648603 0.795466
vt 0.656250 0.843750
vt 0.375000 0.312500
vt 0.387500 0.312500
vt 0.387500 0.687500
vt 0.375000 0.687500
vt 0.400000 0.312500
vt 0.400000 0.687500
vt 0.412500 0.312500
vt 0.412500 0.687500
vt 0.425000 0.312500
vt 0.425000 0.687500
vt 0.437500 0.312500
vt 0.437500 0.687500
vt 0.450000 0.312500
vt 0.450000 0.687500
vt 0.462500 0.312500
vt 0.462500 0.687500
vt 0.475000 0.312500
vt 0.475000 0.687500
vt 0.487500 0.312500
vt 0.487500 0.687500
vt 0.500000 0.312500
vt 0.500000 0.687500
vt 0.512500 0.312500
vt 0.512500 0.687500
vt 0.525000 0.312500
vt 0.525000 0.687500
vt 0.537500 0.312500
vt 0.537500 0.687500
vt 0.550000 0.312500
vt 0.550000 0.687500
vt 0.562500 0.312500
vt 0.562500 0.687500
vt 0.575000 0.312500
vt 0.575000 0.687500
vt 0.587500 0.312500
vt 0.587500 0.687500
vt 0.600000 0.312500
vt 0.600000 0.687500
vt 0.612500 0.312500
vt 0.612500 0.687500
vt 0.625000 0.312500
vt 0.625000 0.687500
vt 0.626409 0.064408
vt 0.648603 0.107966
vt 0.500000 0.156250
vt 0.591842 0.029841
vt 0.548284 0.007647
vt 0.500000 -0.000000
vt 0.451716 0.007647
vt 0.408159 0.029841
vt 0.373591 0.064409
vt 0.351397 0.107966
vt 0.343750 0.156250
vt 0.351397 0.204534
vt 0.373591 0.248091
vt 0.408159 0.282659
vt 0.451716 0.304853
vt 0.500000 0.312500
vt 0.548284 0.304853
vt 0.591841 0.282659
vt 0.626409 0.248091
vt 0.648603 0.204534
vt 0.656250 0.156250
vt 0.648603 0.892034
vt 0.626409 0.935591
vt 0.500000 0.843750
vt 0.591841 0.970159
vt 0.548284 0.992353
vt 0.500000 1.000000
vt 0.451716 0.992353
vt 0.408159 0.970159
vt 0.373591 0.935591
vt 0.351397 0.892034
vt 0.343750 0.843750
vt 0.351397 0.795466
vt 0.373591 0.751909
vt 0.408159 0.717341
vt 0.451716 0.695147
vt 0.500000 0.687500
vt 0.548284 0.695147
vt 0.591842 0.717341
vt 0.626409 0.751908
vt 0.648603 0.795466
vt 0.656250 0.843750
vt 0.375000 0.312500
vt 0.387500 0.312500
vt 0.387500 0.687500
vt 0.375000 0.687500
vt 0.400000 0.312500
vt 0.400000 0.687500
vt 0.412500 0.312500
vt 0.412500 0.687500
vt 0.425000 0.312500
vt 0.425000 0.687500
vt 0.437500 0.312500
vt 0.437500 0.687500
vt 0.450000 0.312500
vt 0.450000 0.687500
vt 0.462500 0.312500
vt 0.462500 0.687500
vt 0.475000 0.312500
vt 0.475000 0.687500
vt 0.487500 0.312500
vt 0.487500 0.687500
vt 0.500000 0.312500
vt 0.500000 0.687500
vt 0.512500 0.312500
vt 0.512500 0.687500
vt 0.525000 0.312500
vt 0.525000 0.687500
vt 0.537500 0.312500
vt 0.537500 0.687500
vt 0.550000 0.312500
vt 0.550000 0.687500
vt 0.562500 0.312500
vt 0.562500 0.687500
vt 0.575000 0.312500
vt 0.575000 0.687500
vt 0.587500 0.312500
vt 0.587500 0.687500
vt 0.600000 0.312500
vt 0.600000 0.687500
vt 0.612500 0.312500
vt 0.612500 0.687500
vt 0.625000 0.312500
vt 0.625000 0.687500
vt 0.626409 0.064408
vt 0.648603 0.107966
vt 0.500000 0.156250
vt 0.591842 0.029841
vt 0.548284 0.007647
vt 0.500000 -0.000000
vt 0.451716 0.007647
vt 0.408159 0.029841
vt 0.373591 0.064409
vt 0.351397 0.107966
vt 0.343750 0.156250
vt 0.351397 0.204534
vt 0.373591 0.248091
vt 0.408159 0.282659
vt 0.451716 0.304853
vt 0.500000 0.312500
vt 0.548284 0.304853
vt 0.591841 0.282659
vt 0.626409 0.248091
vt 0.648603 0.204534
vt 0.656250 0.156250
vt 0.648603 0.892034
vt 0.626409 0.935591
vt 0.500000 0.843750
vt 0.591841 0.970159
vt 0.548284 0.992353
vt 0.500000 1.000000
vt 0.451716 0.992353
vt 0.408159 0.970159
vt 0.373591 0.935591
vt 0.351397 0.892034
vt 0.343750 0.843750
vt 0.351397 0.795466
vt 0.373591 0.751909
vt 0.408159 0.717341
vt 0.451716 0.695147
vt 0.500000 0.687500
vt 0.548284 0.695147
vt 0.591842 0.717341
vt 0.626409 0.751908
vt 0.648603 0.795466
vt 0.656250 0.843750
vt 0.375000 0.312500
vt 0.387500 0.312500
vt 0.387500 0.687500
vt 0.375000 0.687500
vt 0.400000 0.312500
vt 0.400000 0.687500
vt 0.412500 0.312500
vt 0.412500 0.687500
vt 0.425000 0.312500
vt 0.425000 0.687500
vt 0.437500 0.312500
vt 0.437500 0.687500
vt 0.450000 0.312500
vt 0.450000 0.687500
vt 0.462500 0.312500
vt 0.462500 0.687500
vt 0.475000 0.312500
vt 0.475000 0.687500
vt 0.487500 0.312500
vt 0.487500 0.687500
vt 0.500000 0.312500
vt 0.500000 0.687500
vt 0.512500 0.312500
vt 0.512500 0.687500
vt 0.525000 0.312500
vt 0.525000 0.687500
vt 0.537500 0.312500
vt 0.537500 0.687500
vt 0.550000 0.312500
vt 0.550000 0.687500
vt 0.562500 0.312500
vt 0.562500 0.687500
vt 0.575000 0.312500
vt 0.575000 0.687500
vt 0.587500 0.312500
vt 0.587500 0.687500
vt 0.600000 0.312500
vt 0.600000 0.687500
vt 0.612500 0.312500
vt 0.612500 0.687500
vt 0.625000 0.312500
vt 0.625000 0.687500
vt 0.626409 0.064408
vt 0.648603 0.107966
vt 0.500000 0.156250
vt 0.591842 0.029841
vt 0.548284 0.007647
vt 0.500000 -0.000000
vt 0.451716 0.007647
vt 0.408159 0.029841
vt 0.373591 0.064409
vt 0.351397 0.107966
vt 0.343750 0.156250
vt 0.351397 0.204534
vt 0.373591 0.248091
vt 0.408159 0.282659
vt 0.451716 0.304853
vt 0.500000 0.312500
vt 0.548284 0.304853
vt 0.591841 0.282659
vt 0.626409 0.248091
vt 0.648603 0.204534
vt 0.656250 0.156250
vt 0.648603 0.892034
vt 0.626409 0.935591
vt 0.500000 0.843750
vt 0.591841 0.970159
vt 0.548284 0.992353
vt 0.500000 1.000000
vt 0.451716 0.992353
vt 0.408159 0.970159
vt 0.373591 0.935591
vt 0.351397 0.892034
vt 0.343750 0.843750
vt 0.351397 0.795466
vt 0.373591 0.751909
vt 0.408159 0.717341
vt 0.451716 0.695147
vt 0.500000 0.687500
vt 0.548284 0.695147
vt 0.591842 0.717341
vt 0.626409 0.751908
vt 0.648603 0.795466
vt 0.656250 0.843750
vt 0.375000 0.312500
vt 0.387500 0.312500
vt 0.387500 0.687500
vt 0.375000 0.687500
vt 0.400000 0.312500
vt 0.400000 0.687500
vt 0.412500 0.312500
vt 0.412500 0.687500
vt 0.425000 0.312500
vt 0.425000 0.687500
vt 0.437500 0.312500
vt 0.437500 0.687500
vt 0.450000 0.312500
vt 0.450000 0.687500
vt 0.462500 0.312500
vt 0.462500 0.687500
vt 0.475000 0.312500
vt 0.475000 0.687500
vt 0.487500 0.312500
vt 0.487500 0.687500
vt 0.500000 0.312500
vt 0.500000 0.687500
vt 0.512500 0.312500
vt 0.512500 0.687500
vt 0.525000 0.312500
vt 0.525000 0.687500
vt 0.537500 0.312500
vt 0.537500 0.687500
vt 0.550000 0.312500
vt 0.550000 0.687500
vt 0.562500 0.312500
vt 0.562500 0.687500
vt 0.575000 0.312500
vt 0.575000 0.687500
vt 0.587500 0.312500
vt 0.587500 0.687500
vt 0.600000 0.312500
vt 0.600000 0.687500
vt 0.612500 0.312500
vt 0.612500 0.687500
vt 0.625000 0.312500
vt 0.625000 0.687500
vt 0.626409 0.064408
vt 0.648603 0.107966
vt 0.500000 0.156250
vt 0.591842 0.029841
vt 0.548284 0.007647
vt 0.500000 -0.000000
vt 0.451716 0.007647
vt 0.408159 0.029841
vt 0.373591 0.064409
vt 0.351397 0.107966
vt 0.343750 0.156250
vt 0.351397 0.204534
vt 0.373591 0.248091
vt 0.408159 0.282659
vt 0.451716 0.304853
vt 0.500000 0.312500
vt 0.548284 0.304853
vt 0.591841 0.282659
vt 0.626409 0.248091
vt 0.648603 0.204534
vt 0.656250 0.156250
vt 0.648603 0.892034
vt 0.626409 0.935591
vt 0.500000 0.843750
vt 0.591841 0.970159
vt 0.548284 0.992353
vt 0.500000 1.000000
vt 0.451716 0.992353
vt 0.408159 0.970159
vt 0.373591 0.935591
vt 0.351397 0.892034
vt 0.343750 0.843750
vt 0.351397 0.795466
vt 0.373591 0.751909
vt 0.408159 0.717341
vt 0.451716 0.695147
vt 0.500000 0.687500
vt 0.548284 0.695147
vt 0.591842 0.717341
vt 0.626409 0.751908
vt 0.648603 0.795466
vt 0.656250 0.843750
vt 0.375000 0.000000
vt 0.625000 0.000000
vt 0.625000 0.250000
vt 0.375000 0.250000
vt 0.625000 0.500000
vt 0.375000 0.500000
vt 0.625000 0.750000
vt 0.375000 0.750000
vt 0.625000 1.000000
vt 0.375000 1.000000
vt 0.875000 0.000000
vt 0.875000 0.250000
vt 0.125000 0.000000
vt 0.125000 0.250000
vt 0.375000 0.312500
vt 0.387500 0.312500
vt 0.387500 0.687500
vt 0.375000 0.687500
vt 0.400000 0.312500
vt 0.400000 0.687500
vt 0.412500 0.312500
vt 0.412500 0.687500
vt 0.425000 0.312500
vt 0.425000 0.687500
vt 0.437500 0.312500
vt 0.437500 0.687500
vt 0.450000 0.312500
vt 0.450000 0.687500
vt 0.462500 0.312500
vt 0.462500 0.687500
vt 0.475000 0.312500
vt 0.475000 0.687500
vt 0.487500 0.312500
vt 0.487500 0.687500
vt 0.500000 0.312500
vt 0.500000 0.687500
vt 0.512500 0.312500
vt 0.512500 0.687500
vt 0.525000 0.312500
vt 0.525000 0.687500
vt 0.537500 0.312500
vt 0.537500 0.687500
vt 0.550000 0.312500
vt 0.550000 0.687500
vt 0.562500 0.312500
vt 0.562500 0.687500
vt 0.575000 0.312500
vt 0.575000 0.687500
vt 0.587500 0.312500
vt 0.587500 0.687500
vt 0.600000 0.312500
vt 0.600000 0.687500
vt 0.612500 0.312500
vt 0.612500 0.687500
vt 0.625000 0.312500
vt 0.625000 0.687500
vt 0.626409 0.064408
vt 0.648603 0.107966
vt 0.500000 0.156250
vt 0.591842 0.029841
vt 0.548284 0.007647
vt 0.500000 -0.000000
vt 0.451716 0.007647
vt 0.408159 0.029841
vt 0.373591 0.064409
vt 0.351397 0.107966
vt 0.343750 0.156250
vt 0.351397 0.204534
vt 0.373591 0.248091
vt 0.408159 0.282659
vt 0.451716 0.304853
vt 0.500000 0.312500
vt 0.548284 0.304853
vt 0.591841 0.282659
vt 0.626409 0.248091
vt 0.648603 0.204534
vt 0.656250 0.156250
vt 0.648603 0.892034
vt 0.626409 0.935591
vt 0.500000 0.843750
vt 0.591841 0.970159
vt 0.548284 0.992353
vt 0.500000 1.000000
vt 0.451716 0.992353
vt 0.408159 0.970159
vt 0.373591 0.935591
vt 0.351397 0.892034
vt 0.343750 0.843750
vt 0.351397 0.795466
vt 0.373591 0.751909
vt 0.408159 0.717341
vt 0.451716 0.695147
vt 0.500000 0.687500
vt 0.548284 0.695147
vt 0.591842 0.717341
vt 0.626409 0.751908
vt 0.648603 0.795466
vt 0.656250 0.843750
vt 0.375000 0.312500
vt 0.387500 0.312500
vt 0.387500 0.687500
vt 0.375000 0.687500
vt 0.400000 0.312500
vt 0.400000 0.687500
vt 0.412500 0.312500
vt 0.412500 0.687500
vt 0.425000 0.312500
vt 0.425000 0.687500
vt 0.437500 0.312500
vt 0.437500 0.687500
vt 0.450000 0.312500
vt 0.450000 0.687500
vt 0.462500 0.312500
vt 0.462500 0.687500
vt 0.475000 0.312500
vt 0.475000 0.687500
vt 0.487500 0.312500
vt 0.487500 0.687500
vt 0.500000 0.312500
vt 0.500000 0.687500
vt 0.512500 0.312500
vt 0.512500 0.687500
vt 0.525000 0.312500
vt 0.525000 0.687500
vt 0.537500 0.312500
vt 0.537500 0.687500
vt 0.550000 0.312500
vt 0.550000 0.687500
vt 0.562500 0.312500
vt 0.562500 0.687500
vt 0.575000 0.312500
vt 0.575000 0.687500
vt 0.587500 0.312500
vt 0.587500 0.687500
vt 0.600000 0.312500
vt 0.600000 0.687500
vt 0.612500 0.312500
vt 0.612500 0.687500
vt 0.625000 0.312500
vt 0.625000 0.687500
vt 0.626409 0.064408
vt 0.648603 0.107966
vt 0.500000 0.156250
vt 0.591842 0.029841
vt 0.548284 0.007647
vt 0.500000 -0.000000
vt 0.451716 0.007647
vt 0.408159 0.029841
vt 0.373591 0.064409
vt 0.351397 0.107966
vt 0.343750 0.156250
vt 0.351397 0.204534
vt 0.373591 0.248091
vt 0.408159 0.282659
vt 0.451716 0.304853
vt 0.500000 0.312500
vt 0.548284 0.304853
vt 0.591841 0.282659
vt 0.626409 0.248091
vt 0.648603 0.204534
vt 0.656250 0.156250
vt 0.648603 0.892034
vt 0.626409 0.935591
vt 0.500000 0.843750
vt 0.591841 0.970159
vt 0.548284 0.992353
vt 0.500000 1.000000
vt 0.451716 0.992353
vt 0.408159 0.970159
vt 0.373591 0.935591
vt 0.351397 0.892034
vt 0.343750 0.843750
vt 0.351397 0.795466
vt 0.373591 0.751909
vt 0.408159 0.717341
vt 0.451716 0.695147
vt 0.500000 0.687500
vt 0.548284 0.695147
vt 0.591842 0.717341
vt 0.626409 0.751908
vt 0.648603 0.795466
vt 0.656250 0.843750
vt 0.375000 0.312500
vt 0.387500 0.312500
vt 0.387500 0.687500
vt 0.375000 0.687500
vt 0.400000 0.312500
vt 0.400000 0.687500
vt 0.412500 0.312500
vt 0.412500 0.687500
vt 0.425000 0.312500
vt 0.425000 0.687500
vt 0.437500 0.312500
vt 0.437500 0.687500
vt 0.450000 0.312500
vt 0.450000 0.687500
vt 0.462500 0.312500
vt 0.462500 0.687500
vt 0.475000 0.312500
vt 0.475000 0.687500
vt 0.487500 0.312500
vt 0.487500 0.687500
vt 0.500000 0.312500
vt 0.500000 0.687500
vt 0.512500 0.312500
vt 0.512500 0.687500
vt 0.525000 0.312500
vt 0.525000 0.687500
vt 0.537500 0.312500
vt 0.537500 0.687500
vt 0.550000 0.312500
vt 0.550000 0.687500
vt 0.562500 0.312500
vt 0.562500 0.687500
vt 0.575000 0.312500
vt 0.575000 0.687500
vt 0.587500 0.312500
vt 0.587500 0.687500
vt 0.600000 0.312500
vt 0.600000 0.687500
vt 0.612500 0.312500
vt 0.612500 0.687500
vt 0.625000 0.312500
vt 0.625000 0.687500
vt 0.626409 0.064408
vt 0.648603 0.107966
vt 0.500000 0.156250
vt 0.591842 0.029841
vt 0.548284 0.007647
vt 0.500000 -0.000000
vt 0.451716 0.007647
vt 0.408159 0.029841
vt 0.373591 0.064409
vt 0.351397 0.107966
vt 0.343750 0.156250
vt 0.351397 0.204534
vt 0.373591 0.248091
vt 0.408159 0.282659
vt 0.451716 0.304853
vt 0.500000 0.312500
vt 0.548284 0.304853
vt 0.591841 0.282659
vt 0.626409 0.248091
vt 0.648603 0.204534
vt 0.656250 0.156250
vt 0.648603 0.892034
vt 0.626409 0.935591
vt 0.500000 0.843750
vt 0.591841 0.970159
vt 0.548284 0.992353
vt 0.500000 1.000000
vt 0.451716 0.992353
vt 0.408159 0.970159
vt 0.373591 0.935591
vt 0.351397 0.892034
vt 0.343750 0.843750
vt 0.351397 0.795466
vt 0.373591 0.751909
vt 0.408159 0.717341
vt 0.451716 0.695147
vt 0.500000 0.687500
vt 0.548284 0.695147
vt 0.591842 0.717341
vt 0.626409 0.751908
vt 0.648603 0.795466
vt 0.656250 0.843750
vt 0.375000 0.000000
vt 0.625000 0.000000
vt 0.625000 0.250000
vt 0.375000 0.250000
vt 0.625000 0.500000
vt 0.375000 0.500000
vt 0.625000 0.750000
vt 0.375000 0.750000
vt 0.625000 1.000000
vt 0.375000 1.000000
vt 0.875000 0.000000
vt 0.875000 0.250000
vt 0.125000 0.000000
vt 0.125000 0.250000
vt 0.375000 0.500000
vt 0.375000 0.250000
vt 0.625000 0.250000
vt 0.625000 0.500000
vt 0.375000 0.500000
vt 0.625000 0.500000
vt 0.625000 0.500000
vt 0.375000 0.500000
vt 0.375000 0.500000
vt 0.375000 0.500000
vt 0.375000 0.250000
vt 0.375000 0.250000
vt 0.375000 0.250000
vt 0.375000 0.250000
vt 0.625000 0.250000
vt 0.625000 0.250000
vt 0.625000 0.250000
vt 0.625000 0.250000
vt 0.625000 0.500000
vt 0.625000 0.500000
vt 0.375000 0.500000
vt 0.375000 0.500000
vt 0.625000 0.500000
vt 0.625000 0.500000
vt 0.625000 0.500000
vt 0.625000 0.500000
vt 0.625000 0.500000
vt 0.625000 0.500000
vt 0.375000 0.500000
vt 0.375000 0.250000
vt 0.375000 0.250000
vt 0.375000 0.250000
vt 0.375000 0.250000
vt 0.375000 0.250000
vt 0.625000 0.250000
vt 0.625000 0.250000
vt 0.625000 0.250000
vt 0.625000 0.250000
vt 0.625000 0.250000
vt 0.625000 0.250000
vt 0.625000 0.500000
vt 0.625000 0.500000
vt 0.625000 0.500000
vt 0.625000 0.500000
vt 0.625000 0.500000
vt 0.625000 0.500000
vt 0.375000 0.500000
vt 0.375000 0.500000
vt 0.625000 0.500000
vt 0.625000 0.500000
vt 0.625000 0.500000
vt 0.625000 0.500000
vt 0.625000 0.500000
vt 0.625000 0.500000
vt 0.625000 0.500000
vt 0.625000 0.500000
vt 0.375000 0.500000
vt 0.375000 0.500000
vt 0.375000 0.500000
vt 0.375000 0.250000
vt 0.375000 0.250000
vt 0.375000 0.250000
vt 0.375000 0.250000
vt 0.375000 0.250000
vt 0.375000 0.250000
vt 0.625000 0.250000
vt 0.625000 0.250000
vt 0.625000 0.250000
vt 0.625000 0.250000
vt 0.625000 0.250000
vt 0.625000 0.250000
vt 0.625000 0.250000
vt 0.625000 0.500000
vt 0.375000 0.500000
vt 0.375000 0.500000
vt 0.625000 0.500000
vt 0.625000 0.500000
vt 0.375000 0.500000
vt 0.375000 0.500000
vt 0.375000 0.500000
vt 0.375000 0.500000
vt 0.375000 0.500000
vt 0.625000 0.250000
vt 0.625000 0.250000
vt 0.625000 0.250000
vt 0.625000 0.250000
vt 0.625000 0.500000
vt 0.625000 0.500000
vt 0.625000 0.500000
vt 0.625000 0.500000
vt 0.625000 0.500000
vt 0.625000 0.500000
vt 0.375000 0.500000
vt 0.375000 0.250000
vt 0.375000 0.250000
vt 0.375000 0.250000
vt 0.375000 0.250000
vt 0.375000 0.250000
vt 0.625000 0.250000
vt 0.625000 0.250000
vt 0.375000 0.500000
vt 0.375000 0.500000
vt 0.375000 0.500000
vt 0.375000 0.500000
vt 0.625000 0.250000
vt 0.625000 0.250000
vt 0.625000 0.500000
vt 0.625000 0.500000
vt 0.625000 0.500000
vt 0.375000 0.500000
vt 0.375000 0.500000
vt 0.375000 0.500000
vt 0.375000 0.500000
vt 0.625000 0.474297
vt 0.625000 0.275703
vt 0.375000 0.275703
vt 0.375000 0.474297
vt 0.375000 0.500000
vt 0.375000 0.250000
vt 0.375000 0.250000
vt 0.375000 0.500000
vt 0.625000 0.250000
vt 0.625000 0.250000
vt 0.625000 0.500000
vt 0.625000 0.500000
vt 0.625000 0.500000
vt 0.625000 0.500000
vt 0.625000 0.500000
vt 0.625000 0.500000
vt 0.375000 0.500000
vt 0.625000 0.500000
vt 0.625000 0.500000
vt 0.375000 0.500000
vt 0.150703 0.000000
vt 0.150703 0.250000
vt 0.349297 0.250000
vt 0.349297 0.000000
vt 0.375000 0.775703
vt 0.375000 0.974297
vt 0.625000 0.974297
vt 0.625000 0.775703
vt 0.849297 0.000000
vt 0.650703 0.000000
vt 0.650703 0.250000
vt 0.849297 0.250000
vt 0.625000 0.474297
vt 0.625000 0.275703
vt 0.375000 0.275703
vt 0.375000 0.474297
vt 0.375000 0.250000
vt 0.375000 0.250000
vt 0.375000 0.250000
vt 0.375000 0.250000
vt 0.625000 0.250000
vt 0.625000 0.250000
vt 0.625000 0.250000
vt 0.625000 0.250000
vt 0.625000 0.250000
vt 0.625000 0.250000
vt 0.375000 0.500000
vt 0.375000 0.500000
vt 0.375000 0.500000
vt 0.375000 0.500000
vt 0.625000 0.250000
vt 0.625000 0.500000
vt 0.375000 0.500000
vt 0.375000 0.500000
vt 0.375000 0.250000
vt 0.375000 0.775703
vt 0.375000 0.974297
vt 0.625000 0.974297
vt 0.625000 0.775703
vt 0.625000 0.250000
vt 0.625000 0.250000
vt 0.625000 0.500000
vt 0.625000 0.500000
vt 0.375000 0.250000
vt 0.375000 0.250000
vt 0.375000 0.250000
vt 0.625000 0.250000
vt 0.625000 0.250000
vt 0.375000 0.500000
vt 0.375000 0.500000
vt 0.625000 0.250000
vt 0.625000 0.250000
vt 0.625000 0.250000
vt 0.375000 0.250000
vt 0.375000 0.250000
vt 0.375000 0.500000
vt 0.625000 0.250000
vt 0.625000 0.250000
vt -4.290772 18.081638
vt -4.290772 18.081638
vt -1.957886 9.165819
vt -4.290772 18.081638
vt -0.911129 17.368687
vt -0.911129 17.368687
vt -0.911129 17.368687
vt -0.911129 17.368687
vt 0.375000 0.500000
vt 0.625000 0.500000
vt 0.625000 0.250000
vt 0.375000 0.786502
vt 0.356749 0.481749
vt 0.625000 0.963498
vt 0.625000 0.786502
vt 0.838498 0.000000
vt 0.661502 0.000000
vt 0.661502 0.250000
vt 0.838498 0.250000
vt 0.625000 0.463498
vt 0.625000 0.286502
vt 0.375000 0.286502
vt 0.375000 0.463498
vt 0.375000 0.784842
vt 0.375000 0.965158
vt 0.625000 0.965158
vt 0.625000 0.784842
vt 0.840158 0.000000
vt 0.659842 0.000000
vt 0.659842 0.250000
vt 0.840158 0.250000
vt 0.625000 0.465158
vt 0.625000 0.284842
vt 0.375000 0.284842
vt 0.375000 0.465158
vt 0.159842 0.000000
vt 0.159842 0.250000
vt 0.340158 0.250000
vt 0.340158 0.000000
vt 0.161502 0.000000
vt 0.161502 0.250000
vt 0.338498 0.250000
vt 0.375000 0.250000
vt 0.375000 0.500000
vt 0.375000 0.775703
vt 0.375000 0.974297
vt 0.625000 0.974297
vt 0.625000 0.775703
vt 0.849297 0.000000
vt 0.650703 0.000000
vt 0.650703 0.250000
vt 0.849297 0.250000
vt 0.625000 0.474297
vt 0.625000 0.275703
vt 0.375000 0.275703
vt 0.375000 0.474297
vt 0.150703 0.000000
vt 0.150703 0.250000
vt 0.349297 0.250000
vt 0.349297 0.000000
vt 0.625000 0.467787
vt 0.625000 0.282213
vt 0.375000 0.282213
vt 0.375000 0.467787
vt 0.842787 0.000000
vt 0.657213 0.000000
vt 0.657213 0.250000
vt 0.842787 0.250000
vt 0.157213 0.000000
vt 0.157213 0.250000
vt 0.342787 0.250000
vt 0.342787 0.000000
vt 0.375000 0.782213
vt 0.375000 0.967787
vt 0.625000 0.967787
vt 0.625000 0.782213
vt 0.375000 0.500000
vt 0.375000 0.500000
vt 0.375000 0.500000
vt 0.375000 0.500000
vt 0.375000 0.250000
vt 0.375000 0.250000
vt 0.375000 0.250000
vt 0.375000 0.250000
vt 0.375000 0.500000
vt 0.375000 0.500000
vt 0.375000 0.250000
vt 0.375000 0.250000
vt 0.375000 0.500000
vt 0.375000 0.500000
vt 0.375000 0.500000
vt 0.375000 0.500000
vt 0.375000 0.250000
vt 0.375000 0.250000
vt 0.375000 0.250000
vt 0.375000 0.250000
vt 0.375000 0.500000
vt 0.375000 0.500000
vt 0.375000 0.500000
vt 0.375000 0.500000
vt 0.375000 0.250000
vt 0.375000 0.250000
vt 0.375000 0.250000
vt 0.375000 0.250000
vt 0.849297 0.209790
vt 0.849297 0.000000
vt 0.650703 0.000000
vt 0.650703 0.209790
vt 0.650703 0.250000
vt 0.849297 0.250000
vt 0.150703 0.250000
vt 0.349297 0.250000
vt 0.349297 0.212993
vt 0.349297 0.000000
vt 0.150703 0.000000
vt 0.150703 0.212993
vt -3.720215 17.961277
vt -1.447038 17.481739
vt -1.252622 17.440725
vt -3.899032 17.998999
vt -3.823535 17.983072
vt -1.374458 17.466429
vt -1.155168 17.420166
vt -4.041781 18.029112
vt -3.718100 17.960827
vt -1.480184 17.488731
vt -1.297760 17.450247
vt -3.903013 17.999836
vt 0.375000 0.312500
vt 0.387500 0.312500
vt 0.387500 0.687500
vt 0.375000 0.687500
vt 0.400000 0.312500
vt 0.400000 0.687500
vt 0.412500 0.312500
vt 0.412500 0.687500
vt 0.425000 0.312500
vt 0.425000 0.687500
vt 0.437500 0.312500
vt 0.437500 0.687500
vt 0.450000 0.312500
vt 0.450000 0.687500
vt 0.462500 0.312500
vt 0.462500 0.687500
vt 0.475000 0.312500
vt 0.475000 0.687500
vt 0.487500 0.312500
vt 0.487500 0.687500
vt 0.500000 0.312500
vt 0.500000 0.687500
vt 0.512500 0.312500
vt 0.512500 0.687500
vt 0.525000 0.312500
vt 0.525000 0.687500
vt 0.537500 0.312500
vt 0.537500 0.687500
vt 0.550000 0.312500
vt 0.550000 0.687500
vt 0.562500 0.312500
vt 0.562500 0.687500
vt 0.575000 0.312500
vt 0.575000 0.687500
vt 0.587500 0.312500
vt 0.587500 0.687500
vt 0.600000 0.312500
vt 0.600000 0.687500
vt 0.612500 0.312500
vt 0.612500 0.687500
vt 0.625000 0.312500
vt 0.625000 0.687500
vt 0.626409 0.064408
vt 0.648603 0.107966
vt 0.500000 0.156250
vt 0.591842 0.029841
vt 0.548284 0.007647
vt 0.500000 -0.000000
vt 0.451716 0.007647
vt 0.408159 0.029841
vt 0.373591 0.064409
vt 0.351397 0.107966
vt 0.343750 0.156250
vt 0.351397 0.204534
vt 0.373591 0.248091
vt 0.408159 0.282659
vt 0.451716 0.304853
vt 0.500000 0.312500
vt 0.548284 0.304853
vt 0.591841 0.282659
vt 0.626409 0.248091
vt 0.648603 0.204534
vt 0.656250 0.156250
vt 0.648603 0.892034
vt 0.626409 0.935591
vt 0.500000 0.843750
vt 0.591841 0.970159
vt 0.548284 0.992353
vt 0.500000 1.000000
vt 0.451716 0.992353
vt 0.408159 0.970159
vt 0.373591 0.935591
vt 0.351397 0.892034
vt 0.343750 0.843750
vt 0.351397 0.795466
vt 0.373591 0.751909
vt 0.408159 0.717341
vt 0.451716 0.695147
vt 0.500000 0.687500
vt 0.548284 0.695147
vt 0.591842 0.717341
vt 0.626409 0.751908
vt 0.648603 0.795466
vt 0.656250 0.843750
vt 0.375000 0.312500
vt 0.387500 0.312500
vt 0.387500 0.687500
vt 0.375000 0.687500
vt 0.400000 0.312500
vt 0.400000 0.687500
vt 0.412500 0.312500
vt 0.412500 0.687500
vt 0.425000 0.312500
vt 0.425000 0.687500
vt 0.437500 0.312500
vt 0.437500 0.687500
vt 0.450000 0.312500
vt 0.450000 0.687500
vt 0.462500 0.312500
vt 0.462500 0.687500
vt 0.475000 0.312500
vt 0.475000 0.687500
vt 0.487500 0.312500
vt 0.487500 0.687500
vt 0.500000 0.312500
vt 0.500000 0.687500
vt 0.512500 0.312500
vt 0.512500 0.687500
vt 0.525000 0.312500
vt 0.525000 0.687500
vt 0.537500 0.312500
vt 0.537500 0.687500
vt 0.550000 0.312500
vt 0.550000 0.687500
vt 0.562500 0.312500
vt 0.562500 0.687500
vt 0.575000 0.312500
vt 0.575000 0.687500
vt 0.587500 0.312500
vt 0.587500 0.687500
vt 0.600000 0.312500
vt 0.600000 0.687500
vt 0.612500 0.312500
vt 0.612500 0.687500
vt 0.625000 0.312500
vt 0.625000 0.687500
vt 0.626409 0.064408
vt 0.648603 0.107966
vt 0.500000 0.156250
vt 0.591842 0.029841
vt 0.548284 0.007647
vt 0.500000 -0.000000
vt 0.451716 0.007647
vt 0.408159 0.029841
vt 0.373591 0.064409
vt 0.351397 0.107966
vt 0.343750 0.156250
vt 0.351397 0.204534
vt 0.373591 0.248091
vt 0.408159 0.282659
vt 0.451716 0.304853
vt 0.500000 0.312500
vt 0.548284 0.304853
vt 0.591841 0.282659
vt 0.626409 0.248091
vt 0.648603 0.204534
vt 0.656250 0.156250
vt 0.648603 0.892034
vt 0.626409 0.935591
vt 0.500000 0.843750
vt 0.591841 0.970159
vt 0.548284 0.992353
vt 0.500000 1.000000
vt 0.451716 0.992353
vt 0.408159 0.970159
vt 0.373591 0.935591
vt 0.351397 0.892034
vt 0.343750 0.843750
vt 0.351397 0.795466
vt 0.373591 0.751909
vt 0.408159 0.717341
vt 0.451716 0.695147
vt 0.500000 0.687500
vt 0.548284 0.695147
vt 0.591842 0.717341
vt 0.626409 0.751908
vt 0.648603 0.795466
vt 0.656250 0.843750
vt 0.375000 0.312500
vt 0.387500 0.312500
vt 0.387500 0.687500
vt 0.375000 0.687500
vt 0.400000 0.312500
vt 0.400000 0.687500
vt 0.412500 0.312500
vt 0.412500 0.687500
vt 0.425000 0.312500
vt 0.425000 0.687500
vt 0.437500 0.312500
vt 0.437500 0.687500
vt 0.450000 0.312500
vt 0.450000 0.687500
vt 0.462500 0.312500
vt 0.462500 0.687500
vt 0.475000 0.312500
vt 0.475000 0.687500
vt 0.487500 0.312500
vt 0.487500 0.687500
vt 0.500000 0.312500
vt 0.500000 0.687500
vt 0.512500 0.312500
vt 0.512500 0.687500
vt 0.525000 0.312500
vt 0.525000 0.687500
vt 0.537500 0.312500
vt 0.537500 0.687500
vt 0.550000 0.312500
vt 0.550000 0.687500
vt 0.562500 0.312500
vt 0.562500 0.687500
vt 0.575000 0.312500
vt 0.575000 0.687500
vt 0.587500 0.312500
vt 0.587500 0.687500
vt 0.600000 0.312500
vt 0.600000 0.687500
vt 0.612500 0.312500
vt 0.612500 0.687500
vt 0.625000 0.312500
vt 0.625000 0.687500
vt 0.626409 0.064408
vt 0.648603 0.107966
vt 0.500000 0.156250
vt 0.591842 0.029841
vt 0.548284 0.007647
vt 0.500000 -0.000000
vt 0.451716 0.007647
vt 0.408159 0.029841
vt 0.373591 0.064409
vt 0.351397 0.107966
vt 0.343750 0.156250
vt 0.351397 0.204534
vt 0.373591 0.248091
vt 0.408159 0.282659
vt 0.451716 0.304853
vt 0.500000 0.312500
vt 0.548284 0.304853
vt 0.591841 0.282659
vt 0.626409 0.248091
vt 0.648603 0.204534
vt 0.656250 0.156250
vt 0.648603 0.892034
vt 0.626409 0.935591
vt 0.500000 0.843750
vt 0.591841 0.970159
vt 0.548284 0.992353
vt 0.500000 1.000000
vt 0.451716 0.992353
vt 0.408159 0.970159
vt 0.373591 0.935591
vt 0.351397 0.892034
vt 0.343750 0.843750
vt 0.351397 0.795466
vt 0.373591 0.751909
vt 0.408159 0.717341
vt 0.451716 0.695147
vt 0.500000 0.687500
vt 0.548284 0.695147
vt 0.591842 0.717341
vt 0.626409 0.751908
vt 0.648603 0.795466
vt 0.656250 0.843750
vn 0.000000 0.000000 1.000000
vn 0.000000 0.000000 1.000000
vn 0.000000 0.000000 1.000000
vn 0.000000 0.000000 1.000000
vn 0.000000 1.000000 0.000000
vn 0.000000 1.000000 0.000000
vn 0.000000 1.000000 0.000000
vn 0.000000 1.000000 0.000000
vn 0.000000 0.000000 -1.000000
vn 0.000000 0.000000 -1.000000
vn 0.000000 0.000000 -1.000000
vn 0.000000 0.000000 -1.000000
vn 0.000000 -1.000000 0.000000
vn 0.000000 -1.000000 0.000000
vn 0.000000 -1.000000 0.000000
vn 0.000000 -1.000000 0.000000
vn 1.000000 0.000000 0.000000
vn 1.000000 0.000000 0.000000
vn 1.000000 0.000000 0.000000
vn 1.000000 0.000000 0.000000
vn -1.000000 0.000000 0.000000
vn -1.000000 0.000000 0.000000
vn -1.000000 0.000000 0.000000
vn -1.000000 0.000000 0.000000
vn 0.902099 0.431529 0.000000
vn 0.902099 0.431529 0.000000
vn 0.902099 0.431529 0.000000
vn 0.902099 0.431529 0.000000
vn 0.826116 0.563500 0.000000
vn 0.729049 0.684462 0.000000
vn 0.729049 0.684462 0.000000
vn 0.826116 0.563500 0.000000
vn 0.476995 0.878906 0.000001
vn 0.284986 0.958532 0.000000
vn 0.284986 0.958532 0.000000
vn 0.476995 0.878906 0.000001
vn 0.166351 0.986067 0.000000
vn 0.000000 1.000000 0.000000
vn 0.000000 1.000000 0.000000
vn 0.166351 0.986067 0.000000
vn 0.000000 1.000000 0.000000
vn -0.327054 0.945006 0.000000
vn -0.327054 0.945006 0.000000
vn 0.000000 1.000000 0.000000
vn -0.327054 0.945006 0.000000
vn -0.612014 0.790847 0.000000
vn -0.612014 0.790847 0.000000
vn -0.327054 0.945006 0.000000
vn -0.612014 0.790847 0.000000
vn -0.826116 0.563500 0.000000
vn -0.826116 0.563500 0.000000
vn -0.612014 0.790847 0.000000
vn -0.826116 0.563500 0.000000
vn -0.956487 0.291774 0.000000
vn -0.956487 0.291774 0.000000
vn -0.826116 0.563500 0.000000
vn -0.956487 0.291774 0.000000
vn -1.000000 0.000000 0.000000
vn -1.000000 0.000000 0.000000
vn -0.956487 0.291774 0.000000
vn -1.000000 0.000000 0.000000
vn -0.956487 -0.291774 0.000000
vn -0.956487 -0.291774 0.000000
vn -1.000000 0.000000 0.000000
vn -0.956487 -0.291774 0.000000
vn -0.826116 -0.563500 0.000000
vn -0.826116 -0.563500 0.000000
vn -0.956487 -0.291774 0.000000
vn -0.826116 -0.563500 0.000000
vn -0.612014 -0.790847 0.000000
vn -0.612014 -0.790847 0.000000
vn -0.826116 -0.563500 0.000000
vn -0.612014 -0.790847 0.000000
vn -0.327053 -0.945006 0.000000
vn -0.327053 -0.945006 0.000000
vn -0.612014 -0.790847 0.000000
vn -0.327053 -0.945006 0.000000
vn 0.000000 -1.000000 0.000000
vn 0.000000 -1.000000 0.000000
vn -0.327053 -0.945006 0.000000
vn 0.000000 -1.000000 0.000000
vn 0.166352 -0.986066 0.000000
vn 0.166352 -0.986066 0.000000
vn 0.000000 -1.000000 0.000000
vn 0.476997 -0.878905 -0.000001
vn 0.476997 -0.878905 -0.000001
vn 0.476997 -0.878905 -0.000001
vn 0.476997 -0.878905 -0.000001
vn 0.729049 -0.684461 0.000000
vn 0.826116 -0.563500 0.000000
vn 0.826116 -0.563500 0.000000
vn 0.729049 -0.684461 0.000000
vn 0.826116 -0.563500 0.000000
vn 0.956487 -0.291774 0.000000
vn 0.956487 -0.291774 0.000000
vn 0.826116 -0.563500 0.000000
vn 0.956487 -0.291774 0.000000
vn 1.000000 -0.000001 0.000000
vn 1.000000 -0.000001 0.000000
vn 0.956487 -0.291774 0.000000
vn 1.000000 -0.000001 0.000000
vn 0.956488 0.291773 0.000000
vn 0.956488 0.291773 0.000000
vn 1.000000 -0.000001 0.000000
vn 0.000000 0.000000 -1.000000
vn 0.000000 0.000000 -1.000000
vn 0.000000 0.000000 -1.000000
vn 0.000000 0.000000 -1.000000
vn 0.000000 0.000000 -1.000000
vn 0.000000 0.000000 -1.000000
vn 0.000000 0.000000 -1.000000
vn 0.000000 0.000000 -1.000000
vn 0.000000 0.000000 -1.000000
vn 0.000000 0.000000 -1.000000
vn 0.000000 0.000000 -1.000000
vn 0.000000 0.000000 -1.000000
vn 0.000000 0.000000 -1.000000
vn 0.000000 0.000000 -1.000000
vn 0.000000 0.000000 -1.000000
vn 0.000000 0.000000 -1.000000
vn 0.000000 0.000000 -1.000000
vn 0.000000 0.000000 -1.000000
vn 0.000000 0.000000 -1.000000
vn 0.000000 0.000000 -1.000000
vn 0.000000 0.000000 -1.000000
vn 0.000000 0.000000 -1.000000
vn 0.000000 0.000000 -1.000000
vn 0.000000 0.000000 -1.000000
vn 0.000000 0.000000 -1.000000
vn 0.000000 0.000000 -1.000000
vn 0.000000 0.000000 -1.000000
vn 0.000000 0.000000 -1.000000
vn 0.000000 0.000000 -1.000000
vn 0.000000 0.000000 -1.000000
vn 0.000000 0.000000 -1.000000
vn 0.000000 0.000000 -1.000000
vn 0.000000 0.000000 -1.000000
vn 0.000000 0.000000 -1.000000
vn 0.000000 0.000000 -1.000000
vn 0.000000 0.000000 -1.000000
vn 0.000000 0.000000 -1.000000
vn 0.000000 0.000000 -1.000000
vn 0.000000 0.000000 -1.000000
vn 0.000000 0.000000 -1.000000
vn 0.000000 0.000000 -1.000000
vn 0.000000 0.000000 -1.000000
vn 0.000000 0.000000 -1.000000
vn 0.000000 0.000000 -1.000000
vn 0.000000 0.000000 -1.000000
vn 0.000000 0.000000 -1.000000
vn 0.000000 0.000000 -1.000000
vn 0.000000 0.000000 -1.000000
vn 0.000000 0.000000 -1.000000
vn 0.000000 0.000000 -1.000000
vn 0.000000 0.000000 -1.000000
vn 0.000000 0.000000 -1.000000
vn 0.000000 0.000000 -1.000000
vn 0.000000 0.000000 -1.000000
vn 0.000000 0.000000 -1.000000
vn 0.000000 0.000000 -1.000000
vn 0.000000 0.000000 -1.000000
vn 0.000000 0.000000 -1.000000
vn 0.000000 0.000000 -1.000000
vn 0.000000 0.000000 -1.000000
vn 0.000000 0.000000 1.000000
vn 0.000000 0.000000 1.000000
vn 0.000000 0.000000 1.000000
vn 0.000000 0.000000 1.000000
vn 0.000000 0.000000 1.000000
vn 0.000000 0.000000 1.000000
vn 0.000000 0.000000 1.000000
vn 0.000000 0.000000 1.000000
vn 0.000000 0.000000 1.000000
vn 0.000000 0.000000 1.000000
vn 0.000000 0.000000 1.000000
vn 0.000000 0.000000 1.000000
vn 0.000000 0.000000 1.000000
vn 0.000000 0.000000 1.000000
vn 0.000000 0.000000 1.000000
vn 0.000000 0.000000 1.000000
vn 0.000000 0.000000 1.000000
vn 0.000000 0.000000 1.000000
vn 0.000000 0.000000 1.000000
vn 0.000000 0.000000 1.000000
vn 0.000000 0.000000 1.000000
vn 0.000000 0.000000 1.000000
vn 0.000000 0.000000 1.000000
vn 0.000000 0.000000 1.000000
vn 0.000000 0.000000 1.000000
vn 0.000000 0.000000 1.000000
vn 0.000000 0.000000 1.000000
vn 0.000000 0.000000 1.000000
vn 0.000000 0.000000 1.000000
vn 0.000000 0.000000 1.000000
vn 0.000000 0.000000 1.000000
vn 0.000000 0.000000 1.000000
vn 0.000000 0.000000 1.000000
vn 0.000000 0.000000 1.000000
vn 0.000000 0.000000 1.000000
vn 0.000000 0.000000 1.000000
vn 0.000000 0.000000 1.000000
vn 0.000000 0.000000 1.000000
vn 0.000000 0.000000 1.000000
vn 0.000000 0.000000 1.000000
vn 0.000000 0.000000 1.000000
vn 0.000000 0.000000 1.000000
vn 0.000000 0.000000 1.000000
vn 0.000000 0.000000 1.000000
vn 0.000000 0.000000 1.000000
vn 0.000000 0.000000 1.000000
vn 0.000000 0.000000 1.000000
vn 0.000000 0.000000 1.000000
vn 0.000000 0.000000 1.000000
vn 0.000000 0.000000 1.000000
vn 0.000000 0.000000 1.000000
vn 0.000000 0.000000 1.000000
vn 0.000000 0.000000 1.000000
vn 0.000000 0.000000 1.000000
vn 0.000000 0.000000 1.000000
vn 0.000000 0.000000 1.000000
vn 0.000000 0.000000 1.000000
vn 0.000000 0.000000 1.000000
vn 0.000000 0.000000 1.000000
vn 0.000000 0.000000 1.000000
vn 0.000000 0.000000 1.000000
vn 0.000000 0.000000 0.000000
vn 0.000000 0.000000 0.000000
vn 0.000000 0.000000 1.000000
vn 0.000000 0.000000 0.000000
vn -0.361179 -0.932497 0.000000
vn -0.361179 -0.932497 0.000000
vn 0.000000 0.000000 0.000000
vn 0.189280 0.312773 -0.930777
vn 0.189280 0.312773 -0.930777
vn 0.189280 0.312773 -0.930777
vn 0.189280 0.312773 -0.930777
vn -0.669198 -0.743084 0.000000
vn -0.669198 -0.743084 0.000000
vn -0.669198 -0.743084 0.000000
vn -0.669198 -0.743084 0.000000
vn 0.000000 0.000000 -1.000000
vn 0.000000 0.000000 -1.000000
vn 0.000000 0.000000 -1.000000
vn 0.000000 0.000000 -1.000000
vn 0.266115 0.963941 0.000000
vn 0.266115 0.963941 0.000000
vn 0.284986 0.958532 0.000000
vn 0.284986 0.958532 0.000000
vn 0.000000 0.000000 1.000000
vn 0.000000 0.000000 1.000000
vn 0.000000 0.000000 1.000000
vn 0.000000 0.000000 1.000000
vn -0.266115 -0.963941 0.000000
vn -0.266115 -0.963941 0.000000
vn -0.266115 -0.963941 0.000000
vn -0.266115 -0.963941 0.000000
vn 0.000000 0.000000 1.000000
vn 0.000000 0.000000 1.000000
vn 0.000000 0.000000 1.000000
vn 0.000000 0.000000 1.000000
vn -0.905225 -0.424932 -0.000001
vn -0.905225 -0.424932 -0.000001
vn -0.905225 -0.424932 -0.000001
vn -0.905225 -0.424932 -0.000001
vn 0.142665 -0.235745 -0.961286
vn 0.142665 -0.235745 -0.961286
vn 0.142665 -0.235745 -0.961286
vn 0.142665 -0.235745 -0.961286
vn 0.787296 0.616575 0.000000
vn 0.787296 0.616575 0.000000
vn 0.787296 0.616575 0.000000
vn 0.787296 0.616575 0.000000
vn 0.000000 0.000000 -1.000000
vn 0.000000 0.000000 -1.000000
vn 0.000000 0.000000 -1.000000
vn 0.000000 0.000000 -1.000000
vn 0.265801 0.964028 0.000001
vn 0.265801 0.964028 0.000001
vn 0.265801 0.964028 0.000001
vn 0.265801 0.964028 0.000001
vn 0.000000 0.000000 1.000000
vn 0.000000 0.000000 1.000000
vn 0.000000 0.000000 1.000000
vn 0.000000 0.000000 1.000000
vn -0.265801 -0.964028 0.000000
vn -0.265801 -0.964028 0.000000
vn -0.265801 -0.964028 0.000000
vn -0.265801 -0.964028 0.000000
vn 0.902186 -0.000001 -0.431347
vn 0.902187 -0.000001 -0.431346
vn 0.902186 -0.000001 -0.431347
vn 0.902186 -0.000001 -0.431347
vn 0.826251 0.000000 -0.563302
vn 0.612212 0.000000 -0.790694
vn 0.612212 0.000000 -0.790694
vn 0.826251 0.000000 -0.563302
vn 0.612212 0.000000 -0.790694
vn 0.327204 0.000000 -0.944954
vn 0.327204 0.000000 -0.944954
vn 0.612212 0.000000 -0.790694
vn 0.327204 0.000000 -0.944954
vn 0.000000 0.000000 -1.000000
vn 0.000000 0.000000 -1.000000
vn 0.327204 0.000000 -0.944954
vn 0.000000 0.000000 -1.000000
vn -0.327204 0.000000 -0.944954
vn -0.327204 0.000000 -0.944954
vn 0.000000 0.000000 -1.000000
vn -0.327204 0.000000 -0.944954
vn -0.612212 0.000000 -0.790694
vn -0.612212 0.000000 -0.790694
vn -0.327204 0.000000 -0.944954
vn -0.612212 0.000000 -0.790694
vn -0.826252 0.000000 -0.563301
vn -0.826252 0.000000 -0.563301
vn -0.612212 0.000000 -0.790694
vn -0.826252 0.000000 -0.563301
vn -0.956529 0.000000 -0.291636
vn -0.956529 0.000000 -0.291636
vn -0.826252 0.000000 -0.563301
vn -0.956529 0.000000 -0.291636
vn -1.000000 0.000000 0.000000
vn -1.000000 0.000000 0.000000
vn -0.956529 0.000000 -0.291636
vn -1.000000 0.000000 0.000000
vn -0.956529 0.000000 0.291637
vn -0.956529 0.000000 0.291637
vn -1.000000 0.000000 0.000000
vn -0.956529 0.000000 0.291637
vn -0.826251 0.000000 0.563302
vn -0.826251 0.000000 0.563302
vn -0.956529 0.000000 0.291637
vn -0.826251 0.000000 0.563302
vn -0.612212 0.000000 0.790694
vn -0.612212 0.000000 0.790694
vn -0.826251 0.000000 0.563302
vn -0.612212 0.000000 0.790694
vn -0.327204 0.000000 0.944954
vn -0.327204 0.000000 0.944954
vn -0.612212 0.000000 0.790694
vn -0.327204 0.000000 0.944954
vn 0.000000 0.000000 1.000000
vn 0.000000 0.000000 1.000000
vn -0.327204 0.000000 0.944954
vn 0.000000 0.000000 1.000000
vn 0.327204 0.000000 0.944954
vn 0.327204 0.000000 0.944954
vn 0.000000 0.000000 1.000000
vn 0.327204 0.000000 0.944954
vn 0.612212 0.000000 0.790694
vn 0.612212 0.000000 0.790694
vn 0.327204 0.000000 0.944954
vn 0.612212 0.000000 0.790694
vn 0.826251 0.000000 0.563302
vn 0.826251 0.000000 0.563302
vn 0.612212 0.000000 0.790694
vn 0.826251 0.000000 0.563302
vn 0.956529 0.000000 0.291637
vn 0.956529 0.000000 0.291637
vn 0.826251 0.000000 0.563302
vn 0.956529 0.000000 0.291637
vn 1.000000 0.000000 0.000001
vn 1.000000 0.000000 0.000001
vn 0.956529 0.000000 0.291637
vn 1.000000 0.000000 0.000001
vn 0.956530 0.000000 -0.291635
vn 0.956530 0.000000 -0.291635
vn 1.000000 0.000000 0.000001
vn 0.000000 -1.000000 0.000000
vn 0.000000 -1.000000 0.000000
vn 0.000000 -1.000000 0.000000
vn 0.000000 -1.000000 0.000000
vn 0.000000 -1.000000 0.000000
vn 0.000000 -1.000000 0.000000
vn 0.000000 -1.000000 0.000000
vn 0.000000 -1.000000 0.000000
vn 0.000000 -1.000000 0.000000
vn 0.000000 -1.000000 0.000000
vn 0.000000 -1.000000 0.000000
vn 0.000000 -1.000000 0.000000
vn 0.000000 -1.000000 0.000000
vn 0.000000 -1.000000 0.000000
vn 0.000000 -1.000000 0.000000
vn 0.000000 -1.000000 0.000000
vn 0.000000 -1.000000 0.000000
vn 0.000000 -1.000000 0.000000
vn 0.000000 -1.000000 0.000000
vn 0.000000 -1.000000 0.000000
vn 0.000000 -1.000000 0.000000
vn 0.000000 -1.000000 0.000000
vn 0.000000 -1.000000 0.000000
vn 0.000000 -1.000000 0.000000
vn 0.000000 -1.000000 0.000000
vn 0.000000 -1.000000 0.000000
vn 0.000000 -1.000000 0.000000
vn 0.000000 -1.000000 0.000000
vn 0.000000 -1.000000 0.000000
vn 0.000000 -1.000000 0.000000
vn 0.000000 -1.000000 0.000000
vn 0.000000 -1.000000 0.000000
vn 0.000000 -1.000000 0.000000
vn 0.000000 -1.000000 0.000000
vn 0.000000 -1.000000 0.000000
vn 0.000000 -1.000000 0.000000
vn 0.000000 -1.000000 0.000000
vn 0.000000 -1.000000 0.000000
vn 0.000000 -1.000000 0.000000
vn 0.000000 -1.000000 0.000000
vn 0.000000 -1.000000 0.000000
vn 0.000000 -1.000000 0.000000
vn 0.000000 -1.000000 0.000000
vn 0.000000 -1.000000 0.000000
vn 0.000000 -1.000000 0.000000
vn 0.000000 -1.000000 0.000000
vn 0.000000 -1.000000 0.000000
vn 0.000000 -1.000000 0.000000
vn 0.000000 -1.000000 0.000000
vn 0.000000 -1.000000 0.000000
vn 0.000000 -1.000000 0.000000
vn 0.000000 -1.000000 0.000000
vn 0.000000 -1.000000 0.000000
vn 0.000000 -1.000000 0.000000
vn 0.000000 -1.000000 0.000000
vn 0.000000 -1.000000 0.000000
vn 0.000000 -1.000000 0.000000
vn 0.000000 -1.000000 0.000000
vn 0.000000 -1.000000 0.000000
vn 0.000000 -1.000000 0.000000
vn 0.000000 1.000000 0.000000
vn 0.000000 1.000000 0.000000
vn 0.000000 1.000000 0.000000
vn 0.000000 1.000000 0.000000
vn 0.000000 1.000000 0.000000
vn 0.000000 1.000000 0.000000
vn 0.000000 1.000000 0.000000
vn 0.000000 1.000000 0.000000
vn 0.000000 1.000000 0.000000
vn 0.000000 1.000000 0.000000
vn 0.000000 1.000000 0.000000
vn 0.000000 1.000000 0.000000
vn 0.000000 1.000000 0.000000
vn 0.000000 1.000000 0.000000
vn 0.000000 1.000000 0.000000
vn 0.000000 1.000000 0.000000
vn 0.000000 1.000000 0.000000
vn 0.000000 1.000000 0.000000
vn 0.000000 1.000000 0.000000
vn 0.000000 1.000000 0.000000
vn 0.000000 1.000000 0.000000
vn 0.000000 1.000000 0.000000
vn 0.000000 1.000000 0.000000
vn 0.000000 1.000000 0.000000
vn 0.000000 1.000000 0.000000
vn 0.000000 1.000000 0.000000
vn 0.000000 1.000000 0.000000
vn 0.000000 1.000000 0.000000
vn 0.000000 1.000000 0.000000
vn 0.000000 1.000000 0.000000
vn 0.000000 1.000000 0.000000
vn 0.000000 1.000000 0.000000
vn 0.000000 1.000000 0.000000
vn 0.000000 1.000000 0.000000
vn 0.000000 1.000000 0.000000
vn 0.000000 1.000000 0.000000
vn 0.000000 1.000000 0.000000
vn 0.000000 1.000000 0.000000
vn 0.000000 1.000000 0.000000
vn 0.000000 1.000000 0.000000
vn 0.000000 1.000000 0.000000
vn 0.000000 1.000000 0.000000
vn 0.000000 1.000000 0.000000
vn 0.000000 1.000000 0.000000
vn 0.000000 1.000000 0.000000
vn 0.000000 1.000000 0.000000
vn 0.000000 1.000000 0.000000
vn 0.000000 1.000000 0.000000
vn 0.000000 1.000000 0.000000
vn 0.000000 1.000000 0.000000
vn 0.000000 1.000000 0.000000
vn 0.000000 1.000000 0.000000
vn 0.000000 1.000000 0.000000
vn 0.000000 1.000000 0.000000
vn 0.000000 1.000000 0.000000
vn 0.000000 1.000000 0.000000
vn 0.000000 1.000000 0.000000
vn 0.000000 1.000000 0.000000
vn 0.000000 1.000000 0.000000
vn 0.000000 1.000000 0.000000
vn 0.000000 0.000000 1.000000
vn 0.000000 0.000000 1.000000
vn 0.000000 0.000000 1.000000
vn 0.000000 0.000000 1.000000
vn 0.000000 1.000000 0.000000
vn 0.000000 1.000000 0.000000
vn 0.000000 1.000000 0.000000
vn 0.000000 1.000000 0.000000
vn 0.000000 0.000000 -1.000000
vn 0.000000 0.000000 -1.000000
vn 0.000000 0.000000 -1.000000
vn 0.000000 0.000000 -1.000000
vn 0.000000 -1.000000 0.000000
vn 0.000000 -1.000000 0.000000
vn 0.000000 -1.000000 0.000000
vn 0.000000 -1.000000 0.000000
vn 1.000000 0.000000 0.000000
vn 1.000000 0.000000 0.000000
vn 1.000000 0.000000 0.000000
vn 1.000000 0.000000 0.000000
vn -1.000000 0.000000 0.000000
vn -1.000000 0.000000 0.000000
vn -1.000000 0.000000 0.000000
vn -1.000000 0.000000 0.000000
vn 0.000000 0.000000 0.000000
vn 0.000000 0.000000 0.000000
vn 0.000000 0.000000 0.000000
vn 0.000000 0.000000 0.000000
vn 0.000000 0.000000 0.000000
vn 0.000000 0.000000 0.000000
vn 0.000000 0.000000 0.000000
vn 0.000000 0.000000 0.000000
vn 0.000000 0.000000 0.000000
vn 0.000000 0.000000 0.000000
vn -1.000000 0.000000 0.000000
vn -1.000000 0.000000 0.000000
vn -1.000000 0.000000 0.000000
vn -1.000000 0.000000 0.000000
vn 0.000000 0.000000 0.000000
vn 0.000000 0.000000 0.000000
vn 0.000000 0.000000 0.000000
vn 0.000000 0.000000 0.000000
vn 0.000000 0.000000 0.000000
vn 0.000000 0.000000 0.000000
vn 0.000000 0.000000 0.000000
vn 0.000000 0.000000 0.000000
vn 0.000000 0.000000 0.000000
vn 0.000000 0.000000 0.000000
vn 1.000000 0.000000 0.000000
vn 1.000000 0.000000 0.000000
vn 1.000000 0.000000 0.000000
vn 1.000000 0.000000 0.000000
vn 0.000000 -1.000000 0.000000
vn 0.000000 -1.000000 0.000000
vn 0.000000 -1.000000 0.000000
vn 0.000000 -1.000000 0.000000
vn 0.000000 0.000000 -1.000000
vn 0.000000 0.000000 -1.000000
vn 0.000000 0.000000 -1.000000
vn 0.000000 0.000000 -1.000000
vn 0.000000 1.000000 0.000000
vn 0.000000 1.000000 0.000000
vn 0.000000 1.000000 0.000000
vn 0.000000 1.000000 0.000000
vn 0.000000 0.000000 1.000000
vn 0.000000 0.000000 1.000000
vn 0.000000 0.000000 1.000000
vn 0.000000 0.000000 1.000000
vn 0.902099 0.000000 -0.431530
vn 0.902099 0.000000 -0.431530
vn 0.902099 0.000000 -0.431530
vn 0.902099 0.000000 -0.431530
vn 0.826116 0.000000 -0.563500
vn 0.612014 0.000000 -0.790847
vn 0.612014 0.000000 -0.790847
vn 0.826116 0.000000 -0.563500
vn 0.612014 0.000000 -0.790847
vn 0.327053 0.000000 -0.945006
vn 0.327053 0.000000 -0.945006
vn 0.612014 0.000000 -0.790847
vn 0.327053 0.000000 -0.945006
vn 0.000000 0.000000 -1.000000
vn 0.000000 0.000000 -1.000000
vn 0.327053 0.000000 -0.945006
vn 0.000000 0.000000 -1.000000
vn -0.327053 0.000000 -0.945006
vn -0.327053 0.000000 -0.945006
vn 0.000000 0.000000 -1.000000
vn -0.327053 0.000000 -0.945006
vn -0.612014 0.000000 -0.790847
vn -0.612014 0.000000 -0.790847
vn -0.327053 0.000000 -0.945006
vn -0.612014 0.000000 -0.790847
vn -0.826116 0.000000 -0.563500
vn -0.826116 0.000000 -0.563500
vn -0.612014 0.000000 -0.790847
vn -0.826116 0.000000 -0.563500
vn -0.956487 0.000000 -0.291774
vn -0.956487 0.000000 -0.291774
vn -0.826116 0.000000 -0.563500
vn -0.956487 0.000000 -0.291774
vn -1.000000 0.000000 0.000000
vn -1.000000 0.000000 0.000000
vn -0.956487 0.000000 -0.291774
vn -1.000000 0.000000 0.000000
vn -0.956487 0.000000 0.291774
vn -0.956487 0.000000 0.291774
vn -1.000000 0.000000 0.000000
vn -0.956487 0.000000 0.291774
vn -0.826116 0.000000 0.563500
vn -0.826116 0.000000 0.563500
vn -0.956487 0.000000 0.291774
vn -0.826116 0.000000 0.563500
vn -0.612014 0.000000 0.790847
vn -0.612014 0.000000 0.790847
vn -0.826116 0.000000 0.563500
vn -0.612014 0.000000 0.790847
vn -0.327053 0.000000 0.945006
vn -0.327053 0.000000 0.945006
vn -0.612014 0.000000 0.790847
vn -0.327053 0.000000 0.945006
vn 0.000000 0.000000 1.000000
vn 0.000000 0.000000 1.000000
vn -0.327053 0.000000 0.945006
vn 0.000000 0.000000 1.000000
vn 0.327053 0.000000 0.945006
vn 0.327053 0.000000 0.945006
vn 0.000000 0.000000 1.000000
vn 0.327053 0.000000 0.945006
vn 0.612014 0.000000 0.790847
vn 0.612014 0.000000 0.790847
vn 0.327053 0.000000 0.945006
vn 0.612014 0.000000 0.790847
vn 0.826116 0.000000 0.563500
vn 0.826116 0.000000 0.563500
vn 0.612014 0.000000 0.790847
vn 0.826116 0.000000 0.563500
vn 0.956487 0.000000 0.291774
vn 0.956487 0.000000 0.291774
vn 0.826116 0.000000 0.563500
vn 0.956487 0.000000 0.291774
vn 1.000000 0.000000 0.000001
vn 1.000000 0.000000 0.000001
vn 0.956487 0.000000 0.291774
vn 1.000000 0.000000 0.000001
vn 0.956488 0.000000 -0.291773
vn 0.956488 0.000000 -0.291773
vn 1.000000 0.000000 0.000001
vn 0.000000 -1.000000 0.000000
vn 0.000000 -1.000000 0.000000
vn 0.000000 -1.000000 0.000000
vn 0.000000 -1.000000 0.000000
vn 0.000000 -1.000000 0.000000
vn 0.000000 -1.000000 0.000000
vn 0.000000 -1.000000 0.000000
vn 0.000000 -1.000000 0.000000
vn 0.000000 -1.000000 0.000000
vn 0.000000 -1.000000 0.000000
vn 0.000000 -1.000000 0.000000
vn 0.000000 -1.000000 0.000000
vn 0.000000 -1.000000 0.000000
vn 0.000000 -1.000000 0.000000
vn 0.000000 -1.000000 0.000000
vn 0.000000 -1.000000 0.000000
vn 0.000000 -1.000000 0.000000
vn 0.000000 -1.000000 0.000000
vn 0.000000 -1.000000 0.000000
vn 0.000000 -1.000000 0.000000
vn 0.000000 -1.000000 0.000000
vn 0.000000 -1.000000 0.000000
vn 0.000000 -1.000000 0.000000
vn 0.000000 -1.000000 0.000000
vn 0.000000 -1.000000 0.000000
vn 0.000000 -1.000000 0.000000
vn 0.000000 -1.000000 0.000000
vn 0.000000 -1.000000 0.000000
vn 0.000000 -1.000000 0.000000
vn 0.000000 -1.000000 0.000000
vn 0.000000 -1.000000 0.000000
vn 0.000000 -1.000000 0.000000
vn 0.000000 -1.000000 0.000000
vn 0.000000 -1.000000 0.000000
vn 0.000000 -1.000000 0.000000
vn 0.000000 -1.000000 0.000000
vn 0.000000 -1.000000 0.000000
vn 0.000000 -1.000000 0.000000
vn 0.000000 -1.000000 0.000000
vn 0.000000 -1.000000 0.000000
vn 0.000000 -1.000000 0.000000
vn 0.000000 -1.000000 0.000000
vn 0.000000 -1.000000 0.000000
vn 0.000000 -1.000000 0.000000
vn 0.000000 -1.000000 0.000000
vn 0.000000 -1.000000 0.000000
vn 0.000000 -1.000000 0.000000
vn 0.000000 -1.000000 0.000000
vn 0.000000 -1.000000 0.000000
vn 0.000000 -1.000000 0.000000
vn 0.000000 -1.000000 0.000000
vn 0.000000 -1.000000 0.000000
vn 0.000000 -1.000000 0.000000
vn 0.000000 -1.000000 0.000000
vn 0.000000 -1.000000 0.000000
vn 0.000000 -1.000000 0.000000
vn 0.000000 -1.000000 0.000000
vn 0.000000 -1.000000 0.000000
vn 0.000000 -1.000000 0.000000
vn 0.000000 -1.000000 0.000000
vn -0.000001 1.000000 0.000000
vn -0.000001 1.000000 0.000000
vn 0.000000 1.000000 0.000000
vn -0.000001 1.000000 0.000000
vn 0.000000 1.000000 0.000000
vn 0.000000 1.000000 0.000000
vn 0.000000 1.000000 0.000000
vn 0.000000 1.000000 0.000000
vn 0.000000 1.000000 0.000000
vn 0.000000 1.000000 0.000000
vn 0.000000 1.000000 0.000001
vn 0.000000 1.000000 0.000000
vn 0.000000 1.000000 0.000001
vn 0.000000 1.000000 0.000001
vn 0.000000 1.000000 0.000000
vn 0.000000 1.000000 0.000001
vn 0.000000 1.000000 0.000000
vn 0.000000 1.000000 0.000000
vn 0.000000 1.000000 0.000000
vn 0.000001 1.000000 0.000001
vn 0.000000 1.000000 0.000000
vn 0.000001 1.000000 0.000001
vn 0.000001 1.000000 0.000001
vn 0.000000 1.000000 0.000000
vn 0.000001 1.000000 0.000001
vn 0.000001 1.000000 0.000000
vn 0.000000 1.000000 0.000000
vn 0.000001 1.000000 0.000000
vn 0.000001 1.000000 -0.000001
vn 0.000000 1.000000 0.000000
vn 0.000001 1.000000 -0.000001
vn 0.000001 1.000000 -0.000001
vn 0.000000 1.000000 0.000000
vn 0.000001 1.000000 -0.000001
vn 0.000000 1.000000 -0.000001
vn 0.000000 1.000000 0.000000
vn 0.000000 1.000000 -0.000001
vn 0.000000 1.000000 -0.000001
vn 0.000000 1.000000 0.000000
vn 0.000000 1.000000 -0.000001
vn 0.000000 1.000000 -0.000001
vn 0.000000 1.000000 0.000000
vn 0.000000 1.000000 -0.000001
vn 0.000000 1.000000 -0.000001
vn 0.000000 1.000000 0.000000
vn 0.000000 1.000000 -0.000001
vn 0.000000 1.000000 0.000000
vn 0.000000 1.000000 0.000000
vn 0.000000 1.000000 0.000000
vn -0.000001 1.000000 -0.000001
vn 0.000000 1.000000 0.000000
vn -0.000001 1.000000 -0.000001
vn -0.000001 1.000000 -0.000001
vn 0.000000 1.000000 0.000000
vn -0.000001 1.000000 -0.000001
vn -0.000001 1.000000 0.000000
vn 0.000000 1.000000 0.000000
vn -0.000001 1.000000 0.000000
vn -0.000001 1.000000 0.000000
vn 0.000000 1.000000 0.000000
vn 0.902097 0.000000 -0.431533
vn 0.902097 0.000000 -0.431533
vn 0.902097 0.000000 -0.431533
vn 0.902097 0.000000 -0.431533
vn 0.826116 0.000000 -0.563500
vn 0.612014 0.000000 -0.790847
vn 0.612014 0.000000 -0.790847
vn 0.826116 0.000000 -0.563500
vn 0.612014 0.000000 -0.790847
vn 0.327053 0.000000 -0.945006
vn 0.327053 0.000000 -0.945006
vn 0.612014 0.000000 -0.790847
vn 0.327053 0.000000 -0.945006
vn 0.000000 0.000000 -1.000000
vn 0.000000 0.000000 -1.000000
vn 0.327053 0.000000 -0.945006
vn 0.000000 0.000000 -1.000000
vn -0.327053 0.000000 -0.945006
vn -0.327053 0.000000 -0.945006
vn 0.000000 0.000000 -1.000000
vn -0.327053 0.000000 -0.945006
vn -0.612014 0.000000 -0.790847
vn -0.612014 0.000000 -0.790847
vn -0.327053 0.000000 -0.945006
vn -0.612014 0.000000 -0.790847
vn -0.826116 0.000000 -0.563500
vn -0.826116 0.000000 -0.563500
vn -0.612014 0.000000 -0.790847
vn -0.826116 0.000000 -0.563500
vn -0.956487 0.000000 -0.291774
vn -0.956487 0.000000 -0.291774
vn -0.826116 0.000000 -0.563500
vn -0.956487 0.000000 -0.291774
vn -1.000000 0.000000 0.000000
vn -1.000000 0.000000 0.000000
vn -0.956487 0.000000 -0.291774
vn -1.000000 0.000000 0.000000
vn -0.956487 0.000000 0.291774
vn -0.956487 0.000000 0.291774
vn -1.000000 0.000000 0.000000
vn -0.956487 0.000000 0.291774
vn -0.826116 0.000000 0.563500
vn -0.826116 0.000000 0.563500
vn -0.956487 0.000000 0.291774
vn -0.826116 0.000000 0.563500
vn -0.612014 0.000000 0.790847
vn -0.612014 0.000000 0.790847
vn -0.826116 0.000000 0.563500
vn -0.612014 0.000000 0.790847
vn -0.327053 0.000000 0.945006
vn -0.327053 0.000000 0.945006
vn -0.612014 0.000000 0.790847
vn -0.327053 0.000000 0.945006
vn 0.000000 0.000000 1.000000
vn 0.000000 0.000000 1.000000
vn -0.327053 0.000000 0.945006
vn 0.000000 0.000000 1.000000
vn 0.327053 0.000000 0.945006
vn 0.327053 0.000000 0.945006
vn 0.000000 0.000000 1.000000
vn 0.327053 0.000000 0.945006
vn 0.612014 0.000000 0.790847
vn 0.612014 0.000000 0.790847
vn 0.327053 0.000000 0.945006
vn 0.612014 0.000000 0.790847
vn 0.826116 0.000000 0.563500
vn 0.826116 0.000000 0.563500
vn 0.612014 0.000000 0.790847
vn 0.826116 0.000000 0.563500
vn 0.956487 0.000000 0.291774
vn 0.956487 0.000000 0.291774
vn 0.826116 0.000000 0.563500
vn 0.956487 0.000000 0.291774
vn 1.000000 0.000000 0.000001
vn 1.000000 0.000000 0.000001
vn 0.956487 0.000000 0.291774
vn 1.000000 0.000000 0.000001
vn 0.956488 0.000000 -0.291773
vn 0.956488 0.000000 -0.291773
vn 1.000000 0.000000 0.000001
vn 0.000000 -1.000000 0.000000
vn 0.000000 -1.000000 0.000000
vn 0.000000 -1.000000 0.000000
vn 0.000000 -1.000000 0.000000
vn 0.000000 -1.000000 0.000000
vn 0.000000 -1.000000 0.000000
vn 0.000000 -1.000000 0.000000
vn 0.000000 -1.000000 0.000000
vn 0.000000 -1.000000 0.000000
vn 0.000000 -1.000000 0.000000
vn 0.000000 -1.000000 0.000000
vn 0.000000 -1.000000 0.000000
vn 0.000000 -1.000000 0.000000
vn 0.000000 -1.000000 0.000000
vn 0.000000 -1.000000 0.000000
vn 0.000000 -1.000000 0.000000
vn 0.000000 -1.000000 0.000000
vn 0.000000 -1.000000 0.000000
vn 0.000000 -1.000000 0.000000
vn 0.000000 -1.000000 0.000000
vn 0.000000 -1.000000 0.000000
vn 0.000000 -1.000000 0.000000
vn 0.000000 -1.000000 0.000000
vn 0.000000 -1.000000 0.000000
vn 0.000000 -1.000000 0.000000
vn 0.000000 -1.000000 0.000000
vn 0.000000 -1.000000 0.000000
vn 0.000000 -1.000000 0.000000
vn 0.000000 -1.000000 0.000000
vn 0.000000 -1.000000 0.000000
vn 0.000000 -1.000000 0.000000
vn 0.000000 -1.000000 0.000000
vn 0.000000 -1.000000 0.000000
vn 0.000000 -1.000000 0.000000
vn 0.000000 -1.000000 0.000000
vn 0.000000 -1.000000 0.000000
vn 0.000000 -1.000000 0.000000
vn 0.000000 -1.000000 0.000000
vn 0.000000 -1.000000 0.000000
vn 0.000000 -1.000000 0.000000
vn 0.000000 -1.000000 0.000000
vn 0.000000 -1.000000 0.000000
vn 0.000000 -1.000000 0.000000
vn 0.000000 -1.000000 0.000000
vn 0.000000 -1.000000 0.000000
vn 0.000000 -1.000000 0.000000
vn 0.000000 -1.000000 0.000000
vn 0.000000 -1.000000 0.000000
vn 0.000000 -1.000000 0.000000
vn 0.000000 -1.000000 0.000000
vn 0.000000 -1.000000 0.000000
vn 0.000000 -1.000000 0.000000
vn 0.000000 -1.000000 0.000000
vn 0.000000 -1.000000 0.000000
vn 0.000000 -1.000000 0.000000
vn 0.000000 -1.000000 0.000000
vn 0.000000 -1.000000 0.000000
vn 0.000000 -1.000000 0.000000
vn 0.000000 -1.000000 0.000000
vn 0.000000 -1.000000 0.000000
vn 0.000000 1.000000 0.000000
vn 0.000000 1.000000 0.000000
vn 0.000000 1.000000 0.000000
vn 0.000000 1.000000 0.000000
vn 0.000000 1.000000 0.000000
vn 0.000000 1.000000 0.000000
vn 0.000000 1.000000 0.000000
vn 0.000000 1.000000 0.000000
vn 0.000000 1.000000 0.000000
vn 0.000000 1.000000 0.000000
vn 0.000000 1.000000 0.000000
vn 0.000000 1.000000 0.000000
vn 0.000000 1.000000 0.000000
vn 0.000000 1.000000 0.000000
vn 0.000000 1.000000 0.000000
vn 0.000000 1.000000 0.000000
vn 0.000000 1.000000 0.000000
vn 0.000000 1.000000 0.000000
vn 0.000000 1.000000 0.000000
vn 0.000000 1.000000 0.000000
vn 0.000000 1.000000 0.000000
vn 0.000000 1.000000 0.000000
vn 0.000000 1.000000 0.000000
vn 0.000000 1.000000 0.000000
vn 0.000000 1.000000 0.000000
vn 0.000000 1.000000 0.000000
vn 0.000000 1.000000 0.000000
vn 0.000000 1.000000 0.000000
vn 0.000000 1.000000 0.000000
vn 0.000000 1.000000 0.000000
vn 0.000000 1.000000 0.000000
vn 0.000000 1.000000 0.000000
vn 0.000000 1.000000 0.000000
vn 0.000000 1.000000 0.000000
vn 0.000000 1.000000 0.000000
vn 0.000000 1.000000 0.000000
vn 0.000000 1.000000 0.000000
vn 0.000000 1.000000 0.000000
vn 0.000000 1.000000 0.000000
vn 0.000000 1.000000 0.000000
vn 0.000000 1.000000 0.000000
vn 0.000000 1.000000 0.000000
vn 0.000000 1.000000 0.000000
vn 0.000000 1.000000 0.000000
vn 0.000000 1.000000 0.000000
vn 0.000000 1.000000 0.000000
vn 0.000000 1.000000 0.000000
vn 0.000000 1.000000 0.000000
vn 0.000000 1.000000 0.000000
vn 0.000000 1.000000 0.000000
vn 0.000000 1.000000 0.000000
vn 0.000000 1.000000 0.000000
vn 0.000000 1.000000 0.000000
vn 0.000000 1.000000 0.000000
vn 0.000000 1.000000 0.000000
vn 0.000000 1.000000 0.000000
vn 0.000000 1.000000 0.000000
vn 0.000000 1.000000 0.000000
vn 0.000000 1.000000 0.000000
vn 0.000000 1.000000 0.000000
vn 0.902097 0.431533 0.000000
vn 0.902097 0.431533 0.000000
vn 0.902097 0.431533 0.000000
vn 0.902097 0.431533 0.000000
vn 0.826116 0.563500 0.000000
vn 0.612014 0.790847 0.000000
vn 0.612014 0.790847 0.000000
vn 0.826116 0.563500 0.000000
vn 0.612014 0.790847 0.000000
vn 0.327053 0.945006 0.000000
vn 0.327053 0.945006 0.000000
vn 0.612014 0.790847 0.000000
vn 0.327053 0.945006 0.000000
vn 0.000000 1.000000 0.000000
vn 0.000000 1.000000 0.000000
vn 0.327053 0.945006 0.000000
vn 0.000000 1.000000 0.000000
vn -0.327053 0.945006 0.000000
vn -0.327053 0.945006 0.000000
vn 0.000000 1.000000 0.000000
vn -0.327053 0.945006 0.000000
vn -0.612014 0.790847 0.000000
vn -0.612014 0.790847 0.000000
vn -0.327053 0.945006 0.000000
vn -0.612014 0.790847 0.000000
vn -0.826116 0.563500 0.000000
vn -0.826116 0.563500 0.000000
vn -0.612014 0.790847 0.000000
vn -0.826116 0.563500 0.000000
vn -0.956487 0.291774 0.000000
vn -0.956487 0.291774 0.000000
vn -0.826116 0.563500 0.000000
vn -0.956487 0.291774 0.000000
vn -1.000000 0.000000 0.000000
vn -1.000000 0.000000 0.000000
vn -0.956487 0.291774 0.000000
vn -1.000000 0.000000 0.000000
vn -0.956487 -0.291774 0.000000
vn -0.956487 -0.291774 0.000000
vn -1.000000 0.000000 0.000000
vn -0.956487 -0.291774 0.000000
vn -0.826116 -0.563500 0.000000
vn -0.826116 -0.563500 0.000000
vn -0.956487 -0.291774 0.000000
vn -0.826116 -0.563500 0.000000
vn -0.612014 -0.790847 0.000000
vn -0.612014 -0.790847 0.000000
vn -0.826116 -0.563500 0.000000
vn -0.612014 -0.790847 0.000000
vn -0.327053 -0.945006 0.000000
vn -0.327053 -0.945006 0.000000
vn -0.612014 -0.790847 0.000000
vn -0.327053 -0.945006 0.000000
vn 0.000000 -1.000000 0.000000
vn 0.000000 -1.000000 0.000000
vn -0.327053 -0.945006 0.000000
vn 0.000000 -1.000000 0.000000
vn 0.327053 -0.945006 0.000000
vn 0.327053 -0.945006 0.000000
vn 0.000000 -1.000000 0.000000
vn 0.327053 -0.945006 0.000000
vn 0.612014 -0.790847 0.000000
vn 0.612014 -0.790847 0.000000
vn 0.327053 -0.945006 0.000000
vn 0.612014 -0.790847 0.000000
vn 0.826116 -0.563500 0.000000
vn 0.826116 -0.563500 0.000000
vn 0.612014 -0.790847 0.000000
vn 0.826116 -0.563500 0.000000
vn 0.956487 -0.291774 0.000000
vn 0.956487 -0.291774 0.000000
vn 0.826116 -0.563500 0.000000
vn 0.956487 -0.291774 0.000000
vn 1.000000 -0.000001 0.000000
vn 1.000000 -0.000001 0.000000
vn 0.956487 -0.291774 0.000000
vn 1.000000 -0.000001 0.000000
vn 0.956488 0.291773 0.000000
vn 0.956488 0.291773 0.000000
vn 1.000000 -0.000001 0.000000
vn 0.000000 0.000000 -1.000000
vn 0.000000 0.000000 -1.000000
vn 0.000000 0.000000 -1.000000
vn 0.000000 0.000000 -1.000000
vn 0.000000 0.000000 -1.000000
vn 0.000000 0.000000 -1.000000
vn 0.000000 0.000000 -1.000000
vn 0.000000 0.000000 -1.000000
vn 0.000000 0.000000 -1.000000
vn 0.000000 0.000000 -1.000000
vn 0.000000 0.000000 -1.000000
vn 0.000000 0.000000 -1.000000
vn 0.000000 0.000000 -1.000000
vn 0.000000 0.000000 -1.000000
vn 0.000000 0.000000 -1.000000
vn 0.000000 0.000000 -1.000000
vn 0.000000 0.000000 -1.000000
vn 0.000000 0.000000 -1.000000
vn 0.000000 0.000000 -1.000000
vn 0.000000 0.000000 -1.000000
vn 0.000000 0.000000 -1.000000
vn 0.000000 0.000000 -1.000000
vn 0.000000 0.000000 -1.000000
vn 0.000000 0.000000 -1.000000
vn 0.000000 0.000000 -1.000000
vn 0.000000 0.000000 -1.000000
vn 0.000000 0.000000 -1.000000
vn 0.000000 0.000000 -1.000000
vn 0.000000 0.000000 -1.000000
vn 0.000000 0.000000 -1.000000
vn 0.000000 0.000000 -1.000000
vn 0.000000 0.000000 -1.000000
vn 0.000000 0.000000 -1.000000
vn 0.000000 0.000000 -1.000000
vn 0.000000 0.000000 -1.000000
vn 0.000000 0.000000 -1.000000
vn 0.000000 0.000000 -1.000000
vn 0.000000 0.000000 -1.000000
vn 0.000000 0.000000 -1.000000
vn 0.000000 0.000000 -1.000000
vn 0.000000 0.000000 -1.000000
vn 0.000000 0.000000 -1.000000
vn 0.000000 0.000000 -1.000000
vn 0.000000 0.000000 -1.000000
vn 0.000000 0.000000 -1.000000
vn 0.000000 0.000000 -1.000000
vn 0.000000 0.000000 -1.000000
vn 0.000000 0.000000 -1.000000
vn 0.000000 0.000000 -1.000000
vn 0.000000 0.000000 -1.000000
vn 0.000000 0.000000 -1.000000
vn 0.000000 0.000000 -1.000000
vn 0.000000 0.000000 -1.000000
vn 0.000000 0.000000 -1.000000
vn 0.000000 0.000000 -1.000000
vn 0.000000 0.000000 -1.000000
vn 0.000000 0.000000 -1.000000
vn 0.000000 0.000000 -1.000000
vn 0.000000 0.000000 -1.000000
vn 0.000000 0.000000 -1.000000
vn -0.000001 0.000000 1.000000
vn -0.000001 0.000000 1.000000
vn 0.000000 0.000000 1.000000
vn -0.000001 0.000000 1.000000
vn 0.000000 0.000000 1.000000
vn 0.000000 0.000000 1.000000
vn 0.000000 0.000000 1.000000
vn 0.000000 0.000000 1.000000
vn 0.000000 0.000000 1.000000
vn 0.000000 0.000000 1.000000
vn 0.000000 -0.000001 1.000000
vn 0.000000 0.000000 1.000000
vn 0.000000 -0.000001 1.000000
vn 0.000000 -0.000001 1.000000
vn 0.000000 0.000000 1.000000
vn 0.000000 -0.000001 1.000000
vn 0.000000 0.000000 1.000000
vn 0.000000 0.000000 1.000000
vn 0.000000 0.000000 1.000000
vn 0.000001 -0.000001 1.000000
vn 0.000000 0.000000 1.000000
vn 0.000001 -0.000001 1.000000
vn 0.000001 -0.000001 1.000000
vn 0.000000 0.000000 1.000000
vn 0.000001 -0.000001 1.000000
vn 0.000001 0.000000 1.000000
vn 0.000000 0.000000 1.000000
vn 0.000001 0.000000 1.000000
vn 0.000001 0.000001 1.000000
vn 0.000000 0.000000 1.000000
vn 0.000001 0.000001 1.000000
vn 0.000001 0.000001 1.000000
vn 0.000000 0.000000 1.000000
vn 0.000001 0.000001 1.000000
vn 0.000000 0.000001 1.000000
vn 0.000000 0.000000 1.000000
vn 0.000000 0.000001 1.000000
vn 0.000000 0.000001 1.000000
vn 0.000000 0.000000 1.000000
vn 0.000000 0.000001 1.000000
vn 0.000000 0.000001 1.000000
vn 0.000000 0.000000 1.000000
vn 0.000000 0.000001 1.000000
vn 0.000000 0.000001 1.000000
vn 0.000000 0.000000 1.000000
vn 0.000000 0.000001 1.000000
vn 0.000000 0.000000 1.000000
vn 0.000000 0.000000 1.000000
vn 0.000000 0.000000 1.000000
vn -0.000001 0.000001 1.000000
vn 0.000000 0.000000 1.000000
vn -0.000001 0.000001 1.000000
vn -0.000001 0.000001 1.000000
vn 0.000000 0.000000 1.000000
vn -0.000001 0.000001 1.000000
vn -0.000001 0.000000 1.000000
vn 0.000000 0.000000 1.000000
vn -0.000001 0.000000 1.000000
vn -0.000001 0.000000 1.000000
vn 0.000000 0.000000 1.000000
vn 0.902097 0.431533 0.000000
vn 0.902097 0.431533 0.000000
vn 0.902097 0.431533 0.000000
vn 0.902097 0.431533 0.000000
vn 0.826116 0.563500 0.000000
vn 0.612014 0.790847 0.000000
vn 0.612014 0.790847 0.000000
vn 0.826116 0.563500 0.000000
vn 0.612014 0.790847 0.000000
vn 0.327053 0.945006 0.000000
vn 0.327053 0.945006 0.000000
vn 0.612014 0.790847 0.000000
vn 0.327053 0.945006 0.000000
vn 0.000000 1.000000 0.000000
vn 0.000000 1.000000 0.000000
vn 0.327053 0.945006 0.000000
vn 0.000000 1.000000 0.000000
vn -0.327053 0.945006 0.000000
vn -0.327053 0.945006 0.000000
vn 0.000000 1.000000 0.000000
vn -0.327053 0.945006 0.000000
vn -0.612014 0.790847 0.000000
vn -0.612014 0.790847 0.000000
vn -0.327053 0.945006 0.000000
vn -0.612014 0.790847 0.000000
vn -0.826116 0.563500 0.000000
vn -0.826116 0.563500 0.000000
vn -0.612014 0.790847 0.000000
vn -0.826116 0.563500 0.000000
vn -0.956487 0.291774 0.000000
vn -0.956487 0.291774 0.000000
vn -0.826116 0.563500 0.000000
vn -0.956487 0.291774 0.000000
vn -1.000000 0.000000 0.000000
vn -1.000000 0.000000 0.000000
vn -0.956487 0.291774 0.000000
vn -1.000000 0.000000 0.000000
vn -0.956487 -0.291774 0.000000
vn -0.956487 -0.291774 0.000000
vn -1.000000 0.000000 0.000000
vn -0.956487 -0.291774 0.000000
vn -0.826116 -0.563500 0.000000
vn -0.826116 -0.563500 0.000000
vn -0.956487 -0.291774 0.000000
vn -0.826116 -0.563500 0.000000
vn -0.612014 -0.790847 0.000000
vn -0.612014 -0.790847 0.000000
vn -0.826116 -0.563500 0.000000
vn -0.612014 -0.790847 0.000000
vn -0.327053 -0.945006 0.000000
vn -0.327053 -0.945006 0.000000
vn -0.612014 -0.790847 0.000000
vn -0.327053 -0.945006 0.000000
vn 0.000000 -1.000000 0.000000
vn 0.000000 -1.000000 0.000000
vn -0.327053 -0.945006 0.000000
vn 0.000000 -1.000000 0.000000
vn 0.327053 -0.945006 0.000000
vn 0.327053 -0.945006 0.000000
vn 0.000000 -1.000000 0.000000
vn 0.327053 -0.945006 0.000000
vn 0.612014 -0.790847 0.000000
vn 0.612014 -0.790847 0.000000
vn 0.327053 -0.945006 0.000000
vn 0.612014 -0.790847 0.000000
vn 0.826116 -0.563500 0.000000
vn 0.826116 -0.563500 0.000000
vn 0.612014 -0.790847 0.000000
vn 0.826116 -0.563500 0.000000
vn 0.956487 -0.291774 0.000000
vn 0.956487 -0.291774 0.000000
vn 0.826116 -0.563500 0.000000
vn 0.956487 -0.291774 0.000000
vn 1.000000 -0.000001 0.000000
vn 1.000000 -0.000001 0.000000
vn 0.956487 -0.291774 0.000000
vn 1.000000 -0.000001 0.000000
vn 0.956488 0.291773 0.000000
vn 0.956488 0.291773 0.000000
vn 1.000000 -0.000001 0.000000
vn 0.000000 0.000000 -1.000000
vn 0.000000 0.000000 -1.000000
vn 0.000000 0.000000 -1.000000
vn 0.000000 0.000000 -1.000000
vn 0.000000 0.000000 -1.000000
vn 0.000000 0.000000 -1.000000
vn 0.000000 0.000000 -1.000000
vn 0.000000 0.000000 -1.000000
vn 0.000000 0.000000 -1.000000
vn 0.000000 0.000000 -1.000000
vn 0.000000 0.000000 -1.000000
vn 0.000000 0.000000 -1.000000
vn 0.000000 0.000000 -1.000000
vn 0.000000 0.000000 -1.000000
vn 0.000000 0.000000 -1.000000
vn 0.000000 0.000000 -1.000000
vn 0.000000 0.000000 -1.000000
vn 0.000000 0.000000 -1.000000
vn 0.000000 0.000000 -1.000000
vn 0.000000 0.000000 -1.000000
vn 0.000000 0.000000 -1.000000
vn 0.000000 0.000000 -1.000000
vn 0.000000 0.000000 -1.000000
vn 0.000000 0.000000 -1.000000
vn 0.000000 0.000000 -1.000000
vn 0.000000 0.000000 -1.000000
vn 0.000000 0.000000 -1.000000
vn 0.000000 0.000000 -1.000000
vn 0.000000 0.000000 -1.000000
vn 0.000000 0.000000 -1.000000
vn 0.000000 0.000000 -1.000000
vn 0.000000 0.000000 -1.000000
vn 0.000000 0.000000 -1.000000
vn 0.000000 0.000000 -1.000000
vn 0.000000 0.000000 -1.000000
vn 0.000000 0.000000 -1.000000
vn 0.000000 0.000000 -1.000000
vn 0.000000 0.000000 -1.000000
vn 0.000000 0.000000 -1.000000
vn 0.000000 0.000000 -1.000000
vn 0.000000 0.000000 -1.000000
vn 0.000000 0.000000 -1.000000
vn 0.000000 0.000000 -1.000000
vn 0.000000 0.000000 -1.000000
vn 0.000000 0.000000 -1.000000
vn 0.000000 0.000000 -1.000000
vn 0.000000 0.000000 -1.000000
vn 0.000000 0.000000 -1.000000
vn 0.000000 0.000000 -1.000000
vn 0.000000 0.000000 -1.000000
vn 0.000000 0.000000 -1.000000
vn 0.000000 0.000000 -1.000000
vn 0.000000 0.000000 -1.000000
vn 0.000000 0.000000 -1.000000
vn 0.000000 0.000000 -1.000000
vn 0.000000 0.000000 -1.000000
vn 0.000000 0.000000 -1.000000
vn 0.000000 0.000000 -1.000000
vn 0.000000 0.000000 -1.000000
vn 0.000000 0.000000 -1.000000
vn -0.000002 0.000000 1.000000
vn -0.000002 0.000000 1.000000
vn 0.000000 0.000000 1.000000
vn -0.000002 0.000000 1.000000
vn -0.000001 0.000000 1.000000
vn 0.000000 0.000000 1.000000
vn -0.000001 0.000000 1.000000
vn -0.000001 -0.000001 1.000000
vn 0.000000 0.000000 1.000000
vn -0.000001 -0.000001 1.000000
vn 0.000000 -0.000002 1.000000
vn 0.000000 0.000000 1.000000
vn 0.000000 -0.000002 1.000000
vn 0.000001 -0.000002 1.000000
vn 0.000000 0.000000 1.000000
vn 0.000001 -0.000002 1.000000
vn 0.000001 -0.000001 1.000000
vn 0.000000 0.000000 1.000000
vn 0.000001 -0.000001 1.000000
vn 0.000002 -0.000002 1.000000
vn 0.000000 0.000000 1.000000
vn 0.000002 -0.000002 1.000000
vn 0.000002 -0.000002 1.000000
vn 0.000000 0.000000 1.000000
vn 0.000002 -0.000002 1.000000
vn 0.000002 0.000000 1.000000
vn 0.000000 0.000000 1.000000
vn 0.000002 0.000000 1.000000
vn 0.000002 0.000002 1.000000
vn 0.000000 0.000000 1.000000
vn 0.000002 0.000002 1.000000
vn 0.000002 0.000002 1.000000
vn 0.000000 0.000000 1.000000
vn 0.000002 0.000002 1.000000
vn 0.000001 0.000002 1.000000
vn 0.000000 0.000000 1.000000
vn 0.000001 0.000002 1.000000
vn 0.000001 0.000003 1.000000
vn 0.000000 0.000000 1.000000
vn 0.000001 0.000003 1.000000
vn 0.000000 0.000002 1.000000
vn 0.000000 0.000000 1.000000
vn 0.000000 0.000002 1.000000
vn -0.000001 0.000002 1.000000
vn 0.000000 0.000000 1.000000
vn -0.000001 0.000002 1.000000
vn -0.000001 0.000001 1.000000
vn 0.000000 0.000000 1.000000
vn -0.000001 0.000001 1.000000
vn -0.000002 0.000002 1.000000
vn 0.000000 0.000000 1.000000
vn -0.000002 0.000002 1.000000
vn -0.000002 0.000002 1.000000
vn 0.000000 0.000000 1.000000
vn -0.000002 0.000002 1.000000
vn -0.000002 0.000000 1.000000
vn 0.000000 0.000000 1.000000
vn -0.000002 0.000000 1.000000
vn -0.000002 0.000000 1.000000
vn 0.000000 0.000000 1.000000
vn 0.902185 0.000000 -0.431350
vn 0.902185 0.000000 -0.431350
vn 0.902185 0.000000 -0.431350
vn 0.902185 0.000000 -0.431350
vn 0.826251 0.000000 -0.563302
vn 0.612212 0.000000 -0.790694
vn 0.612211 0.000000 -0.790694
vn 0.826251 0.000000 -0.563302
vn 0.612212 0.000000 -0.790694
vn 0.327204 0.000000 -0.944954
vn 0.327204 0.000000 -0.944954
vn 0.612211 0.000000 -0.790694
vn 0.327204 0.000000 -0.944954
vn 0.000000 0.000000 -1.000000
vn 0.000000 0.000000 -1.000000
vn 0.327204 0.000000 -0.944954
vn 0.000000 0.000000 -1.000000
vn -0.327204 0.000000 -0.944954
vn -0.327204 0.000000 -0.944954
vn 0.000000 0.000000 -1.000000
vn -0.327204 0.000000 -0.944954
vn -0.612212 0.000000 -0.790694
vn -0.612212 0.000000 -0.790694
vn -0.327204 0.000000 -0.944954
vn -0.612212 0.000000 -0.790694
vn -0.826252 0.000000 -0.563301
vn -0.826252 0.000000 -0.563301
vn -0.612212 0.000000 -0.790694
vn -0.826252 0.000000 -0.563301
vn -0.956529 0.000000 -0.291636
vn -0.956529 0.000000 -0.291636
vn -0.826252 0.000000 -0.563301
vn -0.956529 0.000000 -0.291636
vn -1.000000 0.000000 0.000000
vn -1.000000 0.000000 0.000000
vn -0.956529 0.000000 -0.291636
vn -1.000000 0.000000 0.000000
vn -0.956529 0.000000 0.291637
vn -0.956529 0.000000 0.291637
vn -1.000000 0.000000 0.000000
vn -0.956529 0.000000 0.291637
vn -0.826251 0.000000 0.563302
vn -0.826251 0.000000 0.563302
vn -0.956529 0.000000 0.291637
vn -0.826251 0.000000 0.563302
vn -0.612212 0.000000 0.790694
vn -0.612212 0.000000 0.790694
vn -0.826251 0.000000 0.563302
vn -0.612212 0.000000 0.790694
vn -0.327204 0.000000 0.944954
vn -0.327204 0.000000 0.944954
vn -0.612212 0.000000 0.790694
vn -0.327204 0.000000 0.944954
vn 0.000000 0.000000 1.000000
vn 0.000000 0.000000 1.000000
vn -0.327204 0.000000 0.944954
vn 0.000000 0.000000 1.000000
vn 0.327204 0.000000 0.944954
vn 0.327204 0.000000 0.944954
vn 0.000000 0.000000 1.000000
vn 0.327204 0.000000 0.944954
vn 0.612212 0.000000 0.790694
vn 0.612212 0.000000 0.790694
vn 0.327204 0.000000 0.944954
vn 0.612212 0.000000 0.790694
vn 0.826251 0.000000 0.563302
vn 0.826251 0.000000 0.563302
vn 0.612212 0.000000 0.790694
vn 0.826251 0.000000 0.563302
vn 0.956529 0.000000 0.291637
vn 0.956529 0.000000 0.291637
vn 0.826251 0.000000 0.563302
vn 0.956529 0.000000 0.291637
vn 1.000000 0.000000 0.000001
vn 1.000000 0.000000 0.000001
vn 0.956529 0.000000 0.291637
vn 1.000000 0.000000 0.000001
vn 0.956530 0.000000 -0.291635
vn 0.956530 0.000000 -0.291635
vn 1.000000 0.000000 0.000001
vn 0.000000 -1.000000 0.000000
vn 0.000000 -1.000000 0.000000
vn 0.000000 -1.000000 0.000000
vn 0.000000 -1.000000 0.000000
vn 0.000000 -1.000000 0.000000
vn 0.000000 -1.000000 0.000000
vn 0.000000 -1.000000 0.000000
vn 0.000000 -1.000000 0.000000
vn 0.000000 -1.000000 0.000000
vn 0.000000 -1.000000 0.000000
vn 0.000000 -1.000000 0.000000
vn 0.000000 -1.000000 0.000000
vn 0.000000 -1.000000 0.000000
vn 0.000000 -1.000000 0.000000
vn 0.000000 -1.000000 0.000000
vn 0.000000 -1.000000 0.000000
vn 0.000000 -1.000000 0.000000
vn 0.000000 -1.000000 0.000000
vn 0.000000 -1.000000 0.000000
vn 0.000000 -1.000000 0.000000
vn 0.000000 -1.000000 0.000000
vn 0.000000 -1.000000 0.000000
vn 0.000000 -1.000000 0.000000
vn 0.000000 -1.000000 0.000000
vn 0.000000 -1.000000 0.000000
vn 0.000000 -1.000000 0.000000
vn 0.000000 -1.000000 0.000000
vn 0.000000 -1.000000 0.000000
vn 0.000000 -1.000000 0.000000
vn 0.000000 -1.000000 0.000000
vn 0.000000 -1.000000 0.000000
vn 0.000000 -1.000000 0.000000
vn 0.000000 -1.000000 0.000000
vn 0.000000 -1.000000 0.000000
vn 0.000000 -1.000000 0.000000
vn 0.000000 -1.000000 0.000000
vn 0.000000 -1.000000 0.000000
vn 0.000000 -1.000000 0.000000
vn 0.000000 -1.000000 0.000000
vn 0.000000 -1.000000 0.000000
vn 0.000000 -1.000000 0.000000
vn 0.000000 -1.000000 0.000000
vn 0.000000 -1.000000 0.000000
vn 0.000000 -1.000000 0.000000
vn 0.000000 -1.000000 0.000000
vn 0.000000 -1.000000 0.000000
vn 0.000000 -1.000000 0.000000
vn 0.000000 -1.000000 0.000000
vn 0.000000 -1.000000 0.000000
vn 0.000000 -1.000000 0.000000
vn 0.000000 -1.000000 0.000000
vn 0.000000 -1.000000 0.000000
vn 0.000000 -1.000000 0.000000
vn 0.000000 -1.000000 0.000000
vn 0.000000 -1.000000 0.000000
vn 0.000000 -1.000000 0.000000
vn 0.000000 -1.000000 0.000000
vn 0.000000 -1.000000 0.000000
vn 0.000000 -1.000000 0.000000
vn 0.000000 -1.000000 0.000000
vn 0.000000 1.000000 0.000000
vn 0.000000 1.000000 0.000000
vn 0.000000 1.000000 0.000000
vn 0.000000 1.000000 0.000000
vn 0.000000 1.000000 0.000000
vn 0.000000 1.000000 0.000000
vn 0.000000 1.000000 0.000000
vn 0.000000 1.000000 0.000000
vn 0.000000 1.000000 0.000000
vn 0.000000 1.000000 0.000000
vn 0.000000 1.000000 0.000000
vn 0.000000 1.000000 0.000000
vn 0.000000 1.000000 0.000000
vn 0.000000 1.000000 0.000000
vn 0.000000 1.000000 0.000000
vn 0.000000 1.000000 0.000000
vn 0.000000 1.000000 0.000000
vn 0.000000 1.000000 0.000000
vn 0.000000 1.000000 0.000000
vn 0.000000 1.000000 0.000000
vn 0.000000 1.000000 0.000000
vn 0.000000 1.000000 0.000000
vn 0.000000 1.000000 0.000000
vn 0.000000 1.000000 0.000000
vn 0.000000 1.000000 0.000000
vn 0.000000 1.000000 0.000000
vn 0.000000 1.000000 0.000000
vn 0.000000 1.000000 0.000000
vn 0.000000 1.000000 0.000000
vn 0.000000 1.000000 0.000000
vn 0.000000 1.000000 0.000000
vn 0.000000 1.000000 0.000000
vn 0.000000 1.000000 0.000000
vn 0.000000 1.000000 0.000000
vn 0.000000 1.000000 0.000000
vn 0.000000 1.000000 0.000000
vn 0.000000 1.000000 0.000000
vn 0.000000 1.000000 0.000000
vn 0.000000 1.000000 0.000000
vn 0.000000 1.000000 0.000000
vn 0.000000 1.000000 0.000000
vn 0.000000 1.000000 0.000000
vn 0.000000 1.000000 0.000000
vn 0.000000 1.000000 0.000000
vn 0.000000 1.000000 0.000000
vn 0.000000 1.000000 0.000000
vn 0.000000 1.000000 0.000000
vn 0.000000 1.000000 0.000000
vn 0.000000 1.000000 0.000000
vn 0.000000 1.000000 0.000000
vn 0.000000 1.000000 0.000000
vn 0.000000 1.000000 0.000000
vn 0.000000 1.000000 0.000000
vn 0.000000 1.000000 0.000000
vn 0.000000 1.000000 0.000000
vn 0.000000 1.000000 0.000000
vn 0.000000 1.000000 0.000000
vn 0.000000 1.000000 0.000000
vn 0.000000 1.000000 0.000000
vn 0.000000 1.000000 0.000000
vn 0.902100 0.000000 -0.431528
vn 0.902100 0.000000 -0.431528
vn 0.902100 0.000000 -0.431528
vn 0.902100 0.000000 -0.431528
vn 0.826116 0.000000 -0.563500
vn 0.612014 0.000000 -0.790847
vn 0.612014 0.000000 -0.790847
vn 0.826116 0.000000 -0.563500
vn 0.612014 0.000000 -0.790847
vn 0.327053 0.000000 -0.945006
vn 0.327053 0.000000 -0.945006
vn 0.612014 0.000000 -0.790847
vn 0.327053 0.000000 -0.945006
vn 0.000000 0.000000 -1.000000
vn 0.000000 0.000000 -1.000000
vn 0.327053 0.000000 -0.945006
vn 0.000000 0.000000 -1.000000
vn -0.327053 0.000000 -0.945006
vn -0.327053 0.000000 -0.945006
vn 0.000000 0.000000 -1.000000
vn -0.327053 0.000000 -0.945006
vn -0.612014 0.000000 -0.790847
vn -0.612014 0.000000 -0.790847
vn -0.327053 0.000000 -0.945006
vn -0.612014 0.000000 -0.790847
vn -0.826116 0.000000 -0.563500
vn -0.826116 0.000000 -0.563500
vn -0.612014 0.000000 -0.790847
vn -0.826116 0.000000 -0.563500
vn -0.956487 0.000000 -0.291774
vn -0.956487 0.000000 -0.291774
vn -0.826116 0.000000 -0.563500
vn -0.956487 0.000000 -0.291774
vn -1.000000 0.000000 0.000000
vn -1.000000 0.000000 0.000000
vn -0.956487 0.000000 -0.291774
vn -1.000000 0.000000 0.000000
vn -0.956487 0.000000 0.291774
vn -0.956487 0.000000 0.291774
vn -1.000000 0.000000 0.000000
vn -0.956487 0.000000 0.291774
vn -0.826116 0.000000 0.563500
vn -0.826116 0.000000 0.563500
vn -0.956487 0.000000 0.291774
vn -0.826116 0.000000 0.563500
vn -0.612014 0.000000 0.790847
vn -0.612014 0.000000 0.790847
vn -0.826116 0.000000 0.563500
vn -0.612014 0.000000 0.790847
vn -0.327053 0.000000 0.945006
vn -0.327053 0.000000 0.945006
vn -0.612014 0.000000 0.790847
vn -0.327053 0.000000 0.945006
vn 0.000000 0.000000 1.000000
vn 0.000000 0.000000 1.000000
vn -0.327053 0.000000 0.945006
vn 0.000000 0.000000 1.000000
vn 0.327053 0.000000 0.945006
vn 0.327053 0.000000 0.945006
vn 0.000000 0.000000 1.000000
vn 0.327053 0.000000 0.945006
vn 0.612014 0.000000 0.790847
vn 0.612014 0.000000 0.790847
vn 0.327053 0.000000 0.945006
vn 0.612014 0.000000 0.790847
vn 0.826116 0.000000 0.563500
vn 0.826116 0.000000 0.563500
vn 0.612014 0.000000 0.790847
vn 0.826116 0.000000 0.563500
vn 0.956487 0.000000 0.291774
vn 0.956487 0.000000 0.291774
vn 0.826116 0.000000 0.563500
vn 0.956487 0.000000 0.291774
vn 1.000000 0.000000 0.000001
vn 1.000000 0.000000 0.000001
vn 0.956487 0.000000 0.291774
vn 1.000000 0.000000 0.000001
vn 0.956488 0.000000 -0.291773
vn 0.956488 0.000000 -0.291773
vn 1.000000 0.000000 0.000001
vn 0.000000 -1.000000 0.000000
vn 0.000000 -1.000000 0.000000
vn 0.000000 -1.000000 0.000000
vn 0.000000 -1.000000 0.000000
vn 0.000000 -1.000000 0.000000
vn 0.000000 -1.000000 0.000000
vn 0.000000 -1.000000 0.000000
vn 0.000000 -1.000000 0.000000
vn 0.000000 -1.000000 0.000000
vn 0.000000 -1.000000 0.000000
vn 0.000000 -1.000000 0.000000
vn 0.000000 -1.000000 0.000000
vn 0.000000 -1.000000 0.000000
vn 0.000000 -1.000000 0.000000
vn 0.000000 -1.000000 0.000000
vn 0.000000 -1.000000 0.000000
vn 0.000000 -1.000000 0.000000
vn 0.000000 -1.000000 0.000000
vn 0.000000 -1.000000 0.000000
vn 0.000000 -1.000000 0.000000
vn 0.000000 -1.000000 0.000000
vn 0.000000 -1.000000 0.000000
vn 0.000000 -1.000000 0.000000
vn 0.000000 -1.000000 0.000000
vn 0.000000 -1.000000 0.000000
vn 0.000000 -1.000000 0.000000
vn 0.000000 -1.000000 0.000000
vn 0.000000 -1.000000 0.000000
vn 0.000000 -1.000000 0.000000
vn 0.000000 -1.000000 0.000000
vn 0.000000 -1.000000 0.000000
vn 0.000000 -1.000000 0.000000
vn 0.000000 -1.000000 0.000000
vn 0.000000 -1.000000 0.000000
vn 0.000000 -1.000000 0.000000
vn 0.000000 -1.000000 0.000000
vn 0.000000 -1.000000 0.000000
vn 0.000000 -1.000000 0.000000
vn 0.000000 -1.000000 0.000000
vn 0.000000 -1.000000 0.000000
vn 0.000000 -1.000000 0.000000
vn 0.000000 -1.000000 0.000000
vn 0.000000 -1.000000 0.000000
vn 0.000000 -1.000000 0.000000
vn 0.000000 -1.000000 0.000000
vn 0.000000 -1.000000 0.000000
vn 0.000000 -1.000000 0.000000
vn 0.000000 -1.000000 0.000000
vn 0.000000 -1.000000 0.000000
vn 0.000000 -1.000000 0.000000
vn 0.000000 -1.000000 0.000000
vn 0.000000 -1.000000 0.000000
vn 0.000000 -1.000000 0.000000
vn 0.000000 -1.000000 0.000000
vn 0.000000 -1.000000 0.000000
vn 0.000000 -1.000000 0.000000
vn 0.000000 -1.000000 0.000000
vn 0.000000 -1.000000 0.000000
vn 0.000000 -1.000000 0.000000
vn 0.000000 -1.000000 0.000000
vn -0.000005 1.000000 0.000000
vn -0.000004 1.000000 0.000000
vn 0.000000 1.000000 -0.000001
vn -0.000004 1.000000 0.000000
vn -0.000003 1.000000 0.000000
vn 0.000000 1.000000 -0.000001
vn -0.000003 1.000000 0.000000
vn -0.000002 1.000000 0.000002
vn 0.000000 1.000000 -0.000001
vn -0.000002 1.000000 0.000002
vn 0.000000 1.000000 0.000004
vn 0.000000 1.000000 -0.000001
vn 0.000000 1.000000 0.000004
vn 0.000002 1.000000 0.000004
vn 0.000000 1.000000 -0.000001
vn 0.000002 1.000000 0.000004
vn 0.000003 1.000000 0.000002
vn 0.000000 1.000000 -0.000001
vn 0.000003 1.000000 0.000002
vn 0.000004 1.000000 0.000004
vn 0.000000 1.000000 -0.000001
vn 0.000004 1.000000 0.000004
vn 0.000005 1.000000 0.000004
vn 0.000000 1.000000 -0.000001
vn 0.000005 1.000000 0.000004
vn 0.000005 1.000000 0.000000
vn 0.000000 1.000000 -0.000001
vn 0.000005 1.000000 0.000000
vn 0.000005 1.000000 -0.000004
vn 0.000000 1.000000 -0.000001
vn 0.000005 1.000000 -0.000004
vn 0.000004 1.000000 -0.000004
vn 0.000000 1.000000 -0.000001
vn 0.000004 1.000000 -0.000004
vn 0.000003 1.000000 -0.000004
vn 0.000000 1.000000 -0.000001
vn 0.000003 1.000000 -0.000004
vn 0.000002 1.000000 -0.000006
vn 0.000000 1.000000 -0.000001
vn 0.000002 1.000000 -0.000006
vn 0.000000 1.000000 -0.000004
vn 0.000000 1.000000 -0.000001
vn 0.000000 1.000000 -0.000004
vn -0.000002 1.000000 -0.000004
vn 0.000000 1.000000 -0.000001
vn -0.000002 1.000000 -0.000004
vn -0.000003 1.000000 -0.000002
vn 0.000000 1.000000 -0.000001
vn -0.000003 1.000000 -0.000002
vn -0.000004 1.000000 -0.000004
vn 0.000000 1.000000 -0.000001
vn -0.000004 1.000000 -0.000004
vn -0.000005 1.000000 -0.000004
vn 0.000000 1.000000 -0.000001
vn -0.000005 1.000000 -0.000004
vn -0.000005 1.000000 0.000000
vn 0.000000 1.000000 -0.000001
vn -0.000005 1.000000 0.000000
vn -0.000005 1.000000 0.000000
vn 0.000000 1.000000 -0.000001
vn 0.902096 0.000000 -0.431535
vn 0.902096 0.000000 -0.431535
vn 0.902096 0.000000 -0.431535
vn 0.902096 0.000000 -0.431535
vn 0.826116 0.000000 -0.563500
vn 0.612014 0.000000 -0.790847
vn 0.612014 0.000000 -0.790847
vn 0.826116 0.000000 -0.563500
vn 0.612014 0.000000 -0.790847
vn 0.327053 0.000000 -0.945006
vn 0.327053 0.000000 -0.945006
vn 0.612014 0.000000 -0.790847
vn 0.327053 0.000000 -0.945006
vn 0.000000 0.000000 -1.000000
vn 0.000000 0.000000 -1.000000
vn 0.327053 0.000000 -0.945006
vn 0.000000 0.000000 -1.000000
vn -0.327053 0.000000 -0.945006
vn -0.327053 0.000000 -0.945006
vn 0.000000 0.000000 -1.000000
vn -0.327053 0.000000 -0.945006
vn -0.612014 0.000000 -0.790847
vn -0.612014 0.000000 -0.790847
vn -0.327053 0.000000 -0.945006
vn -0.612014 0.000000 -0.790847
vn -0.826116 0.000000 -0.563500
vn -0.826116 0.000000 -0.563500
vn -0.612014 0.000000 -0.790847
vn -0.826116 0.000000 -0.563500
vn -0.956487 0.000000 -0.291774
vn -0.956487 0.000000 -0.291774
vn -0.826116 0.000000 -0.563500
vn -0.956487 0.000000 -0.291774
vn -1.000000 0.000000 0.000000
vn -1.000000 0.000000 0.000000
vn -0.956487 0.000000 -0.291774
vn -1.000000 0.000000 0.000000
vn -0.956487 0.000000 0.291774
vn -0.956487 0.000000 0.291774
vn -1.000000 0.000000 0.000000
vn -0.956487 0.000000 0.291774
vn -0.826116 0.000000 0.563500
vn -0.826116 0.000000 0.563500
vn -0.956487 0.000000 0.291774
vn -0.826116 0.000000 0.563500
vn -0.612014 0.000000 0.790847
vn -0.612014 0.000000 0.790847
vn -0.826116 0.000000 0.563500
vn -0.612014 0.000000 0.790847
vn -0.327053 0.000000 0.945006
vn -0.327053 0.000000 0.945006
vn -0.612014 0.000000 0.790847
vn -0.327053 0.000000 0.945006
vn 0.000000 0.000000 1.000000
vn 0.000000 0.000000 1.000000
vn -0.327053 0.000000 0.945006
vn 0.000000 0.000000 1.000000
vn 0.327053 0.000000 0.945006
vn 0.327053 0.000000 0.945006
vn 0.000000 0.000000 1.000000
vn 0.327053 0.000000 0.945006
vn 0.612014 0.000000 0.790847
vn 0.612014 0.000000 0.790847
vn 0.327053 0.000000 0.945006
vn 0.612014 0.000000 0.790847
vn 0.826116 0.000000 0.563500
vn 0.826116 0.000000 0.563500
vn 0.612014 0.000000 0.790847
vn 0.826116 0.000000 0.563500
vn 0.956487 0.000000 0.291774
vn 0.956487 0.000000 0.291774
vn 0.826116 0.000000 0.563500
vn 0.956487 0.000000 0.291774
vn 1.000000 0.000000 0.000001
vn 1.000000 0.000000 0.000001
vn 0.956487 0.000000 0.291774
vn 1.000000 0.000000 0.000001
vn 0.956488 0.000000 -0.291773
vn 0.956488 0.000000 -0.291773
vn 1.000000 0.000000 0.000001
vn 0.000000 -1.000000 0.000000
vn 0.000000 -1.000000 0.000000
vn 0.000000 -1.000000 0.000000
vn 0.000000 -1.000000 0.000000
vn 0.000000 -1.000000 0.000000
vn 0.000000 -1.000000 0.000000
vn 0.000000 -1.000000 0.000000
vn 0.000000 -1.000000 0.000000
vn 0.000000 -1.000000 0.000000
vn 0.000000 -1.000000 0.000000
vn 0.000000 -1.000000 0.000000
vn 0.000000 -1.000000 0.000000
vn 0.000000 -1.000000 0.000000
vn 0.000000 -1.000000 0.000000
vn 0.000000 -1.000000 0.000000
vn 0.000000 -1.000000 0.000000
vn 0.000000 -1.000000 0.000000
vn 0.000000 -1.000000 0.000000
vn 0.000000 -1.000000 0.000000
vn 0.000000 -1.000000 0.000000
vn 0.000000 -1.000000 0.000000
vn 0.000000 -1.000000 0.000000
vn 0.000000 -1.000000 0.000000
vn 0.000000 -1.000000 0.000000
vn 0.000000 -1.000000 0.000000
vn 0.000000 -1.000000 0.000000
vn 0.000000 -1.000000 0.000000
vn 0.000000 -1.000000 0.000000
vn 0.000000 -1.000000 0.000000
vn 0.000000 -1.000000 0.000000
vn 0.000000 -1.000000 0.000000
vn 0.000000 -1.000000 0.000000
vn 0.000000 -1.000000 0.000000
vn 0.000000 -1.000000 0.000000
vn 0.000000 -1.000000 0.000000
vn 0.000000 -1.000000 0.000000
vn 0.000000 -1.000000 0.000000
vn 0.000000 -1.000000 0.000000
vn 0.000000 -1.000000 0.000000
vn 0.000000 -1.000000 0.000000
vn 0.000000 -1.000000 0.000000
vn 0.000000 -1.000000 0.000000
vn 0.000000 -1.000000 0.000000
vn 0.000000 -1.000000 0.000000
vn 0.000000 -1.000000 0.000000
vn 0.000000 -1.000000 0.000000
vn 0.000000 -1.000000 0.000000
vn 0.000000 -1.000000 0.000000
vn 0.000000 -1.000000 0.000000
vn 0.000000 -1.000000 0.000000
vn 0.000000 -1.000000 0.000000
vn 0.000000 -1.000000 0.000000
vn 0.000000 -1.000000 0.000000
vn 0.000000 -1.000000 0.000000
vn 0.000000 -1.000000 0.000000
vn 0.000000 -1.000000 0.000000
vn 0.000000 -1.000000 0.000000
vn 0.000000 -1.000000 0.000000
vn 0.000000 -1.000000 0.000000
vn 0.000000 -1.000000 0.000000
vn -0.000001 1.000000 0.000000
vn -0.000001 1.000000 0.000000
vn 0.000000 1.000000 0.000000
vn -0.000001 1.000000 0.000000
vn -0.000001 1.000000 0.000000
vn 0.000000 1.000000 0.000000
vn -0.000001 1.000000 0.000000
vn 0.000000 1.000000 0.000000
vn 0.000000 1.000000 0.000000
vn 0.000000 1.000000 0.000000
vn 0.000000 1.000000 0.000001
vn 0.000000 1.000000 0.000000
vn 0.000000 1.000000 0.000001
vn 0.000000 1.000000 0.000001
vn 0.000000 1.000000 0.000000
vn 0.000000 1.000000 0.000001
vn 0.000001 1.000000 0.000000
vn 0.000000 1.000000 0.000000
vn 0.000001 1.000000 0.000000
vn 0.000001 1.000000 0.000001
vn 0.000000 1.000000 0.000000
vn 0.000001 1.000000 0.000001
vn 0.000001 1.000000 0.000001
vn 0.000000 1.000000 0.000000
vn 0.000001 1.000000 0.000001
vn 0.000001 1.000000 0.000000
vn 0.000000 1.000000 0.000000
vn 0.000001 1.000000 0.000000
vn 0.000001 1.000000 -0.000001
vn 0.000000 1.000000 0.000000
vn 0.000001 1.000000 -0.000001
vn 0.000001 1.000000 -0.000001
vn 0.000000 1.000000 0.000000
vn 0.000001 1.000000 -0.000001
vn 0.000001 1.000000 -0.000001
vn 0.000000 1.000000 0.000000
vn 0.000001 1.000000 -0.000001
vn 0.000000 1.000000 -0.000001
vn 0.000000 1.000000 0.000000
vn 0.000000 1.000000 -0.000001
vn 0.000000 1.000000 -0.000001
vn 0.000000 1.000000 0.000000
vn 0.000000 1.000000 -0.000001
vn 0.000000 1.000000 -0.000001
vn 0.000000 1.000000 0.000000
vn 0.000000 1.000000 -0.000001
vn -0.000001 1.000000 0.000000
vn 0.000000 1.000000 0.000000
vn -0.000001 1.000000 0.000000
vn -0.000001 1.000000 -0.000001
vn 0.000000 1.000000 0.000000
vn -0.000001 1.000000 -0.000001
vn -0.000001 1.000000 -0.000001
vn 0.000000 1.000000 0.000000
vn -0.000001 1.000000 -0.000001
vn -0.000001 1.000000 0.000000
vn 0.000000 1.000000 0.000000
vn -0.000001 1.000000 0.000000
vn -0.000001 1.000000 0.000000
vn 0.000000 1.000000 0.000000
vn 0.000000 0.000000 1.000000
vn 0.000000 0.000000 1.000000
vn 0.000000 0.000000 1.000000
vn 0.000000 0.000000 1.000000
vn 0.000000 1.000000 0.000000
vn 0.000000 1.000000 0.000000
vn 0.000000 1.000000 0.000000
vn 0.000000 1.000000 0.000000
vn 0.000000 0.000000 -1.000000
vn 0.000000 0.000000 -1.000000
vn 0.000000 0.000000 -1.000000
vn 0.000000 0.000000 -1.000000
vn 0.000000 -1.000000 0.000000
vn 0.000000 -1.000000 0.000000
vn 0.000000 -1.000000 0.000000
vn 0.000000 -1.000000 0.000000
vn 1.000000 0.000000 0.000000
vn 1.000000 0.000000 0.000000
vn 1.000000 0.000000 0.000000
vn 1.000000 0.000000 0.000000
vn -1.000000 0.000000 0.000000
vn -1.000000 0.000000 0.000000
vn -1.000000 0.000000 0.000000
vn -1.000000 0.000000 0.000000
vn 0.902098 0.000000 -0.431532
vn 0.902098 0.000000 -0.431532
vn 0.902098 0.000000 -0.431532
vn 0.902098 0.000000 -0.431532
vn 0.826116 0.000000 -0.563500
vn 0.612014 0.000000 -0.790847
vn 0.612014 0.000000 -0.790847
vn 0.826116 0.000000 -0.563500
vn 0.612014 0.000000 -0.790847
vn 0.327053 0.000000 -0.945006
vn 0.327053 0.000000 -0.945006
vn 0.612014 0.000000 -0.790847
vn 0.327053 0.000000 -0.945006
vn 0.000000 0.000000 -1.000000
vn 0.000000 0.000000 -1.000000
vn 0.327053 0.000000 -0.945006
vn 0.000000 0.000000 -1.000000
vn -0.327053 0.000000 -0.945006
vn -0.327053 0.000000 -0.945006
vn 0.000000 0.000000 -1.000000
vn -0.327053 0.000000 -0.945006
vn -0.612014 0.000000 -0.790847
vn -0.612014 0.000000 -0.790847
vn -0.327053 0.000000 -0.945006
vn -0.612014 0.000000 -0.790847
vn -0.826116 0.000000 -0.563500
vn -0.826116 0.000000 -0.563500
vn -0.612014 0.000000 -0.790847
vn -0.826116 0.000000 -0.563500
vn -0.956487 0.000000 -0.291774
vn -0.956487 0.000000 -0.291774
vn -0.826116 0.000000 -0.563500
vn -0.956487 0.000000 -0.291774
vn -1.000000 0.000000 0.000000
vn -1.000000 0.000000 0.000000
vn -0.956487 0.000000 -0.291774
vn -1.000000 0.000000 0.000000
vn -0.956487 0.000000 0.291774
vn -0.956487 0.000000 0.291774
vn -1.000000 0.000000 0.000000
vn -0.956487 0.000000 0.291774
vn -0.826116 0.000000 0.563500
vn -0.826116 0.000000 0.563500
vn -0.956487 0.000000 0.291774
vn -0.826116 0.000000 0.563500
vn -0.612014 0.000000 0.790847
vn -0.612014 0.000000 0.790847
vn -0.826116 0.000000 0.563500
vn -0.612014 0.000000 0.790847
vn -0.327053 0.000000 0.945006
vn -0.327053 0.000000 0.945006
vn -0.612014 0.000000 0.790847
vn -0.327053 0.000000 0.945006
vn 0.000000 0.000000 1.000000
vn 0.000000 0.000000 1.000000
vn -0.327053 0.000000 0.945006
vn 0.000000 0.000000 1.000000
vn 0.327053 0.000000 0.945006
vn 0.327053 0.000000 0.945006
vn 0.000000 0.000000 1.000000
vn 0.327053 0.000000 0.945006
vn 0.612014 0.000000 0.790847
vn 0.612014 0.000000 0.790847
vn 0.327053 0.000000 0.945006
vn 0.612014 0.000000 0.790847
vn 0.826116 0.000000 0.563500
vn 0.826116 0.000000 0.563500
vn 0.612014 0.000000 0.790847
vn 0.826116 0.000000 0.563500
vn 0.956487 0.000000 0.291774
vn 0.956487 0.000000 0.291774
vn 0.826116 0.000000 0.563500
vn 0.956487 0.000000 0.291774
vn 1.000000 0.000000 0.000001
vn 1.000000 0.000000 0.000001
vn 0.956487 0.000000 0.291774
vn 1.000000 0.000000 0.000001
vn 0.956488 0.000000 -0.291773
vn 0.956488 0.000000 -0.291773
vn 1.000000 0.000000 0.000001
vn 0.000000 -1.000000 0.000000
vn 0.000000 -1.000000 0.000000
vn 0.000000 -1.000000 0.000000
vn 0.000000 -1.000000 0.000000
vn 0.000000 -1.000000 0.000000
vn 0.000000 -1.000000 0.000000
vn 0.000000 -1.000000 0.000000
vn 0.000000 -1.000000 0.000000
vn 0.000000 -1.000000 0.000000
vn 0.000000 -1.000000 0.000000
vn 0.000000 -1.000000 0.000000
vn 0.000000 -1.000000 0.000000
vn 0.000000 -1.000000 0.000000
vn 0.000000 -1.000000 0.000000
vn 0.000000 -1.000000 0.000000
vn 0.000000 -1.000000 0.000000
vn 0.000000 -1.000000 0.000000
vn 0.000000 -1.000000 0.000000
vn 0.000000 -1.000000 0.000000
vn 0.000000 -1.000000 0.000000
vn 0.000000 -1.000000 0.000000
vn 0.000000 -1.000000 0.000000
vn 0.000000 -1.000000 0.000000
vn 0.000000 -1.000000 0.000000
vn 0.000000 -1.000000 0.000000
vn 0.000000 -1.000000 0.000000
vn 0.000000 -1.000000 0.000000
vn 0.000000 -1.000000 0.000000
vn 0.000000 -1.000000 0.000000
vn 0.000000 -1.000000 0.000000
vn 0.000000 -1.000000 0.000000
vn 0.000000 -1.000000 0.000000
vn 0.000000 -1.000000 0.000000
vn 0.000000 -1.000000 0.000000
vn 0.000000 -1.000000 0.000000
vn 0.000000 -1.000000 0.000000
vn 0.000000 -1.000000 0.000000
vn 0.000000 -1.000000 0.000000
vn 0.000000 -1.000000 0.000000
vn 0.000000 -1.000000 0.000000
vn 0.000000 -1.000000 0.000000
vn 0.000000 -1.000000 0.000000
vn 0.000000 -1.000000 0.000000
vn 0.000000 -1.000000 0.000000
vn 0.000000 -1.000000 0.000000
vn 0.000000 -1.000000 0.000000
vn 0.000000 -1.000000 0.000000
vn 0.000000 -1.000000 0.000000
vn 0.000000 -1.000000 0.000000
vn 0.000000 -1.000000 0.000000
vn 0.000000 -1.000000 0.000000
vn 0.000000 -1.000000 0.000000
vn 0.000000 -1.000000 0.000000
vn 0.000000 -1.000000 0.000000
vn 0.000000 -1.000000 0.000000
vn 0.000000 -1.000000 0.000000
vn 0.000000 -1.000000 0.000000
vn 0.000000 -1.000000 0.000000
vn 0.000000 -1.000000 0.000000
vn 0.000000 -1.000000 0.000000
vn 0.000000 1.000000 0.000000
vn 0.000000 1.000000 0.000000
vn 0.000000 1.000000 0.000000
vn 0.000000 1.000000 0.000000
vn 0.000000 1.000000 0.000000
vn 0.000000 1.000000 0.000000
vn 0.000000 1.000000 0.000000
vn 0.000000 1.000000 0.000000
vn 0.000000 1.000000 0.000000
vn 0.000000 1.000000 0.000000
vn 0.000000 1.000000 0.000000
vn 0.000000 1.000000 0.000000
vn 0.000000 1.000000 0.000000
vn 0.000000 1.000000 0.000000
vn 0.000000 1.000000 0.000000
vn 0.000000 1.000000 0.000000
vn 0.000000 1.000000 0.000000
vn 0.000000 1.000000 0.000000
vn 0.000000 1.000000 0.000000
vn 0.000000 1.000000 0.000000
vn 0.000000 1.000000 0.000000
vn 0.000000 1.000000 0.000000
vn 0.000000 1.000000 0.000000
vn 0.000000 1.000000 0.000000
vn 0.000000 1.000000 0.000000
vn 0.000000 1.000000 0.000000
vn 0.000000 1.000000 0.000000
vn 0.000000 1.000000 0.000000
vn 0.000000 1.000000 0.000000
vn 0.000000 1.000000 0.000000
vn 0.000000 1.000000 0.000000
vn 0.000000 1.000000 0.000000
vn 0.000000 1.000000 0.000000
vn 0.000000 1.000000 0.000000
vn 0.000000 1.000000 0.000000
vn 0.000000 1.000000 0.000000
vn 0.000000 1.000000 0.000000
vn 0.000000 1.000000 0.000000
vn 0.000000 1.000000 0.000000
vn 0.000000 1.000000 0.000000
vn 0.000000 1.000000 0.000000
vn 0.000000 1.000000 0.000000
vn 0.000000 1.000000 0.000000
vn 0.000000 1.000000 0.000000
vn 0.000000 1.000000 0.000000
vn 0.000000 1.000000 0.000000
vn 0.000000 1.000000 0.000000
vn 0.000000 1.000000 0.000000
vn 0.000000 1.000000 0.000000
vn 0.000000 1.000000 0.000000
vn 0.000000 1.000000 0.000000
vn 0.000000 1.000000 0.000000
vn 0.000000 1.000000 0.000000
vn 0.000000 1.000000 0.000000
vn 0.000000 1.000000 0.000000
vn 0.000000 1.000000 0.000000
vn 0.000000 1.000000 0.000000
vn 0.000000 1.000000 0.000000
vn 0.000000 1.000000 0.000000
vn 0.000000 1.000000 0.000000
vn 0.902100 0.000000 -0.431528
vn 0.902100 0.000000 -0.431528
vn 0.902100 0.000000 -0.431528
vn 0.902100 0.000000 -0.431528
vn 0.826116 0.000000 -0.563500
vn 0.612014 0.000000 -0.790847
vn 0.612014 0.000000 -0.790847
vn 0.826116 0.000000 -0.563500
vn 0.612014 0.000000 -0.790847
vn 0.327053 0.000000 -0.945006
vn 0.327053 0.000000 -0.945006
vn 0.612014 0.000000 -0.790847
vn 0.327053 0.000000 -0.945006
vn 0.000000 0.000000 -1.000000
vn 0.000000 0.000000 -1.000000
vn 0.327053 0.000000 -0.945006
vn 0.000000 0.000000 -1.000000
vn -0.327053 0.000000 -0.945006
vn -0.327053 0.000000 -0.945006
vn 0.000000 0.000000 -1.000000
vn -0.327053 0.000000 -0.945006
vn -0.612014 0.000000 -0.790847
vn -0.612014 0.000000 -0.790847
vn -0.327053 0.000000 -0.945006
vn -0.612014 0.000000 -0.790847
vn -0.826116 0.000000 -0.563500
vn -0.826116 0.000000 -0.563500
vn -0.612014 0.000000 -0.790847
vn -0.826116 0.000000 -0.563500
vn -0.956487 0.000000 -0.291774
vn -0.956487 0.000000 -0.291774
vn -0.826116 0.000000 -0.563500
vn -0.956487 0.000000 -0.291774
vn -1.000000 0.000000 0.000000
vn -1.000000 0.000000 0.000000
vn -0.956487 0.000000 -0.291774
vn -1.000000 0.000000 0.000000
vn -0.956487 0.000000 0.291774
vn -0.956487 0.000000 0.291774
vn -1.000000 0.000000 0.000000
vn -0.956487 0.000000 0.291774
vn -0.826116 0.000000 0.563500
vn -0.826116 0.000000 0.563500
vn -0.956487 0.000000 0.291774
vn -0.826116 0.000000 0.563500
vn -0.612014 0.000000 0.790847
vn -0.612014 0.000000 0.790847
vn -0.826116 0.000000 0.563500
vn -0.612014 0.000000 0.790847
vn -0.327053 0.000000 0.945006
vn -0.327053 0.000000 0.945006
vn -0.612014 0.000000 0.790847
vn -0.327053 0.000000 0.945006
vn 0.000000 0.000000 1.000000
vn 0.000000 0.000000 1.000000
vn -0.327053 0.000000 0.945006
vn 0.000000 0.000000 1.000000
vn 0.327053 0.000000 0.945006
vn 0.327053 0.000000 0.945006
vn 0.000000 0.000000 1.000000
vn 0.327053 0.000000 0.945006
vn 0.612014 0.000000 0.790847
vn 0.612014 0.000000 0.790847
vn 0.327053 0.000000 0.945006
vn 0.612014 0.000000 0.790847
vn 0.826116 0.000000 0.563500
vn 0.826116 0.000000 0.563500
vn 0.612014 0.000000 0.790847
vn 0.826116 0.000000 0.563500
vn 0.956487 0.000000 0.291774
vn 0.956487 0.000000 0.291774
vn 0.826116 0.000000 0.563500
vn 0.956487 0.000000 0.291774
vn 1.000000 0.000000 0.000001
vn 1.000000 0.000000 0.000001
vn 0.956487 0.000000 0.291774
vn 1.000000 0.000000 0.000001
vn 0.956488 0.000000 -0.291773
vn 0.956488 0.000000 -0.291773
vn 1.000000 0.000000 0.000001
vn 0.000000 -1.000000 0.000000
vn 0.000000 -1.000000 0.000000
vn 0.000000 -1.000000 0.000000
vn 0.000000 -1.000000 0.000000
vn 0.000000 -1.000000 0.000000
vn 0.000000 -1.000000 0.000000
vn 0.000000 -1.000000 0.000000
vn 0.000000 -1.000000 0.000000
vn 0.000000 -1.000000 0.000000
vn 0.000000 -1.000000 0.000000
vn 0.000000 -1.000000 0.000000
vn 0.000000 -1.000000 0.000000
vn 0.000000 -1.000000 0.000000
vn 0.000000 -1.000000 0.000000
vn 0.000000 -1.000000 0.000000
vn 0.000000 -1.000000 0.000000
vn 0.000000 -1.000000 0.000000
vn 0.000000 -1.000000 0.000000
vn 0.000000 -1.000000 0.000000
vn 0.000000 -1.000000 0.000000
vn 0.000000 -1.000000 0.000000
vn 0.000000 -1.000000 0.000000
vn 0.000000 -1.000000 0.000000
vn 0.000000 -1.000000 0.000000
vn 0.000000 -1.000000 0.000000
vn 0.000000 -1.000000 0.000000
vn 0.000000 -1.000000 0.000000
vn 0.000000 -1.000000 0.000000
vn 0.000000 -1.000000 0.000000
vn 0.000000 -1.000000 0.000000
vn 0.000000 -1.000000 0.000000
vn 0.000000 -1.000000 0.000000
vn 0.000000 -1.000000 0.000000
vn 0.000000 -1.000000 0.000000
vn 0.000000 -1.000000 0.000000
vn 0.000000 -1.000000 0.000000
vn 0.000000 -1.000000 0.000000
vn 0.000000 -1.000000 0.000000
vn 0.000000 -1.000000 0.000000
vn 0.000000 -1.000000 0.000000
vn 0.000000 -1.000000 0.000000
vn 0.000000 -1.000000 0.000000
vn 0.000000 -1.000000 0.000000
vn 0.000000 -1.000000 0.000000
vn 0.000000 -1.000000 0.000000
vn 0.000000 -1.000000 0.000000
vn 0.000000 -1.000000 0.000000
vn 0.000000 -1.000000 0.000000
vn 0.000000 -1.000000 0.000000
vn 0.000000 -1.000000 0.000000
vn 0.000000 -1.000000 0.000000
vn 0.000000 -1.000000 0.000000
vn 0.000000 -1.000000 0.000000
vn 0.000000 -1.000000 0.000000
vn 0.000000 -1.000000 0.000000
vn 0.000000 -1.000000 0.000000
vn 0.000000 -1.000000 0.000000
vn 0.000000 -1.000000 0.000000
vn 0.000000 -1.000000 0.000000
vn 0.000000 -1.000000 0.000000
vn -0.000005 1.000000 0.000000
vn -0.000004 1.000000 0.000000
vn 0.000000 1.000000 -0.000001
vn -0.000004 1.000000 0.000000
vn -0.000003 1.000000 0.000000
vn 0.000000 1.000000 -0.000001
vn -0.000003 1.000000 0.000000
vn -0.000002 1.000000 0.000002
vn 0.000000 1.000000 -0.000001
vn -0.000002 1.000000 0.000002
vn 0.000000 1.000000 0.000004
vn 0.000000 1.000000 -0.000001
vn 0.000000 1.000000 0.000004
vn 0.000002 1.000000 0.000004
vn 0.000000 1.000000 -0.000001
vn 0.000002 1.000000 0.000004
vn 0.000003 1.000000 0.000002
vn 0.000000 1.000000 -0.000001
vn 0.000003 1.000000 0.000002
vn 0.000004 1.000000 0.000004
vn 0.000000 1.000000 -0.000001
vn 0.000004 1.000000 0.000004
vn 0.000005 1.000000 0.000004
vn 0.000000 1.000000 -0.000001
vn 0.000005 1.000000 0.000004
vn 0.000005 1.000000 0.000000
vn 0.000000 1.000000 -0.000001
vn 0.000005 1.000000 0.000000
vn 0.000005 1.000000 -0.000004
vn 0.000000 1.000000 -0.000001
vn 0.000005 1.000000 -0.000004
vn 0.000004 1.000000 -0.000004
vn 0.000000 1.000000 -0.000001
vn 0.000004 1.000000 -0.000004
vn 0.000003 1.000000 -0.000004
vn 0.000000 1.000000 -0.000001
vn 0.000003 1.000000 -0.000004
vn 0.000002 1.000000 -0.000006
vn 0.000000 1.000000 -0.000001
vn 0.000002 1.000000 -0.000006
vn 0.000000 1.000000 -0.000004
vn 0.000000 1.000000 -0.000001
vn 0.000000 1.000000 -0.000004
vn -0.000002 1.000000 -0.000004
vn 0.000000 1.000000 -0.000001
vn -0.000002 1.000000 -0.000004
vn -0.000003 1.000000 -0.000002
vn 0.000000 1.000000 -0.000001
vn -0.000003 1.000000 -0.000002
vn -0.000004 1.000000 -0.000004
vn 0.000000 1.000000 -0.000001
vn -0.000004 1.000000 -0.000004
vn -0.000005 1.000000 -0.000004
vn 0.000000 1.000000 -0.000001
vn -0.000005 1.000000 -0.000004
vn -0.000005 1.000000 0.000000
vn 0.000000 1.000000 -0.000001
vn -0.000005 1.000000 0.000000
vn -0.000005 1.000000 0.000000
vn 0.000000 1.000000 -0.000001
vn 0.902099 0.431530 0.000000
vn 0.902099 0.431530 0.000000
vn 0.902099 0.431530 0.000000
vn 0.902099 0.431530 0.000000
vn 0.826116 0.563500 0.000000
vn 0.612014 0.790847 0.000000
vn 0.612014 0.790847 0.000000
vn 0.826116 0.563500 0.000000
vn 0.612014 0.790847 0.000000
vn 0.327053 0.945006 0.000000
vn 0.327053 0.945006 0.000000
vn 0.612014 0.790847 0.000000
vn 0.327053 0.945006 0.000000
vn 0.000000 1.000000 0.000000
vn 0.000000 1.000000 0.000000
vn 0.327053 0.945006 0.000000
vn 0.000000 1.000000 0.000000
vn -0.327053 0.945006 0.000000
vn -0.327053 0.945006 0.000000
vn 0.000000 1.000000 0.000000
vn -0.327053 0.945006 0.000000
vn -0.612014 0.790847 0.000000
vn -0.612014 0.790847 0.000000
vn -0.327053 0.945006 0.000000
vn -0.612014 0.790847 0.000000
vn -0.826116 0.563500 0.000000
vn -0.826116 0.563500 0.000000
vn -0.612014 0.790847 0.000000
vn -0.826116 0.563500 0.000000
vn -0.956487 0.291774 0.000000
vn -0.956487 0.291774 0.000000
vn -0.826116 0.563500 0.000000
vn -0.956487 0.291774 0.000000
vn -1.000000 0.000000 0.000000
vn -1.000000 0.000000 0.000000
vn -0.956487 0.291774 0.000000
vn -1.000000 0.000000 0.000000
vn -0.956487 -0.291774 0.000000
vn -0.956487 -0.291774 0.000000
vn -1.000000 0.000000 0.000000
vn -0.956487 -0.291774 0.000000
vn -0.826116 -0.563500 0.000000
vn -0.826116 -0.563500 0.000000
vn -0.956487 -0.291774 0.000000
vn -0.826116 -0.563500 0.000000
vn -0.612014 -0.790847 0.000000
vn -0.612014 -0.790847 0.000000
vn -0.826116 -0.563500 0.000000
vn -0.612014 -0.790847 0.000000
vn -0.327053 -0.945006 0.000000
vn -0.327053 -0.945006 0.000000
vn -0.612014 -0.790847 0.000000
vn -0.327053 -0.945006 0.000000
vn 0.000000 -1.000000 0.000000
vn 0.000000 -1.000000 0.000000
vn -0.327053 -0.945006 0.000000
vn 0.000000 -1.000000 0.000000
vn 0.327053 -0.945006 0.000000
vn 0.327053 -0.945006 0.000000
vn 0.000000 -1.000000 0.000000
vn 0.327053 -0.945006 0.000000
vn 0.612014 -0.790847 0.000000
vn 0.612014 -0.790847 0.000000
vn 0.327053 -0.945006 0.000000
vn 0.612014 -0.790847 0.000000
vn 0.826116 -0.563500 0.000000
vn 0.826116 -0.563500 0.000000
vn 0.612014 -0.790847 0.000000
vn 0.826116 -0.563500 0.000000
vn 0.956487 -0.291774 0.000000
vn 0.956487 -0.291774 0.000000
vn 0.826116 -0.563500 0.000000
vn 0.956487 -0.291774 0.000000
vn 1.000000 -0.000001 0.000000
vn 1.000000 -0.000001 0.000000
vn 0.956487 -0.291774 0.000000
vn 1.000000 -0.000001 0.000000
vn 0.956488 0.291773 0.000000
vn 0.956488 0.291773 0.000000
vn 1.000000 -0.000001 0.000000
vn 0.000000 0.000000 -1.000000
vn 0.000000 0.000000 -1.000000
vn 0.000000 0.000000 -1.000000
vn 0.000000 0.000000 -1.000000
vn 0.000000 0.000000 -1.000000
vn 0.000000 0.000000 -1.000000
vn 0.000000 0.000000 -1.000000
vn 0.000000 0.000000 -1.000000
vn 0.000000 0.000000 -1.000000
vn 0.000000 0.000000 -1.000000
vn 0.000000 0.000000 -1.000000
vn 0.000000 0.000000 -1.000000
vn 0.000000 0.000000 -1.000000
vn 0.000000 0.000000 -1.000000
vn 0.000000 0.000000 -1.000000
vn 0.000000 0.000000 -1.000000
vn 0.000000 0.000000 -1.000000
vn 0.000000 0.000000 -1.000000
vn 0.000000 0.000000 -1.000000
vn 0.000000 0.000000 -1.000000
vn 0.000000 0.000000 -1.000000
vn 0.000000 0.000000 -1.000000
vn 0.000000 0.000000 -1.000000
vn 0.000000 0.000000 -1.000000
vn 0.000000 0.000000 -1.000000
vn 0.000000 0.000000 -1.000000
vn 0.000000 0.000000 -1.000000
vn 0.000000 0.000000 -1.000000
vn 0.000000 0.000000 -1.000000
vn 0.000000 0.000000 -1.000000
vn 0.000000 0.000000 -1.000000
vn 0.000000 0.000000 -1.000000
vn 0.000000 0.000000 -1.000000
vn 0.000000 0.000000 -1.000000
vn 0.000000 0.000000 -1.000000
vn 0.000000 0.000000 -1.000000
vn 0.000000 0.000000 -1.000000
vn 0.000000 0.000000 -1.000000
vn 0.000000 0.000000 -1.000000
vn 0.000000 0.000000 -1.000000
vn 0.000000 0.000000 -1.000000
vn 0.000000 0.000000 -1.000000
vn 0.000000 0.000000 -1.000000
vn 0.000000 0.000000 -1.000000
vn 0.000000 0.000000 -1.000000
vn 0.000000 0.000000 -1.000000
vn 0.000000 0.000000 -1.000000
vn 0.000000 0.000000 -1.000000
vn 0.000000 0.000000 -1.000000
vn 0.000000 0.000000 -1.000000
vn 0.000000 0.000000 -1.000000
vn 0.000000 0.000000 -1.000000
vn 0.000000 0.000000 -1.000000
vn 0.000000 0.000000 -1.000000
vn 0.000000 0.000000 -1.000000
vn 0.000000 0.000000 -1.000000
vn 0.000000 0.000000 -1.000000
vn 0.000000 0.000000 -1.000000
vn 0.000000 0.000000 -1.000000
vn 0.000000 0.000000 -1.000000
vn 0.000000 0.000000 1.000000
vn 0.000000 0.000000 1.000000
vn 0.000000 0.000000 1.000000
vn 0.000000 0.000000 1.000000
vn 0.000000 0.000000 1.000000
vn 0.000000 0.000000 1.000000
vn 0.000000 0.000000 1.000000
vn 0.000000 0.000000 1.000000
vn 0.000000 0.000000 1.000000
vn 0.000000 0.000000 1.000000
vn 0.000000 0.000000 1.000000
vn 0.000000 0.000000 1.000000
vn 0.000000 0.000000 1.000000
vn 0.000000 0.000000 1.000000
vn 0.000000 0.000000 1.000000
vn 0.000000 0.000000 1.000000
vn 0.000000 0.000000 1.000000
vn 0.000000 0.000000 1.000000
vn 0.000000 0.000000 1.000000
vn 0.000000 0.000000 1.000000
vn 0.000000 0.000000 1.000000
vn 0.000000 0.000000 1.000000
vn 0.000000 0.000000 1.000000
vn 0.000000 0.000000 1.000000
vn 0.000000 0.000000 1.000000
vn 0.000000 0.000000 1.000000
vn 0.000000 0.000000 1.000000
vn 0.000000 0.000000 1.000000
vn 0.000000 0.000000 1.000000
vn 0.000000 0.000000 1.000000
vn 0.000000 0.000000 1.000000
vn 0.000000 0.000000 1.000000
vn 0.000000 0.000000 1.000000
vn 0.000000 0.000000 1.000000
vn 0.000000 0.000000 1.000000
vn 0.000000 0.000000 1.000000
vn 0.000000 0.000000 1.000000
vn 0.000000 0.000000 1.000000
vn 0.000000 0.000000 1.000000
vn 0.000000 0.000000 1.000000
vn 0.000000 0.000000 1.000000
vn 0.000000 0.000000 1.000000
vn 0.000000 0.000000 1.000000
vn 0.000000 0.000000 1.000000
vn 0.000000 0.000000 1.000000
vn 0.000000 0.000000 1.000000
vn 0.000000 0.000000 1.000000
vn 0.000000 0.000000 1.000000
vn 0.000000 0.000000 1.000000
vn 0.000000 0.000000 1.000000
vn 0.000000 0.000000 1.000000
vn 0.000000 0.000000 1.000000
vn 0.000000 0.000000 1.000000
vn 0.000000 0.000000 1.000000
vn 0.000000 0.000000 1.000000
vn 0.000000 0.000000 1.000000
vn 0.000000 0.000000 1.000000
vn 0.000000 0.000000 1.000000
vn 0.000000 0.000000 1.000000
vn 0.000000 0.000000 1.000000
vn 0.000000 0.000000 1.000000
vn 0.000000 0.000000 1.000000
vn 0.000000 0.000000 1.000000
vn 0.000000 0.000000 1.000000
vn 0.129323 0.991603 0.000000
vn 0.129323 0.991603 0.000000
vn 0.129323 0.991603 0.000000
vn 0.129323 0.991603 0.000000
vn 0.000000 0.000000 -1.000000
vn 0.000000 0.000000 -1.000000
vn 0.000000 0.000000 -1.000000
vn 0.000000 0.000000 -1.000000
vn 0.000000 -1.000000 0.000000
vn 0.000000 -1.000000 0.000000
vn 0.000000 -1.000000 0.000000
vn 0.000000 -1.000000 0.000000
vn 0.973419 0.229031 0.000000
vn 0.973419 0.229031 0.000000
vn 0.973419 0.229031 0.000000
vn 0.973419 0.229031 0.000000
vn -0.975597 0.219570 0.000000
vn -0.975597 0.219570 0.000000
vn -0.975597 0.219570 0.000000
vn -0.975597 0.219570 0.000000
vn 0.206412 0.978465 0.000000
vn 0.206412 0.978465 0.000000
vn 0.206412 0.978465 0.000000
vn 0.206412 0.978465 0.000000
vn 0.000000 0.000000 -1.000000
vn 0.000000 0.000000 -1.000000
vn 0.000000 0.000000 -1.000000
vn 0.000000 0.000000 -1.000000
vn 0.206413 0.978465 0.000000
vn 0.206413 0.978465 0.000000
vn 0.206413 0.978465 0.000000
vn 0.206413 0.978465 0.000000
vn 0.000000 0.000000 1.000000
vn 0.000000 0.000000 1.000000
vn 0.000000 0.000000 1.000000
vn 0.000000 0.000000 1.000000
vn 0.206412 0.978465 0.000000
vn 0.206412 0.978465 0.000000
vn 0.206412 0.978465 0.000000
vn 0.206412 0.978465 0.000000
vn 0.000000 0.000000 -1.000000
vn 0.000000 0.000000 -1.000000
vn 0.000000 0.000000 -1.000000
vn 0.000000 0.000000 -1.000000
vn 0.000000 0.000000 -1.000000
vn 0.000000 0.000000 -1.000000
vn 0.000000 0.000000 -1.000000
vn 0.000000 0.000000 -1.000000
vn -0.206411 -0.978465 0.000000
vn -0.206411 -0.978465 0.000000
vn -0.206411 -0.978465 0.000000
vn -0.206411 -0.978465 0.000000
vn 0.613495 0.789699 0.000000
vn 0.613495 0.789699 0.000000
vn 0.613495 0.789699 0.000000
vn 0.613495 0.789699 0.000000
vn 0.000000 0.000000 1.000000
vn 0.000000 0.000000 1.000000
vn 0.000000 0.000000 1.000000
vn 0.000000 0.000000 1.000000
vn -0.206411 -0.978465 0.000000
vn -0.206411 -0.978465 0.000000
vn -0.206411 -0.978465 0.000000
vn -0.206411 -0.978465 0.000000
vn 0.000000 0.000000 1.000000
vn 0.000000 0.000000 1.000000
vn 0.000000 0.000000 1.000000
vn 0.000000 0.000000 1.000000
vn 0.230700 0.973025 0.000000
vn 0.230700 0.973025 0.000000
vn 0.230700 0.973025 0.000000
vn 0.230700 0.973025 0.000000
vn -0.206413 -0.978465 0.000000
vn -0.206413 -0.978465 0.000000
vn -0.206413 -0.978465 0.000000
vn -0.206413 -0.978465 0.000000
vn 0.000000 0.000000 -1.000000
vn 0.000000 0.000000 -1.000000
vn 0.000000 0.000000 -1.000000
vn 0.000000 0.000000 -1.000000
vn 0.000000 0.000000 -1.000000
vn 0.000000 0.000000 -1.000000
vn 0.000000 0.000000 -1.000000
vn 0.000000 0.000000 -1.000000
vn -0.206413 -0.978465 0.000000
vn -0.206413 -0.978465 0.000000
vn -0.206413 -0.978465 0.000000
vn -0.206413 -0.978465 0.000000
vn 0.000000 0.000000 -1.000000
vn 0.000000 0.000000 -1.000000
vn 0.000000 0.000000 -1.000000
vn 0.000000 0.000000 -1.000000
vn 0.999655 0.026281 0.000000
vn 0.999655 0.026281 0.000000
vn 0.999655 0.026281 0.000000
vn 0.999655 0.026281 0.000000
vn 0.000000 0.000000 1.000000
vn 0.000000 0.000000 1.000000
vn 0.000000 0.000000 1.000000
vn 0.000000 0.000000 1.000000
vn -0.206413 -0.978465 0.000000
vn -0.206413 -0.978465 0.000000
vn -0.206413 -0.978465 0.000000
vn -0.206413 -0.978465 0.000000
vn 0.000000 0.000000 1.000000
vn 0.000000 0.000000 1.000000
vn 0.000000 0.000000 1.000000
vn 0.000000 0.000000 1.000000
vn -0.206413 -0.978465 0.000000
vn -0.206413 -0.978465 0.000000
vn -0.206413 -0.978465 0.000000
vn -0.206413 -0.978465 0.000000
vn 0.000000 0.000000 1.000000
vn 0.000000 0.000000 1.000000
vn 0.000000 0.000000 1.000000
vn 0.000000 0.000000 1.000000
vn 0.973026 -0.230696 0.000000
vn 0.973026 -0.230696 0.000000
vn 0.973026 -0.230696 0.000000
vn 0.973026 -0.230696 0.000000
vn 0.000000 0.000000 -1.000000
vn 0.000000 0.000000 -1.000000
vn 0.000000 0.000000 -1.000000
vn 0.000000 0.000000 -1.000000
vn 0.973026 -0.230698 0.000000
vn 0.973026 -0.230698 0.000000
vn 0.973026 -0.230698 0.000000
vn 0.973026 -0.230698 0.000000
vn -0.000000 0.000000 -1.000000
vn -0.000000 0.000000 -1.000000
vn -0.000000 0.000000 -1.000000
vn -0.000000 0.000000 -1.000000
vn -0.230700 -0.973025 0.000000
vn -0.230700 -0.973025 0.000000
vn -0.230700 -0.973025 0.000000
vn -0.230700 -0.973025 0.000000
vn 0.000000 0.000000 -1.000000
vn 0.000000 0.000000 -1.000000
vn 0.000000 0.000000 -1.000000
vn 0.000000 0.000000 -1.000000
vn 0.206412 0.978465 0.000000
vn 0.206412 0.978465 0.000000
vn 0.206412 0.978465 0.000000
vn 0.206412 0.978465 0.000000
vn 0.085677 0.996323 0.000000
vn 0.085677 0.996323 0.000000
vn 0.085677 0.996323 0.000000
vn 0.085677 0.996323 0.000000
vn 0.000000 0.000000 1.000000
vn 0.000000 0.000000 1.000000
vn 0.000000 0.000000 1.000000
vn 0.000000 0.000000 1.000000
vn 0.973025 -0.230699 -0.000003
vn 0.973025 -0.230699 -0.000003
vn 0.973025 -0.230699 -0.000003
vn 0.973025 -0.230699 -0.000003
vn 0.000000 0.000000 1.000000
vn 0.000000 0.000000 1.000000
vn 0.000000 0.000000 1.000000
vn 0.000000 0.000000 1.000000
vn 0.206412 0.978465 0.000000
vn 0.206412 0.978465 0.000000
vn 0.206412 0.978465 0.000000
vn 0.206412 0.978465 0.000000
vn 0.000000 0.000000 1.000000
vn 0.000000 0.000000 1.000000
vn 0.000000 0.000000 1.000000
vn 0.000000 0.000000 1.000000
vn -0.230700 -0.973025 0.000000
vn -0.230700 -0.973025 0.000000
vn -0.230700 -0.973025 0.000000
vn -0.230700 -0.973025 0.000000
vn 0.973025 -0.230701 0.000000
vn 0.973025 -0.230701 0.000000
vn 0.973025 -0.230701 0.000000
vn 0.973025 -0.230701 0.000000
vn 0.206413 0.978465 0.000000
vn 0.206413 0.978465 0.000000
vn 0.206413 0.978465 0.000000
vn 0.206413 0.978465 0.000000
vn 0.000000 0.000000 -1.000000
vn 0.000000 0.000000 -1.000000
vn 0.000000 0.000000 -1.000000
vn 0.000000 0.000000 -1.000000
vn -0.081603 -0.996665 0.000000
vn -0.081603 -0.996665 0.000000
vn -0.081603 -0.996665 0.000000
vn -0.081603 -0.996665 0.000000
vn -0.995382 0.095992 0.000000
vn -0.995382 0.095992 0.000000
vn -0.995382 0.095992 0.000000
vn -0.995382 0.095992 0.000000
vn -0.973025 0.230701 -0.000002
vn -0.973025 0.230701 -0.000002
vn -0.973025 0.230701 -0.000002
vn -0.973025 0.230701 -0.000002
vn 0.000000 0.000000 -1.000000
vn 0.000000 0.000000 -1.000000
vn 0.000000 0.000000 -1.000000
vn 0.000000 0.000000 -1.000000
vn 0.206412 0.978465 0.000000
vn 0.206412 0.978465 0.000000
vn 0.206412 0.978465 0.000000
vn 0.206412 0.978465 0.000000
vn 0.000000 0.000000 -1.000000
vn 0.000000 0.000000 -1.000000
vn 0.000000 0.000000 -1.000000
vn 0.000000 0.000000 -1.000000
vn 0.941337 -0.337468 0.000000
vn 0.941337 -0.337468 0.000000
vn 0.941337 -0.337468 0.000000
vn 0.941337 -0.337468 0.000000
vn -0.925949 0.377649 0.000000
vn -0.925949 0.377649 0.000000
vn -0.925949 0.377649 0.000000
vn -0.925949 0.377649 0.000000
vn 0.000000 1.000000 0.000000
vn 0.000000 1.000000 0.000000
vn 0.000000 1.000000 0.000000
vn 0.000000 1.000000 0.000000
vn -0.989882 0.141893 0.000000
vn -0.989882 0.141893 0.000000
vn -0.989882 0.141893 0.000000
vn -0.989882 0.141893 0.000000
vn -0.081602 -0.996665 0.000000
vn -0.081602 -0.996665 0.000000
vn -0.081602 -0.996665 0.000000
vn -0.081602 -0.996665 0.000000
vn 0.000000 0.000000 1.000000
vn 0.000000 0.000000 1.000000
vn 0.000000 0.000000 1.000000
vn 0.000000 0.000000 1.000000
vn 0.206413 0.978465 0.000000
vn 0.206413 0.978465 0.000000
vn 0.206413 0.978465 0.000000
vn 0.206413 0.978465 0.000000
vn 0.000000 0.000000 1.000000
vn 0.000000 0.000000 1.000000
vn 0.000000 0.000000 1.000000
vn 0.000000 0.000000 1.000000
vn 0.206412 0.978465 0.000000
vn 0.206412 0.978465 0.000000
vn 0.206412 0.978465 0.000000
vn 0.206412 0.978465 0.000000
vn 0.000000 0.000000 1.000000
vn 0.000000 0.000000 1.000000
vn 0.000000 0.000000 1.000000
vn 0.000000 0.000000 1.000000
vn -0.973025 0.230700 0.000001
vn -0.973025 0.230700 0.000001
vn -0.973025 0.230700 0.000001
vn -0.973025 0.230700 0.000001
vn 0.973025 -0.230700 0.000000
vn 0.973025 -0.230700 0.000000
vn 0.973025 -0.230700 0.000000
vn 0.973025 -0.230700 0.000000
vn 0.000000 0.000000 -1.000000
vn 0.000000 0.000000 -1.000000
vn 0.000000 0.000000 -1.000000
vn 0.000000 0.000000 -1.000000
vn 0.245713 -0.969343 0.000000
vn 0.245713 -0.969343 0.000000
vn 0.245713 -0.969343 0.000000
vn 0.245713 -0.969343 0.000000
vn 0.000000 0.000000 -1.000000
vn 0.000000 0.000000 -1.000000
vn 0.000000 0.000000 -1.000000
vn 0.000000 0.000000 -1.000000
vn -0.995382 0.095992 0.000000
vn -0.995382 0.095992 0.000000
vn -0.995382 0.095992 0.000000
vn -0.995382 0.095992 0.000000
vn 0.000000 1.000000 0.000000
vn 0.000000 1.000000 0.000000
vn 0.000000 1.000000 0.000000
vn 0.000000 1.000000 0.000000
vn 0.230700 0.973025 -0.000004
vn 0.230700 0.973025 -0.000004
vn 0.230700 0.973025 -0.000004
vn 0.230700 0.973025 -0.000004
vn 0.000000 0.000000 -1.000000
vn 0.000000 0.000000 -1.000000
vn 0.000000 0.000000 -1.000000
vn 0.000000 0.000000 -1.000000
vn 0.000000 0.000000 1.000000
vn 0.000000 0.000000 1.000000
vn 0.000000 0.000000 1.000000
vn 0.000000 0.000000 1.000000
vn 0.000000 0.000000 1.000000
vn 0.000000 0.000000 1.000000
vn 0.000000 0.000000 1.000000
vn 0.000000 0.000000 1.000000
vn 0.000000 0.000000 1.000000
vn 0.000000 0.000000 1.000000
vn 0.000000 0.000000 1.000000
vn 0.000000 0.000000 1.000000
vn 0.230700 0.973025 0.000004
vn 0.230700 0.973025 0.000004
vn 0.230700 0.973025 0.000004
vn 0.230700 0.973025 0.000004
vn 0.000000 0.000000 -1.000000
vn 0.000000 0.000000 -1.000000
vn 0.000000 0.000000 -1.000000
vn 0.000000 0.000000 -1.000000
vn 0.000000 0.000000 1.000000
vn 0.000000 0.000000 1.000000
vn 0.000000 0.000000 1.000000
vn 0.000000 0.000000 1.000000
vn -0.230700 -0.973025 0.000000
vn -0.230700 -0.973025 0.000000
vn -0.230700 -0.973025 0.000000
vn -0.230700 -0.973025 0.000000
vn -0.206413 -0.978465 0.000000
vn -0.206413 -0.978465 0.000000
vn -0.206413 -0.978465 0.000000
vn -0.206413 -0.978465 0.000000
vn 0.956432 -0.291955 0.000000
vn 0.956432 -0.291955 0.000000
vn 0.956432 -0.291955 0.000000
vn 0.956432 -0.291955 0.000000
vn -0.995382 0.095992 0.000000
vn -0.995382 0.095992 0.000000
vn -0.995382 0.095992 0.000000
vn -0.995382 0.095992 0.000000
vn -0.206413 -0.978465 0.000000
vn -0.206413 -0.978465 0.000000
vn -0.206413 -0.978465 0.000000
vn -0.206413 -0.978465 0.000000
vn -0.994533 0.104427 0.000000
vn -0.994533 0.104427 0.000000
vn -0.994533 0.104427 0.000000
vn -0.994533 0.104427 0.000000
vn 0.994533 0.104427 0.000000
vn 0.994533 0.104427 0.000000
vn 0.994533 0.104427 0.000000
vn 0.994533 0.104427 0.000000
vn -0.105393 -0.994431 0.000000
vn -0.105393 -0.994431 0.000000
vn -0.105393 -0.994431 0.000000
vn -0.105393 -0.994431 0.000000
vn 0.000000 1.000000 0.000000
vn 0.000000 1.000000 0.000000
vn 0.000000 1.000000 0.000000
vn 0.000000 1.000000 0.000000
vn -1.000000 0.000000 0.000000
vn -1.000000 0.000000 0.000000
vn -1.000000 0.000000 0.000000
vn -1.000000 0.000000 0.000000
vn 0.000000 -1.000000 0.000000
vn 0.000000 -1.000000 0.000000
vn 0.000000 -1.000000 0.000000
vn 0.000000 -1.000000 0.000000
vn 0.000000 1.000000 0.000000
vn 0.000000 1.000000 0.000000
vn 0.000000 1.000000 0.000000
vn 0.000000 1.000000 0.000000
vn -1.000000 0.000000 0.000000
vn -1.000000 0.000000 0.000000
vn -1.000000 0.000000 0.000000
vn -1.000000 0.000000 0.000000
vn 0.000000 -1.000000 0.000000
vn 0.000000 -1.000000 0.000000
vn 0.000000 -1.000000 0.000000
vn 0.000000 -1.000000 0.000000
vn 1.000000 0.000000 0.000000
vn 1.000000 0.000000 0.000000
vn 1.000000 0.000000 0.000000
vn 1.000000 0.000000 0.000000
vn 1.000000 0.000000 0.000000
vn 1.000000 0.000000 0.000000
vn 1.000000 0.000000 0.000000
vn 1.000000 0.000000 0.000000
vn 0.036409 -0.999337 0.000000
vn 0.036409 -0.999337 0.000000
vn 0.036409 -0.999337 0.000000
vn 0.036409 -0.999337 0.000000
vn 0.000000 1.000000 0.000000
vn 0.000000 1.000000 0.000000
vn 0.000000 1.000000 0.000000
vn 0.000000 1.000000 0.000000
vn -0.989882 0.141892 0.000000
vn -0.989882 0.141892 0.000000
vn -0.989882 0.141892 0.000000
vn -0.989882 0.141892 0.000000
vn -0.081603 -0.996665 0.000000
vn -0.081603 -0.996665 0.000000
vn -0.081603 -0.996665 0.000000
vn -0.081603 -0.996665 0.000000
vn 0.999133 -0.041629 0.000000
vn 0.999133 -0.041629 0.000000
vn 0.999133 -0.041629 0.000000
vn 0.999133 -0.041629 0.000000
vn -0.991090 -0.133196 0.000000
vn -0.991090 -0.133196 0.000000
vn -0.991090 -0.133196 0.000000
vn -0.991090 -0.133196 0.000000
vn 0.000000 -1.000000 0.000000
vn 0.000000 -1.000000 0.000000
vn 0.000000 -1.000000 0.000000
vn 0.000000 -1.000000 0.000000
vn -1.000000 0.000000 0.000000
vn -1.000000 0.000000 0.000000
vn -1.000000 0.000000 0.000000
vn -1.000000 0.000000 0.000000
vn 1.000000 0.000000 0.000000
vn 1.000000 0.000000 0.000000
vn 1.000000 0.000000 0.000000
vn 1.000000 0.000000 0.000000
vn 0.000000 1.000000 0.000000
vn 0.000000 1.000000 0.000000
vn 0.000000 1.000000 0.000000
vn 0.000000 1.000000 0.000000
vn 0.000000 0.000000 -1.000000
vn 0.000000 0.000000 -1.000000
vn 0.000000 0.000000 -1.000000
vn 0.000000 0.000000 -1.000000
vn 0.000000 0.000000 -1.000000
vn 0.000000 0.000000 -1.000000
vn 0.000000 0.000000 -1.000000
vn 0.000000 0.000000 -1.000000
vn 0.000000 0.000000 1.000000
vn 0.000000 0.000000 1.000000
vn 0.000000 0.000000 1.000000
vn 0.000000 0.000000 1.000000
vn 0.000000 0.000000 1.000000
vn 0.000000 0.000000 1.000000
vn 0.000000 0.000000 1.000000
vn 0.000000 0.000000 1.000000
vn 0.000000 0.000000 -1.000000
vn 0.000000 0.000000 -1.000000
vn 0.000000 0.000000 -1.000000
vn 0.000000 0.000000 -1.000000
vn 0.000000 0.000000 -1.000000
vn 0.000000 0.000000 -1.000000
vn 0.000000 0.000000 -1.000000
vn 0.000000 0.000000 -1.000000
vn 0.000000 0.000000 1.000000
vn 0.000000 0.000000 1.000000
vn 0.000000 0.000000 1.000000
vn 0.000000 0.000000 1.000000
vn 0.000000 0.000000 1.000000
vn 0.000000 0.000000 1.000000
vn 0.000000 0.000000 1.000000
vn 0.000000 0.000000 1.000000
vn 0.000000 0.000000 -1.000000
vn 0.000000 0.000000 -1.000000
vn 0.000000 0.000000 -1.000000
vn 0.000000 0.000000 -1.000000
vn 0.000000 0.000000 -1.000000
vn 0.000000 0.000000 -1.000000
vn 0.000000 0.000000 -1.000000
vn 0.000000 0.000000 -1.000000
vn 0.000000 0.000000 1.000000
vn 0.000000 0.000000 1.000000
vn 0.000000 0.000000 1.000000
vn 0.000000 0.000000 1.000000
vn 0.000000 0.000000 1.000000
vn 0.000000 0.000000 1.000000
vn 0.000000 0.000000 1.000000
vn 0.000000 0.000000 1.000000
vn 0.000000 0.000000 -1.000000
vn 0.000000 0.000000 -1.000000
vn 0.000000 0.000000 -1.000000
vn 0.000000 0.000000 -1.000000
vn 0.000000 0.000000 -1.000000
vn 0.000000 0.000000 -1.000000
vn 0.000000 0.000000 -1.000000
vn 0.000000 0.000000 -1.000000
vn 0.000000 0.000000 1.000000
vn 0.000000 0.000000 1.000000
vn 0.000000 0.000000 1.000000
vn 0.000000 0.000000 1.000000
vn 0.000000 0.000000 1.000000
vn 0.000000 0.000000 1.000000
vn 0.000000 0.000000 1.000000
vn 0.000000 0.000000 1.000000
vn -0.989882 0.141892 0.000000
vn -0.989882 0.141892 0.000000
vn -0.989882 0.141892 0.000000
vn -0.989882 0.141892 0.000000
vn -0.989882 0.141892 0.000000
vn -0.989882 0.141892 0.000000
vn 0.999133 -0.041629 0.000000
vn 0.999133 -0.041629 0.000000
vn 0.999133 -0.041629 0.000000
vn 0.999133 -0.041629 0.000000
vn 0.999133 -0.041629 0.000000
vn 0.999133 -0.041629 0.000000
vn 0.000000 0.000000 -1.000000
vn 0.000000 0.000000 -1.000000
vn 0.000000 0.000000 -1.000000
vn 0.000000 0.000000 -1.000000
vn 0.000000 0.000000 -1.000000
vn 0.000000 0.000000 -1.000000
vn 0.000000 0.000000 -1.000000
vn 0.000000 0.000000 -1.000000
vn 0.000000 0.000000 -1.000000
vn 0.000000 0.000000 -1.000000
vn 0.000000 0.000000 -1.000000
vn 0.000000 0.000000 -1.000000
vn 0.000000 0.000000 -1.000000
vn 0.000000 0.000000 -1.000000
vn 0.000000 0.000000 -1.000000
vn 0.000000 0.000000 -1.000000
vn 0.000000 0.000000 1.000000
vn 0.000000 0.000000 1.000000
vn 0.000000 0.000000 1.000000
vn 0.000000 0.000000 1.000000
vn -0.000000 0.000000 -1.000000
vn -0.000000 0.000000 -1.000000
vn -0.000000 0.000000 -1.000000
vn -0.000000 0.000000 -1.000000
vn -0.000000 0.000000 -1.000000
vn -0.000000 0.000000 -1.000000
vn -0.000000 0.000000 -1.000000
vn -0.000000 0.000000 -1.000000
vn -0.000001 0.000000 1.000000
vn -0.000001 0.000000 1.000000
vn -0.000001 0.000000 1.000000
vn -0.000001 0.000000 1.000000
vn 0.000000 0.000000 1.000000
vn 0.000000 0.000000 1.000000
vn 0.000000 0.000000 1.000000
vn 0.000000 0.000000 1.000000
vn 0.000000 0.000000 1.000000
vn 0.000000 0.000000 1.000000
vn 0.000000 0.000000 1.000000
vn 0.000000 0.000000 1.000000
vn 0.000000 0.000000 1.000000
vn 0.000000 0.000000 1.000000
vn 0.000000 0.000000 1.000000
vn 0.000000 0.000000 1.000000
vn 0.000000 0.000000 1.000000
vn 0.000000 0.000000 1.000000
vn 0.000000 0.000000 1.000000
vn 0.000000 0.000000 1.000000
vn 0.000000 0.000000 1.000000
vn 0.000000 0.000000 1.000000
vn 0.000000 0.000000 1.000000
vn 0.000000 0.000000 1.000000
vn 0.000000 0.000000 1.000000
vn 0.000000 0.000000 1.000000
vn 0.000000 0.000000 1.000000
vn 0.000000 0.000000 1.000000
vn 0.000000 0.000000 1.000000
vn 0.000000 0.000000 1.000000
vn 0.000000 0.000000 1.000000
vn 0.000000 0.000000 1.000000
vn 0.000000 0.000000 1.000000
vn 0.000000 0.000000 1.000000
vn 0.000000 0.000000 1.000000
vn 0.000000 0.000000 1.000000
vn -0.000000 0.902100 -0.431527
vn -0.000000 0.902100 -0.431527
vn -0.000000 0.902100 -0.431527
vn -0.000000 0.902100 -0.431527
vn 0.000000 0.826116 -0.563500
vn 0.000000 0.612014 -0.790847
vn 0.000000 0.612014 -0.790847
vn 0.000000 0.826116 -0.563500
vn 0.000000 0.612014 -0.790847
vn 0.000000 0.327053 -0.945006
vn 0.000000 0.327053 -0.945006
vn 0.000000 0.612014 -0.790847
vn 0.000000 0.327053 -0.945006
vn 0.000000 0.000000 -1.000000
vn 0.000000 0.000000 -1.000000
vn 0.000000 0.327053 -0.945006
vn 0.000000 0.000000 -1.000000
vn 0.000000 -0.327053 -0.945006
vn 0.000000 -0.327053 -0.945006
vn 0.000000 0.000000 -1.000000
vn 0.000000 -0.327053 -0.945006
vn 0.000000 -0.612014 -0.790847
vn 0.000000 -0.612014 -0.790847
vn 0.000000 -0.327053 -0.945006
vn 0.000000 -0.612014 -0.790847
vn 0.000000 -0.826116 -0.563500
vn 0.000000 -0.826116 -0.563500
vn 0.000000 -0.612014 -0.790847
vn 0.000000 -0.826116 -0.563500
vn 0.000000 -0.956487 -0.291774
vn 0.000000 -0.956487 -0.291774
vn 0.000000 -0.826116 -0.563500
vn 0.000000 -0.956487 -0.291774
vn 0.000000 -1.000000 0.000000
vn 0.000000 -1.000000 0.000000
vn 0.000000 -0.956487 -0.291774
vn 0.000000 -1.000000 0.000000
vn 0.000000 -0.956487 0.291774
vn 0.000000 -0.956487 0.291774
vn 0.000000 -1.000000 0.000000
vn 0.000000 -0.956487 0.291774
vn 0.000000 -0.826116 0.563500
vn 0.000000 -0.826116 0.563500
vn 0.000000 -0.956487 0.291774
vn 0.000000 -0.826116 0.563500
vn 0.000000 -0.612014 0.790847
vn 0.000000 -0.612014 0.790847
vn 0.000000 -0.826116 0.563500
vn 0.000000 -0.612014 0.790847
vn 0.000000 -0.327053 0.945006
vn 0.000000 -0.327053 0.945006
vn 0.000000 -0.612014 0.790847
vn 0.000000 -0.327053 0.945006
vn 0.000000 0.000000 1.000000
vn 0.000000 0.000000 1.000000
vn 0.000000 -0.327053 0.945006
vn 0.000000 0.000000 1.000000
vn 0.000000 0.327053 0.945006
vn 0.000000 0.327053 0.945006
vn 0.000000 0.000000 1.000000
vn 0.000000 0.327053 0.945006
vn 0.000000 0.612014 0.790847
vn 0.000000 0.612014 0.790847
vn 0.000000 0.327053 0.945006
vn 0.000000 0.612014 0.790847
vn 0.000000 0.826116 0.563500
vn 0.000000 0.826116 0.563500
vn 0.000000 0.612014 0.790847
vn 0.000000 0.826116 0.563500
vn 0.000000 0.956487 0.291774
vn 0.000000 0.956487 0.291774
vn 0.000000 0.826116 0.563500
vn 0.000000 0.956487 0.291774
vn 0.000000 1.000000 0.000001
vn 0.000000 1.000000 0.000001
vn 0.000000 0.956487 0.291774
vn 0.000000 1.000000 0.000001
vn 0.000000 0.956488 -0.291773
vn 0.000000 0.956488 -0.291773
vn 0.000000 1.000000 0.000001
vn 1.000000 0.000000 0.000000
vn 1.000000 0.000000 0.000000
vn 1.000000 0.000000 0.000000
vn 1.000000 0.000000 0.000000
vn 1.000000 0.000000 0.000000
vn 1.000000 0.000000 0.000000
vn 1.000000 0.000000 0.000000
vn 1.000000 0.000000 0.000000
vn 1.000000 0.000000 0.000000
vn 1.000000 0.000000 0.000000
vn 1.000000 0.000000 0.000000
vn 1.000000 0.000000 0.000000
vn 1.000000 0.000000 0.000000
vn 1.000000 0.000000 0.000000
vn 1.000000 0.000000 0.000000
vn 1.000000 0.000000 0.000000
vn 1.000000 0.000000 0.000000
vn 1.000000 0.000000 0.000000
vn 1.000000 0.000000 0.000000
vn 1.000000 0.000000 0.000000
vn 1.000000 0.000000 0.000000
vn 1.000000 0.000000 0.000000
vn 1.000000 0.000000 0.000000
vn 1.000000 0.000000 0.000000
vn 1.000000 0.000000 0.000000
vn 1.000000 0.000000 0.000000
vn 1.000000 0.000000 0.000000
vn 1.000000 0.000000 0.000000
vn 1.000000 0.000000 0.000000
vn 1.000000 0.000000 0.000000
vn 1.000000 0.000000 0.000000
vn 1.000000 0.000000 0.000000
vn 1.000000 0.000000 0.000000
vn 1.000000 0.000000 0.000000
vn 1.000000 0.000000 0.000000
vn 1.000000 0.000000 0.000000
vn 1.000000 0.000000 0.000000
vn 1.000000 0.000000 0.000000
vn 1.000000 0.000000 0.000000
vn 1.000000 0.000000 0.000000
vn 1.000000 0.000000 0.000000
vn 1.000000 0.000000 0.000000
vn 1.000000 0.000000 0.000000
vn 1.000000 0.000000 0.000000
vn 1.000000 0.000000 0.000000
vn 1.000000 0.000000 0.000000
vn 1.000000 0.000000 0.000000
vn 1.000000 0.000000 0.000000
vn 1.000000 0.000000 0.000000
vn 1.000000 0.000000 0.000000
vn 1.000000 0.000000 0.000000
vn 1.000000 0.000000 0.000000
vn 1.000000 0.000000 0.000000
vn 1.000000 0.000000 0.000000
vn 1.000000 0.000000 0.000000
vn 1.000000 0.000000 0.000000
vn 1.000000 0.000000 0.000000
vn 1.000000 0.000000 0.000000
vn 1.000000 0.000000 0.000000
vn 1.000000 0.000000 0.000000
vn -1.000000 -0.000001 0.000000
vn -1.000000 -0.000001 0.000000
vn -1.000000 0.000000 0.000000
vn -1.000000 -0.000001 0.000000
vn -1.000000 -0.000001 0.000000
vn -1.000000 0.000000 0.000000
vn -1.000000 -0.000001 0.000000
vn -1.000000 0.000000 0.000001
vn -1.000000 0.000000 0.000000
vn -1.000000 0.000000 0.000001
vn -1.000000 0.000000 0.000001
vn -1.000000 0.000000 0.000000
vn -1.000000 0.000000 0.000001
vn -1.000000 0.000000 0.000001
vn -1.000000 0.000000 0.000000
vn -1.000000 0.000000 0.000001
vn -1.000000 0.000001 0.000001
vn -1.000000 0.000000 0.000000
vn -1.000000 0.000001 0.000001
vn -1.000000 0.000001 0.000001
vn -1.000000 0.000000 0.000000
vn -1.000000 0.000001 0.000001
vn -1.000000 0.000001 0.000001
vn -1.000000 0.000000 0.000000
vn -1.000000 0.000001 0.000001
vn -1.000000 0.000002 0.000000
vn -1.000000 0.000000 0.000000
vn -1.000000 0.000002 0.000000
vn -1.000000 0.000001 -0.000001
vn -1.000000 0.000000 0.000000
vn -1.000000 0.000001 -0.000001
vn -1.000000 0.000001 -0.000001
vn -1.000000 0.000000 0.000000
vn -1.000000 0.000001 -0.000001
vn -1.000000 0.000001 -0.000001
vn -1.000000 0.000000 0.000000
vn -1.000000 0.000001 -0.000001
vn -1.000000 0.000000 -0.000002
vn -1.000000 0.000000 0.000000
vn -1.000000 0.000000 -0.000002
vn -1.000000 0.000000 -0.000001
vn -1.000000 0.000000 0.000000
vn -1.000000 0.000000 -0.000001
vn -1.000000 0.000000 -0.000001
vn -1.000000 0.000000 0.000000
vn -1.000000 0.000000 -0.000001
vn -1.000000 -0.000001 -0.000001
vn -1.000000 0.000000 0.000000
vn -1.000000 -0.000001 -0.000001
vn -1.000000 -0.000001 -0.000001
vn -1.000000 0.000000 0.000000
vn -1.000000 -0.000001 -0.000001
vn -1.000000 -0.000001 -0.000001
vn -1.000000 0.000000 0.000000
vn -1.000000 -0.000001 -0.000001
vn -1.000000 -0.000002 0.000000
vn -1.000000 0.000000 0.000000
vn -1.000000 -0.000002 0.000000
vn -1.000000 -0.000001 0.000000
vn -1.000000 0.000000 0.000000
vn 0.902105 0.000000 -0.431517
vn 0.902105 0.000000 -0.431517
vn 0.902105 0.000000 -0.431517
vn 0.902105 0.000000 -0.431517
vn 0.826116 0.000000 -0.563500
vn 0.612014 0.000000 -0.790847
vn 0.612014 0.000000 -0.790847
vn 0.826116 0.000000 -0.563500
vn 0.612014 0.000000 -0.790847
vn 0.327053 0.000000 -0.945006
vn 0.327053 0.000000 -0.945006
vn 0.612014 0.000000 -0.790847
vn 0.327053 0.000000 -0.945006
vn 0.000000 0.000000 -1.000000
vn 0.000000 0.000000 -1.000000
vn 0.327053 0.000000 -0.945006
vn 0.000000 0.000000 -1.000000
vn -0.327053 0.000000 -0.945006
vn -0.327053 0.000000 -0.945006
vn 0.000000 0.000000 -1.000000
vn -0.327053 0.000000 -0.945006
vn -0.612014 0.000000 -0.790847
vn -0.612014 0.000000 -0.790847
vn -0.327053 0.000000 -0.945006
vn -0.612014 0.000000 -0.790847
vn -0.826116 0.000000 -0.563500
vn -0.826116 0.000000 -0.563500
vn -0.612014 0.000000 -0.790847
vn -0.826116 0.000000 -0.563500
vn -0.956487 0.000000 -0.291774
vn -0.956487 0.000000 -0.291774
vn -0.826116 0.000000 -0.563500
vn -0.956487 0.000000 -0.291774
vn -1.000000 0.000000 0.000000
vn -1.000000 0.000000 0.000000
vn -0.956487 0.000000 -0.291774
vn -1.000000 0.000000 0.000000
vn -0.956487 0.000000 0.291774
vn -0.956487 0.000000 0.291774
vn -1.000000 0.000000 0.000000
vn -0.956487 0.000000 0.291774
vn -0.826116 0.000000 0.563500
vn -0.826116 0.000000 0.563500
vn -0.956487 0.000000 0.291774
vn -0.826116 0.000000 0.563500
vn -0.612014 0.000000 0.790847
vn -0.612014 0.000000 0.790847
vn -0.826116 0.000000 0.563500
vn -0.612014 0.000000 0.790847
vn -0.327053 0.000000 0.945006
vn -0.327053 0.000000 0.945006
vn -0.612014 0.000000 0.790847
vn -0.327053 0.000000 0.945006
vn 0.000000 0.000000 1.000000
vn 0.000000 0.000000 1.000000
vn -0.327053 0.000000 0.945006
vn 0.000000 0.000000 1.000000
vn 0.327053 0.000000 0.945006
vn 0.327053 0.000000 0.945006
vn 0.000000 0.000000 1.000000
vn 0.327053 0.000000 0.945006
vn 0.612014 0.000000 0.790847
vn 0.612014 0.000000 0.790847
vn 0.327053 0.000000 0.945006
vn 0.612014 0.000000 0.790847
vn 0.826116 0.000000 0.563500
vn 0.826116 0.000000 0.563500
vn 0.612014 0.000000 0.790847
vn 0.826116 0.000000 0.563500
vn 0.956487 0.000000 0.291774
vn 0.956487 0.000000 0.291774
vn 0.826116 0.000000 0.563500
vn 0.956487 0.000000 0.291774
vn 1.000000 0.000000 0.000001
vn 1.000000 0.000000 0.000001
vn 0.956487 0.000000 0.291774
vn 1.000000 0.000000 0.000001
vn 0.956488 0.000000 -0.291773
vn 0.956488 0.000000 -0.291773
vn 1.000000 0.000000 0.000001
vn 0.000000 -1.000000 0.000000
vn 0.000000 -1.000000 0.000000
vn 0.000000 -1.000000 0.000000
vn 0.000000 -1.000000 0.000000
vn 0.000000 -1.000000 0.000000
vn 0.000000 -1.000000 0.000000
vn 0.000000 -1.000000 0.000000
vn 0.000000 -1.000000 0.000000
vn 0.000000 -1.000000 0.000000
vn 0.000000 -1.000000 0.000000
vn 0.000000 -1.000000 0.000000
vn 0.000000 -1.000000 0.000000
vn 0.000000 -1.000000 0.000000
vn 0.000000 -1.000000 0.000000
vn 0.000000 -1.000000 0.000000
vn 0.000000 -1.000000 0.000000
vn 0.000000 -1.000000 0.000000
vn 0.000000 -1.000000 0.000000
vn 0.000000 -1.000000 0.000000
vn 0.000000 -1.000000 0.000000
vn 0.000000 -1.000000 0.000000
vn 0.000000 -1.000000 0.000000
vn 0.000000 -1.000000 0.000000
vn 0.000000 -1.000000 0.000000
vn 0.000000 -1.000000 0.000000
vn 0.000000 -1.000000 0.000000
vn 0.000000 -1.000000 0.000000
vn 0.000000 -1.000000 0.000000
vn 0.000000 -1.000000 0.000000
vn 0.000000 -1.000000 0.000000
vn 0.000000 -1.000000 0.000000
vn 0.000000 -1.000000 0.000000
vn 0.000000 -1.000000 0.000000
vn 0.000000 -1.000000 0.000000
vn 0.000000 -1.000000 0.000000
vn 0.000000 -1.000000 0.000000
vn 0.000000 -1.000000 0.000000
vn 0.000000 -1.000000 0.000000
vn 0.000000 -1.000000 0.000000
vn 0.000000 -1.000000 0.000000
vn 0.000000 -1.000000 0.000000
vn 0.000000 -1.000000 0.000000
vn 0.000000 -1.000000 0.000000
vn 0.000000 -1.000000 0.000000
vn 0.000000 -1.000000 0.000000
vn 0.000000 -1.000000 0.000000
vn 0.000000 -1.000000 0.000000
vn 0.000000 -1.000000 0.000000
vn 0.000000 -1.000000 0.000000
vn 0.000000 -1.000000 0.000000
vn 0.000000 -1.000000 0.000000
vn 0.000000 -1.000000 0.000000
vn 0.000000 -1.000000 0.000000
vn 0.000000 -1.000000 0.000000
vn 0.000000 -1.000000 0.000000
vn 0.000000 -1.000000 0.000000
vn 0.000000 -1.000000 0.000000
vn 0.000000 -1.000000 0.000000
vn 0.000000 -1.000000 0.000000
vn 0.000000 -1.000000 0.000000
vn -0.000003 1.000000 0.000000
vn -0.000003 1.000000 0.000000
vn 0.000000 1.000000 -0.000001
vn -0.000003 1.000000 0.000000
vn -0.000002 1.000000 0.000000
vn 0.000000 1.000000 -0.000001
vn -0.000002 1.000000 0.000000
vn -0.000001 1.000000 0.000001
vn 0.000000 1.000000 -0.000001
vn -0.000001 1.000000 0.000001
vn 0.000000 1.000000 0.000003
vn 0.000000 1.000000 -0.000001
vn 0.000000 1.000000 0.000003
vn 0.000001 1.000000 0.000003
vn 0.000000 1.000000 -0.000001
vn 0.000001 1.000000 0.000003
vn 0.000002 1.000000 0.000001
vn 0.000000 1.000000 -0.000001
vn 0.000002 1.000000 0.000001
vn 0.000003 1.000000 0.000003
vn 0.000000 1.000000 -0.000001
vn 0.000003 1.000000 0.000003
vn 0.000003 1.000000 0.000003
vn 0.000000 1.000000 -0.000001
vn 0.000003 1.000000 0.000003
vn 0.000003 1.000000 0.000000
vn 0.000000 1.000000 -0.000001
vn 0.000003 1.000000 0.000000
vn 0.000003 1.000000 -0.000003
vn 0.000000 1.000000 -0.000001
vn 0.000003 1.000000 -0.000003
vn 0.000003 1.000000 -0.000003
vn 0.000000 1.000000 -0.000001
vn 0.000003 1.000000 -0.000003
vn 0.000002 1.000000 -0.000003
vn 0.000000 1.000000 -0.000001
vn 0.000002 1.000000 -0.000003
vn 0.000001 1.000000 -0.000004
vn 0.000000 1.000000 -0.000001
vn 0.000001 1.000000 -0.000004
vn 0.000000 1.000000 -0.000003
vn 0.000000 1.000000 -0.000001
vn 0.000000 1.000000 -0.000003
vn -0.000001 1.000000 -0.000003
vn 0.000000 1.000000 -0.000001
vn -0.000001 1.000000 -0.000003
vn -0.000002 1.000000 -0.000001
vn 0.000000 1.000000 -0.000001
vn -0.000002 1.000000 -0.000001
vn -0.000003 1.000000 -0.000003
vn 0.000000 1.000000 -0.000001
vn -0.000003 1.000000 -0.000003
vn -0.000003 1.000000 -0.000003
vn 0.000000 1.000000 -0.000001
vn -0.000003 1.000000 -0.000003
vn -0.000003 1.000000 0.000000
vn 0.000000 1.000000 -0.000001
vn -0.000003 1.000000 0.000000
vn -0.000003 1.000000 0.000000
vn 0.000000 1.000000 -0.000001
vn 0.902099 0.431529 0.000000
vn 0.902099 0.431529 0.000000
vn 0.902099 0.431529 0.000000
vn 0.902099 0.431529 0.000000
vn 0.826116 0.563500 0.000000
vn 0.612014 0.790847 0.000000
vn 0.612014 0.790847 0.000000
vn 0.826116 0.563500 0.000000
vn 0.612014 0.790847 0.000000
vn 0.327053 0.945006 0.000000
vn 0.327053 0.945006 0.000000
vn 0.612014 0.790847 0.000000
vn 0.327053 0.945006 0.000000
vn 0.000000 1.000000 0.000000
vn 0.000000 1.000000 0.000000
vn 0.327053 0.945006 0.000000
vn 0.000000 1.000000 0.000000
vn -0.327053 0.945006 0.000000
vn -0.327053 0.945006 0.000000
vn 0.000000 1.000000 0.000000
vn -0.327053 0.945006 0.000000
vn -0.612014 0.790847 0.000000
vn -0.612014 0.790847 0.000000
vn -0.327053 0.945006 0.000000
vn -0.612014 0.790847 0.000000
vn -0.826116 0.563500 0.000000
vn -0.826116 0.563500 0.000000
vn -0.612014 0.790847 0.000000
vn -0.826116 0.563500 0.000000
vn -0.956487 0.291774 0.000000
vn -0.956487 0.291774 0.000000
vn -0.826116 0.563500 0.000000
vn -0.956487 0.291774 0.000000
vn -1.000000 0.000000 0.000000
vn -1.000000 0.000000 0.000000
vn -0.956487 0.291774 0.000000
vn -1.000000 0.000000 0.000000
vn -0.956487 -0.291774 0.000000
vn -0.956487 -0.291774 0.000000
vn -1.000000 0.000000 0.000000
vn -0.956487 -0.291774 0.000000
vn -0.826116 -0.563500 0.000000
vn -0.826116 -0.563500 0.000000
vn -0.956487 -0.291774 0.000000
vn -0.826116 -0.563500 0.000000
vn -0.612014 -0.790847 0.000000
vn -0.612014 -0.790847 0.000000
vn -0.826116 -0.563500 0.000000
vn -0.612014 -0.790847 0.000000
vn -0.327053 -0.945006 0.000000
vn -0.327053 -0.945006 0.000000
vn -0.612014 -0.790847 0.000000
vn -0.327053 -0.945006 0.000000
vn 0.000000 -1.000000 0.000000
vn 0.000000 -1.000000 0.000000
vn -0.327053 -0.945006 0.000000
vn 0.000000 -1.000000 0.000000
vn 0.327053 -0.945006 0.000000
vn 0.327053 -0.945006 0.000000
vn 0.000000 -1.000000 0.000000
vn 0.327053 -0.945006 0.000000
vn 0.612014 -0.790847 0.000000
vn 0.612014 -0.790847 0.000000
vn 0.327053 -0.945006 0.000000
vn 0.612014 -0.790847 0.000000
vn 0.826116 -0.563500 0.000000
vn 0.826116 -0.563500 0.000000
vn 0.612014 -0.790847 0.000000
vn 0.826116 -0.563500 0.000000
vn 0.956487 -0.291774 0.000000
vn 0.956487 -0.291774 0.000000
vn 0.826116 -0.563500 0.000000
vn 0.956487 -0.291774 0.000000
vn 1.000000 -0.000001 0.000000
vn 1.000000 -0.000001 0.000000
vn 0.956487 -0.291774 0.000000
vn 1.000000 -0.000001 0.000000
vn 0.956488 0.291773 0.000000
vn 0.956488 0.291773 0.000000
vn 1.000000 -0.000001 0.000000
vn 0.000000 0.000000 -1.000000
vn 0.000000 0.000000 -1.000000
vn 0.000000 0.000000 -1.000000
vn 0.000000 0.000000 -1.000000
vn 0.000000 0.000000 -1.000000
vn 0.000000 0.000000 -1.000000
vn 0.000000 0.000000 -1.000000
vn 0.000000 0.000000 -1.000000
vn 0.000000 0.000000 -1.000000
vn 0.000000 0.000000 -1.000000
vn 0.000000 0.000000 -1.000000
vn 0.000000 0.000000 -1.000000
vn 0.000000 0.000000 -1.000000
vn 0.000000 0.000000 -1.000000
vn 0.000000 0.000000 -1.000000
vn 0.000000 0.000000 -1.000000
vn 0.000000 0.000000 -1.000000
vn 0.000000 0.000000 -1.000000
vn 0.000000 0.000000 -1.000000
vn 0.000000 0.000000 -1.000000
vn 0.000000 0.000000 -1.000000
vn 0.000000 0.000000 -1.000000
vn 0.000000 0.000000 -1.000000
vn 0.000000 0.000000 -1.000000
vn 0.000000 0.000000 -1.000000
vn 0.000000 0.000000 -1.000000
vn 0.000000 0.000000 -1.000000
vn 0.000000 0.000000 -1.000000
vn 0.000000 0.000000 -1.000000
vn 0.000000 0.000000 -1.000000
vn 0.000000 0.000000 -1.000000
vn 0.000000 0.000000 -1.000000
vn 0.000000 0.000000 -1.000000
vn 0.000000 0.000000 -1.000000
vn 0.000000 0.000000 -1.000000
vn 0.000000 0.000000 -1.000000
vn 0.000000 0.000000 -1.000000
vn 0.000000 0.000000 -1.000000
vn 0.000000 0.000000 -1.000000
vn 0.000000 0.000000 -1.000000
vn 0.000000 0.000000 -1.000000
vn 0.000000 0.000000 -1.000000
vn 0.000000 0.000000 -1.000000
vn 0.000000 0.000000 -1.000000
vn 0.000000 0.000000 -1.000000
vn 0.000000 0.000000 -1.000000
vn 0.000000 0.000000 -1.000000
vn 0.000000 0.000000 -1.000000
vn 0.000000 0.000000 -1.000000
vn 0.000000 0.000000 -1.000000
vn 0.000000 0.000000 -1.000000
vn 0.000000 0.000000 -1.000000
vn 0.000000 0.000000 -1.000000
vn 0.000000 0.000000 -1.000000
vn 0.000000 0.000000 -1.000000
vn 0.000000 0.000000 -1.000000
vn 0.000000 0.000000 -1.000000
vn 0.000000 0.000000 -1.000000
vn 0.000000 0.000000 -1.000000
vn 0.000000 0.000000 -1.000000
vn -0.000001 0.000000 1.000000
vn -0.000001 0.000000 1.000000
vn 0.000000 0.000000 1.000000
vn -0.000001 0.000000 1.000000
vn 0.000000 0.000000 1.000000
vn 0.000000 0.000000 1.000000
vn 0.000000 0.000000 1.000000
vn 0.000000 0.000000 1.000000
vn 0.000000 0.000000 1.000000
vn 0.000000 0.000000 1.000000
vn 0.000000 -0.000001 1.000000
vn 0.000000 0.000000 1.000000
vn 0.000000 -0.000001 1.000000
vn 0.000000 -0.000001 1.000000
vn 0.000000 0.000000 1.000000
vn 0.000000 -0.000001 1.000000
vn 0.000000 0.000000 1.000000
vn 0.000000 0.000000 1.000000
vn 0.000000 0.000000 1.000000
vn 0.000001 -0.000001 1.000000
vn 0.000000 0.000000 1.000000
vn 0.000001 -0.000001 1.000000
vn 0.000001 -0.000001 1.000000
vn 0.000000 0.000000 1.000000
vn 0.000001 -0.000001 1.000000
vn 0.000001 0.000000 1.000000
vn 0.000000 0.000000 1.000000
vn 0.000001 0.000000 1.000000
vn 0.000001 0.000001 1.000000
vn 0.000000 0.000000 1.000000
vn 0.000001 0.000001 1.000000
vn 0.000001 0.000001 1.000000
vn 0.000000 0.000000 1.000000
vn 0.000001 0.000001 1.000000
vn 0.000000 0.000001 1.000000
vn 0.000000 0.000000 1.000000
vn 0.000000 0.000001 1.000000
vn 0.000000 0.000001 1.000000
vn 0.000000 0.000000 1.000000
vn 0.000000 0.000001 1.000000
vn 0.000000 0.000001 1.000000
vn 0.000000 0.000000 1.000000
vn 0.000000 0.000001 1.000000
vn 0.000000 0.000001 1.000000
vn 0.000000 0.000000 1.000000
vn 0.000000 0.000001 1.000000
vn 0.000000 0.000000 1.000000
vn 0.000000 0.000000 1.000000
vn 0.000000 0.000000 1.000000
vn -0.000001 0.000001 1.000000
vn 0.000000 0.000000 1.000000
vn -0.000001 0.000001 1.000000
vn -0.000001 0.000001 1.000000
vn 0.000000 0.000000 1.000000
vn -0.000001 0.000001 1.000000
vn -0.000001 0.000000 1.000000
vn 0.000000 0.000000 1.000000
vn -0.000001 0.000000 1.000000
vn -0.000001 0.000000 1.000000
vn 0.000000 0.000000 1.000000
s off
g pumpjack4:group37pCube5
usemtl pumpjack4:lambert1SG
f 1/1/1 2/2/2 4/3/3 3/4/4
f 3/4/5 4/3/6 6/5/7 5/6/8
f 5/6/9 6/5/10 8/7/11 7/8/12
f 7/8/13 8/7/14 2/9/15 1/10/16
f 2/2/17 8/11/18 6/12/19 4/3/20
f 7/13/21 1/1/22 3/4/23 5/14/24
usemtl pumpjack4:lambert3SG2
f 9/15/25 10/16/26 30/17/27 29/18/28
f 10/16/29 11/19/30 31/20/31 30/17/32
f 55/21/33 56/22/34 57/23/35 58/24/36
f 12/25/37 13/26/38 33/27/39 32/28/40
f 13/26/41 14/29/42 34/30/43 33/27/44
f 14/29/45 15/31/46 35/32/47 34/30/48
f 15/31/49 16/33/50 36/34/51 35/32/52
f 16/33/53 17/35/54 37/36/55 36/34/56
f 17/35/57 18/37/58 38/38/59 37/36/60
f 18/37/61 19/39/62 39/40/63 38/38/64
f 19/39/65 20/41/66 40/42/67 39/40/68
f 20/41/69 21/43/70 41/44/71 40/42/72
f 21/43/73 22/45/74 42/46/75 41/44/76
f 22/45/77 23/47/78 43/48/79 42/46/80
f 23/47/81 24/49/82 44/50/83 43/48/84
f 63/51/85 64/52/86 65/53/87 66/54/88
f 25/55/89 26/56/90 46/57/91 45/58/92
f 26/56/93 27/59/94 47/60/95 46/57/96
f 27/59/97 28/61/98 48/62/99 47/60/100
f 28/61/101 9/63/102 29/64/103 48/62/104
f 10/65/105 9/66/106 49/67/107
f 11/68/108 10/65/109 49/67/110
f 12/69/111 11/68/112 49/67/113
f 13/70/114 12/69/115 49/67/116
f 14/71/117 13/70/118 49/67/119
f 15/72/120 14/71/121 49/67/122
f 16/73/123 15/72/124 49/67/125
f 17/74/126 16/73/127 49/67/128
f 18/75/129 17/74/130 49/67/131
f 19/76/132 18/75/133 49/67/134
f 20/77/135 19/76/136 49/67/137
f 21/78/138 20/77/139 49/67/140
f 22/79/141 21/78/142 49/67/143
f 23/80/144 22/79/145 49/67/146
f 24/81/147 23/80/148 49/67/149
f 25/82/150 24/81/151 49/67/152
f 26/83/153 25/82/154 49/67/155
f 27/84/156 26/83/157 49/67/158
f 28/85/159 27/84/160 49/67/161
f 9/66/162 28/85/163 49/67/164
f 29/86/165 30/87/166 50/88/167
f 30/87/168 31/89/169 50/88/170
f 31/89/171 32/90/172 50/88/173
f 32/90/174 33/91/175 50/88/176
f 33/91/177 34/92/178 50/88/179
f 34/92/180 35/93/181 50/88/182
f 35/93/183 36/94/184 50/88/185
f 36/94/186 37/95/187 50/88/188
f 37/95/189 38/96/190 50/88/191
f 38/96/192 39/97/193 50/88/194
f 39/97/195 40/98/196 50/88/197
f 40/98/198 41/99/199 50/88/200
f 41/99/201 42/100/202 50/88/203
f 42/100/204 43/101/205 50/88/206
f 43/101/207 44/102/208 50/88/209
f 44/102/210 45/103/211 50/88/212
f 45/103/213 46/104/214 50/88/215
f 46/104/216 47/105/217 50/88/218
f 47/105/219 48/106/220 50/88/221
f 48/106/222 29/86/223 50/88/224
f 11/19/225 12/25/226 52/107/227 51/108/228
f 12/25/229 32/28/230 53/109/231 52/107/232
f 32/28/233 31/20/234 54/110/235 53/109/236
f 31/20/237 11/19/238 51/108/239 54/110/240
f 51/108/241 52/107/242 56/22/243 55/21/244
f 52/107/245 53/109/246 57/23/247 56/22/248
f 53/109/249 54/110/250 58/24/251 57/23/252
f 54/110/253 51/108/254 55/21/255 58/24/256
f 24/49/257 25/55/258 60/111/259 59/112/260
f 25/55/261 45/58/262 61/113/263 60/111/264
f 45/58/265 44/50/266 62/114/267 61/113/268
f 44/50/269 24/49/270 59/112/271 62/114/272
f 59/112/273 60/111/274 64/52/275 63/51/276
f 60/111/277 61/113/278 65/53/279 64/52/280
f 61/113/281 62/114/282 66/54/283 65/53/284
f 62/114/285 59/112/286 63/51/287 66/54/288
f 67/115/289 68/116/290 88/117/291 87/118/292
f 68/116/293 69/119/294 89/120/295 88/117/296
f 69/119/297 70/121/298 90/122/299 89/120/300
f 70/121/301 71/123/302 91/124/303 90/122/304
f 71/123/305 72/125/306 92/126/307 91/124/308
f 72/125/309 73/127/310 93/128/311 92/126/312
f 73/127/313 74/129/314 94/130/315 93/128/316
f 74/129/317 75/131/318 95/132/319 94/130/320
f 75/131/321 76/133/322 96/134/323 95/132/324
f 76/133/325 77/135/326 97/136/327 96/134/328
f 77/135/329 78/137/330 98/138/331 97/136/332
f 78/137/333 79/139/334 99/140/335 98/138/336
f 79/139/337 80/141/338 100/142/339 99/140/340
f 80/141/341 81/143/342 101/144/343 100/142/344
f 81/143/345 82/145/346 102/146/347 101/144/348
f 82/145/349 83/147/350 103/148/351 102/146/352
f 83/147/353 84/149/354 104/150/355 103/148/356
f 84/149/357 85/151/358 105/152/359 104/150/360
f 85/151/361 86/153/362 106/154/363 105/152/364
f 86/153/365 67/155/366 87/156/367 106/154/368
f 68/157/369 67/158/370 107/159/371
f 69/160/372 68/157/373 107/159/374
f 70/161/375 69/160/376 107/159/377
f 71/162/378 70/161/379 107/159/380
f 72/163/381 71/162/382 107/159/383
f 73/164/384 72/163/385 107/159/386
f 74/165/387 73/164/388 107/159/389
f 75/166/390 74/165/391 107/159/392
f 76/167/393 75/166/394 107/159/395
f 77/168/396 76/167/397 107/159/398
f 78/169/399 77/168/400 107/159/401
f 79/170/402 78/169/403 107/159/404
f 80/171/405 79/170/406 107/159/407
f 81/172/408 80/171/409 107/159/410
f 82/173/411 81/172/412 107/159/413
f 83/174/414 82/173/415 107/159/416
f 84/175/417 83/174/418 107/159/419
f 85/176/420 84/175/421 107/159/422
f 86/177/423 85/176/424 107/159/425
f 67/158/426 86/177/427 107/159/428
f 87/178/429 88/179/430 108/180/431
f 88/179/432 89/181/433 108/180/434
f 89/181/435 90/182/436 108/180/437
f 90/182/438 91/183/439 108/180/440
f 91/183/441 92/184/442 108/180/443
f 92/184/444 93/185/445 108/180/446
f 93/185/447 94/186/448 108/180/449
f 94/186/450 95/187/451 108/180/452
f 95/187/453 96/188/454 108/180/455
f 96/188/456 97/189/457 108/180/458
f 97/189/459 98/190/460 108/180/461
f 98/190/462 99/191/463 108/180/464
f 99/191/465 100/192/466 108/180/467
f 100/192/468 101/193/469 108/180/470
f 101/193/471 102/194/472 108/180/473
f 102/194/474 103/195/475 108/180/476
f 103/195/477 104/196/478 108/180/479
f 104/196/480 105/197/481 108/180/482
f 105/197/483 106/198/484 108/180/485
f 106/198/486 87/178/487 108/180/488
usemtl pumpjack4:lambert2SG
f 109/199/489 110/200/490 112/201/491 111/202/492
f 111/202/493 112/201/494 114/203/495 113/204/496
f 113/204/497 114/203/498 116/205/499 115/206/500
f 115/206/501 116/205/502 110/207/503 109/208/504
f 126/209/505 125/210/506 127/211/507 128/212/508
f 115/213/509 109/199/510 111/202/511 113/214/512
f 110/200/513 116/215/514 121/216/515 122/217/516
f 116/215/517 114/218/518 119/219/519 123/220/520 117/221/521 121/216/522
f 114/218/523 112/201/524 120/222/525 119/219/526
f 112/201/527 110/200/528 122/217/529 118/223/530 124/224/531 120/222/532
f 122/217/533 121/216/534 117/221/535 118/223/536
f 124/224/537 123/220/538 119/219/539 120/222/540
f 118/223/541 117/221/542 125/210/543 126/209/544
f 117/221/545 123/220/546 127/211/547 125/210/548
f 123/220/549 124/224/550 128/212/551 127/211/552
f 124/224/553 118/223/554 126/209/555 128/212/556
usemtl pumpjack4:lambert3SG2
f 129/225/557 130/226/558 150/227/559 149/228/560
f 130/226/561 131/229/562 151/230/563 150/227/564
f 131/229/565 132/231/566 152/232/567 151/230/568
f 132/231/569 133/233/570 153/234/571 152/232/572
f 133/233/573 134/235/574 154/236/575 153/234/576
f 134/235/577 135/237/578 155/238/579 154/236/580
f 135/237/581 136/239/582 156/240/583 155/238/584
f 136/239/585 137/241/586 157/242/587 156/240/588
f 137/241/589 138/243/590 158/244/591 157/242/592
f 138/243/593 139/245/594 159/246/595 158/244/596
f 139/245/597 140/247/598 160/248/599 159/246/600
f 140/247/601 141/249/602 161/250/603 160/248/604
f 141/249/605 142/251/606 162/252/607 161/250/608
f 142/251/609 143/253/610 163/254/611 162/252/612
f 143/253/613 144/255/614 164/256/615 163/254/616
f 144/255/617 145/257/618 165/258/619 164/256/620
f 145/257/621 146/259/622 166/260/623 165/258/624
f 146/259/625 147/261/626 167/262/627 166/260/628
f 147/261/629 148/263/630 168/264/631 167/262/632
f 148/263/633 129/265/634 149/266/635 168/264/636
f 130/267/637 129/268/638 169/269/639
f 131/270/640 130/267/641 169/269/642
f 132/271/643 131/270/644 169/269/645
f 133/272/646 132/271/647 169/269/648
f 134/273/649 133/272/650 169/269/651
f 135/274/652 134/273/653 169/269/654
f 136/275/655 135/274/656 169/269/657
f 137/276/658 136/275/659 169/269/660
f 138/277/661 137/276/662 169/269/663
f 139/278/664 138/277/665 169/269/666
f 140/279/667 139/278/668 169/269/669
f 141/280/670 140/279/671 169/269/672
f 142/281/673 141/280/674 169/269/675
f 143/282/676 142/281/677 169/269/678
f 144/283/679 143/282/680 169/269/681
f 145/284/682 144/283/683 169/269/684
f 146/285/685 145/284/686 169/269/687
f 147/286/688 146/285/689 169/269/690
f 148/287/691 147/286/692 169/269/693
f 129/268/694 148/287/695 169/269/696
f 149/288/697 150/289/698 170/290/699
f 150/289/700 151/291/701 170/290/702
f 151/291/703 152/292/704 170/290/705
f 152/292/706 153/293/707 170/290/708
f 153/293/709 154/294/710 170/290/711
f 154/294/712 155/295/713 170/290/714
f 155/295/715 156/296/716 170/290/717
f 156/296/718 157/297/719 170/290/720
f 157/297/721 158/298/722 170/290/723
f 158/298/724 159/299/725 170/290/726
f 159/299/727 160/300/728 170/290/729
f 160/300/730 161/301/731 170/290/732
f 161/301/733 162/302/734 170/290/735
f 162/302/736 163/303/737 170/290/738
f 163/303/739 164/304/740 170/290/741
f 164/304/742 165/305/743 170/290/744
f 165/305/745 166/306/746 170/290/747
f 166/306/748 167/307/749 170/290/750
f 167/307/751 168/308/752 170/290/753
f 168/308/754 149/288/755 170/290/756
usemtl pumpjack4:lambert3SG
f 171/309/757 172/310/758 192/311/759 191/312/760
f 172/310/761 173/313/762 193/314/763 192/311/764
f 173/313/765 174/315/766 194/316/767 193/314/768
f 174/315/769 175/317/770 195/318/771 194/316/772
f 175/317/773 176/319/774 196/320/775 195/318/776
f 176/319/777 177/321/778 197/322/779 196/320/780
f 177/321/781 178/323/782 198/324/783 197/322/784
f 178/323/785 179/325/786 199/326/787 198/324/788
f 179/325/789 180/327/790 200/328/791 199/326/792
f 180/327/793 181/329/794 201/330/795 200/328/796
f 181/329/797 182/331/798 202/332/799 201/330/800
f 182/331/801 183/333/802 203/334/803 202/332/804
f 183/333/805 184/335/806 204/336/807 203/334/808
f 184/335/809 185/337/810 205/338/811 204/336/812
f 185/337/813 186/339/814 206/340/815 205/338/816
f 186/339/817 187/341/818 207/342/819 206/340/820
f 187/341/821 188/343/822 208/344/823 207/342/824
f 188/343/825 189/345/826 209/346/827 208/344/828
f 189/345/829 190/347/830 210/348/831 209/346/832
f 190/347/833 171/349/834 191/350/835 210/348/836
f 172/351/837 171/352/838 211/353/839
f 173/354/840 172/351/841 211/353/842
f 174/355/843 173/354/844 211/353/845
f 175/356/846 174/355/847 211/353/848
f 176/357/849 175/356/850 211/353/851
f 177/358/852 176/357/853 211/353/854
f 178/359/855 177/358/856 211/353/857
f 179/360/858 178/359/859 211/353/860
f 180/361/861 179/360/862 211/353/863
f 181/362/864 180/361/865 211/353/866
f 182/363/867 181/362/868 211/353/869
f 183/364/870 182/363/871 211/353/872
f 184/365/873 183/364/874 211/353/875
f 185/366/876 184/365/877 211/353/878
f 186/367/879 185/366/880 211/353/881
f 187/368/882 186/367/883 211/353/884
f 188/369/885 187/368/886 211/353/887
f 189/370/888 188/369/889 211/353/890
f 190/371/891 189/370/892 211/353/893
f 171/352/894 190/371/895 211/353/896
f 191/372/897 192/373/898 212/374/899
f 192/373/900 193/375/901 212/374/902
f 193/375/903 194/376/904 212/374/905
f 194/376/906 195/377/907 212/374/908
f 195/377/909 196/378/910 212/374/911
f 196/378/912 197/379/913 212/374/914
f 197/379/915 198/380/916 212/374/917
f 198/380/918 199/381/919 212/374/920
f 199/381/921 200/382/922 212/374/923
f 200/382/924 201/383/925 212/374/926
f 201/383/927 202/384/928 212/374/929
f 202/384/930 203/385/931 212/374/932
f 203/385/933 204/386/934 212/374/935
f 204/386/936 205/387/937 212/374/938
f 205/387/939 206/388/940 212/374/941
f 206/388/942 207/389/943 212/374/944
f 207/389/945 208/390/946 212/374/947
f 208/390/948 209/391/949 212/374/950
f 209/391/951 210/392/952 212/374/953
f 210/392/954 191/372/955 212/374/956
usemtl pumpjack4:lambert3SG2
f 213/393/957 214/394/958 234/395/959 233/396/960
f 214/394/961 215/397/962 235/398/963 234/395/964
f 215/397/965 216/399/966 236/400/967 235/398/968
f 216/399/969 217/401/970 237/402/971 236/400/972
f 217/401/973 218/403/974 238/404/975 237/402/976
f 218/403/977 219/405/978 239/406/979 238/404/980
f 219/405/981 220/407/982 240/408/983 239/406/984
f 220/407/985 221/409/986 241/410/987 240/408/988
f 221/409/989 222/411/990 242/412/991 241/410/992
f 222/411/993 223/413/994 243/414/995 242/412/996
f 223/413/997 224/415/998 244/416/999 243/414/1000
f 224/415/1001 225/417/1002 245/418/1003 244/416/1004
f 225/417/1005 226/419/1006 246/420/1007 245/418/1008
f 226/419/1009 227/421/1010 247/422/1011 246/420/1012
f 227/421/1013 228/423/1014 248/424/1015 247/422/1016
f 228/423/1017 229/425/1018 249/426/1019 248/424/1020
f 229/425/1021 230/427/1022 250/428/1023 249/426/1024
f 230/427/1025 231/429/1026 251/430/1027 250/428/1028
f 231/429/1029 232/431/1030 252/432/1031 251/430/1032
f 232/431/1033 213/433/1034 233/434/1035 252/432/1036
f 214/435/1037 213/436/1038 253/437/1039
f 215/438/1040 214/435/1041 253/437/1042
f 216/439/1043 215/438/1044 253/437/1045
f 217/440/1046 216/439/1047 253/437/1048
f 218/441/1049 217/440/1050 253/437/1051
f 219/442/1052 218/441/1053 253/437/1054
f 220/443/1055 219/442/1056 253/437/1057
f 221/444/1058 220/443/1059 253/437/1060
f 222/445/1061 221/444/1062 253/437/1063
f 223/446/1064 222/445/1065 253/437/1066
f 224/447/1067 223/446/1068 253/437/1069
f 225/448/1070 224/447/1071 253/437/1072
f 226/449/1073 225/448/1074 253/437/1075
f 227/450/1076 226/449/1077 253/437/1078
f 228/451/1079 227/450/1080 253/437/1081
f 229/452/1082 228/451/1083 253/437/1084
f 230/453/1085 229/452/1086 253/437/1087
f 231/454/1088 230/453/1089 253/437/1090
f 232/455/1091 231/454/1092 253/437/1093
f 213/436/1094 232/455/1095 253/437/1096
f 233/456/1097 234/457/1098 254/458/1099
f 234/457/1100 235/459/1101 254/458/1102
f 235/459/1103 236/460/1104 254/458/1105
f 236/460/1106 237/461/1107 254/458/1108
f 237/461/1109 238/462/1110 254/458/1111
f 238/462/1112 239/463/1113 254/458/1114
f 239/463/1115 240/464/1116 254/458/1117
f 240/464/1118 241/465/1119 254/458/1120
f 241/465/1121 242/466/1122 254/458/1123
f 242/466/1124 243/467/1125 254/458/1126
f 243/467/1127 244/468/1128 254/458/1129
f 244/468/1130 245/469/1131 254/458/1132
f 245/469/1133 246/470/1134 254/458/1135
f 246/470/1136 247/471/1137 254/458/1138
f 247/471/1139 248/472/1140 254/458/1141
f 248/472/1142 249/473/1143 254/458/1144
f 249/473/1145 250/474/1146 254/458/1147
f 250/474/1148 251/475/1149 254/458/1150
f 251/475/1151 252/476/1152 254/458/1153
f 252/476/1154 233/456/1155 254/458/1156
f 255/477/1157 256/478/1158 276/479/1159 275/480/1160
f 256/478/1161 257/481/1162 277/482/1163 276/479/1164
f 257/481/1165 258/483/1166 278/484/1167 277/482/1168
f 258/483/1169 259/485/1170 279/486/1171 278/484/1172
f 259/485/1173 260/487/1174 280/488/1175 279/486/1176
f 260/487/1177 261/489/1178 281/490/1179 280/488/1180
f 261/489/1181 262/491/1182 282/492/1183 281/490/1184
f 262/491/1185 263/493/1186 283/494/1187 282/492/1188
f 263/493/1189 264/495/1190 284/496/1191 283/494/1192
f 264/495/1193 265/497/1194 285/498/1195 284/496/1196
f 265/497/1197 266/499/1198 286/500/1199 285/498/1200
f 266/499/1201 267/501/1202 287/502/1203 286/500/1204
f 267/501/1205 268/503/1206 288/504/1207 287/502/1208
f 268/503/1209 269/505/1210 289/506/1211 288/504/1212
f 269/505/1213 270/507/1214 290/508/1215 289/506/1216
f 270/507/1217 271/509/1218 291/510/1219 290/508/1220
f 271/509/1221 272/511/1222 292/512/1223 291/510/1224
f 272/511/1225 273/513/1226 293/514/1227 292/512/1228
f 273/513/1229 274/515/1230 294/516/1231 293/514/1232
f 274/515/1233 255/517/1234 275/518/1235 294/516/1236
f 256/519/1237 255/520/1238 295/521/1239
f 257/522/1240 256/519/1241 295/521/1242
f 258/523/1243 257/522/1244 295/521/1245
f 259/524/1246 258/523/1247 295/521/1248
f 260/525/1249 259/524/1250 295/521/1251
f 261/526/1252 260/525/1253 295/521/1254
f 262/527/1255 261/526/1256 295/521/1257
f 263/528/1258 262/527/1259 295/521/1260
f 264/529/1261 263/528/1262 295/521/1263
f 265/530/1264 264/529/1265 295/521/1266
f 266/531/1267 265/530/1268 295/521/1269
f 267/532/1270 266/531/1271 295/521/1272
f 268/533/1273 267/532/1274 295/521/1275
f 269/534/1276 268/533/1277 295/521/1278
f 270/535/1279 269/534/1280 295/521/1281
f 271/536/1282 270/535/1283 295/521/1284
f 272/537/1285 271/536/1286 295/521/1287
f 273/538/1288 272/537/1289 295/521/1290
f 274/539/1291 273/538/1292 295/521/1293
f 255/520/1294 274/539/1295 295/521/1296
f 275/540/1297 276/541/1298 296/542/1299
f 276/541/1300 277/543/1301 296/542/1302
f 277/543/1303 278/544/1304 296/542/1305
f 278/544/1306 279/545/1307 296/542/1308
f 279/545/1309 280/546/1310 296/542/1311
f 280/546/1312 281/547/1313 296/542/1314
f 281/547/1315 282/548/1316 296/542/1317
f 282/548/1318 283/549/1319 296/542/1320
f 283/549/1321 284/550/1322 296/542/1323
f 284/550/1324 285/551/1325 296/542/1326
f 285/551/1327 286/552/1328 296/542/1329
f 286/552/1330 287/553/1331 296/542/1332
f 287/553/1333 288/554/1334 296/542/1335
f 288/554/1336 289/555/1337 296/542/1338
f 289/555/1339 290/556/1340 296/542/1341
f 290/556/1342 291/557/1343 296/542/1344
f 291/557/1345 292/558/1346 296/542/1347
f 292/558/1348 293/559/1349 296/542/1350
f 293/559/1351 294/560/1352 296/542/1353
f 294/560/1354 275/540/1355 296/542/1356
usemtl pumpjack4:lambert3SG
f 297/561/1357 298/562/1358 318/563/1359 317/564/1360
f 298/562/1361 299/565/1362 319/566/1363 318/563/1364
f 299/565/1365 300/567/1366 320/568/1367 319/566/1368
f 300/567/1369 301/569/1370 321/570/1371 320/568/1372
f 301/569/1373 302/571/1374 322/572/1375 321/570/1376
f 302/571/1377 303/573/1378 323/574/1379 322/572/1380
f 303/573/1381 304/575/1382 324/576/1383 323/574/1384
f 304/575/1385 305/577/1386 325/578/1387 324/576/1388
f 305/577/1389 306/579/1390 326/580/1391 325/578/1392
f 306/579/1393 307/581/1394 327/582/1395 326/580/1396
f 307/581/1397 308/583/1398 328/584/1399 327/582/1400
f 308/583/1401 309/585/1402 329/586/1403 328/584/1404
f 309/585/1405 310/587/1406 330/588/1407 329/586/1408
f 310/587/1409 311/589/1410 331/590/1411 330/588/1412
f 311/589/1413 312/591/1414 332/592/1415 331/590/1416
f 312/591/1417 313/593/1418 333/594/1419 332/592/1420
f 313/593/1421 314/595/1422 334/596/1423 333/594/1424
f 314/595/1425 315/597/1426 335/598/1427 334/596/1428
f 315/597/1429 316/599/1430 336/600/1431 335/598/1432
f 316/599/1433 297/601/1434 317/602/1435 336/600/1436
f 298/603/1437 297/604/1438 337/605/1439
f 299/606/1440 298/603/1441 337/605/1442
f 300/607/1443 299/606/1444 337/605/1445
f 301/608/1446 300/607/1447 337/605/1448
f 302/609/1449 301/608/1450 337/605/1451
f 303/610/1452 302/609/1453 337/605/1454
f 304/611/1455 303/610/1456 337/605/1457
f 305/612/1458 304/611/1459 337/605/1460
f 306/613/1461 305/612/1462 337/605/1463
f 307/614/1464 306/613/1465 337/605/1466
f 308/615/1467 307/614/1468 337/605/1469
f 309/616/1470 308/615/1471 337/605/1472
f 310/617/1473 309/616/1474 337/605/1475
f 311/618/1476 310/617/1477 337/605/1478
f 312/619/1479 311/618/1480 337/605/1481
f 313/620/1482 312/619/1483 337/605/1484
f 314/621/1485 313/620/1486 337/605/1487
f 315/622/1488 314/621/1489 337/605/1490
f 316/623/1491 315/622/1492 337/605/1493
f 297/604/1494 316/623/1495 337/605/1496
f 317/624/1497 318/625/1498 338/626/1499
f 318/625/1500 319/627/1501 338/626/1502
f 319/627/1503 320/628/1504 338/626/1505
f 320/628/1506 321/629/1507 338/626/1508
f 321/629/1509 322/630/1510 338/626/1511
f 322/630/1512 323/631/1513 338/626/1514
f 323/631/1515 324/632/1516 338/626/1517
f 324/632/1518 325/633/1519 338/626/1520
f 325/633/1521 326/634/1522 338/626/1523
f 326/634/1524 327/635/1525 338/626/1526
f 327/635/1527 328/636/1528 338/626/1529
f 328/636/1530 329/637/1531 338/626/1532
f 329/637/1533 330/638/1534 338/626/1535
f 330/638/1536 331/639/1537 338/626/1538
f 331/639/1539 332/640/1540 338/626/1541
f 332/640/1542 333/641/1543 338/626/1544
f 333/641/1545 334/642/1546 338/626/1547
f 334/642/1548 335/643/1549 338/626/1550
f 335/643/1551 336/644/1552 338/626/1553
f 336/644/1554 317/624/1555 338/626/1556
usemtl pumpjack4:lambert3SG2
f 339/645/1557 340/646/1558 360/647/1559 359/648/1560
f 340/646/1561 341/649/1562 361/650/1563 360/647/1564
f 341/649/1565 342/651/1566 362/652/1567 361/650/1568
f 342/651/1569 343/653/1570 363/654/1571 362/652/1572
f 343/653/1573 344/655/1574 364/656/1575 363/654/1576
f 344/655/1577 345/657/1578 365/658/1579 364/656/1580
f 345/657/1581 346/659/1582 366/660/1583 365/658/1584
f 346/659/1585 347/661/1586 367/662/1587 366/660/1588
f 347/661/1589 348/663/1590 368/664/1591 367/662/1592
f 348/663/1593 349/665/1594 369/666/1595 368/664/1596
f 349/665/1597 350/667/1598 370/668/1599 369/666/1600
f 350/667/1601 351/669/1602 371/670/1603 370/668/1604
f 351/669/1605 352/671/1606 372/672/1607 371/670/1608
f 352/671/1609 353/673/1610 373/674/1611 372/672/1612
f 353/673/1613 354/675/1614 374/676/1615 373/674/1616
f 354/675/1617 355/677/1618 375/678/1619 374/676/1620
f 355/677/1621 356/679/1622 376/680/1623 375/678/1624
f 356/679/1625 357/681/1626 377/682/1627 376/680/1628
f 357/681/1629 358/683/1630 378/684/1631 377/682/1632
f 358/683/1633 339/685/1634 359/686/1635 378/684/1636
f 340/687/1637 339/688/1638 379/689/1639
f 341/690/1640 340/687/1641 379/689/1642
f 342/691/1643 341/690/1644 379/689/1645
f 343/692/1646 342/691/1647 379/689/1648
f 344/693/1649 343/692/1650 379/689/1651
f 345/694/1652 344/693/1653 379/689/1654
f 346/695/1655 345/694/1656 379/689/1657
f 347/696/1658 346/695/1659 379/689/1660
f 348/697/1661 347/696/1662 379/689/1663
f 349/698/1664 348/697/1665 379/689/1666
f 350/699/1667 349/698/1668 379/689/1669
f 351/700/1670 350/699/1671 379/689/1672
f 352/701/1673 351/700/1674 379/689/1675
f 353/702/1676 352/701/1677 379/689/1678
f 354/703/1679 353/702/1680 379/689/1681
f 355/704/1682 354/703/1683 379/689/1684
f 356/705/1685 355/704/1686 379/689/1687
f 357/706/1688 356/705/1689 379/689/1690
f 358/707/1691 357/706/1692 379/689/1693
f 339/688/1694 358/707/1695 379/689/1696
f 359/708/1697 360/709/1698 380/710/1699
f 360/709/1700 361/711/1701 380/710/1702
f 361/711/1703 362/712/1704 380/710/1705
f 362/712/1706 363/713/1707 380/710/1708
f 363/713/1709 364/714/1710 380/710/1711
f 364/714/1712 365/715/1713 380/710/1714
f 365/715/1715 366/716/1716 380/710/1717
f 366/716/1718 367/717/1719 380/710/1720
f 367/717/1721 368/718/1722 380/710/1723
f 368/718/1724 369/719/1725 380/710/1726
f 369/719/1727 370/720/1728 380/710/1729
f 370/720/1730 371/721/1731 380/710/1732
f 371/721/1733 372/722/1734 380/710/1735
f 372/722/1736 373/723/1737 380/710/1738
f 373/723/1739 374/724/1740 380/710/1741
f 374/724/1742 375/725/1743 380/710/1744
f 375/725/1745 376/726/1746 380/710/1747
f 376/726/1748 377/727/1749 380/710/1750
f 377/727/1751 378/728/1752 380/710/1753
f 378/728/1754 359/708/1755 380/710/1756
f 381/729/1757 382/730/1758 402/731/1759 401/732/1760
f 382/730/1761 383/733/1762 403/734/1763 402/731/1764
f 383/733/1765 384/735/1766 404/736/1767 403/734/1768
f 384/735/1769 385/737/1770 405/738/1771 404/736/1772
f 385/737/1773 386/739/1774 406/740/1775 405/738/1776
f 386/739/1777 387/741/1778 407/742/1779 406/740/1780
f 387/741/1781 388/743/1782 408/744/1783 407/742/1784
f 388/743/1785 389/745/1786 409/746/1787 408/744/1788
f 389/745/1789 390/747/1790 410/748/1791 409/746/1792
f 390/747/1793 391/749/1794 411/750/1795 410/748/1796
f 391/749/1797 392/751/1798 412/752/1799 411/750/1800
f 392/751/1801 393/753/1802 413/754/1803 412/752/1804
f 393/753/1805 394/755/1806 414/756/1807 413/754/1808
f 394/755/1809 395/757/1810 415/758/1811 414/756/1812
f 395/757/1813 396/759/1814 416/760/1815 415/758/1816
f 396/759/1817 397/761/1818 417/762/1819 416/760/1820
f 397/761/1821 398/763/1822 418/764/1823 417/762/1824
f 398/763/1825 399/765/1826 419/766/1827 418/764/1828
f 399/765/1829 400/767/1830 420/768/1831 419/766/1832
f 400/767/1833 381/769/1834 401/770/1835 420/768/1836
f 382/771/1837 381/772/1838 421/773/1839
f 383/774/1840 382/771/1841 421/773/1842
f 384/775/1843 383/774/1844 421/773/1845
f 385/776/1846 384/775/1847 421/773/1848
f 386/777/1849 385/776/1850 421/773/1851
f 387/778/1852 386/777/1853 421/773/1854
f 388/779/1855 387/778/1856 421/773/1857
f 389/780/1858 388/779/1859 421/773/1860
f 390/781/1861 389/780/1862 421/773/1863
f 391/782/1864 390/781/1865 421/773/1866
f 392/783/1867 391/782/1868 421/773/1869
f 393/784/1870 392/783/1871 421/773/1872
f 394/785/1873 393/784/1874 421/773/1875
f 395/786/1876 394/785/1877 421/773/1878
f 396/787/1879 395/786/1880 421/773/1881
f 397/788/1882 396/787/1883 421/773/1884
f 398/789/1885 397/788/1886 421/773/1887
f 399/790/1888 398/789/1889 421/773/1890
f 400/791/1891 399/790/1892 421/773/1893
f 381/772/1894 400/791/1895 421/773/1896
f 401/792/1897 402/793/1898 422/794/1899
f 402/793/1900 403/795/1901 422/794/1902
f 403/795/1903 404/796/1904 422/794/1905
f 404/796/1906 405/797/1907 422/794/1908
f 405/797/1909 406/798/1910 422/794/1911
f 406/798/1912 407/799/1913 422/794/1914
f 407/799/1915 408/800/1916 422/794/1917
f 408/800/1918 409/801/1919 422/794/1920
f 409/801/1921 410/802/1922 422/794/1923
f 410/802/1924 411/803/1925 422/794/1926
f 411/803/1927 412/804/1928 422/794/1929
f 412/804/1930 413/805/1931 422/794/1932
f 413/805/1933 414/806/1934 422/794/1935
f 414/806/1936 415/807/1937 422/794/1938
f 415/807/1939 416/808/1940 422/794/1941
f 416/808/1942 417/809/1943 422/794/1944
f 417/809/1945 418/810/1946 422/794/1947
f 418/810/1948 419/811/1949 422/794/1950
f 419/811/1951 420/812/1952 422/794/1953
f 420/812/1954 401/792/1955 422/794/1956
usemtl pumpjack4:lambert1SG
f 423/813/1957 424/814/1958 426/815/1959 425/816/1960
f 425/816/1961 426/815/1962 428/817/1963 427/818/1964
f 427/818/1965 428/817/1966 430/819/1967 429/820/1968
f 429/820/1969 430/819/1970 424/821/1971 423/822/1972
f 424/814/1973 430/823/1974 428/824/1975 426/815/1976
f 429/825/1977 423/813/1978 425/816/1979 427/826/1980
usemtl pumpjack4:lambert3SG
f 431/827/1981 432/828/1982 452/829/1983 451/830/1984
f 432/828/1985 433/831/1986 453/832/1987 452/829/1988
f 433/831/1989 434/833/1990 454/834/1991 453/832/1992
f 434/833/1993 435/835/1994 455/836/1995 454/834/1996
f 435/835/1997 436/837/1998 456/838/1999 455/836/2000
f 436/837/2001 437/839/2002 457/840/2003 456/838/2004
f 437/839/2005 438/841/2006 458/842/2007 457/840/2008
f 438/841/2009 439/843/2010 459/844/2011 458/842/2012
f 439/843/2013 440/845/2014 460/846/2015 459/844/2016
f 440/845/2017 441/847/2018 461/848/2019 460/846/2020
f 441/847/2021 442/849/2022 462/850/2023 461/848/2024
f 442/849/2025 443/851/2026 463/852/2027 462/850/2028
f 443/851/2029 444/853/2030 464/854/2031 463/852/2032
f 444/853/2033 445/855/2034 465/856/2035 464/854/2036
f 445/855/2037 446/857/2038 466/858/2039 465/856/2040
f 446/857/2041 447/859/2042 467/860/2043 466/858/2044
f 447/859/2045 448/861/2046 468/862/2047 467/860/2048
f 448/861/2049 449/863/2050 469/864/2051 468/862/2052
f 449/863/2053 450/865/2054 470/866/2055 469/864/2056
f 450/865/2057 431/867/2058 451/868/2059 470/866/2060
f 432/869/2061 431/870/2062 471/871/2063
f 433/872/2064 432/869/2065 471/871/2066
f 434/873/2067 433/872/2068 471/871/2069
f 435/874/2070 434/873/2071 471/871/2072
f 436/875/2073 435/874/2074 471/871/2075
f 437/876/2076 436/875/2077 471/871/2078
f 438/877/2079 437/876/2080 471/871/2081
f 439/878/2082 438/877/2083 471/871/2084
f 440/879/2085 439/878/2086 471/871/2087
f 441/880/2088 440/879/2089 471/871/2090
f 442/881/2091 441/880/2092 471/871/2093
f 443/882/2094 442/881/2095 471/871/2096
f 444/883/2097 443/882/2098 471/871/2099
f 445/884/2100 444/883/2101 471/871/2102
f 446/885/2103 445/884/2104 471/871/2105
f 447/886/2106 446/885/2107 471/871/2108
f 448/887/2109 447/886/2110 471/871/2111
f 449/888/2112 448/887/2113 471/871/2114
f 450/889/2115 449/888/2116 471/871/2117
f 431/870/2118 450/889/2119 471/871/2120
f 451/890/2121 452/891/2122 472/892/2123
f 452/891/2124 453/893/2125 472/892/2126
f 453/893/2127 454/894/2128 472/892/2129
f 454/894/2130 455/895/2131 472/892/2132
f 455/895/2133 456/896/2134 472/892/2135
f 456/896/2136 457/897/2137 472/892/2138
f 457/897/2139 458/898/2140 472/892/2141
f 458/898/2142 459/899/2143 472/892/2144
f 459/899/2145 460/900/2146 472/892/2147
f 460/900/2148 461/901/2149 472/892/2150
f 461/901/2151 462/902/2152 472/892/2153
f 462/902/2154 463/903/2155 472/892/2156
f 463/903/2157 464/904/2158 472/892/2159
f 464/904/2160 465/905/2161 472/892/2162
f 465/905/2163 466/906/2164 472/892/2165
f 466/906/2166 467/907/2167 472/892/2168
f 467/907/2169 468/908/2170 472/892/2171
f 468/908/2172 469/909/2173 472/892/2174
f 469/909/2175 470/910/2176 472/892/2177
f 470/910/2178 451/890/2179 472/892/2180
f 473/911/2181 474/912/2182 494/913/2183 493/914/2184
f 474/912/2185 475/915/2186 495/916/2187 494/913/2188
f 475/915/2189 476/917/2190 496/918/2191 495/916/2192
f 476/917/2193 477/919/2194 497/920/2195 496/918/2196
f 477/919/2197 478/921/2198 498/922/2199 497/920/2200
f 478/921/2201 479/923/2202 499/924/2203 498/922/2204
f 479/923/2205 480/925/2206 500/926/2207 499/924/2208
f 480/925/2209 481/927/2210 501/928/2211 500/926/2212
f 481/927/2213 482/929/2214 502/930/2215 501/928/2216
f 482/929/2217 483/931/2218 503/932/2219 502/930/2220
f 483/931/2221 484/933/2222 504/934/2223 503/932/2224
f 484/933/2225 485/935/2226 505/936/2227 504/934/2228
f 485/935/2229 486/937/2230 506/938/2231 505/936/2232
f 486/937/2233 487/939/2234 507/940/2235 506/938/2236
f 487/939/2237 488/941/2238 508/942/2239 507/940/2240
f 488/941/2241 489/943/2242 509/944/2243 508/942/2244
f 489/943/2245 490/945/2246 510/946/2247 509/944/2248
f 490/945/2249 491/947/2250 511/948/2251 510/946/2252
f 491/947/2253 492/949/2254 512/950/2255 511/948/2256
f 492/949/2257 473/951/2258 493/952/2259 512/950/2260
f 474/953/2261 473/954/2262 513/955/2263
f 475/956/2264 474/953/2265 513/955/2266
f 476/957/2267 475/956/2268 513/955/2269
f 477/958/2270 476/957/2271 513/955/2272
f 478/959/2273 477/958/2274 513/955/2275
f 479/960/2276 478/959/2277 513/955/2278
f 480/961/2279 479/960/2280 513/955/2281
f 481/962/2282 480/961/2283 513/955/2284
f 482/963/2285 481/962/2286 513/955/2287
f 483/964/2288 482/963/2289 513/955/2290
f 484/965/2291 483/964/2292 513/955/2293
f 485/966/2294 484/965/2295 513/955/2296
f 486/967/2297 485/966/2298 513/955/2299
f 487/968/2300 486/967/2301 513/955/2302
f 488/969/2303 487/968/2304 513/955/2305
f 489/970/2306 488/969/2307 513/955/2308
f 490/971/2309 489/970/2310 513/955/2311
f 491/972/2312 490/971/2313 513/955/2314
f 492/973/2315 491/972/2316 513/955/2317
f 473/954/2318 492/973/2319 513/955/2320
f 493/974/2321 494/975/2322 514/976/2323
f 494/975/2324 495/977/2325 514/976/2326
f 495/977/2327 496/978/2328 514/976/2329
f 496/978/2330 497/979/2331 514/976/2332
f 497/979/2333 498/980/2334 514/976/2335
f 498/980/2336 499/981/2337 514/976/2338
f 499/981/2339 500/982/2340 514/976/2341
f 500/982/2342 501/983/2343 514/976/2344
f 501/983/2345 502/984/2346 514/976/2347
f 502/984/2348 503/985/2349 514/976/2350
f 503/985/2351 504/986/2352 514/976/2353
f 504/986/2354 505/987/2355 514/976/2356
f 505/987/2357 506/988/2358 514/976/2359
f 506/988/2360 507/989/2361 514/976/2362
f 507/989/2363 508/990/2364 514/976/2365
f 508/990/2366 509/991/2367 514/976/2368
f 509/991/2369 510/992/2370 514/976/2371
f 510/992/2372 511/993/2373 514/976/2374
f 511/993/2375 512/994/2376 514/976/2377
f 512/994/2378 493/974/2379 514/976/2380
usemtl pumpjack4:lambert3SG2
f 515/995/2381 516/996/2382 536/997/2383 535/998/2384
f 516/996/2385 517/999/2386 537/1000/2387 536/997/2388
f 517/999/2389 518/1001/2390 538/1002/2391 537/1000/2392
f 518/1001/2393 519/1003/2394 539/1004/2395 538/1002/2396
f 519/1003/2397 520/1005/2398 540/1006/2399 539/1004/2400
f 520/1005/2401 521/1007/2402 541/1008/2403 540/1006/2404
f 521/1007/2405 522/1009/2406 542/1010/2407 541/1008/2408
f 522/1009/2409 523/1011/2410 543/1012/2411 542/1010/2412
f 523/1011/2413 524/1013/2414 544/1014/2415 543/1012/2416
f 524/1013/2417 525/1015/2418 545/1016/2419 544/1014/2420
f 525/1015/2421 526/1017/2422 546/1018/2423 545/1016/2424
f 526/1017/2425 527/1019/2426 547/1020/2427 546/1018/2428
f 527/1019/2429 528/1021/2430 548/1022/2431 547/1020/2432
f 528/1021/2433 529/1023/2434 549/1024/2435 548/1022/2436
f 529/1023/2437 530/1025/2438 550/1026/2439 549/1024/2440
f 530/1025/2441 531/1027/2442 551/1028/2443 550/1026/2444
f 531/1027/2445 532/1029/2446 552/1030/2447 551/1028/2448
f 532/1029/2449 533/1031/2450 553/1032/2451 552/1030/2452
f 533/1031/2453 534/1033/2454 554/1034/2455 553/1032/2456
f 534/1033/2457 515/1035/2458 535/1036/2459 554/1034/2460
f 516/1037/2461 515/1038/2462 555/1039/2463
f 517/1040/2464 516/1037/2465 555/1039/2466
f 518/1041/2467 517/1040/2468 555/1039/2469
f 519/1042/2470 518/1041/2471 555/1039/2472
f 520/1043/2473 519/1042/2474 555/1039/2475
f 521/1044/2476 520/1043/2477 555/1039/2478
f 522/1045/2479 521/1044/2480 555/1039/2481
f 523/1046/2482 522/1045/2483 555/1039/2484
f 524/1047/2485 523/1046/2486 555/1039/2487
f 525/1048/2488 524/1047/2489 555/1039/2490
f 526/1049/2491 525/1048/2492 555/1039/2493
f 527/1050/2494 526/1049/2495 555/1039/2496
f 528/1051/2497 527/1050/2498 555/1039/2499
f 529/1052/2500 528/1051/2501 555/1039/2502
f 530/1053/2503 529/1052/2504 555/1039/2505
f 531/1054/2506 530/1053/2507 555/1039/2508
f 532/1055/2509 531/1054/2510 555/1039/2511
f 533/1056/2512 532/1055/2513 555/1039/2514
f 534/1057/2515 533/1056/2516 555/1039/2517
f 515/1038/2518 534/1057/2519 555/1039/2520
f 535/1058/2521 536/1059/2522 556/1060/2523
f 536/1059/2524 537/1061/2525 556/1060/2526
f 537/1061/2527 538/1062/2528 556/1060/2529
f 538/1062/2530 539/1063/2531 556/1060/2532
f 539/1063/2533 540/1064/2534 556/1060/2535
f 540/1064/2536 541/1065/2537 556/1060/2538
f 541/1065/2539 542/1066/2540 556/1060/2541
f 542/1066/2542 543/1067/2543 556/1060/2544
f 543/1067/2545 544/1068/2546 556/1060/2547
f 544/1068/2548 545/1069/2549 556/1060/2550
f 545/1069/2551 546/1070/2552 556/1060/2553
f 546/1070/2554 547/1071/2555 556/1060/2556
f 547/1071/2557 548/1072/2558 556/1060/2559
f 548/1072/2560 549/1073/2561 556/1060/2562
f 549/1073/2563 550/1074/2564 556/1060/2565
f 550/1074/2566 551/1075/2567 556/1060/2568
f 551/1075/2569 552/1076/2570 556/1060/2571
f 552/1076/2572 553/1077/2573 556/1060/2574
f 553/1077/2575 554/1078/2576 556/1060/2577
f 554/1078/2578 535/1058/2579 556/1060/2580
usemtl pumpjack4:lambert3SG
f 557/1079/2581 558/1080/2582 560/1081/2583 559/1082/2584
f 559/1082/2585 560/1081/2586 562/1083/2587 561/1084/2588
f 561/1084/2589 562/1083/2590 564/1085/2591 563/1086/2592
f 563/1086/2593 564/1085/2594 558/1087/2595 557/1088/2596
f 558/1080/2597 564/1089/2598 562/1090/2599 560/1081/2600
f 563/1091/2601 557/1079/2602 559/1082/2603 561/1092/2604
usemtl pumpjack4:lambert1SG
f 565/1093/2605 566/1094/2606 567/1095/2607 568/1096/2608
f 565/1097/2609 568/1098/2610 570/1099/2611 569/1100/2612
f 565/1101/2613 571/1102/2614 572/1103/2615 566/1104/2616
f 566/1105/2617 573/1106/2618 574/1107/2619 567/1108/2620
f 567/1109/2621 575/1110/2622 576/1111/2623 568/1112/2624
f 565/1097/2625 569/1100/2626 577/1113/2627 571/1114/2628
f 568/1098/2629 576/1115/2630 578/1116/2631 570/1099/2632
f 569/1117/2633 570/1118/2634 579/1119/2635 580/1120/2636
f 571/1102/2637 581/1121/2638 582/1122/2639 572/1103/2640
f 566/1105/2641 572/1123/2642 583/1124/2643 573/1106/2644
f 573/1125/2645 584/1126/2646 585/1127/2647 574/1128/2648
f 567/1108/2649 574/1107/2650 586/1129/2651 575/1130/2652
f 575/1131/2653 587/1132/2654 588/1133/2655 576/1134/2656
f 569/1135/2657 580/1136/2658 589/1137/2659 577/1138/2660
f 571/1102/2661 577/1139/2662 590/1140/2663 581/1121/2664
f 576/1115/2665 588/1141/2666 591/1142/2667 578/1116/2668
f 570/1143/2669 578/1144/2670 592/1145/2671 579/1146/2672
f 579/1147/2673 594/1148/2674 593/1149/2675 580/1150/2676
f 581/1121/2677 595/1151/2678 596/1152/2679 582/1122/2680
f 572/1103/2681 582/1122/2682 597/1153/2683 583/1154/2684
f 573/1155/2685 583/1154/2686 598/1156/2687 584/1126/2688
f 584/1126/2689 599/1157/2690 600/1158/2691 585/1127/2692
f 574/1159/2693 585/1127/2694 601/1160/2695 586/1161/2696
f 575/1130/2697 586/1129/2698 602/1162/2699 587/1163/2700
f 587/1132/2701 602/1164/2702 591/1165/2703 588/1133/2704
f 580/1150/2705 593/1149/2706 603/1166/2707 589/1167/2708
f 577/1168/2709 589/1169/2710 603/1170/2711 604/1171/2712
f 577/1172/2713 604/1173/2714 605/1174/2715 590/1140/2716
f 578/1175/2717 591/1176/2718 612/1177/2719 592/1178/2720
f 579/1147/2721 592/1179/2722 613/1180/2723 594/1148/2724
f 593/1181/2725 594/1182/2726 615/1183/2727 614/1184/2728
f 595/1151/2729 616/1185/2730 621/1186/2731 596/1152/2732
f 583/1154/2733 597/1153/2734 632/1187/2735 633/1188/2736
f 583/1154/2737 633/1188/2738 634/1189/2739 598/1156/2740
f 584/1126/2741 598/1156/2742 634/1189/2743 599/1157/2744
f 599/1157/2745 635/1190/2746 636/1191/2747 600/1158/2748
f 585/1127/2749 600/1158/2750 637/1192/2751 601/1160/2752
f 586/1193/2753 601/1194/2754 638/1195/2755 602/1196/2756
f 591/1165/2757 602/1197/2758 640/1198/2759 639/1199/2760
f 593/1200/2761 614/1201/2762 604/1202/2763 603/1203/2764
f 604/1173/2765 642/1204/2766 641/1205/2767 605/1174/2768
f 609/1206/2769 630/1207/2770 629/1208/2771 610/1209/2772
f 606/1210/2773 627/1211/2774 622/1212/2775 607/1213/2776
f 591/1176/2777 639/1214/2778 648/1215/2779 612/1177/2780
f 592/1179/2781 612/1216/2782 648/1217/2783 613/1180/2784
f 594/1218/2785 613/1219/2786 649/1220/2787 615/1221/2788
f 614/1222/2789 615/1223/2790 651/1224/2791 650/1225/2792
f 617/1226/2793 620/1227/2794 624/1228/2795 623/1229/2796
f 607/1213/2797 622/1212/2798 621/1186/2799 616/1185/2800
f 617/1230/2801 623/1231/2802 626/1232/2803 618/1233/2804
f 618/1234/2805 626/1235/2806 625/1236/2807 619/1237/2808
f 619/1238/2809 625/1239/2810 624/1240/2811 620/1241/2812
f 632/1187/2813 653/1242/2814 654/1243/2815 633/1188/2816
f 599/1157/2817 634/1189/2818 633/1188/2819 635/1190/2820
f 635/1244/2821 655/1245/2822 656/1246/2823 636/1247/2824
f 600/1158/2825 636/1248/2826 657/1249/2827 637/1192/2828
f 601/1160/2829 637/1192/2830 658/1250/2831 638/1251/2832
f 602/1252/2833 638/1253/2834 658/1254/2835 640/1255/2836
f 639/1199/2837 640/1198/2838 660/1256/2839 659/1257/2840
f 604/1173/2841 614/1222/2842 650/1225/2843 642/1204/2844
f 641/1205/2845 642/1204/2846 654/1243/2847 653/1242/2848
f 605/1174/2849 641/1205/2850 661/1258/2851 643/1259/2852
f 606/1210/2853 643/1259/2854 652/1260/2855 627/1211/2856
f 644/1261/2857 647/1262/2858 646/1263/2859 645/1264/2860
f 613/1265/2861 648/1215/2862 639/1214/2863 649/1266/2864
f 615/1223/2865 649/1267/2866 662/1268/2867 651/1224/2868
f 632/1187/2869 652/1260/2870 677/1269/2871 653/1242/2872
f 633/1270/2873 654/1271/2874 655/1245/2875 635/1244/2876
f 636/1247/2877 656/1246/2878 692/1272/2879 657/1273/2880
f 637/1274/2881 657/1275/2882 640/1255/2883 658/1254/2884
f 639/1199/2885 659/1257/2886 662/1268/2887 649/1267/2888
f 640/1276/2889 657/1273/2890 692/1272/2891 660/1277/2892
f 659/1257/2893 660/1256/2894 692/1278/2895 662/1268/2896
f 642/1204/2897 650/1225/2898 655/1279/2899 654/1243/2900
f 641/1205/2901 653/1242/2902 694/1280/2903 693/1281/2904
f 643/1259/2905 661/1258/2906 677/1269/2907 652/1260/2908
f 651/1224/2909 662/1268/2910 692/1282/2911 656/1283/2912
f 650/1284/2913 663/1285/2914 678/1286/2915 655/1287/2916
f 651/1288/2917 656/1289/2918 679/1290/2919 676/1291/2920
f 663/1292/2921 676/1293/2922 679/1294/2923 678/1286/2924
usemtl pumpjack4:pasted__lambert1SG3
f 664/1295/2925 680/1296/2926 691/1297/2927 665/1298/2928
f 665/1299/2929 691/1300/2930 690/1301/2931 666/1302/2932
f 666/1303/2933 690/1304/2934 681/1305/2935 667/1306/2936
usemtl pumpjack4:pasted__pasted__lambert1SG4
f 668/1307/2937 682/1308/2938 689/1309/2939 669/1310/2940
f 669/1311/2941 689/1312/2942 688/1313/2943 670/1314/2944
f 670/1315/2945 688/1316/2946 683/1317/2947 671/1318/2948
f 668/1319/2949 671/1320/2950 683/1321/2951 682/1322/2952
usemtl pumpjack4:pasted__lambert1SG3
f 664/1323/2953 667/1324/2954 681/1325/2955 680/1296/2956
usemtl pumpjack4:lambert1SG
f 693/1281/2957 694/1280/2958 700/1326/2959 695/1327/2960
f 696/1328/2961 701/1329/2962 704/1330/2963 697/1331/2964
f 697/1332/2965 704/1333/2966 703/1334/2967 698/1335/2968
f 698/1336/2969 703/1337/2970 702/1338/2971 699/1339/2972
f 696/1340/2973 699/1341/2974 702/1342/2975 701/1343/2976
f 661/1258/2977 695/1327/2978 700/1326/2979 677/1269/2980
usemtl pumpjack4:pasted__pasted__pasted__lambert1SG4
f 674/1344/2981 686/1345/2982 685/1346/2983 675/1347/2984
f 673/1348/2985 687/1349/2986 686/1350/2987 674/1351/2988
f 672/1352/2989 675/1353/2990 685/1354/2991 684/1355/2992
f 672/1356/2993 684/1357/2994 687/1358/2995 673/1359/2996
usemtl pumpjack4:lambert1SG
f 581/1121/2997 590/1140/2998 608/1360/2999 609/1361/3000 610/1362/3001 611/1363/3002 606/1210/3003 607/1213/3004
f 582/1122/3005 622/1212/3006 627/1211/3007 628/1364/3008 629/1365/3009 630/1366/3010 631/1367/3011 597/1153/3012
f 590/1140/3013 605/1174/3014 643/1259/3015 606/1210/3016 611/1363/3017 644/1368/3018 645/1369/3019 608/1360/3020
f 597/1153/3021 631/1367/3022 646/1370/3023 647/1371/3024 628/1364/3025 627/1211/3026 652/1260/3027 632/1187/3028
f 607/1213/3029 616/1185/3030 595/1151/3031 581/1121/3032 617/1372/3033 618/1373/3034 619/1374/3035 620/1375/3036
f 582/1122/3037 596/1152/3038 621/1186/3039 622/1212/3040 623/1376/3041 624/1377/3042 625/1378/3043 626/1379/3044
f 641/1205/3045 693/1281/3046 695/1327/3047 661/1258/3048 696/1380/3049 697/1381/3050 698/1382/3051 699/1383/3052
f 653/1242/3053 677/1269/3054 700/1326/3055 694/1280/3056 701/1384/3057 702/1385/3058 703/1386/3059 704/1387/3060
f 608/1388/3061 645/1389/3062 646/1390/3063 631/1391/3064 630/1392/3065 609/1393/3066
f 610/1394/3067 629/1395/3068 628/1396/3069 647/1397/3070 644/1398/3071 611/1399/3072
f 650/1284/3073 651/1288/3074 676/1291/3075 663/1285/3076 664/1400/3077 665/1401/3078 666/1402/3079 667/1403/3080 668/1404/3081 669/1405/3082 670/1406/3083 671/1407/3084 672/1408/3085 673/1409/3086 674/1410/3087 675/1411/3088
usemtl pumpjack4:lambert1SG2
f 694/1280/3089 653/1242/3090 704/1330/3091 701/1384/3092
usemtl pumpjack4:pasted__lambert1SG
f 663/1285/3093 650/1284/3094 675/1353/3095 672/1408/3096 671/1320/3097 668/1404/3098 667/1324/3099 664/1400/3100
usemtl pumpjack4:pasted__pasted__lambert1SG4
f 655/1287/3101 678/1286/3102 682/1322/3103 683/1321/3104
usemtl pumpjack4:pasted__pasted__pasted__lambert1SG4
f 656/1246/3105 655/1245/3106 685/1346/3107 686/1345/3108
f 683/1317/3109 688/1316/3110 687/1358/3111 684/1357/3112
usemtl pumpjack4:pasted__pasted__lambert1SG4
f 680/1296/3113 681/1325/3114 682/1322/3115 678/1286/3116
f 681/1305/3117 690/1304/3118 689/1309/3119 682/1308/3120
usemtl pumpjack4:pasted__lambert1SG
f 684/1355/3121 685/1346/3122 655/1287/3123 683/1317/3124
usemtl pumpjack4:pasted__lambert1SG3
f 678/1286/3125 679/1294/3126 691/1297/3127 680/1296/3128
usemtl pumpjack4:pasted__lambert1SG
f 679/1290/3129 656/1246/3130 686/1350/3131 687/1358/3132 688/1313/3133 689/1309/3134 690/1301/3135 691/1297/3136
usemtl pumpjack4:lambert3SG2
f 705/1412/3137 706/1413/3138 726/1414/3139 725/1415/3140
f 706/1413/3141 707/1416/3142 727/1417/3143 726/1414/3144
f 707/1416/3145 708/1418/3146 728/1419/3147 727/1417/3148
f 708/1418/3149 709/1420/3150 729/1421/3151 728/1419/3152
f 709/1420/3153 710/1422/3154 730/1423/3155 729/1421/3156
f 710/1422/3157 711/1424/3158 731/1425/3159 730/1423/3160
f 711/1424/3161 712/1426/3162 732/1427/3163 731/1425/3164
f 712/1426/3165 713/1428/3166 733/1429/3167 732/1427/3168
f 713/1428/3169 714/1430/3170 734/1431/3171 733/1429/3172
f 714/1430/3173 715/1432/3174 735/1433/3175 734/1431/3176
f 715/1432/3177 716/1434/3178 736/1435/3179 735/1433/3180
f 716/1434/3181 717/1436/3182 737/1437/3183 736/1435/3184
f 717/1436/3185 718/1438/3186 738/1439/3187 737/1437/3188
f 718/1438/3189 719/1440/3190 739/1441/3191 738/1439/3192
f 719/1440/3193 720/1442/3194 740/1443/3195 739/1441/3196
f 720/1442/3197 721/1444/3198 741/1445/3199 740/1443/3200
f 721/1444/3201 722/1446/3202 742/1447/3203 741/1445/3204
f 722/1446/3205 723/1448/3206 743/1449/3207 742/1447/3208
f 723/1448/3209 724/1450/3210 744/1451/3211 743/1449/3212
f 724/1450/3213 705/1452/3214 725/1453/3215 744/1451/3216
f 706/1454/3217 705/1455/3218 745/1456/3219
f 707/1457/3220 706/1454/3221 745/1456/3222
f 708/1458/3223 707/1457/3224 745/1456/3225
f 709/1459/3226 708/1458/3227 745/1456/3228
f 710/1460/3229 709/1459/3230 745/1456/3231
f 711/1461/3232 710/1460/3233 745/1456/3234
f 712/1462/3235 711/1461/3236 745/1456/3237
f 713/1463/3238 712/1462/3239 745/1456/3240
f 714/1464/3241 713/1463/3242 745/1456/3243
f 715/1465/3244 714/1464/3245 745/1456/3246
f 716/1466/3247 715/1465/3248 745/1456/3249
f 717/1467/3250 716/1466/3251 745/1456/3252
f 718/1468/3253 717/1467/3254 745/1456/3255
f 719/1469/3256 718/1468/3257 745/1456/3258
f 720/1470/3259 719/1469/3260 745/1456/3261
f 721/1471/3262 720/1470/3263 745/1456/3264
f 722/1472/3265 721/1471/3266 745/1456/3267
f 723/1473/3268 722/1472/3269 745/1456/3270
f 724/1474/3271 723/1473/3272 745/1456/3273
f 705/1455/3274 724/1474/3275 745/1456/3276
f 725/1475/3277 726/1476/3278 746/1477/3279
f 726/1476/3280 727/1478/3281 746/1477/3282
f 727/1478/3283 728/1479/3284 746/1477/3285
f 728/1479/3286 729/1480/3287 746/1477/3288
f 729/1480/3289 730/1481/3290 746/1477/3291
f 730/1481/3292 731/1482/3293 746/1477/3294
f 731/1482/3295 732/1483/3296 746/1477/3297
f 732/1483/3298 733/1484/3299 746/1477/3300
f 733/1484/3301 734/1485/3302 746/1477/3303
f 734/1485/3304 735/1486/3305 746/1477/3306
f 735/1486/3307 736/1487/3308 746/1477/3309
f 736/1487/3310 737/1488/3311 746/1477/3312
f 737/1488/3313 738/1489/3314 746/1477/3315
f 738/1489/3316 739/1490/3317 746/1477/3318
f 739/1490/3319 740/1491/3320 746/1477/3321
f 740/1491/3322 741/1492/3323 746/1477/3324
f 741/1492/3325 742/1493/3326 746/1477/3327
f 742/1493/3328 743/1494/3329 746/1477/3330
f 743/1494/3331 744/1495/3332 746/1477/3333
f 744/1495/3334 725/1475/3335 746/1477/3336
usemtl pumpjack4:lambert3SG
f 747/1496/3337 748/1497/3338 768/1498/3339 767/1499/3340
f 748/1497/3341 749/1500/3342 769/1501/3343 768/1498/3344
f 749/1500/3345 750/1502/3346 770/1503/3347 769/1501/3348
f 750/1502/3349 751/1504/3350 771/1505/3351 770/1503/3352
f 751/1504/3353 752/1506/3354 772/1507/3355 771/1505/3356
f 752/1506/3357 753/1508/3358 773/1509/3359 772/1507/3360
f 753/1508/3361 754/1510/3362 774/1511/3363 773/1509/3364
f 754/1510/3365 755/1512/3366 775/1513/3367 774/1511/3368
f 755/1512/3369 756/1514/3370 776/1515/3371 775/1513/3372
f 756/1514/3373 757/1516/3374 777/1517/3375 776/1515/3376
f 757/1516/3377 758/1518/3378 778/1519/3379 777/1517/3380
f 758/1518/3381 759/1520/3382 779/1521/3383 778/1519/3384
f 759/1520/3385 760/1522/3386 780/1523/3387 779/1521/3388
f 760/1522/3389 761/1524/3390 781/1525/3391 780/1523/3392
f 761/1524/3393 762/1526/3394 782/1527/3395 781/1525/3396
f 762/1526/3397 763/1528/3398 783/1529/3399 782/1527/3400
f 763/1528/3401 764/1530/3402 784/1531/3403 783/1529/3404
f 764/1530/3405 765/1532/3406 785/1533/3407 784/1531/3408
f 765/1532/3409 766/1534/3410 786/1535/3411 785/1533/3412
f 766/1534/3413 747/1536/3414 767/1537/3415 786/1535/3416
f 748/1538/3417 747/1539/3418 787/1540/3419
f 749/1541/3420 748/1538/3421 787/1540/3422
f 750/1542/3423 749/1541/3424 787/1540/3425
f 751/1543/3426 750/1542/3427 787/1540/3428
f 752/1544/3429 751/1543/3430 787/1540/3431
f 753/1545/3432 752/1544/3433 787/1540/3434
f 754/1546/3435 753/1545/3436 787/1540/3437
f 755/1547/3438 754/1546/3439 787/1540/3440
f 756/1548/3441 755/1547/3442 787/1540/3443
f 757/1549/3444 756/1548/3445 787/1540/3446
f 758/1550/3447 757/1549/3448 787/1540/3449
f 759/1551/3450 758/1550/3451 787/1540/3452
f 760/1552/3453 759/1551/3454 787/1540/3455
f 761/1553/3456 760/1552/3457 787/1540/3458
f 762/1554/3459 761/1553/3460 787/1540/3461
f 763/1555/3462 762/1554/3463 787/1540/3464
f 764/1556/3465 763/1555/3466 787/1540/3467
f 765/1557/3468 764/1556/3469 787/1540/3470
f 766/1558/3471 765/1557/3472 787/1540/3473
f 747/1539/3474 766/1558/3475 787/1540/3476
f 767/1559/3477 768/1560/3478 788/1561/3479
f 768/1560/3480 769/1562/3481 788/1561/3482
f 769/1562/3483 770/1563/3484 788/1561/3485
f 770/1563/3486 771/1564/3487 788/1561/3488
f 771/1564/3489 772/1565/3490 788/1561/3491
f 772/1565/3492 773/1566/3493 788/1561/3494
f 773/1566/3495 774/1567/3496 788/1561/3497
f 774/1567/3498 775/1568/3499 788/1561/3500
f 775/1568/3501 776/1569/3502 788/1561/3503
f 776/1569/3504 777/1570/3505 788/1561/3506
f 777/1570/3507 778/1571/3508 788/1561/3509
f 778/1571/3510 779/1572/3511 788/1561/3512
f 779/1572/3513 780/1573/3514 788/1561/3515
f 780/1573/3516 781/1574/3517 788/1561/3518
f 781/1574/3519 782/1575/3520 788/1561/3521
f 782/1575/3522 783/1576/3523 788/1561/3524
f 783/1576/3525 784/1577/3526 788/1561/3527
f 784/1577/3528 785/1578/3529 788/1561/3530
f 785/1578/3531 786/1579/3532 788/1561/3533
f 786/1579/3534 767/1559/3535 788/1561/3536
f 789/1580/3537 790/1581/3538 810/1582/3539 809/1583/3540
f 790/1581/3541 791/1584/3542 811/1585/3543 810/1582/3544
f 791/1584/3545 792/1586/3546 812/1587/3547 811/1585/3548
f 792/1586/3549 793/1588/3550 813/1589/3551 812/1587/3552
f 793/1588/3553 794/1590/3554 814/1591/3555 813/1589/3556
f 794/1590/3557 795/1592/3558 815/1593/3559 814/1591/3560
f 795/1592/3561 796/1594/3562 816/1595/3563 815/1593/3564
f 796/1594/3565 797/1596/3566 817/1597/3567 816/1595/3568
f 797/1596/3569 798/1598/3570 818/1599/3571 817/1597/3572
f 798/1598/3573 799/1600/3574 819/1601/3575 818/1599/3576
f 799/1600/3577 800/1602/3578 820/1603/3579 819/1601/3580
f 800/1602/3581 801/1604/3582 821/1605/3583 820/1603/3584
f 801/1604/3585 802/1606/3586 822/1607/3587 821/1605/3588
f 802/1606/3589 803/1608/3590 823/1609/3591 822/1607/3592
f 803/1608/3593 804/1610/3594 824/1611/3595 823/1609/3596
f 804/1610/3597 805/1612/3598 825/1613/3599 824/1611/3600
f 805/1612/3601 806/1614/3602 826/1615/3603 825/1613/3604
f 806/1614/3605 807/1616/3606 827/1617/3607 826/1615/3608
f 807/1616/3609 808/1618/3610 828/1619/3611 827/1617/3612
f 808/1618/3613 789/1620/3614 809/1621/3615 828/1619/3616
f 790/1622/3617 789/1623/3618 829/1624/3619
f 791/1625/3620 790/1622/3621 829/1624/3622
f 792/1626/3623 791/1625/3624 829/1624/3625
f 793/1627/3626 792/1626/3627 829/1624/3628
f 794/1628/3629 793/1627/3630 829/1624/3631
f 795/1629/3632 794/1628/3633 829/1624/3634
f 796/1630/3635 795/1629/3636 829/1624/3637
f 797/1631/3638 796/1630/3639 829/1624/3640
f 798/1632/3641 797/1631/3642 829/1624/3643
f 799/1633/3644 798/1632/3645 829/1624/3646
f 800/1634/3647 799/1633/3648 829/1624/3649
f 801/1635/3650 800/1634/3651 829/1624/3652
f 802/1636/3653 801/1635/3654 829/1624/3655
f 803/1637/3656 802/1636/3657 829/1624/3658
f 804/1638/3659 803/1637/3660 829/1624/3661
f 805/1639/3662 804/1638/3663 829/1624/3664
f 806/1640/3665 805/1639/3666 829/1624/3667
f 807/1641/3668 806/1640/3669 829/1624/3670
f 808/1642/3671 807/1641/3672 829/1624/3673
f 789/1623/3674 808/1642/3675 829/1624/3676
f 809/1643/3677 810/1644/3678 830/1645/3679
f 810/1644/3680 811/1646/3681 830/1645/3682
f 811/1646/3683 812/1647/3684 830/1645/3685
f 812/1647/3686 813/1648/3687 830/1645/3688
f 813/1648/3689 814/1649/3690 830/1645/3691
f 814/1649/3692 815/1650/3693 830/1645/3694
f 815/1650/3695 816/1651/3696 830/1645/3697
f 816/1651/3698 817/1652/3699 830/1645/3700
f 817/1652/3701 818/1653/3702 830/1645/3703
f 818/1653/3704 819/1654/3705 830/1645/3706
f 819/1654/3707 820/1655/3708 830/1645/3709
f 820/1655/3710 821/1656/3711 830/1645/3712
f 821/1656/3713 822/1657/3714 830/1645/3715
f 822/1657/3716 823/1658/3717 830/1645/3718
f 823/1658/3719 824/1659/3720 830/1645/3721
f 824/1659/3722 825/1660/3723 830/1645/3724
f 825/1660/3725 826/1661/3726 830/1645/3727
f 826/1661/3728 827/1662/3729 830/1645/3730
f 827/1662/3731 828/1663/3732 830/1645/3733
f 828/1663/3734 809/1643/3735 830/1645/3736
