# This file uses centimeters as units for non-parametric coordinates.

mtllib speed-ring.mtl
g default
v 10.978288 0.000000 -0.690695
v 10.913256 0.000000 -1.378664
v 10.805154 0.000000 -2.061193
v 10.654409 0.000000 -2.735586
v 10.461617 0.000000 -3.399184
v 10.227536 0.000000 -4.049367
v 9.953093 0.000000 -4.683569
v 9.639369 0.000000 -5.299287
v 9.287602 0.000000 -5.894091
v 8.899182 0.000000 -6.465634
v 8.475641 0.000000 -7.011660
v 8.018651 0.000000 -7.530015
v 7.530015 0.000000 -8.018651
v 7.011661 0.000000 -8.475641
v 6.465634 0.000000 -8.899182
v 5.894092 0.000000 -9.287601
v 5.299288 0.000000 -9.639368
v 4.683570 0.000000 -9.953092
v 4.049368 0.000000 -10.227535
v 3.399186 0.000000 -10.461617
v 2.735588 0.000000 -10.654409
v 2.061194 0.000000 -10.805154
v 1.378666 0.000000 -10.913256
v 0.690696 0.000000 -10.978289
v 0.000001 0.000000 -10.999994
v -0.690695 0.000000 -10.978289
v -1.378664 0.000000 -10.913257
v -2.061193 0.000000 -10.805155
v -2.735587 0.000000 -10.654410
v -3.399185 0.000000 -10.461617
v -4.049368 0.000000 -10.227537
v -4.683570 0.000000 -9.953093
v -5.299288 0.000000 -9.639369
v -5.894092 0.000000 -9.287602
v -6.465635 0.000000 -8.899182
v -7.011662 0.000000 -8.475641
v -7.530016 0.000000 -8.018651
v -8.018652 0.000000 -7.530015
v -8.475643 0.000000 -7.011661
v -8.899183 0.000000 -6.465634
v -9.287603 0.000000 -5.894092
v -9.639369 0.000000 -5.299287
v -9.953093 0.000000 -4.683569
v -10.227537 0.000000 -4.049367
v -10.461617 0.000000 -3.399185
v -10.654410 0.000000 -2.735587
v -10.805156 0.000000 -2.061193
v -10.913258 0.000000 -1.378664
v -10.978291 0.000000 -0.690695
v -10.999996 0.000000 0.000001
v -10.978291 0.000000 0.690696
v -10.913258 0.000000 1.378666
v -10.805157 0.000000 2.061195
v -10.654411 0.000000 2.735589
v -10.461618 0.000000 3.399187
v -10.227538 0.000000 4.049370
v -9.953094 0.000000 4.683572
v -9.639371 0.000000 5.299290
v -9.287604 0.000000 5.894094
v -8.899183 0.000000 6.465637
v -8.475643 0.000000 7.011663
v -8.018652 0.000000 7.530018
v -7.530016 0.000000 8.018654
v -7.011662 0.000000 8.475645
v -6.465636 0.000000 8.899186
v -5.894093 0.000000 9.287606
v -5.299288 0.000000 9.639372
v -4.683570 0.000000 9.953095
v -4.049368 0.000000 10.227539
v -3.399185 0.000000 10.461620
v -2.735587 0.000000 10.654413
v -2.061193 0.000000 10.805159
v -1.378664 0.000000 10.913260
v -0.690695 0.000000 10.978292
v 0.000001 0.000000 10.999999
v 0.690697 0.000000 10.978292
v 1.378667 0.000000 10.913260
v 2.061195 0.000000 10.805159
v 2.735590 0.000000 10.654414
v 3.399188 0.000000 10.461621
v 4.049371 0.000000 10.227541
v 4.683573 0.000000 9.953097
v 5.299292 0.000000 9.639373
v 5.894095 0.000000 9.287606
v 6.465638 0.000000 8.899185
v 7.011664 0.000000 8.475644
v 7.530019 0.000000 8.018654
v 8.018656 0.000000 7.530017
v 8.475646 0.000000 7.011663
v 8.899187 0.000000 6.465637
v 9.287607 0.000000 5.894094
v 9.639373 0.000000 5.299290
v 9.953097 0.000000 4.683572
v 10.227541 0.000000 4.049370
v 10.461621 0.000000 3.399187
v 10.654414 0.000000 2.735589
v 10.805160 0.000000 2.061194
v 10.913261 0.000000 1.378666
v 10.978294 0.000000 0.690696
v 11.000000 0.000000 0.000000
v 11.136722 0.540641 -0.700662
v 11.070751 0.540641 -1.398560
v 10.961089 0.540641 -2.090939
v 10.808169 0.540641 -2.775065
v 10.612594 0.540641 -3.448240
v 10.375135 0.540641 -4.107806
v 10.096730 0.540641 -4.751160
v 9.778480 0.540641 -5.375763
v 9.421637 0.540641 -5.979152
v 9.027611 0.540641 -6.558943
v 8.597958 0.540641 -7.112849
v 8.134372 0.540641 -7.638684
v 7.638684 0.540641 -8.134372
v 7.112850 0.540641 -8.597958
v 6.558943 0.540641 -9.027611
v 5.979152 0.540641 -9.421637
v 5.375764 0.540641 -9.778479
v 4.751161 0.540641 -10.096730
v 4.107807 0.540641 -10.375134
v 3.448241 0.540641 -10.612593
v 2.775067 0.540641 -10.808168
v 2.090940 0.540641 -10.961089
v 1.398562 0.540641 -11.070751
v 0.700664 0.540641 -11.136723
v 0.000001 0.540641 -11.158741
v -0.700662 0.540641 -11.136723
v -1.398561 0.540641 -11.070751
v -2.090939 0.540641 -10.961090
v -2.775066 0.540641 -10.808169
v -3.448241 0.540641 -10.612595
v -4.107807 0.540641 -10.375135
v -4.751161 0.540641 -10.096731
v -5.375765 0.540641 -9.778480
v -5.979153 0.540641 -9.421637
v -6.558944 0.540641 -9.027611
v -7.112850 0.540641 -8.597958
v -7.638685 0.540641 -8.134372
v -8.134374 0.540641 -7.638684
v -8.597960 0.540641 -7.112850
v -9.027613 0.540641 -6.558943
v -9.421638 0.540641 -5.979152
v -9.778480 0.540641 -5.375764
v -10.096731 0.540641 -4.751161
v -10.375135 0.540641 -4.107806
v -10.612595 0.540641 -3.448240
v -10.808169 0.540641 -2.775065
v -10.961090 0.540641 -2.090939
v -11.070752 0.540641 -1.398560
v -11.136724 0.540641 -0.700662
v -11.158743 0.540641 0.000001
v -11.136724 0.540641 0.700664
v -11.070753 0.540641 1.398562
v -10.961091 0.540641 2.090941
v -10.808171 0.540641 2.775068
v -10.612596 0.540641 3.448242
v -10.375137 0.540641 4.107809
v -10.096733 0.540641 4.751163
v -9.778481 0.540641 5.375767
v -9.421638 0.540641 5.979155
v -9.027613 0.540641 6.558946
v -8.597960 0.540641 7.112852
v -8.134374 0.540641 7.638687
v -7.638685 0.540641 8.134376
v -7.112851 0.540641 8.597961
v -6.558945 0.540641 9.027615
v -5.979154 0.540641 9.421640
v -5.375765 0.540641 9.778482
v -4.751162 0.540641 10.096734
v -4.107807 0.540641 10.375138
v -3.448241 0.540641 10.612597
v -2.775066 0.540641 10.808172
v -2.090939 0.540641 10.961093
v -1.398561 0.540641 11.070755
v -0.700662 0.540641 11.136726
v 0.000001 0.540641 11.158746
v 0.700665 0.540641 11.136726
v 1.398563 0.540641 11.070756
v 2.090942 0.540641 10.961094
v 2.775069 0.540641 10.808173
v 3.448243 0.540641 10.612598
v 4.107810 0.540641 10.375139
v 4.751164 0.540641 10.096735
v 5.375768 0.540641 9.778483
v 5.979156 0.540641 9.421640
v 6.558948 0.540641 9.027614
v 7.112854 0.540641 8.597960
v 7.638689 0.540641 8.134375
v 8.134377 0.540641 7.638687
v 8.597962 0.540641 7.112852
v 9.027616 0.540641 6.558946
v 9.421641 0.540641 5.979155
v 9.778484 0.540641 5.375767
v 10.096735 0.540641 4.751163
v 10.375139 0.540641 4.107809
v 10.612598 0.540641 3.448242
v 10.808173 0.540641 2.775068
v 10.961095 0.540641 2.090941
v 11.070756 0.540641 1.398562
v 11.136727 0.540641 0.700664
v 11.158747 0.540641 0.000000
v 11.561720 0.909632 -0.727401
v 11.493232 0.909632 -1.451932
v 11.379385 0.909632 -2.170733
v 11.220629 0.909632 -2.880967
v 11.017590 0.909632 -3.579831
v 10.771070 0.909632 -4.264567
v 10.482040 0.909632 -4.932473
v 10.151645 0.909632 -5.580913
v 9.781184 0.909632 -6.207327
v 9.372122 0.909632 -6.809244
v 8.926072 0.909632 -7.384288
v 8.444795 0.909632 -7.930191
v 7.930191 0.909632 -8.444795
v 7.384289 0.909632 -8.926072
v 6.809245 0.909632 -9.372122
v 6.207328 0.909632 -9.781183
v 5.580914 0.909632 -10.151644
v 4.932474 0.909632 -10.482039
v 4.264568 0.909632 -10.771069
v 3.579832 0.909632 -11.017590
v 2.880969 0.909632 -11.220628
v 2.170734 0.909632 -11.379385
v 1.451934 0.909632 -11.493232
v 0.727403 0.909632 -11.561720
v 0.000001 0.909632 -11.584579
v -0.727401 0.909632 -11.561720
v -1.451932 0.909632 -11.493232
v -2.170733 0.909632 -11.379385
v -2.880967 0.909632 -11.220630
v -3.579832 0.909632 -11.017591
v -4.264568 0.909632 -10.771070
v -4.932474 0.909632 -10.482041
v -5.580914 0.909632 -10.151645
v -6.207328 0.909632 -9.781184
v -6.809246 0.909632 -9.372122
v -7.384290 0.909632 -8.926072
v -7.930192 0.909632 -8.444795
v -8.444797 0.909632 -7.930191
v -8.926073 0.909632 -7.384289
v -9.372123 0.909632 -6.809245
v -9.781184 0.909632 -6.207328
v -10.151645 0.909632 -5.580914
v -10.482041 0.909632 -4.932474
v -10.771070 0.909632 -4.264567
v -11.017591 0.909632 -3.579831
v -11.220630 0.909632 -2.880967
v -11.379386 0.909632 -2.170733
v -11.493233 0.909632 -1.451932
v -11.561722 0.909632 -0.727401
v -11.584581 0.909632 0.000001
v -11.561722 0.909632 0.727403
v -11.493234 0.909632 1.451934
v -11.379387 0.909632 2.170735
v -11.220631 0.909632 2.880969
v -11.017592 0.909632 3.579834
v -10.771071 0.909632 4.264570
v -10.482042 0.909632 4.932477
v -10.151647 0.909632 5.580916
v -9.781185 0.909632 6.207331
v -9.372123 0.909632 6.809247
v -8.926073 0.909632 7.384292
v -8.444797 0.909632 7.930194
v -7.930192 0.909632 8.444798
v -7.384291 0.909632 8.926076
v -6.809246 0.909632 9.372125
v -6.207329 0.909632 9.781187
v -5.580914 0.909632 10.151648
v -4.932475 0.909632 10.482044
v -4.264568 0.909632 10.771073
v -3.579832 0.909632 11.017593
v -2.880968 0.909632 11.220633
v -2.170733 0.909632 11.379389
v -1.451932 0.909632 11.493236
v -0.727401 0.909632 11.561725
v 0.000001 0.909632 11.584584
v 0.727403 0.909632 11.561725
v 1.451935 0.909632 11.493237
v 2.170736 0.909632 11.379390
v 2.880970 0.909632 11.220634
v 3.579835 0.909632 11.017595
v 4.264571 0.909632 10.771074
v 4.932477 0.909632 10.482045
v 5.580917 0.909632 10.151649
v 6.207332 0.909632 9.781187
v 6.809249 0.909632 9.372125
v 7.384293 0.909632 8.926075
v 7.930195 0.909632 8.444798
v 8.444799 0.909632 7.930193
v 8.926077 0.909632 7.384292
v 9.372127 0.909632 6.809247
v 9.781189 0.909632 6.207331
v 10.151649 0.909632 5.580916
v 10.482045 0.909632 4.932477
v 10.771074 0.909632 4.264570
v 11.017595 0.909632 3.579834
v 11.220634 0.909632 2.880969
v 11.379390 0.909632 2.170735
v 11.493237 0.909632 1.451934
v 11.561726 0.909632 0.727402
v 11.584585 0.909632 0.000000
v 12.118348 0.989821 -0.762421
v 12.046563 0.989821 -1.521834
v 11.927235 0.989821 -2.275241
v 11.760836 0.989821 -3.019668
v 11.548022 0.989821 -3.752179
v 11.289633 0.989821 -4.469881
v 10.986690 0.989821 -5.169942
v 10.640387 0.989821 -5.849601
v 10.252090 0.989821 -6.506174
v 9.823334 0.989821 -7.137069
v 9.355810 0.989821 -7.739799
v 8.851362 0.989821 -8.311982
v 8.311982 0.989821 -8.851362
v 7.739799 0.989821 -9.355810
v 7.137070 0.989821 -9.823334
v 6.506174 0.989821 -10.252090
v 5.849602 0.989821 -10.640386
v 5.169944 0.989821 -10.986689
v 4.469882 0.989821 -11.289633
v 3.752180 0.989821 -11.548021
v 3.019670 0.989821 -11.760836
v 2.275243 0.989821 -11.927235
v 1.521836 0.989821 -12.046563
v 0.762423 0.989821 -12.118349
v 0.000001 0.989821 -12.142309
v -0.762421 0.989821 -12.118349
v -1.521834 0.989821 -12.046563
v -2.275241 0.989821 -11.927236
v -3.019669 0.989821 -11.760837
v -3.752180 0.989821 -11.548023
v -4.469882 0.989821 -11.289634
v -5.169944 0.989821 -10.986690
v -5.849602 0.989821 -10.640387
v -6.506175 0.989821 -10.252090
v -7.137071 0.989821 -9.823334
v -7.739800 0.989821 -9.355810
v -8.311984 0.989821 -8.851362
v -8.851363 0.989821 -8.311982
v -9.355811 0.989821 -7.739799
v -9.823336 0.989821 -7.137070
v -10.252091 0.989821 -6.506174
v -10.640387 0.989821 -5.849602
v -10.986690 0.989821 -5.169943
v -11.289634 0.989821 -4.469881
v -11.548023 0.989821 -3.752179
v -11.760837 0.989821 -3.019669
v -11.927237 0.989821 -2.275241
v -12.046564 0.989821 -1.521834
v -12.118350 0.989821 -0.762421
v -12.142310 0.989821 0.000001
v -12.118350 0.989821 0.762423
v -12.046565 0.989821 1.521836
v -11.927238 0.989821 2.275243
v -11.760839 0.989821 3.019671
v -11.548024 0.989821 3.752182
v -11.289636 0.989821 4.469884
v -10.986691 0.989821 5.169946
v -10.640388 0.989821 5.849605
v -10.252092 0.989821 6.506177
v -9.823336 0.989821 7.137073
v -9.355811 0.989821 7.739802
v -8.851363 0.989821 8.311986
v -8.311984 0.989821 8.851366
v -7.739800 0.989821 9.355814
v -7.137071 0.989821 9.823338
v -6.506176 0.989821 10.252094
v -5.849603 0.989821 10.640389
v -5.169944 0.989821 10.986693
v -4.469882 0.989821 11.289637
v -3.752180 0.989821 11.548026
v -3.019669 0.989821 11.760839
v -2.275241 0.989821 11.927239
v -1.521834 0.989821 12.046567
v -0.762421 0.989821 12.118354
v 0.000001 0.989821 12.142313
v 0.762423 0.989821 12.118354
v 1.521837 0.989821 12.046568
v 2.275244 0.989821 11.927240
v 3.019672 0.989821 11.760841
v 3.752183 0.989821 11.548027
v 4.469885 0.989821 11.289639
v 5.169947 0.989821 10.986694
v 5.849606 0.989821 10.640390
v 6.506178 0.989821 10.252094
v 7.137074 0.989821 9.823337
v 7.739804 0.989821 9.355813
v 8.311988 0.989821 8.851365
v 8.851367 0.989821 8.311985
v 9.355815 0.989821 7.739802
v 9.823339 0.989821 7.137073
v 10.252095 0.989821 6.506177
v 10.640391 0.989821 5.849605
v 10.986694 0.989821 5.169946
v 11.289639 0.989821 4.469884
v 11.548027 0.989821 3.752182
v 11.760841 0.989821 3.019671
v 11.927241 0.989821 2.275243
v 12.046569 0.989821 1.521836
v 12.118355 0.989821 0.762422
v 12.142315 0.989821 0.000000
v 12.629882 0.755750 -0.794604
v 12.555067 0.755750 -1.586073
v 12.430702 0.755750 -2.371282
v 12.257278 0.755750 -3.147133
v 12.035481 0.755750 -3.910564
v 11.766186 0.755750 -4.658561
v 11.450454 0.755750 -5.388174
v 11.089533 0.755750 -6.096521
v 10.684847 0.755750 -6.780809
v 10.237992 0.755750 -7.438336
v 9.750733 0.755750 -8.066507
v 9.224992 0.755750 -8.662844
v 8.662844 0.755750 -9.224992
v 8.066508 0.755750 -9.750733
v 7.438336 0.755750 -10.237992
v 6.780810 0.755750 -10.684846
v 6.096522 0.755750 -11.089533
v 5.388175 0.755750 -11.450454
v 4.658563 0.755750 -11.766185
v 3.910566 0.755750 -12.035481
v 3.147135 0.755750 -12.257278
v 2.371284 0.755750 -12.430702
v 1.586075 0.755750 -12.555067
v 0.794606 0.755750 -12.629883
v 0.000001 0.755750 -12.654855
v -0.794604 0.755750 -12.629883
v -1.586073 0.755750 -12.555067
v -2.371283 0.755750 -12.430702
v -3.147134 0.755750 -12.257279
v -3.910565 0.755750 -12.035482
v -4.658563 0.755750 -11.766187
v -5.388175 0.755750 -11.450455
v -6.096523 0.755750 -11.089534
v -6.780810 0.755750 -10.684847
v -7.438337 0.755750 -10.237992
v -8.066508 0.755750 -9.750733
v -8.662846 0.755750 -9.224992
v -9.224993 0.755750 -8.662844
v -9.750734 0.755750 -8.066508
v -10.237993 0.755750 -7.438336
v -10.684848 0.755750 -6.780810
v -11.089534 0.755750 -6.096522
v -11.450455 0.755750 -5.388175
v -11.766187 0.755750 -4.658562
v -12.035482 0.755750 -3.910564
v -12.257279 0.755750 -3.147134
v -12.430703 0.755750 -2.371283
v -12.555068 0.755750 -1.586073
v -12.629885 0.755750 -0.794604
v -12.654856 0.755750 0.000001
v -12.629885 0.755750 0.794606
v -12.555069 0.755750 1.586075
v -12.430704 0.755750 2.371285
v -12.257281 0.755750 3.147136
v -12.035484 0.755750 3.910567
v -11.766188 0.755750 4.658565
v -11.450457 0.755750 5.388177
v -11.089536 0.755750 6.096525
v -10.684849 0.755750 6.780813
v -10.237993 0.755750 7.438340
v -9.750734 0.755750 8.066511
v -9.224993 0.755750 8.662848
v -8.662846 0.755750 9.224996
v -8.066509 0.755750 9.750737
v -7.438338 0.755750 10.237996
v -6.780811 0.755750 10.684851
v -6.096523 0.755750 11.089537
v -5.388175 0.755750 11.450458
v -4.658563 0.755750 11.766190
v -3.910565 0.755750 12.035485
v -3.147134 0.755750 12.257282
v -2.371283 0.755750 12.430706
v -1.586073 0.755750 12.555071
v -0.794604 0.755750 12.629888
v 0.000001 0.755750 12.654859
v 0.794607 0.755750 12.629888
v 1.586076 0.755750 12.555072
v 2.371285 0.755750 12.430707
v 3.147137 0.755750 12.257284
v 3.910568 0.755750 12.035487
v 4.658566 0.755750 11.766191
v 5.388178 0.755750 11.450459
v 6.096527 0.755750 11.089538
v 6.780814 0.755750 10.684851
v 7.438341 0.755750 10.237995
v 8.066512 0.755750 9.750736
v 8.662849 0.755750 9.224995
v 9.224997 0.755750 8.662847
v 9.750738 0.755750 8.066511
v 10.237997 0.755750 7.438340
v 10.684853 0.755750 6.780813
v 11.089539 0.755750 6.096525
v 11.450459 0.755750 5.388177
v 11.766191 0.755750 4.658565
v 12.035487 0.755750 3.910567
v 12.257284 0.755750 3.147136
v 12.430708 0.755750 2.371284
v 12.555073 0.755750 1.586075
v 12.629889 0.755750 0.794605
v 12.654860 0.755750 0.000000
v 12.933913 0.281732 -0.813732
v 12.857297 0.281732 -1.624253
v 12.729938 0.281732 -2.428365
v 12.552341 0.281732 -3.222892
v 12.325204 0.281732 -4.004701
v 12.049425 0.281732 -4.770704
v 11.726093 0.281732 -5.517879
v 11.356484 0.281732 -6.243279
v 10.942057 0.281732 -6.944039
v 10.484445 0.281732 -7.617394
v 9.985456 0.281732 -8.260687
v 9.447059 0.281732 -8.871379
v 8.871379 0.281732 -9.447059
v 8.260688 0.281732 -9.985456
v 7.617395 0.281732 -10.484445
v 6.944040 0.281732 -10.942056
v 6.243280 0.281732 -11.356483
v 5.517881 0.281732 -11.726092
v 4.770705 0.281732 -12.049425
v 4.004702 0.281732 -12.325203
v 3.222894 0.281732 -12.552340
v 2.428366 0.281732 -12.729938
v 1.624255 0.281732 -12.857297
v 0.813734 0.281732 -12.933914
v 0.000001 0.281732 -12.959487
v -0.813732 0.281732 -12.933914
v -1.624254 0.281732 -12.857297
v -2.428365 0.281732 -12.729939
v -3.222893 0.281732 -12.552341
v -4.004701 0.281732 -12.325205
v -4.770705 0.281732 -12.049426
v -5.517881 0.281732 -11.726094
v -6.243280 0.281732 -11.356485
v -6.944040 0.281732 -10.942057
v -7.617395 0.281732 -10.484445
v -8.260689 0.281732 -9.985456
v -8.871381 0.281732 -9.447059
v -9.447061 0.281732 -8.871379
v -9.985457 0.281732 -8.260688
v -10.484447 0.281732 -7.617395
v -10.942057 0.281732 -6.944040
v -11.356485 0.281732 -6.243280
v -11.726094 0.281732 -5.517880
v -12.049426 0.281732 -4.770704
v -12.325205 0.281732 -4.004701
v -12.552341 0.281732 -3.222893
v -12.729939 0.281732 -2.428365
v -12.857298 0.281732 -1.624253
v -12.933915 0.281732 -0.813732
v -12.959488 0.281732 0.000001
v -12.933915 0.281732 0.813734
v -12.857299 0.281732 1.624256
v -12.729940 0.281732 2.428367
v -12.552342 0.281732 3.222895
v -12.325207 0.281732 4.004704
v -12.049428 0.281732 4.770707
v -11.726096 0.281732 5.517883
v -11.356486 0.281732 6.243283
v -10.942058 0.281732 6.944043
v -10.484447 0.281732 7.617398
v -9.985457 0.281732 8.260691
v -9.447061 0.281732 8.871383
v -8.871381 0.281732 9.447062
v -8.260689 0.281732 9.985460
v -7.617396 0.281732 10.484448
v -6.944041 0.281732 10.942060
v -6.243281 0.281732 11.356488
v -5.517881 0.281732 11.726097
v -4.770705 0.281732 12.049429
v -4.004702 0.281732 12.325208
v -3.222893 0.281732 12.552344
v -2.428365 0.281732 12.729942
v -1.624254 0.281732 12.857301
v -0.813732 0.281732 12.933919
v 0.000001 0.281732 12.959491
v 0.813735 0.281732 12.933919
v 1.624256 0.281732 12.857302
v 2.428368 0.281732 12.729943
v 3.222896 0.281732 12.552345
v 4.004705 0.281732 12.325210
v 4.770709 0.281732 12.049431
v 5.517885 0.281732 11.726099
v 6.243284 0.281732 11.356489
v 6.944044 0.281732 10.942060
v 7.617399 0.281732 10.484447
v 8.260693 0.281732 9.985459
v 8.871385 0.281732 9.447062
v 9.447064 0.281732 8.871382
v 9.985461 0.281732 8.260691
v 10.484450 0.281732 7.617398
v 10.942061 0.281732 6.944043
v 11.356489 0.281732 6.243283
v 11.726099 0.281732 5.517883
v 12.049431 0.281732 4.770707
v 12.325210 0.281732 4.004704
v 12.552345 0.281732 3.222895
v 12.729944 0.281732 2.428367
v 12.857303 0.281732 1.624255
v 12.933920 0.281732 0.813733
v 12.959493 0.281732 0.000000
v 12.933913 -0.281733 -0.813732
v 12.857297 -0.281733 -1.624253
v 12.729938 -0.281733 -2.428365
v 12.552341 -0.281733 -3.222892
v 12.325204 -0.281733 -4.004701
v 12.049425 -0.281733 -4.770704
v 11.726093 -0.281733 -5.517879
v 11.356484 -0.281733 -6.243279
v 10.942057 -0.281733 -6.944039
v 10.484445 -0.281733 -7.617394
v 9.985456 -0.281733 -8.260687
v 9.447059 -0.281733 -8.871379
v 8.871379 -0.281733 -9.447059
v 8.260688 -0.281733 -9.985456
v 7.617395 -0.281733 -10.484445
v 6.944040 -0.281733 -10.942056
v 6.243280 -0.281733 -11.356483
v 5.517881 -0.281733 -11.726092
v 4.770705 -0.281733 -12.049425
v 4.004702 -0.281733 -12.325203
v 3.222894 -0.281733 -12.552340
v 2.428366 -0.281733 -12.729938
v 1.624255 -0.281733 -12.857297
v 0.813734 -0.281733 -12.933914
v 0.000001 -0.281733 -12.959487
v -0.813732 -0.281733 -12.933914
v -1.624254 -0.281733 -12.857297
v -2.428365 -0.281733 -12.729939
v -3.222893 -0.281733 -12.552341
v -4.004701 -0.281733 -12.325205
v -4.770705 -0.281733 -12.049426
v -5.517881 -0.281733 -11.726094
v -6.243280 -0.281733 -11.356485
v -6.944040 -0.281733 -10.942057
v -7.617395 -0.281733 -10.484445
v -8.260689 -0.281733 -9.985456
v -8.871381 -0.281733 -9.447059
v -9.447061 -0.281733 -8.871379
v -9.985457 -0.281733 -8.260688
v -10.484447 -0.281733 -7.617395
v -10.942057 -0.281733 -6.944040
v -11.356485 -0.281733 -6.243280
v -11.726094 -0.281733 -5.517880
v -12.049426 -0.281733 -4.770704
v -12.325205 -0.281733 -4.004701
v -12.552341 -0.281733 -3.222893
v -12.729939 -0.281733 -2.428365
v -12.857298 -0.281733 -1.624253
v -12.933915 -0.281733 -0.813732
v -12.959488 -0.281733 0.000001
v -12.933915 -0.281733 0.813734
v -12.857299 -0.281733 1.624256
v -12.729940 -0.281733 2.428367
v -12.552342 -0.281733 3.222895
v -12.325207 -0.281733 4.004704
v -12.049428 -0.281733 4.770707
v -11.726096 -0.281733 5.517883
v -11.356486 -0.281733 6.243283
v -10.942058 -0.281733 6.944043
v -10.484447 -0.281733 7.617398
v -9.985457 -0.281733 8.260691
v -9.447061 -0.281733 8.871383
v -8.871381 -0.281733 9.447062
v -8.260689 -0.281733 9.985460
v -7.617396 -0.281733 10.484448
v -6.944041 -0.281733 10.942060
v -6.243281 -0.281733 11.356488
v -5.517881 -0.281733 11.726097
v -4.770705 -0.281733 12.049429
v -4.004702 -0.281733 12.325208
v -3.222893 -0.281733 12.552344
v -2.428365 -0.281733 12.729942
v -1.624254 -0.281733 12.857301
v -0.813732 -0.281733 12.933919
v 0.000001 -0.281733 12.959491
v 0.813735 -0.281733 12.933919
v 1.624256 -0.281733 12.857302
v 2.428368 -0.281733 12.729943
v 3.222896 -0.281733 12.552345
v 4.004705 -0.281733 12.325210
v 4.770709 -0.281733 12.049431
v 5.517885 -0.281733 11.726099
v 6.243284 -0.281733 11.356489
v 6.944044 -0.281733 10.942060
v 7.617399 -0.281733 10.484447
v 8.260693 -0.281733 9.985459
v 8.871385 -0.281733 9.447062
v 9.447064 -0.281733 8.871382
v 9.985461 -0.281733 8.260691
v 10.484450 -0.281733 7.617398
v 10.942061 -0.281733 6.944043
v 11.356489 -0.281733 6.243283
v 11.726099 -0.281733 5.517883
v 12.049431 -0.281733 4.770707
v 12.325210 -0.281733 4.004704
v 12.552345 -0.281733 3.222895
v 12.729944 -0.281733 2.428367
v 12.857303 -0.281733 1.624255
v 12.933920 -0.281733 0.813733
v 12.959493 -0.281733 0.000000
v 12.629882 -0.755750 -0.794604
v 12.555067 -0.755750 -1.586073
v 12.430702 -0.755750 -2.371282
v 12.257278 -0.755750 -3.147133
v 12.035481 -0.755750 -3.910564
v 11.766186 -0.755750 -4.658561
v 11.450454 -0.755750 -5.388174
v 11.089533 -0.755750 -6.096521
v 10.684847 -0.755750 -6.780809
v 10.237992 -0.755750 -7.438336
v 9.750733 -0.755750 -8.066507
v 9.224992 -0.755750 -8.662844
v 8.662844 -0.755750 -9.224992
v 8.066508 -0.755750 -9.750733
v 7.438336 -0.755750 -10.237992
v 6.780810 -0.755750 -10.684846
v 6.096522 -0.755750 -11.089533
v 5.388175 -0.755750 -11.450454
v 4.658563 -0.755750 -11.766185
v 3.910566 -0.755750 -12.035481
v 3.147135 -0.755750 -12.257278
v 2.371284 -0.755750 -12.430702
v 1.586075 -0.755750 -12.555067
v 0.794606 -0.755750 -12.629883
v 0.000001 -0.755750 -12.654855
v -0.794604 -0.755750 -12.629883
v -1.586073 -0.755750 -12.555067
v -2.371283 -0.755750 -12.430702
v -3.147134 -0.755750 -12.257279
v -3.910565 -0.755750 -12.035482
v -4.658563 -0.755750 -11.766187
v -5.388175 -0.755750 -11.450455
v -6.096523 -0.755750 -11.089534
v -6.780810 -0.755750 -10.684847
v -7.438337 -0.755750 -10.237992
v -8.066508 -0.755750 -9.750733
v -8.662846 -0.755750 -9.224992
v -9.224993 -0.755750 -8.662844
v -9.750734 -0.755750 -8.066508
v -10.237993 -0.755750 -7.438336
v -10.684848 -0.755750 -6.780810
v -11.089534 -0.755750 -6.096522
v -11.450455 -0.755750 -5.388175
v -11.766187 -0.755750 -4.658562
v -12.035482 -0.755750 -3.910564
v -12.257279 -0.755750 -3.147134
v -12.430703 -0.755750 -2.371283
v -12.555068 -0.755750 -1.586073
v -12.629885 -0.755750 -0.794604
v -12.654856 -0.755750 0.000001
v -12.629885 -0.755750 0.794606
v -12.555069 -0.755750 1.586075
v -12.430704 -0.755750 2.371285
v -12.257281 -0.755750 3.147136
v -12.035484 -0.755750 3.910567
v -11.766188 -0.755750 4.658565
v -11.450457 -0.755750 5.388177
v -11.089536 -0.755750 6.096525
v -10.684849 -0.755750 6.780813
v -10.237993 -0.755750 7.438340
v -9.750734 -0.755750 8.066511
v -9.224993 -0.755750 8.662848
v -8.662846 -0.755750 9.224996
v -8.066509 -0.755750 9.750737
v -7.438338 -0.755750 10.237996
v -6.780811 -0.755750 10.684851
v -6.096523 -0.755750 11.089537
v -5.388175 -0.755750 11.450458
v -4.658563 -0.755750 11.766190
v -3.910565 -0.755750 12.035485
v -3.147134 -0.755750 12.257282
v -2.371283 -0.755750 12.430706
v -1.586073 -0.755750 12.555071
v -0.794604 -0.755750 12.629888
v 0.000001 -0.755750 12.654859
v 0.794607 -0.755750 12.629888
v 1.586076 -0.755750 12.555072
v 2.371285 -0.755750 12.430707
v 3.147137 -0.755750 12.257284
v 3.910568 -0.755750 12.035487
v 4.658566 -0.755750 11.766191
v 5.388178 -0.755750 11.450459
v 6.096527 -0.755750 11.089538
v 6.780814 -0.755750 10.684851
v 7.438341 -0.755750 10.237995
v 8.066512 -0.755750 9.750736
v 8.662849 -0.755750 9.224995
v 9.224997 -0.755750 8.662847
v 9.750738 -0.755750 8.066511
v 10.237997 -0.755750 7.438340
v 10.684853 -0.755750 6.780813
v 11.089539 -0.755750 6.096525
v 11.450459 -0.755750 5.388177
v 11.766191 -0.755750 4.658565
v 12.035487 -0.755750 3.910567
v 12.257284 -0.755750 3.147136
v 12.430708 -0.755750 2.371284
v 12.555073 -0.755750 1.586075
v 12.629889 -0.755750 0.794605
v 12.654860 -0.755750 0.000000
v 12.118348 -0.989821 -0.762421
v 12.046563 -0.989821 -1.521834
v 11.927235 -0.989821 -2.275241
v 11.760836 -0.989821 -3.019668
v 11.548022 -0.989821 -3.752179
v 11.289633 -0.989821 -4.469881
v 10.986690 -0.989821 -5.169942
v 10.640387 -0.989821 -5.849601
v 10.252090 -0.989821 -6.506174
v 9.823334 -0.989821 -7.137069
v 9.355810 -0.989821 -7.739799
v 8.851362 -0.989821 -8.311982
v 8.311982 -0.989821 -8.851362
v 7.739799 -0.989821 -9.355810
v 7.137070 -0.989821 -9.823334
v 6.506174 -0.989821 -10.252090
v 5.849602 -0.989821 -10.640386
v 5.169944 -0.989821 -10.986689
v 4.469882 -0.989821 -11.289633
v 3.752180 -0.989821 -11.548021
v 3.019670 -0.989821 -11.760836
v 2.275243 -0.989821 -11.927235
v 1.521836 -0.989821 -12.046563
v 0.762423 -0.989821 -12.118349
v 0.000001 -0.989821 -12.142309
v -0.762421 -0.989821 -12.118349
v -1.521834 -0.989821 -12.046563
v -2.275241 -0.989821 -11.927236
v -3.019669 -0.989821 -11.760837
v -3.752180 -0.989821 -11.548023
v -4.469882 -0.989821 -11.289634
v -5.169944 -0.989821 -10.986690
v -5.849602 -0.989821 -10.640387
v -6.506175 -0.989821 -10.252090
v -7.137071 -0.989821 -9.823334
v -7.739800 -0.989821 -9.355810
v -8.311984 -0.989821 -8.851362
v -8.851363 -0.989821 -8.311982
v -9.355811 -0.989821 -7.739799
v -9.823336 -0.989821 -7.137070
v -10.252091 -0.989821 -6.506174
v -10.640387 -0.989821 -5.849602
v -10.986690 -0.989821 -5.169943
v -11.289634 -0.989821 -4.469881
v -11.548023 -0.989821 -3.752179
v -11.760837 -0.989821 -3.019669
v -11.927237 -0.989821 -2.275241
v -12.046564 -0.989821 -1.521834
v -12.118350 -0.989821 -0.762421
v -12.142310 -0.989821 0.000001
v -12.118350 -0.989821 0.762423
v -12.046565 -0.989821 1.521836
v -11.927238 -0.989821 2.275243
v -11.760839 -0.989821 3.019671
v -11.548024 -0.989821 3.752182
v -11.289636 -0.989821 4.469884
v -10.986691 -0.989821 5.169946
v -10.640388 -0.989821 5.849605
v -10.252092 -0.989821 6.506177
v -9.823336 -0.989821 7.137073
v -9.355811 -0.989821 7.739802
v -8.851363 -0.989821 8.311986
v -8.311984 -0.989821 8.851366
v -7.739800 -0.989821 9.355814
v -7.137071 -0.989821 9.823338
v -6.506176 -0.989821 10.252094
v -5.849603 -0.989821 10.640389
v -5.169944 -0.989821 10.986693
v -4.469882 -0.989821 11.289637
v -3.752180 -0.989821 11.548026
v -3.019669 -0.989821 11.760839
v -2.275241 -0.989821 11.927239
v -1.521834 -0.989821 12.046567
v -0.762421 -0.989821 12.118354
v 0.000001 -0.989821 12.142313
v 0.762423 -0.989821 12.118354
v 1.521837 -0.989821 12.046568
v 2.275244 -0.989821 11.927240
v 3.019672 -0.989821 11.760841
v 3.752183 -0.989821 11.548027
v 4.469885 -0.989821 11.289639
v 5.169947 -0.989821 10.986694
v 5.849606 -0.989821 10.640390
v 6.506178 -0.989821 10.252094
v 7.137074 -0.989821 9.823337
v 7.739804 -0.989821 9.355813
v 8.311988 -0.989821 8.851365
v 8.851367 -0.989821 8.311985
v 9.355815 -0.989821 7.739802
v 9.823339 -0.989821 7.137073
v 10.252095 -0.989821 6.506177
v 10.640391 -0.989821 5.849605
v 10.986694 -0.989821 5.169946
v 11.289639 -0.989821 4.469884
v 11.548027 -0.989821 3.752182
v 11.760841 -0.989821 3.019671
v 11.927241 -0.989821 2.275243
v 12.046569 -0.989821 1.521836
v 12.118355 -0.989821 0.762422
v 12.142315 -0.989821 0.000000
v 11.561720 -0.909632 -0.727401
v 11.493232 -0.909632 -1.451932
v 11.379385 -0.909632 -2.170733
v 11.220629 -0.909632 -2.880967
v 11.017590 -0.909632 -3.579831
v 10.771070 -0.909632 -4.264567
v 10.482040 -0.909632 -4.932473
v 10.151645 -0.909632 -5.580913
v 9.781184 -0.909632 -6.207327
v 9.372122 -0.909632 -6.809244
v 8.926072 -0.909632 -7.384288
v 8.444795 -0.909632 -7.930191
v 7.930191 -0.909632 -8.444795
v 7.384289 -0.909632 -8.926072
v 6.809245 -0.909632 -9.372122
v 6.207328 -0.909632 -9.781183
v 5.580914 -0.909632 -10.151644
v 4.932474 -0.909632 -10.482039
v 4.264568 -0.909632 -10.771069
v 3.579832 -0.909632 -11.017590
v 2.880969 -0.909632 -11.220628
v 2.170734 -0.909632 -11.379385
v 1.451934 -0.909632 -11.493232
v 0.727403 -0.909632 -11.561720
v 0.000001 -0.909632 -11.584579
v -0.727401 -0.909632 -11.561720
v -1.451932 -0.909632 -11.493232
v -2.170733 -0.909632 -11.379385
v -2.880967 -0.909632 -11.220630
v -3.579832 -0.909632 -11.017591
v -4.264568 -0.909632 -10.771070
v -4.932474 -0.909632 -10.482041
v -5.580914 -0.909632 -10.151645
v -6.207328 -0.909632 -9.781184
v -6.809246 -0.909632 -9.372122
v -7.384290 -0.909632 -8.926072
v -7.930192 -0.909632 -8.444795
v -8.444797 -0.909632 -7.930191
v -8.926073 -0.909632 -7.384289
v -9.372123 -0.909632 -6.809245
v -9.781184 -0.909632 -6.207328
v -10.151645 -0.909632 -5.580914
v -10.482041 -0.909632 -4.932474
v -10.771070 -0.909632 -4.264567
v -11.017591 -0.909632 -3.579831
v -11.220630 -0.909632 -2.880967
v -11.379386 -0.909632 -2.170733
v -11.493233 -0.909632 -1.451932
v -11.561722 -0.909632 -0.727401
v -11.584581 -0.909632 0.000001
v -11.561722 -0.909632 0.727403
v -11.493234 -0.909632 1.451934
v -11.379387 -0.909632 2.170735
v -11.220631 -0.909632 2.880969
v -11.017592 -0.909632 3.579834
v -10.771071 -0.909632 4.264570
v -10.482042 -0.909632 4.932477
v -10.151647 -0.909632 5.580916
v -9.781185 -0.909632 6.207331
v -9.372123 -0.909632 6.809247
v -8.926073 -0.909632 7.384292
v -8.444797 -0.909632 7.930194
v -7.930192 -0.909632 8.444798
v -7.384291 -0.909632 8.926076
v -6.809246 -0.909632 9.372125
v -6.207329 -0.909632 9.781187
v -5.580914 -0.909632 10.151648
v -4.932475 -0.909632 10.482044
v -4.264568 -0.909632 10.771073
v -3.579832 -0.909632 11.017593
v -2.880968 -0.909632 11.220633
v -2.170733 -0.909632 11.379389
v -1.451932 -0.909632 11.493236
v -0.727401 -0.909632 11.561725
v 0.000001 -0.909632 11.584584
v 0.727403 -0.909632 11.561725
v 1.451935 -0.909632 11.493237
v 2.170736 -0.909632 11.379390
v 2.880970 -0.909632 11.220634
v 3.579835 -0.909632 11.017595
v 4.264571 -0.909632 10.771074
v 4.932477 -0.909632 10.482045
v 5.580917 -0.909632 10.151649
v 6.207332 -0.909632 9.781187
v 6.809249 -0.909632 9.372125
v 7.384293 -0.909632 8.926075
v 7.930195 -0.909632 8.444798
v 8.444799 -0.909632 7.930193
v 8.926077 -0.909632 7.384292
v 9.372127 -0.909632 6.809247
v 9.781189 -0.909632 6.207331
v 10.151649 -0.909632 5.580916
v 10.482045 -0.909632 4.932477
v 10.771074 -0.909632 4.264570
v 11.017595 -0.909632 3.579834
v 11.220634 -0.909632 2.880969
v 11.379390 -0.909632 2.170735
v 11.493237 -0.909632 1.451934
v 11.561726 -0.909632 0.727402
v 11.584585 -0.909632 0.000000
v 11.136722 -0.540641 -0.700662
v 11.070751 -0.540641 -1.398560
v 10.961089 -0.540641 -2.090939
v 10.808169 -0.540641 -2.775065
v 10.612594 -0.540641 -3.448240
v 10.375135 -0.540641 -4.107806
v 10.096730 -0.540641 -4.751160
v 9.778480 -0.540641 -5.375763
v 9.421637 -0.540641 -5.979152
v 9.027611 -0.540641 -6.558943
v 8.597958 -0.540641 -7.112849
v 8.134372 -0.540641 -7.638684
v 7.638684 -0.540641 -8.134372
v 7.112850 -0.540641 -8.597958
v 6.558943 -0.540641 -9.027611
v 5.979152 -0.540641 -9.421637
v 5.375764 -0.540641 -9.778479
v 4.751161 -0.540641 -10.096730
v 4.107807 -0.540641 -10.375134
v 3.448241 -0.540641 -10.612593
v 2.775067 -0.540641 -10.808168
v 2.090940 -0.540641 -10.961089
v 1.398562 -0.540641 -11.070751
v 0.700664 -0.540641 -11.136723
v 0.000001 -0.540641 -11.158741
v -0.700662 -0.540641 -11.136723
v -1.398561 -0.540641 -11.070751
v -2.090939 -0.540641 -10.961090
v -2.775066 -0.540641 -10.808169
v -3.448241 -0.540641 -10.612595
v -4.107807 -0.540641 -10.375135
v -4.751161 -0.540641 -10.096731
v -5.375765 -0.540641 -9.778480
v -5.979153 -0.540641 -9.421637
v -6.558944 -0.540641 -9.027611
v -7.112850 -0.540641 -8.597958
v -7.638685 -0.540641 -8.134372
v -8.134374 -0.540641 -7.638684
v -8.597960 -0.540641 -7.112850
v -9.027613 -0.540641 -6.558943
v -9.421638 -0.540641 -5.979152
v -9.778480 -0.540641 -5.375764
v -10.096731 -0.540641 -4.751161
v -10.375135 -0.540641 -4.107806
v -10.612595 -0.540641 -3.448240
v -10.808169 -0.540641 -2.775065
v -10.961090 -0.540641 -2.090939
v -11.070752 -0.540641 -1.398560
v -11.136724 -0.540641 -0.700662
v -11.158743 -0.540641 0.000001
v -11.136724 -0.540641 0.700664
v -11.070753 -0.540641 1.398562
v -10.961091 -0.540641 2.090941
v -10.808171 -0.540641 2.775068
v -10.612596 -0.540641 3.448242
v -10.375137 -0.540641 4.107809
v -10.096733 -0.540641 4.751163
v -9.778481 -0.540641 5.375767
v -9.421638 -0.540641 5.979155
v -9.027613 -0.540641 6.558946
v -8.597960 -0.540641 7.112852
v -8.134374 -0.540641 7.638687
v -7.638685 -0.540641 8.134376
v -7.112851 -0.540641 8.597961
v -6.558945 -0.540641 9.027615
v -5.979154 -0.540641 9.421640
v -5.375765 -0.540641 9.778482
v -4.751162 -0.540641 10.096734
v -4.107807 -0.540641 10.375138
v -3.448241 -0.540641 10.612597
v -2.775066 -0.540641 10.808172
v -2.090939 -0.540641 10.961093
v -1.398561 -0.540641 11.070755
v -0.700662 -0.540641 11.136726
v 0.000001 -0.540641 11.158746
v 0.700665 -0.540641 11.136726
v 1.398563 -0.540641 11.070756
v 2.090942 -0.540641 10.961094
v 2.775069 -0.540641 10.808173
v 3.448243 -0.540641 10.612598
v 4.107810 -0.540641 10.375139
v 4.751164 -0.540641 10.096735
v 5.375768 -0.540641 9.778483
v 5.979156 -0.540641 9.421640
v 6.558948 -0.540641 9.027614
v 7.112854 -0.540641 8.597960
v 7.638689 -0.540641 8.134375
v 8.134377 -0.540641 7.638687
v 8.597962 -0.540641 7.112852
v 9.027616 -0.540641 6.558946
v 9.421641 -0.540641 5.979155
v 9.778484 -0.540641 5.375767
v 10.096735 -0.540641 4.751163
v 10.375139 -0.540641 4.107809
v 10.612598 -0.540641 3.448242
v 10.808173 -0.540641 2.775068
v 10.961095 -0.540641 2.090941
v 11.070756 -0.540641 1.398562
v 11.136727 -0.540641 0.700664
v 11.158747 -0.540641 0.000000
v 13.054835 0.281732 -1.655540
v 12.927476 0.281732 -2.459652
v 13.054835 -0.281733 -1.655540
v 12.927476 -0.281733 -2.459652
v 11.904295 0.281732 -5.608678
v 11.534686 0.281732 -6.334077
v 11.904295 -0.281733 -5.608678
v 11.534686 -0.281733 -6.334077
v 9.588481 0.281732 -9.012801
v 9.012801 0.281732 -9.588481
v 9.588481 -0.281733 -9.012801
v 9.012801 -0.281733 -9.588481
v 6.334078 0.281732 -11.534685
v 5.608680 0.281732 -11.904294
v 6.334078 -0.281733 -11.534685
v 5.608680 -0.281733 -11.904294
v 2.459654 0.281732 -12.927476
v 1.655542 0.281732 -13.054835
v 2.459654 -0.281733 -12.927476
v 1.655542 -0.281733 -13.054835
v -1.655541 0.281732 -13.054835
v -2.459652 0.281732 -12.927477
v -1.655541 -0.281733 -13.054835
v -2.459652 -0.281733 -12.927477
v -5.608680 0.281732 -11.904296
v -6.334079 0.281732 -11.534687
v -5.608680 -0.281733 -11.904296
v -6.334079 -0.281733 -11.534687
v -9.012803 0.281732 -9.588481
v -9.588483 0.281732 -9.012801
v -9.012803 -0.281733 -9.588481
v -9.588483 -0.281733 -9.012801
v -11.534687 0.281732 -6.334078
v -11.904296 0.281732 -5.608679
v -11.534687 -0.281733 -6.334078
v -11.904296 -0.281733 -5.608679
v -12.927478 0.281732 -2.459651
v -13.054836 0.281732 -1.655540
v -12.927478 -0.281733 -2.459651
v -13.054836 -0.281733 -1.655540
v -13.054837 0.281732 1.655542
v -12.927479 0.281732 2.459654
v -13.054837 -0.281733 1.655542
v -12.927479 -0.281733 2.459654
v -11.904298 0.281732 5.608682
v -11.534688 0.281732 6.334081
v -11.904298 -0.281733 5.608682
v -11.534688 -0.281733 6.334081
v -9.588481 0.281732 9.012805
v -9.012801 0.281732 9.588485
v -9.588481 -0.281733 9.012805
v -9.012801 -0.281733 9.588485
v -6.334079 0.281732 11.534690
v -5.608679 0.281732 11.904299
v -6.334079 -0.281733 11.534690
v -5.608679 -0.281733 11.904299
v -2.459652 0.281732 12.927481
v -1.655540 0.281732 13.054839
v -2.459652 -0.281733 12.927481
v -1.655540 -0.281733 13.054839
v 1.655543 0.281732 13.054840
v 2.459655 0.281732 12.927482
v 1.655543 -0.281733 13.054840
v 2.459655 -0.281733 12.927482
v 5.608683 0.281732 11.904301
v 6.334083 0.281732 11.534691
v 5.608683 -0.281733 11.904301
v 6.334083 -0.281733 11.534691
v 9.012805 0.281732 9.588484
v 9.588485 0.281732 9.012804
v 9.012805 -0.281733 9.588484
v 9.588485 -0.281733 9.012804
v 11.534691 0.281732 6.334081
v 11.904301 0.281732 5.608682
v 11.534691 -0.281733 6.334081
v 11.904301 -0.281733 5.608682
v 12.927483 0.281732 2.459653
v 13.054841 0.281732 1.655542
v 12.927483 -0.281733 2.459653
v 13.054841 -0.281733 1.655542
v 10.978109 -0.587306 -0.690683
v 10.913078 -0.587306 -1.378642
v 10.819675 -0.046665 -0.680715
v 10.755583 -0.046665 -1.358745
v 10.804977 -0.587306 -2.061159
v 10.649042 -0.046665 -2.031413
v 10.654236 -0.587306 -2.735542
v 10.500476 -0.046665 -2.696063
v 10.461446 -0.587306 -3.399129
v 10.310469 -0.046665 -3.350073
v 10.227369 -0.587306 -4.049301
v 10.079770 -0.046665 -3.990862
v 9.952929 -0.587306 -4.683492
v 9.809292 -0.046665 -4.615901
v 9.639212 -0.587306 -5.299200
v 9.500101 -0.046665 -5.222723
v 9.287451 -0.587306 -5.893995
v 9.153417 -0.046665 -5.808934
v 8.899036 -0.587305 -6.465528
v 8.770608 -0.046665 -6.372220
v 8.475502 -0.587305 -7.011545
v 8.353186 -0.046665 -6.910357
v 8.018518 -0.587306 -7.529891
v 7.902799 -0.046665 -7.421222
v 7.529891 -0.587306 -8.018518
v 7.421222 -0.046665 -7.902799
v 7.011546 -0.587306 -8.475502
v 6.910357 -0.046665 -8.353186
v 6.465529 -0.587306 -8.899036
v 6.372220 -0.046665 -8.770608
v 5.893995 -0.587306 -9.287451
v 5.808935 -0.046665 -9.153416
v 5.299201 -0.587306 -9.639211
v 5.222724 -0.046665 -9.500100
v 4.683494 -0.587306 -9.952929
v 4.615902 -0.046665 -9.809291
v 4.049302 -0.587306 -10.227368
v 3.990864 -0.046665 -10.079769
v 3.399130 -0.587306 -10.461445
v 3.350075 -0.046665 -10.310469
v 2.735543 -0.587306 -10.654235
v 2.696064 -0.046665 -10.500476
v 2.061160 -0.587306 -10.804977
v 2.031414 -0.046665 -10.649042
v 1.378643 -0.587306 -10.913078
v 1.358747 -0.046665 -10.755583
v 0.690685 -0.587306 -10.978110
v 0.680717 -0.046665 -10.819676
v 0.000001 -0.587306 -10.999815
v 0.000001 -0.046665 -10.841068
v -0.690684 -0.587306 -10.978110
v -0.680716 -0.046665 -10.819676
v -1.378642 -0.587306 -10.913078
v -1.358745 -0.046665 -10.755584
v -2.061159 -0.587306 -10.804978
v -2.031413 -0.046665 -10.649043
v -2.735542 -0.587306 -10.654236
v -2.696063 -0.046665 -10.500477
v -3.399130 -0.587306 -10.461447
v -3.350074 -0.046665 -10.310470
v -4.049302 -0.587306 -10.227369
v -3.990863 -0.046665 -10.079771
v -4.683494 -0.587306 -9.952930
v -4.615902 -0.046665 -9.809292
v -5.299201 -0.587306 -9.639212
v -5.222725 -0.046665 -9.500101
v -5.893995 -0.587306 -9.287451
v -5.808935 -0.046665 -9.153417
v -6.465529 -0.587306 -8.899036
v -6.372221 -0.046665 -8.770608
v -7.011547 -0.587306 -8.475502
v -6.910358 -0.046665 -8.353186
v -7.529892 -0.587306 -8.018518
v -7.421223 -0.046665 -7.902799
v -8.018520 -0.587306 -7.529891
v -7.902800 -0.046665 -7.421222
v -8.475505 -0.587306 -7.011546
v -8.353189 -0.046665 -6.910357
v -8.899038 -0.587306 -6.465529
v -8.770609 -0.046665 -6.372220
v -9.287452 -0.587306 -5.893995
v -9.153418 -0.046665 -5.808935
v -9.639212 -0.587306 -5.299201
v -9.500101 -0.046665 -5.222724
v -9.952930 -0.587306 -4.683493
v -9.809292 -0.046665 -4.615902
v -10.227369 -0.587306 -4.049301
v -10.079771 -0.046665 -3.990863
v -10.461447 -0.587306 -3.399129
v -10.310470 -0.046665 -3.350074
v -10.654236 -0.587306 -2.735542
v -10.500477 -0.046665 -2.696063
v -10.804978 -0.587306 -2.061159
v -10.649044 -0.046665 -2.031413
v -10.913079 -0.587305 -1.378641
v -10.755585 -0.046665 -1.358745
v -10.978111 -0.587306 -0.690683
v -10.819678 -0.046665 -0.680715
v -10.999817 -0.587306 0.000001
v -10.841070 -0.046665 0.000001
v -10.978111 -0.587306 0.690685
v -10.819678 -0.046665 0.680717
v -10.913080 -0.587306 1.378644
v -10.755585 -0.046665 1.358747
v -10.804979 -0.587306 2.061161
v -10.649045 -0.046665 2.031415
v -10.654238 -0.587306 2.735544
v -10.500478 -0.046665 2.696066
v -10.461448 -0.587306 3.399131
v -10.310471 -0.046665 3.350076
v -10.227371 -0.587306 4.049304
v -10.079772 -0.046665 3.990865
v -9.952932 -0.587306 4.683496
v -9.809294 -0.046665 4.615905
v -9.639214 -0.587306 5.299203
v -9.500103 -0.046665 5.222727
v -9.287453 -0.587306 5.893998
v -9.153419 -0.046665 5.808937
v -8.899038 -0.587306 6.465532
v -8.770609 -0.046665 6.372223
v -8.475504 -0.587306 7.011549
v -8.353188 -0.046665 6.910360
v -8.018521 -0.587306 7.529894
v -7.902800 -0.046665 7.421225
v -7.529892 -0.587306 8.018522
v -7.421223 -0.046665 7.902802
v -7.011547 -0.587306 8.475506
v -6.910358 -0.046665 8.353189
v -6.465530 -0.587306 8.899040
v -6.372221 -0.046665 8.770612
v -5.893996 -0.587306 9.287455
v -5.808936 -0.046665 9.153420
v -5.299202 -0.587306 9.639215
v -5.222725 -0.046665 9.500104
v -4.683494 -0.587306 9.952933
v -4.615903 -0.046665 9.809295
v -4.049302 -0.587306 10.227372
v -3.990863 -0.046665 10.079773
v -3.399130 -0.587306 10.461450
v -3.350074 -0.046665 10.310472
v -2.735543 -0.587306 10.654239
v -2.696064 -0.046665 10.500480
v -2.061160 -0.587306 10.804981
v -2.031414 -0.046665 10.649047
v -1.378642 -0.587306 10.913082
v -1.358745 -0.046665 10.755587
v -0.690683 -0.587306 10.978114
v -0.680715 -0.046665 10.819680
v 0.000001 -0.587306 10.999820
v 0.000001 -0.046665 10.841073
v 0.690686 -0.587306 10.978114
v 0.680718 -0.046665 10.819680
v 1.378644 -0.587306 10.913083
v 1.358748 -0.046665 10.755588
v 2.061162 -0.587306 10.804982
v 2.031416 -0.046665 10.649047
v 2.735545 -0.587306 10.654240
v 2.696066 -0.046665 10.500481
v 3.399132 -0.587306 10.461451
v 3.350077 -0.046665 10.310473
v 4.049305 -0.587306 10.227373
v 3.990866 -0.046665 10.079775
v 4.683496 -0.587306 9.952934
v 4.615906 -0.046665 9.809297
v 5.299205 -0.587306 9.639215
v 5.222728 -0.046665 9.500105
v 5.893999 -0.587306 9.287455
v 5.808938 -0.046665 9.153420
v 6.465533 -0.587306 8.899039
v 6.372223 -0.046665 8.770611
v 7.011550 -0.587306 8.475505
v 6.910361 -0.046665 8.353189
v 7.529896 -0.587306 8.018522
v 7.421226 -0.046665 7.902802
v 8.018524 -0.587306 7.529894
v 7.902803 -0.046665 7.421224
v 8.475508 -0.587306 7.011549
v 8.353191 -0.046665 6.910360
v 8.899041 -0.587306 6.465532
v 8.770613 -0.046665 6.372223
v 9.287456 -0.587306 5.893998
v 9.153421 -0.046665 5.808937
v 9.639216 -0.587306 5.299203
v 9.500105 -0.046665 5.222727
v 9.952934 -0.587306 4.683496
v 9.809297 -0.046665 4.615905
v 10.227373 -0.587306 4.049304
v 10.079775 -0.046665 3.990865
v 10.461451 -0.587306 3.399132
v 10.310473 -0.046665 3.350076
v 10.654240 -0.587306 2.735544
v 10.500481 -0.046665 2.696065
v 10.804983 -0.587306 2.061161
v 10.649048 -0.046665 2.031415
v 10.913083 -0.587305 1.378643
v 10.755589 -0.046665 1.358747
v 10.978115 -0.587306 0.690684
v 10.819682 -0.046665 0.680717
v 10.999821 -0.587306 0.000001
v 10.841074 -0.046665 0.000001
vt 0.000000 1.000000
vt 0.010000 1.000000
vt 0.020000 1.000000
vt 0.030000 1.000000
vt 0.040000 1.000000
vt 0.050000 1.000000
vt 0.060000 1.000000
vt 0.070000 1.000000
vt 0.080000 1.000000
vt 0.090000 1.000000
vt 0.100000 1.000000
vt 0.110000 1.000000
vt 0.120000 1.000000
vt 0.130000 1.000000
vt 0.140000 1.000000
vt 0.150000 1.000000
vt 0.160000 1.000000
vt 0.170000 1.000000
vt 0.180000 1.000000
vt 0.190000 1.000000
vt 0.200000 1.000000
vt 0.210000 1.000000
vt 0.220000 1.000000
vt 0.230000 1.000000
vt 0.240000 1.000000
vt 0.250000 1.000000
vt 0.260000 1.000000
vt 0.270000 1.000000
vt 0.280000 1.000000
vt 0.290000 1.000000
vt 0.300000 1.000000
vt 0.310000 1.000000
vt 0.320000 1.000000
vt 0.330000 1.000000
vt 0.340000 1.000000
vt 0.350000 1.000000
vt 0.360000 1.000000
vt 0.370000 1.000000
vt 0.380000 1.000000
vt 0.390000 1.000000
vt 0.400000 1.000000
vt 0.410000 1.000000
vt 0.420000 1.000000
vt 0.430000 1.000000
vt 0.440000 1.000000
vt 0.450000 1.000000
vt 0.460000 1.000000
vt 0.470000 1.000000
vt 0.480000 1.000000
vt 0.490000 1.000000
vt 0.500000 1.000000
vt 0.510000 1.000000
vt 0.520000 1.000000
vt 0.530000 1.000000
vt 0.540000 1.000000
vt 0.550000 1.000000
vt 0.560000 1.000000
vt 0.570000 1.000000
vt 0.580000 1.000000
vt 0.590000 1.000000
vt 0.600000 1.000000
vt 0.610000 1.000000
vt 0.620000 1.000000
vt 0.630000 1.000000
vt 0.640000 1.000000
vt 0.650000 1.000000
vt 0.660000 1.000000
vt 0.670000 1.000000
vt 0.680000 1.000000
vt 0.690000 1.000000
vt 0.700000 1.000000
vt 0.710000 1.000000
vt 0.720000 1.000000
vt 0.730000 1.000000
vt 0.740000 1.000000
vt 0.750000 1.000000
vt 0.760000 1.000000
vt 0.770000 1.000000
vt 0.780000 1.000000
vt 0.790000 1.000000
vt 0.800000 1.000000
vt 0.810000 1.000000
vt 0.820000 1.000000
vt 0.830000 1.000000
vt 0.839999 1.000000
vt 0.849999 1.000000
vt 0.859999 1.000000
vt 0.869999 1.000000
vt 0.879999 1.000000
vt 0.889999 1.000000
vt 0.899999 1.000000
vt 0.909999 1.000000
vt 0.919999 1.000000
vt 0.929999 1.000000
vt 0.939999 1.000000
vt 0.949999 1.000000
vt 0.959999 1.000000
vt 0.969999 1.000000
vt 0.979999 1.000000
vt 0.989999 1.000000
vt 0.999999 1.000000
vt 0.000000 0.909091
vt 0.010000 0.909091
vt 0.020000 0.909091
vt 0.030000 0.909091
vt 0.040000 0.909091
vt 0.050000 0.909091
vt 0.060000 0.909091
vt 0.070000 0.909091
vt 0.080000 0.909091
vt 0.090000 0.909091
vt 0.100000 0.909091
vt 0.110000 0.909091
vt 0.120000 0.909091
vt 0.130000 0.909091
vt 0.140000 0.909091
vt 0.150000 0.909091
vt 0.160000 0.909091
vt 0.170000 0.909091
vt 0.180000 0.909091
vt 0.190000 0.909091
vt 0.200000 0.909091
vt 0.210000 0.909091
vt 0.220000 0.909091
vt 0.230000 0.909091
vt 0.240000 0.909091
vt 0.250000 0.909091
vt 0.260000 0.909091
vt 0.270000 0.909091
vt 0.280000 0.909091
vt 0.290000 0.909091
vt 0.300000 0.909091
vt 0.310000 0.909091
vt 0.320000 0.909091
vt 0.330000 0.909091
vt 0.340000 0.909091
vt 0.350000 0.909091
vt 0.360000 0.909091
vt 0.370000 0.909091
vt 0.380000 0.909091
vt 0.390000 0.909091
vt 0.400000 0.909091
vt 0.410000 0.909091
vt 0.420000 0.909091
vt 0.430000 0.909091
vt 0.440000 0.909091
vt 0.450000 0.909091
vt 0.460000 0.909091
vt 0.470000 0.909091
vt 0.480000 0.909091
vt 0.490000 0.909091
vt 0.500000 0.909091
vt 0.510000 0.909091
vt 0.520000 0.909091
vt 0.530000 0.909091
vt 0.540000 0.909091
vt 0.550000 0.909091
vt 0.560000 0.909091
vt 0.570000 0.909091
vt 0.580000 0.909091
vt 0.590000 0.909091
vt 0.600000 0.909091
vt 0.610000 0.909091
vt 0.620000 0.909091
vt 0.630000 0.909091
vt 0.640000 0.909091
vt 0.650000 0.909091
vt 0.660000 0.909091
vt 0.670000 0.909091
vt 0.680000 0.909091
vt 0.690000 0.909091
vt 0.700000 0.909091
vt 0.710000 0.909091
vt 0.720000 0.909091
vt 0.730000 0.909091
vt 0.740000 0.909091
vt 0.750000 0.909091
vt 0.760000 0.909091
vt 0.770000 0.909091
vt 0.780000 0.909091
vt 0.790000 0.909091
vt 0.800000 0.909091
vt 0.810000 0.909091
vt 0.820000 0.909091
vt 0.830000 0.909091
vt 0.839999 0.909091
vt 0.849999 0.909091
vt 0.859999 0.909091
vt 0.869999 0.909091
vt 0.879999 0.909091
vt 0.889999 0.909091
vt 0.899999 0.909091
vt 0.909999 0.909091
vt 0.919999 0.909091
vt 0.929999 0.909091
vt 0.939999 0.909091
vt 0.949999 0.909091
vt 0.959999 0.909091
vt 0.969999 0.909091
vt 0.979999 0.909091
vt 0.989999 0.909091
vt 0.999999 0.909091
vt 0.000000 0.818182
vt 0.010000 0.818182
vt 0.020000 0.818182
vt 0.030000 0.818182
vt 0.040000 0.818182
vt 0.050000 0.818182
vt 0.060000 0.818182
vt 0.070000 0.818182
vt 0.080000 0.818182
vt 0.090000 0.818182
vt 0.100000 0.818182
vt 0.110000 0.818182
vt 0.120000 0.818182
vt 0.130000 0.818182
vt 0.140000 0.818182
vt 0.150000 0.818182
vt 0.160000 0.818182
vt 0.170000 0.818182
vt 0.180000 0.818182
vt 0.190000 0.818182
vt 0.200000 0.818182
vt 0.210000 0.818182
vt 0.220000 0.818182
vt 0.230000 0.818182
vt 0.240000 0.818182
vt 0.250000 0.818182
vt 0.260000 0.818182
vt 0.270000 0.818182
vt 0.280000 0.818182
vt 0.290000 0.818182
vt 0.300000 0.818182
vt 0.310000 0.818182
vt 0.320000 0.818182
vt 0.330000 0.818182
vt 0.340000 0.818182
vt 0.350000 0.818182
vt 0.360000 0.818182
vt 0.370000 0.818182
vt 0.380000 0.818182
vt 0.390000 0.818182
vt 0.400000 0.818182
vt 0.410000 0.818182
vt 0.420000 0.818182
vt 0.430000 0.818182
vt 0.440000 0.818182
vt 0.450000 0.818182
vt 0.460000 0.818182
vt 0.470000 0.818182
vt 0.480000 0.818182
vt 0.490000 0.818182
vt 0.500000 0.818182
vt 0.510000 0.818182
vt 0.520000 0.818182
vt 0.530000 0.818182
vt 0.540000 0.818182
vt 0.550000 0.818182
vt 0.560000 0.818182
vt 0.570000 0.818182
vt 0.580000 0.818182
vt 0.590000 0.818182
vt 0.600000 0.818182
vt 0.610000 0.818182
vt 0.620000 0.818182
vt 0.630000 0.818182
vt 0.640000 0.818182
vt 0.650000 0.818182
vt 0.660000 0.818182
vt 0.670000 0.818182
vt 0.680000 0.818182
vt 0.690000 0.818182
vt 0.700000 0.818182
vt 0.710000 0.818182
vt 0.720000 0.818182
vt 0.730000 0.818182
vt 0.740000 0.818182
vt 0.750000 0.818182
vt 0.760000 0.818182
vt 0.770000 0.818182
vt 0.780000 0.818182
vt 0.790000 0.818182
vt 0.800000 0.818182
vt 0.810000 0.818182
vt 0.820000 0.818182
vt 0.830000 0.818182
vt 0.839999 0.818182
vt 0.849999 0.818182
vt 0.859999 0.818182
vt 0.869999 0.818182
vt 0.879999 0.818182
vt 0.889999 0.818182
vt 0.899999 0.818182
vt 0.909999 0.818182
vt 0.919999 0.818182
vt 0.929999 0.818182
vt 0.939999 0.818182
vt 0.949999 0.818182
vt 0.959999 0.818182
vt 0.969999 0.818182
vt 0.979999 0.818182
vt 0.989999 0.818182
vt 0.999999 0.818182
vt 0.000000 0.727273
vt 0.010000 0.727273
vt 0.020000 0.727273
vt 0.030000 0.727273
vt 0.040000 0.727273
vt 0.050000 0.727273
vt 0.060000 0.727273
vt 0.070000 0.727273
vt 0.080000 0.727273
vt 0.090000 0.727273
vt 0.100000 0.727273
vt 0.110000 0.727273
vt 0.120000 0.727273
vt 0.130000 0.727273
vt 0.140000 0.727273
vt 0.150000 0.727273
vt 0.160000 0.727273
vt 0.170000 0.727273
vt 0.180000 0.727273
vt 0.190000 0.727273
vt 0.200000 0.727273
vt 0.210000 0.727273
vt 0.220000 0.727273
vt 0.230000 0.727273
vt 0.240000 0.727273
vt 0.250000 0.727273
vt 0.260000 0.727273
vt 0.270000 0.727273
vt 0.280000 0.727273
vt 0.290000 0.727273
vt 0.300000 0.727273
vt 0.310000 0.727273
vt 0.320000 0.727273
vt 0.330000 0.727273
vt 0.340000 0.727273
vt 0.350000 0.727273
vt 0.360000 0.727273
vt 0.370000 0.727273
vt 0.380000 0.727273
vt 0.390000 0.727273
vt 0.400000 0.727273
vt 0.410000 0.727273
vt 0.420000 0.727273
vt 0.430000 0.727273
vt 0.440000 0.727273
vt 0.450000 0.727273
vt 0.460000 0.727273
vt 0.470000 0.727273
vt 0.480000 0.727273
vt 0.490000 0.727273
vt 0.500000 0.727273
vt 0.510000 0.727273
vt 0.520000 0.727273
vt 0.530000 0.727273
vt 0.540000 0.727273
vt 0.550000 0.727273
vt 0.560000 0.727273
vt 0.570000 0.727273
vt 0.580000 0.727273
vt 0.590000 0.727273
vt 0.600000 0.727273
vt 0.610000 0.727273
vt 0.620000 0.727273
vt 0.630000 0.727273
vt 0.640000 0.727273
vt 0.650000 0.727273
vt 0.660000 0.727273
vt 0.670000 0.727273
vt 0.680000 0.727273
vt 0.690000 0.727273
vt 0.700000 0.727273
vt 0.710000 0.727273
vt 0.720000 0.727273
vt 0.730000 0.727273
vt 0.740000 0.727273
vt 0.750000 0.727273
vt 0.760000 0.727273
vt 0.770000 0.727273
vt 0.780000 0.727273
vt 0.790000 0.727273
vt 0.800000 0.727273
vt 0.810000 0.727273
vt 0.820000 0.727273
vt 0.830000 0.727273
vt 0.839999 0.727273
vt 0.849999 0.727273
vt 0.859999 0.727273
vt 0.869999 0.727273
vt 0.879999 0.727273
vt 0.889999 0.727273
vt 0.899999 0.727273
vt 0.909999 0.727273
vt 0.919999 0.727273
vt 0.929999 0.727273
vt 0.939999 0.727273
vt 0.949999 0.727273
vt 0.959999 0.727273
vt 0.969999 0.727273
vt 0.979999 0.727273
vt 0.989999 0.727273
vt 0.999999 0.727273
vt 0.000000 0.636364
vt 0.010000 0.636364
vt 0.020000 0.636364
vt 0.030000 0.636364
vt 0.040000 0.636364
vt 0.050000 0.636364
vt 0.060000 0.636364
vt 0.070000 0.636364
vt 0.080000 0.636364
vt 0.090000 0.636364
vt 0.100000 0.636364
vt 0.110000 0.636364
vt 0.120000 0.636364
vt 0.130000 0.636364
vt 0.140000 0.636364
vt 0.150000 0.636364
vt 0.160000 0.636364
vt 0.170000 0.636364
vt 0.180000 0.636364
vt 0.190000 0.636364
vt 0.200000 0.636364
vt 0.210000 0.636364
vt 0.220000 0.636364
vt 0.230000 0.636364
vt 0.240000 0.636364
vt 0.250000 0.636364
vt 0.260000 0.636364
vt 0.270000 0.636364
vt 0.280000 0.636364
vt 0.290000 0.636364
vt 0.300000 0.636364
vt 0.310000 0.636364
vt 0.320000 0.636364
vt 0.330000 0.636364
vt 0.340000 0.636364
vt 0.350000 0.636364
vt 0.360000 0.636364
vt 0.370000 0.636364
vt 0.380000 0.636364
vt 0.390000 0.636364
vt 0.400000 0.636364
vt 0.410000 0.636364
vt 0.420000 0.636364
vt 0.430000 0.636364
vt 0.440000 0.636364
vt 0.450000 0.636364
vt 0.460000 0.636364
vt 0.470000 0.636364
vt 0.480000 0.636364
vt 0.490000 0.636364
vt 0.500000 0.636364
vt 0.510000 0.636364
vt 0.520000 0.636364
vt 0.530000 0.636364
vt 0.540000 0.636364
vt 0.550000 0.636364
vt 0.560000 0.636364
vt 0.570000 0.636364
vt 0.580000 0.636364
vt 0.590000 0.636364
vt 0.600000 0.636364
vt 0.610000 0.636364
vt 0.620000 0.636364
vt 0.630000 0.636364
vt 0.640000 0.636364
vt 0.650000 0.636364
vt 0.660000 0.636364
vt 0.670000 0.636364
vt 0.680000 0.636364
vt 0.690000 0.636364
vt 0.700000 0.636364
vt 0.710000 0.636364
vt 0.720000 0.636364
vt 0.730000 0.636364
vt 0.740000 0.636364
vt 0.750000 0.636364
vt 0.760000 0.636364
vt 0.770000 0.636364
vt 0.780000 0.636364
vt 0.790000 0.636364
vt 0.800000 0.636364
vt 0.810000 0.636364
vt 0.820000 0.636364
vt 0.830000 0.636364
vt 0.839999 0.636364
vt 0.849999 0.636364
vt 0.859999 0.636364
vt 0.869999 0.636364
vt 0.879999 0.636364
vt 0.889999 0.636364
vt 0.899999 0.636364
vt 0.909999 0.636364
vt 0.919999 0.636364
vt 0.929999 0.636364
vt 0.939999 0.636364
vt 0.949999 0.636364
vt 0.959999 0.636364
vt 0.969999 0.636364
vt 0.979999 0.636364
vt 0.989999 0.636364
vt 0.999999 0.636364
vt 0.000000 0.545454
vt 0.010000 0.545454
vt 0.020000 0.545454
vt 0.030000 0.545454
vt 0.040000 0.545454
vt 0.050000 0.545454
vt 0.060000 0.545454
vt 0.070000 0.545454
vt 0.080000 0.545454
vt 0.090000 0.545454
vt 0.100000 0.545454
vt 0.110000 0.545454
vt 0.120000 0.545454
vt 0.130000 0.545454
vt 0.140000 0.545454
vt 0.150000 0.545454
vt 0.160000 0.545454
vt 0.170000 0.545454
vt 0.180000 0.545454
vt 0.190000 0.545454
vt 0.200000 0.545454
vt 0.210000 0.545454
vt 0.220000 0.545454
vt 0.230000 0.545454
vt 0.240000 0.545454
vt 0.250000 0.545454
vt 0.260000 0.545454
vt 0.270000 0.545454
vt 0.280000 0.545454
vt 0.290000 0.545454
vt 0.300000 0.545454
vt 0.310000 0.545454
vt 0.320000 0.545454
vt 0.330000 0.545454
vt 0.340000 0.545454
vt 0.350000 0.545454
vt 0.360000 0.545454
vt 0.370000 0.545454
vt 0.380000 0.545454
vt 0.390000 0.545454
vt 0.400000 0.545454
vt 0.410000 0.545454
vt 0.420000 0.545454
vt 0.430000 0.545454
vt 0.440000 0.545454
vt 0.450000 0.545454
vt 0.460000 0.545454
vt 0.470000 0.545454
vt 0.480000 0.545454
vt 0.490000 0.545454
vt 0.500000 0.545454
vt 0.510000 0.545454
vt 0.520000 0.545454
vt 0.530000 0.545454
vt 0.540000 0.545454
vt 0.550000 0.545454
vt 0.560000 0.545454
vt 0.570000 0.545454
vt 0.580000 0.545454
vt 0.590000 0.545454
vt 0.600000 0.545454
vt 0.610000 0.545454
vt 0.620000 0.545454
vt 0.630000 0.545454
vt 0.640000 0.545454
vt 0.650000 0.545454
vt 0.660000 0.545454
vt 0.670000 0.545454
vt 0.680000 0.545454
vt 0.690000 0.545454
vt 0.700000 0.545454
vt 0.710000 0.545454
vt 0.720000 0.545454
vt 0.730000 0.545454
vt 0.740000 0.545454
vt 0.750000 0.545454
vt 0.760000 0.545454
vt 0.770000 0.545454
vt 0.780000 0.545454
vt 0.790000 0.545454
vt 0.800000 0.545454
vt 0.810000 0.545454
vt 0.820000 0.545454
vt 0.830000 0.545454
vt 0.839999 0.545454
vt 0.849999 0.545454
vt 0.859999 0.545454
vt 0.869999 0.545454
vt 0.879999 0.545454
vt 0.889999 0.545454
vt 0.899999 0.545454
vt 0.909999 0.545454
vt 0.919999 0.545454
vt 0.929999 0.545454
vt 0.939999 0.545454
vt 0.949999 0.545454
vt 0.959999 0.545454
vt 0.969999 0.545454
vt 0.979999 0.545454
vt 0.989999 0.545454
vt 0.999999 0.545454
vt 0.000000 0.454545
vt 0.010000 0.454545
vt 0.020000 0.454545
vt 0.030000 0.454545
vt 0.040000 0.454545
vt 0.050000 0.454545
vt 0.060000 0.454545
vt 0.070000 0.454545
vt 0.080000 0.454545
vt 0.090000 0.454545
vt 0.100000 0.454545
vt 0.110000 0.454545
vt 0.120000 0.454545
vt 0.130000 0.454545
vt 0.140000 0.454545
vt 0.150000 0.454545
vt 0.160000 0.454545
vt 0.170000 0.454545
vt 0.180000 0.454545
vt 0.190000 0.454545
vt 0.200000 0.454545
vt 0.210000 0.454545
vt 0.220000 0.454545
vt 0.230000 0.454545
vt 0.240000 0.454545
vt 0.250000 0.454545
vt 0.260000 0.454545
vt 0.270000 0.454545
vt 0.280000 0.454545
vt 0.290000 0.454545
vt 0.300000 0.454545
vt 0.310000 0.454545
vt 0.320000 0.454545
vt 0.330000 0.454545
vt 0.340000 0.454545
vt 0.350000 0.454545
vt 0.360000 0.454545
vt 0.370000 0.454545
vt 0.380000 0.454545
vt 0.390000 0.454545
vt 0.400000 0.454545
vt 0.410000 0.454545
vt 0.420000 0.454545
vt 0.430000 0.454545
vt 0.440000 0.454545
vt 0.450000 0.454545
vt 0.460000 0.454545
vt 0.470000 0.454545
vt 0.480000 0.454545
vt 0.490000 0.454545
vt 0.500000 0.454545
vt 0.510000 0.454545
vt 0.520000 0.454545
vt 0.530000 0.454545
vt 0.540000 0.454545
vt 0.550000 0.454545
vt 0.560000 0.454545
vt 0.570000 0.454545
vt 0.580000 0.454545
vt 0.590000 0.454545
vt 0.600000 0.454545
vt 0.610000 0.454545
vt 0.620000 0.454545
vt 0.630000 0.454545
vt 0.640000 0.454545
vt 0.650000 0.454545
vt 0.660000 0.454545
vt 0.670000 0.454545
vt 0.680000 0.454545
vt 0.690000 0.454545
vt 0.700000 0.454545
vt 0.710000 0.454545
vt 0.720000 0.454545
vt 0.730000 0.454545
vt 0.740000 0.454545
vt 0.750000 0.454545
vt 0.760000 0.454545
vt 0.770000 0.454545
vt 0.780000 0.454545
vt 0.790000 0.454545
vt 0.800000 0.454545
vt 0.810000 0.454545
vt 0.820000 0.454545
vt 0.830000 0.454545
vt 0.839999 0.454545
vt 0.849999 0.454545
vt 0.859999 0.454545
vt 0.869999 0.454545
vt 0.879999 0.454545
vt 0.889999 0.454545
vt 0.899999 0.454545
vt 0.909999 0.454545
vt 0.919999 0.454545
vt 0.929999 0.454545
vt 0.939999 0.454545
vt 0.949999 0.454545
vt 0.959999 0.454545
vt 0.969999 0.454545
vt 0.979999 0.454545
vt 0.989999 0.454545
vt 0.999999 0.454545
vt 0.000000 0.363636
vt 0.010000 0.363636
vt 0.020000 0.363636
vt 0.030000 0.363636
vt 0.040000 0.363636
vt 0.050000 0.363636
vt 0.060000 0.363636
vt 0.070000 0.363636
vt 0.080000 0.363636
vt 0.090000 0.363636
vt 0.100000 0.363636
vt 0.110000 0.363636
vt 0.120000 0.363636
vt 0.130000 0.363636
vt 0.140000 0.363636
vt 0.150000 0.363636
vt 0.160000 0.363636
vt 0.170000 0.363636
vt 0.180000 0.363636
vt 0.190000 0.363636
vt 0.200000 0.363636
vt 0.210000 0.363636
vt 0.220000 0.363636
vt 0.230000 0.363636
vt 0.240000 0.363636
vt 0.250000 0.363636
vt 0.260000 0.363636
vt 0.270000 0.363636
vt 0.280000 0.363636
vt 0.290000 0.363636
vt 0.300000 0.363636
vt 0.310000 0.363636
vt 0.320000 0.363636
vt 0.330000 0.363636
vt 0.340000 0.363636
vt 0.350000 0.363636
vt 0.360000 0.363636
vt 0.370000 0.363636
vt 0.380000 0.363636
vt 0.390000 0.363636
vt 0.400000 0.363636
vt 0.410000 0.363636
vt 0.420000 0.363636
vt 0.430000 0.363636
vt 0.440000 0.363636
vt 0.450000 0.363636
vt 0.460000 0.363636
vt 0.470000 0.363636
vt 0.480000 0.363636
vt 0.490000 0.363636
vt 0.500000 0.363636
vt 0.510000 0.363636
vt 0.520000 0.363636
vt 0.530000 0.363636
vt 0.540000 0.363636
vt 0.550000 0.363636
vt 0.560000 0.363636
vt 0.570000 0.363636
vt 0.580000 0.363636
vt 0.590000 0.363636
vt 0.600000 0.363636
vt 0.610000 0.363636
vt 0.620000 0.363636
vt 0.630000 0.363636
vt 0.640000 0.363636
vt 0.650000 0.363636
vt 0.660000 0.363636
vt 0.670000 0.363636
vt 0.680000 0.363636
vt 0.690000 0.363636
vt 0.700000 0.363636
vt 0.710000 0.363636
vt 0.720000 0.363636
vt 0.730000 0.363636
vt 0.740000 0.363636
vt 0.750000 0.363636
vt 0.760000 0.363636
vt 0.770000 0.363636
vt 0.780000 0.363636
vt 0.790000 0.363636
vt 0.800000 0.363636
vt 0.810000 0.363636
vt 0.820000 0.363636
vt 0.830000 0.363636
vt 0.839999 0.363636
vt 0.849999 0.363636
vt 0.859999 0.363636
vt 0.869999 0.363636
vt 0.879999 0.363636
vt 0.889999 0.363636
vt 0.899999 0.363636
vt 0.909999 0.363636
vt 0.919999 0.363636
vt 0.929999 0.363636
vt 0.939999 0.363636
vt 0.949999 0.363636
vt 0.959999 0.363636
vt 0.969999 0.363636
vt 0.979999 0.363636
vt 0.989999 0.363636
vt 0.999999 0.363636
vt 0.000000 0.272727
vt 0.010000 0.272727
vt 0.020000 0.272727
vt 0.030000 0.272727
vt 0.040000 0.272727
vt 0.050000 0.272727
vt 0.060000 0.272727
vt 0.070000 0.272727
vt 0.080000 0.272727
vt 0.090000 0.272727
vt 0.100000 0.272727
vt 0.110000 0.272727
vt 0.120000 0.272727
vt 0.130000 0.272727
vt 0.140000 0.272727
vt 0.150000 0.272727
vt 0.160000 0.272727
vt 0.170000 0.272727
vt 0.180000 0.272727
vt 0.190000 0.272727
vt 0.200000 0.272727
vt 0.210000 0.272727
vt 0.220000 0.272727
vt 0.230000 0.272727
vt 0.240000 0.272727
vt 0.250000 0.272727
vt 0.260000 0.272727
vt 0.270000 0.272727
vt 0.280000 0.272727
vt 0.290000 0.272727
vt 0.300000 0.272727
vt 0.310000 0.272727
vt 0.320000 0.272727
vt 0.330000 0.272727
vt 0.340000 0.272727
vt 0.350000 0.272727
vt 0.360000 0.272727
vt 0.370000 0.272727
vt 0.380000 0.272727
vt 0.390000 0.272727
vt 0.400000 0.272727
vt 0.410000 0.272727
vt 0.420000 0.272727
vt 0.430000 0.272727
vt 0.440000 0.272727
vt 0.450000 0.272727
vt 0.460000 0.272727
vt 0.470000 0.272727
vt 0.480000 0.272727
vt 0.490000 0.272727
vt 0.500000 0.272727
vt 0.510000 0.272727
vt 0.520000 0.272727
vt 0.530000 0.272727
vt 0.540000 0.272727
vt 0.550000 0.272727
vt 0.560000 0.272727
vt 0.570000 0.272727
vt 0.580000 0.272727
vt 0.590000 0.272727
vt 0.600000 0.272727
vt 0.610000 0.272727
vt 0.620000 0.272727
vt 0.630000 0.272727
vt 0.640000 0.272727
vt 0.650000 0.272727
vt 0.660000 0.272727
vt 0.670000 0.272727
vt 0.680000 0.272727
vt 0.690000 0.272727
vt 0.700000 0.272727
vt 0.710000 0.272727
vt 0.720000 0.272727
vt 0.730000 0.272727
vt 0.740000 0.272727
vt 0.750000 0.272727
vt 0.760000 0.272727
vt 0.770000 0.272727
vt 0.780000 0.272727
vt 0.790000 0.272727
vt 0.800000 0.272727
vt 0.810000 0.272727
vt 0.820000 0.272727
vt 0.830000 0.272727
vt 0.839999 0.272727
vt 0.849999 0.272727
vt 0.859999 0.272727
vt 0.869999 0.272727
vt 0.879999 0.272727
vt 0.889999 0.272727
vt 0.899999 0.272727
vt 0.909999 0.272727
vt 0.919999 0.272727
vt 0.929999 0.272727
vt 0.939999 0.272727
vt 0.949999 0.272727
vt 0.959999 0.272727
vt 0.969999 0.272727
vt 0.979999 0.272727
vt 0.989999 0.272727
vt 0.999999 0.272727
vt 0.000000 0.181818
vt 0.010000 0.181818
vt 0.020000 0.181818
vt 0.030000 0.181818
vt 0.040000 0.181818
vt 0.050000 0.181818
vt 0.060000 0.181818
vt 0.070000 0.181818
vt 0.080000 0.181818
vt 0.090000 0.181818
vt 0.100000 0.181818
vt 0.110000 0.181818
vt 0.120000 0.181818
vt 0.130000 0.181818
vt 0.140000 0.181818
vt 0.150000 0.181818
vt 0.160000 0.181818
vt 0.170000 0.181818
vt 0.180000 0.181818
vt 0.190000 0.181818
vt 0.200000 0.181818
vt 0.210000 0.181818
vt 0.220000 0.181818
vt 0.230000 0.181818
vt 0.240000 0.181818
vt 0.250000 0.181818
vt 0.260000 0.181818
vt 0.270000 0.181818
vt 0.280000 0.181818
vt 0.290000 0.181818
vt 0.300000 0.181818
vt 0.310000 0.181818
vt 0.320000 0.181818
vt 0.330000 0.181818
vt 0.340000 0.181818
vt 0.350000 0.181818
vt 0.360000 0.181818
vt 0.370000 0.181818
vt 0.380000 0.181818
vt 0.390000 0.181818
vt 0.400000 0.181818
vt 0.410000 0.181818
vt 0.420000 0.181818
vt 0.430000 0.181818
vt 0.440000 0.181818
vt 0.450000 0.181818
vt 0.460000 0.181818
vt 0.470000 0.181818
vt 0.480000 0.181818
vt 0.490000 0.181818
vt 0.500000 0.181818
vt 0.510000 0.181818
vt 0.520000 0.181818
vt 0.530000 0.181818
vt 0.540000 0.181818
vt 0.550000 0.181818
vt 0.560000 0.181818
vt 0.570000 0.181818
vt 0.580000 0.181818
vt 0.590000 0.181818
vt 0.600000 0.181818
vt 0.610000 0.181818
vt 0.620000 0.181818
vt 0.630000 0.181818
vt 0.640000 0.181818
vt 0.650000 0.181818
vt 0.660000 0.181818
vt 0.670000 0.181818
vt 0.680000 0.181818
vt 0.690000 0.181818
vt 0.700000 0.181818
vt 0.710000 0.181818
vt 0.720000 0.181818
vt 0.730000 0.181818
vt 0.740000 0.181818
vt 0.750000 0.181818
vt 0.760000 0.181818
vt 0.770000 0.181818
vt 0.780000 0.181818
vt 0.790000 0.181818
vt 0.800000 0.181818
vt 0.810000 0.181818
vt 0.820000 0.181818
vt 0.830000 0.181818
vt 0.839999 0.181818
vt 0.849999 0.181818
vt 0.859999 0.181818
vt 0.869999 0.181818
vt 0.879999 0.181818
vt 0.889999 0.181818
vt 0.899999 0.181818
vt 0.909999 0.181818
vt 0.919999 0.181818
vt 0.929999 0.181818
vt 0.939999 0.181818
vt 0.949999 0.181818
vt 0.959999 0.181818
vt 0.969999 0.181818
vt 0.979999 0.181818
vt 0.989999 0.181818
vt 0.999999 0.181818
vt 0.000000 0.090909
vt 0.010000 0.090909
vt 0.020000 0.090909
vt 0.030000 0.090909
vt 0.040000 0.090909
vt 0.050000 0.090909
vt 0.060000 0.090909
vt 0.070000 0.090909
vt 0.080000 0.090909
vt 0.090000 0.090909
vt 0.100000 0.090909
vt 0.110000 0.090909
vt 0.120000 0.090909
vt 0.130000 0.090909
vt 0.140000 0.090909
vt 0.150000 0.090909
vt 0.160000 0.090909
vt 0.170000 0.090909
vt 0.180000 0.090909
vt 0.190000 0.090909
vt 0.200000 0.090909
vt 0.210000 0.090909
vt 0.220000 0.090909
vt 0.230000 0.090909
vt 0.240000 0.090909
vt 0.250000 0.090909
vt 0.260000 0.090909
vt 0.270000 0.090909
vt 0.280000 0.090909
vt 0.290000 0.090909
vt 0.300000 0.090909
vt 0.310000 0.090909
vt 0.320000 0.090909
vt 0.330000 0.090909
vt 0.340000 0.090909
vt 0.350000 0.090909
vt 0.360000 0.090909
vt 0.370000 0.090909
vt 0.380000 0.090909
vt 0.390000 0.090909
vt 0.400000 0.090909
vt 0.410000 0.090909
vt 0.420000 0.090909
vt 0.430000 0.090909
vt 0.440000 0.090909
vt 0.450000 0.090909
vt 0.460000 0.090909
vt 0.470000 0.090909
vt 0.480000 0.090909
vt 0.490000 0.090909
vt 0.500000 0.090909
vt 0.510000 0.090909
vt 0.520000 0.090909
vt 0.530000 0.090909
vt 0.540000 0.090909
vt 0.550000 0.090909
vt 0.560000 0.090909
vt 0.570000 0.090909
vt 0.580000 0.090909
vt 0.590000 0.090909
vt 0.600000 0.090909
vt 0.610000 0.090909
vt 0.620000 0.090909
vt 0.630000 0.090909
vt 0.640000 0.090909
vt 0.650000 0.090909
vt 0.660000 0.090909
vt 0.670000 0.090909
vt 0.680000 0.090909
vt 0.690000 0.090909
vt 0.700000 0.090909
vt 0.710000 0.090909
vt 0.720000 0.090909
vt 0.730000 0.090909
vt 0.740000 0.090909
vt 0.750000 0.090909
vt 0.760000 0.090909
vt 0.770000 0.090909
vt 0.780000 0.090909
vt 0.790000 0.090909
vt 0.800000 0.090909
vt 0.810000 0.090909
vt 0.820000 0.090909
vt 0.830000 0.090909
vt 0.839999 0.090909
vt 0.849999 0.090909
vt 0.859999 0.090909
vt 0.869999 0.090909
vt 0.879999 0.090909
vt 0.889999 0.090909
vt 0.899999 0.090909
vt 0.909999 0.090909
vt 0.919999 0.090909
vt 0.929999 0.090909
vt 0.939999 0.090909
vt 0.949999 0.090909
vt 0.959999 0.090909
vt 0.969999 0.090909
vt 0.979999 0.090909
vt 0.989999 0.090909
vt 0.999999 0.090909
vt 0.000000 -0.000000
vt 0.010000 -0.000000
vt 0.020000 -0.000000
vt 0.030000 -0.000000
vt 0.040000 -0.000000
vt 0.050000 -0.000000
vt 0.060000 -0.000000
vt 0.070000 -0.000000
vt 0.080000 -0.000000
vt 0.090000 -0.000000
vt 0.100000 -0.000000
vt 0.110000 -0.000000
vt 0.120000 -0.000000
vt 0.130000 -0.000000
vt 0.140000 -0.000000
vt 0.150000 -0.000000
vt 0.160000 -0.000000
vt 0.170000 -0.000000
vt 0.180000 -0.000000
vt 0.190000 -0.000000
vt 0.200000 -0.000000
vt 0.210000 -0.000000
vt 0.220000 -0.000000
vt 0.230000 -0.000000
vt 0.240000 -0.000000
vt 0.250000 -0.000000
vt 0.260000 -0.000000
vt 0.270000 -0.000000
vt 0.280000 -0.000000
vt 0.290000 -0.000000
vt 0.300000 -0.000000
vt 0.310000 -0.000000
vt 0.320000 -0.000000
vt 0.330000 -0.000000
vt 0.340000 -0.000000
vt 0.350000 -0.000000
vt 0.360000 -0.000000
vt 0.370000 -0.000000
vt 0.380000 -0.000000
vt 0.390000 -0.000000
vt 0.400000 -0.000000
vt 0.410000 -0.000000
vt 0.420000 -0.000000
vt 0.430000 -0.000000
vt 0.440000 -0.000000
vt 0.450000 -0.000000
vt 0.460000 -0.000000
vt 0.470000 -0.000000
vt 0.480000 -0.000000
vt 0.490000 -0.000000
vt 0.500000 -0.000000
vt 0.510000 -0.000000
vt 0.520000 -0.000000
vt 0.530000 -0.000000
vt 0.540000 -0.000000
vt 0.550000 -0.000000
vt 0.560000 -0.000000
vt 0.570000 -0.000000
vt 0.580000 -0.000000
vt 0.590000 -0.000000
vt 0.600000 -0.000000
vt 0.610000 -0.000000
vt 0.620000 -0.000000
vt 0.630000 -0.000000
vt 0.640000 -0.000000
vt 0.650000 -0.000000
vt 0.660000 -0.000000
vt 0.670000 -0.000000
vt 0.680000 -0.000000
vt 0.690000 -0.000000
vt 0.700000 -0.000000
vt 0.710000 -0.000000
vt 0.720000 -0.000000
vt 0.730000 -0.000000
vt 0.740000 -0.000000
vt 0.750000 -0.000000
vt 0.760000 -0.000000
vt 0.770000 -0.000000
vt 0.780000 -0.000000
vt 0.790000 -0.000000
vt 0.800000 -0.000000
vt 0.810000 -0.000000
vt 0.820000 -0.000000
vt 0.830000 -0.000000
vt 0.839999 -0.000000
vt 0.849999 -0.000000
vt 0.859999 -0.000000
vt 0.869999 -0.000000
vt 0.879999 -0.000000
vt 0.889999 -0.000000
vt 0.899999 -0.000000
vt 0.909999 -0.000000
vt 0.919999 -0.000000
vt 0.929999 -0.000000
vt 0.939999 -0.000000
vt 0.949999 -0.000000
vt 0.959999 -0.000000
vt 0.969999 -0.000000
vt 0.979999 -0.000000
vt 0.989999 -0.000000
vt 0.999999 -0.000000
vt 0.020000 0.545454
vt 0.010000 0.545454
vt 0.010000 0.454545
vt 0.020000 0.454545
vt 0.070000 0.545454
vt 0.060000 0.545454
vt 0.060000 0.454545
vt 0.070000 0.454545
vt 0.120000 0.545454
vt 0.110000 0.545454
vt 0.110000 0.454545
vt 0.120000 0.454545
vt 0.170000 0.545454
vt 0.160000 0.545454
vt 0.160000 0.454545
vt 0.170000 0.454545
vt 0.220000 0.545454
vt 0.210000 0.545454
vt 0.210000 0.454545
vt 0.220000 0.454545
vt 0.270000 0.545454
vt 0.260000 0.545454
vt 0.260000 0.454545
vt 0.270000 0.454545
vt 0.320000 0.545454
vt 0.310000 0.545454
vt 0.310000 0.454545
vt 0.320000 0.454545
vt 0.370000 0.545454
vt 0.360000 0.545454
vt 0.360000 0.454545
vt 0.370000 0.454545
vt 0.420000 0.545454
vt 0.410000 0.545454
vt 0.410000 0.454545
vt 0.420000 0.454545
vt 0.470000 0.545454
vt 0.460000 0.545454
vt 0.460000 0.454545
vt 0.470000 0.454545
vt 0.520000 0.545454
vt 0.510000 0.545454
vt 0.510000 0.454545
vt 0.520000 0.454545
vt 0.570000 0.545454
vt 0.560000 0.545454
vt 0.560000 0.454545
vt 0.570000 0.454545
vt 0.620000 0.545454
vt 0.610000 0.545454
vt 0.610000 0.454545
vt 0.620000 0.454545
vt 0.670000 0.545454
vt 0.660000 0.545454
vt 0.660000 0.454545
vt 0.670000 0.454545
vt 0.720000 0.545454
vt 0.710000 0.545454
vt 0.710000 0.454545
vt 0.720000 0.454545
vt 0.770000 0.545454
vt 0.760000 0.545454
vt 0.760000 0.454545
vt 0.770000 0.454545
vt 0.820000 0.545454
vt 0.810000 0.545454
vt 0.810000 0.454545
vt 0.820000 0.454545
vt 0.869999 0.545454
vt 0.859999 0.545454
vt 0.859999 0.454545
vt 0.869999 0.454545
vt 0.919999 0.545454
vt 0.909999 0.545454
vt 0.909999 0.454545
vt 0.919999 0.454545
vt 0.969999 0.545454
vt 0.959999 0.545454
vt 0.959999 0.454545
vt 0.969999 0.454545
vt 0.010000 0.090909
vt 0.000000 0.090909
vt 0.000000 -0.000000
vt 0.010000 -0.000000
vt 0.020000 0.090909
vt 0.020000 -0.000000
vt 0.030000 0.090909
vt 0.030000 -0.000000
vt 0.040000 0.090909
vt 0.040000 -0.000000
vt 0.050000 0.090909
vt 0.050000 -0.000000
vt 0.060000 0.090909
vt 0.060000 -0.000000
vt 0.070000 0.090909
vt 0.070000 -0.000000
vt 0.080000 0.090909
vt 0.080000 -0.000000
vt 0.090000 0.090909
vt 0.090000 -0.000000
vt 0.100000 0.090909
vt 0.100000 -0.000000
vt 0.110000 0.090909
vt 0.110000 -0.000000
vt 0.120000 0.090909
vt 0.120000 -0.000000
vt 0.130000 0.090909
vt 0.130000 -0.000000
vt 0.140000 0.090909
vt 0.140000 -0.000000
vt 0.150000 0.090909
vt 0.150000 -0.000000
vt 0.160000 0.090909
vt 0.160000 -0.000000
vt 0.170000 0.090909
vt 0.170000 -0.000000
vt 0.180000 0.090909
vt 0.180000 -0.000000
vt 0.190000 0.090909
vt 0.190000 -0.000000
vt 0.200000 0.090909
vt 0.200000 -0.000000
vt 0.210000 0.090909
vt 0.210000 -0.000000
vt 0.220000 0.090909
vt 0.220000 -0.000000
vt 0.230000 0.090909
vt 0.230000 -0.000000
vt 0.240000 0.090909
vt 0.240000 -0.000000
vt 0.250000 0.090909
vt 0.250000 -0.000000
vt 0.260000 0.090909
vt 0.260000 -0.000000
vt 0.270000 0.090909
vt 0.270000 -0.000000
vt 0.280000 0.090909
vt 0.280000 -0.000000
vt 0.290000 0.090909
vt 0.290000 -0.000000
vt 0.300000 0.090909
vt 0.300000 -0.000000
vt 0.310000 0.090909
vt 0.310000 -0.000000
vt 0.320000 0.090909
vt 0.320000 -0.000000
vt 0.330000 0.090909
vt 0.330000 -0.000000
vt 0.340000 0.090909
vt 0.340000 -0.000000
vt 0.350000 0.090909
vt 0.350000 -0.000000
vt 0.360000 0.090909
vt 0.360000 -0.000000
vt 0.370000 0.090909
vt 0.370000 -0.000000
vt 0.380000 0.090909
vt 0.380000 -0.000000
vt 0.390000 0.090909
vt 0.390000 -0.000000
vt 0.400000 0.090909
vt 0.400000 -0.000000
vt 0.410000 0.090909
vt 0.410000 -0.000000
vt 0.420000 0.090909
vt 0.420000 -0.000000
vt 0.430000 0.090909
vt 0.430000 -0.000000
vt 0.440000 0.090909
vt 0.440000 -0.000000
vt 0.450000 0.090909
vt 0.450000 -0.000000
vt 0.460000 0.090909
vt 0.460000 -0.000000
vt 0.470000 0.090909
vt 0.470000 -0.000000
vt 0.480000 0.090909
vt 0.480000 -0.000000
vt 0.490000 0.090909
vt 0.490000 -0.000000
vt 0.500000 0.090909
vt 0.500000 -0.000000
vt 0.510000 0.090909
vt 0.510000 -0.000000
vt 0.520000 0.090909
vt 0.520000 -0.000000
vt 0.530000 0.090909
vt 0.530000 -0.000000
vt 0.540000 0.090909
vt 0.540000 -0.000000
vt 0.550000 0.090909
vt 0.550000 -0.000000
vt 0.560000 0.090909
vt 0.560000 -0.000000
vt 0.570000 0.090909
vt 0.570000 -0.000000
vt 0.580000 0.090909
vt 0.580000 -0.000000
vt 0.590000 0.090909
vt 0.590000 -0.000000
vt 0.600000 0.090909
vt 0.600000 -0.000000
vt 0.610000 0.090909
vt 0.610000 -0.000000
vt 0.620000 0.090909
vt 0.620000 -0.000000
vt 0.630000 0.090909
vt 0.630000 -0.000000
vt 0.640000 0.090909
vt 0.640000 -0.000000
vt 0.650000 0.090909
vt 0.650000 -0.000000
vt 0.660000 0.090909
vt 0.660000 -0.000000
vt 0.670000 0.090909
vt 0.670000 -0.000000
vt 0.680000 0.090909
vt 0.680000 -0.000000
vt 0.690000 0.090909
vt 0.690000 -0.000000
vt 0.700000 0.090909
vt 0.700000 -0.000000
vt 0.710000 0.090909
vt 0.710000 -0.000000
vt 0.720000 0.090909
vt 0.720000 -0.000000
vt 0.730000 0.090909
vt 0.730000 -0.000000
vt 0.740000 0.090909
vt 0.740000 -0.000000
vt 0.750000 0.090909
vt 0.750000 -0.000000
vt 0.760000 0.090909
vt 0.760000 -0.000000
vt 0.770000 0.090909
vt 0.770000 -0.000000
vt 0.780000 0.090909
vt 0.780000 -0.000000
vt 0.790000 0.090909
vt 0.790000 -0.000000
vt 0.800000 0.090909
vt 0.800000 -0.000000
vt 0.810000 0.090909
vt 0.810000 -0.000000
vt 0.820000 0.090909
vt 0.820000 -0.000000
vt 0.830000 0.090909
vt 0.830000 -0.000000
vt 0.839999 0.090909
vt 0.839999 -0.000000
vt 0.849999 0.090909
vt 0.849999 -0.000000
vt 0.859999 0.090909
vt 0.859999 -0.000000
vt 0.869999 0.090909
vt 0.869999 -0.000000
vt 0.879999 0.090909
vt 0.879999 -0.000000
vt 0.889999 0.090909
vt 0.889999 -0.000000
vt 0.899999 0.090909
vt 0.899999 -0.000000
vt 0.909999 0.090909
vt 0.909999 -0.000000
vt 0.919999 0.090909
vt 0.919999 -0.000000
vt 0.929999 0.090909
vt 0.929999 -0.000000
vt 0.939999 0.090909
vt 0.939999 -0.000000
vt 0.949999 0.090909
vt 0.949999 -0.000000
vt 0.959999 0.090909
vt 0.959999 -0.000000
vt 0.969999 0.090909
vt 0.969999 -0.000000
vt 0.979999 0.090909
vt 0.979999 -0.000000
vt 0.989999 0.090909
vt 0.989999 -0.000000
vt 0.999999 0.090909
vt 0.999999 -0.000000
vn -0.951927 0.281734 0.120256
vn -0.957599 0.281733 0.060251
vn -0.957599 0.281733 0.060251
vn -0.951927 0.281734 0.120256
vn -0.942498 0.281733 0.179791
vn -0.942498 0.281733 0.179791
vn -0.929349 0.281733 0.238616
vn -0.929349 0.281733 0.238616
vn -0.912532 0.281734 0.296500
vn -0.912532 0.281734 0.296500
vn -0.892114 0.281734 0.353213
vn -0.892114 0.281734 0.353213
vn -0.868175 0.281732 0.408532
vn -0.868175 0.281732 0.408532
vn -0.840810 0.281732 0.462239
vn -0.840810 0.281732 0.462239
vn -0.810127 0.281732 0.514122
vn -0.810127 0.281732 0.514122
vn -0.776247 0.281732 0.563976
vn -0.776246 0.281732 0.563976
vn -0.739303 0.281732 0.611604
vn -0.739303 0.281732 0.611604
vn -0.699440 0.281732 0.656818
vn -0.699440 0.281732 0.656818
vn -0.656818 0.281732 0.699441
vn -0.656818 0.281732 0.699441
vn -0.611603 0.281732 0.739302
vn -0.611604 0.281732 0.739302
vn -0.563975 0.281733 0.776246
vn -0.563975 0.281733 0.776246
vn -0.514122 0.281733 0.810126
vn -0.514122 0.281733 0.810126
vn -0.462239 0.281733 0.840810
vn -0.462239 0.281733 0.840810
vn -0.408532 0.281733 0.868175
vn -0.408532 0.281733 0.868175
vn -0.353213 0.281733 0.892114
vn -0.353213 0.281733 0.892114
vn -0.296500 0.281732 0.912532
vn -0.296501 0.281732 0.912532
vn -0.238616 0.281732 0.929349
vn -0.238616 0.281732 0.929349
vn -0.179791 0.281733 0.942498
vn -0.179791 0.281733 0.942498
vn -0.120257 0.281734 0.951927
vn -0.120257 0.281734 0.951927
vn -0.060248 0.281734 0.957599
vn -0.060248 0.281734 0.957599
vn 0.000000 0.281733 0.959493
vn 0.000000 0.281733 0.959493
vn 0.060246 0.281733 0.957600
vn 0.060246 0.281733 0.957600
vn 0.120256 0.281733 0.951927
vn 0.120256 0.281733 0.951927
vn 0.179791 0.281733 0.942498
vn 0.179791 0.281733 0.942498
vn 0.238616 0.281733 0.929349
vn 0.238616 0.281733 0.929349
vn 0.296500 0.281733 0.912532
vn 0.296500 0.281733 0.912532
vn 0.353214 0.281733 0.892114
vn 0.353214 0.281733 0.892114
vn 0.408532 0.281733 0.868175
vn 0.408532 0.281733 0.868175
vn 0.462239 0.281733 0.840810
vn 0.462239 0.281733 0.840810
vn 0.514123 0.281733 0.810126
vn 0.514123 0.281733 0.810126
vn 0.563976 0.281733 0.776246
vn 0.563976 0.281733 0.776246
vn 0.611603 0.281732 0.739303
vn 0.611603 0.281732 0.739303
vn 0.656818 0.281732 0.699441
vn 0.656818 0.281732 0.699441
vn 0.699440 0.281733 0.656818
vn 0.699440 0.281733 0.656818
vn 0.739302 0.281733 0.611604
vn 0.739302 0.281733 0.611604
vn 0.776247 0.281732 0.563975
vn 0.776247 0.281732 0.563975
vn 0.810127 0.281733 0.514121
vn 0.810127 0.281733 0.514122
vn 0.840810 0.281733 0.462239
vn 0.840810 0.281733 0.462239
vn 0.868175 0.281733 0.408532
vn 0.868175 0.281733 0.408532
vn 0.892114 0.281732 0.353213
vn 0.892114 0.281732 0.353213
vn 0.912532 0.281733 0.296500
vn 0.912532 0.281733 0.296500
vn 0.929348 0.281734 0.238616
vn 0.929348 0.281734 0.238616
vn 0.942498 0.281732 0.179791
vn 0.942498 0.281732 0.179791
vn 0.951927 0.281731 0.120257
vn 0.951927 0.281731 0.120257
vn 0.957600 0.281732 0.060247
vn 0.957600 0.281732 0.060247
vn 0.959493 0.281732 0.000000
vn 0.959493 0.281732 0.000000
vn 0.957600 0.281733 -0.060247
vn 0.957599 0.281733 -0.060247
vn 0.951927 0.281734 -0.120256
vn 0.951927 0.281734 -0.120256
vn 0.942498 0.281733 -0.179791
vn 0.942498 0.281733 -0.179791
vn 0.929349 0.281733 -0.238616
vn 0.929349 0.281733 -0.238616
vn 0.912532 0.281734 -0.296500
vn 0.912532 0.281734 -0.296499
vn 0.892114 0.281734 -0.353213
vn 0.892114 0.281734 -0.353213
vn 0.868175 0.281734 -0.408532
vn 0.868175 0.281734 -0.408532
vn 0.840810 0.281733 -0.462239
vn 0.840810 0.281733 -0.462239
vn 0.810126 0.281733 -0.514122
vn 0.810126 0.281733 -0.514122
vn 0.776246 0.281734 -0.563976
vn 0.776246 0.281734 -0.563976
vn 0.739302 0.281733 -0.611604
vn 0.739302 0.281733 -0.611604
vn 0.699440 0.281733 -0.656818
vn 0.699440 0.281733 -0.656818
vn 0.656819 0.281733 -0.699440
vn 0.656819 0.281733 -0.699440
vn 0.611604 0.281732 -0.739302
vn 0.611604 0.281732 -0.739302
vn 0.563976 0.281732 -0.776246
vn 0.563976 0.281732 -0.776246
vn 0.514122 0.281733 -0.810127
vn 0.514122 0.281733 -0.810127
vn 0.462238 0.281733 -0.840811
vn 0.462238 0.281733 -0.840811
vn 0.408532 0.281733 -0.868175
vn 0.408532 0.281733 -0.868175
vn 0.353214 0.281733 -0.892113
vn 0.353214 0.281733 -0.892114
vn 0.296500 0.281733 -0.912532
vn 0.296500 0.281733 -0.912532
vn 0.238616 0.281732 -0.929349
vn 0.238616 0.281732 -0.929349
vn 0.179791 0.281733 -0.942498
vn 0.179791 0.281733 -0.942498
vn 0.120257 0.281733 -0.951927
vn 0.120257 0.281733 -0.951927
vn 0.060248 0.281734 -0.957599
vn 0.060248 0.281734 -0.957599
vn 0.000000 0.281733 -0.959493
vn -0.000000 0.281733 -0.959493
vn -0.060247 0.281734 -0.957599
vn -0.060247 0.281734 -0.957599
vn -0.120256 0.281734 -0.951927
vn -0.120256 0.281734 -0.951927
vn -0.179791 0.281733 -0.942498
vn -0.179791 0.281733 -0.942497
vn -0.238616 0.281733 -0.929349
vn -0.238616 0.281733 -0.929349
vn -0.296500 0.281732 -0.912532
vn -0.296500 0.281732 -0.912532
vn -0.353213 0.281732 -0.892114
vn -0.353213 0.281732 -0.892114
vn -0.408532 0.281732 -0.868175
vn -0.408532 0.281732 -0.868175
vn -0.462239 0.281733 -0.840810
vn -0.462239 0.281733 -0.840810
vn -0.514122 0.281733 -0.810126
vn -0.514122 0.281733 -0.810127
vn -0.563976 0.281733 -0.776246
vn -0.563976 0.281733 -0.776246
vn -0.611604 0.281733 -0.739302
vn -0.611604 0.281733 -0.739302
vn -0.656818 0.281733 -0.699440
vn -0.656818 0.281733 -0.699440
vn -0.699440 0.281733 -0.656818
vn -0.699440 0.281733 -0.656818
vn -0.739302 0.281733 -0.611604
vn -0.739302 0.281733 -0.611604
vn -0.776246 0.281733 -0.563976
vn -0.776246 0.281733 -0.563976
vn -0.810127 0.281734 -0.514122
vn -0.810127 0.281734 -0.514122
vn -0.840810 0.281734 -0.462239
vn -0.840810 0.281734 -0.462239
vn -0.868175 0.281732 -0.408532
vn -0.868175 0.281732 -0.408532
vn -0.892114 0.281732 -0.353213
vn -0.892114 0.281732 -0.353213
vn -0.912532 0.281732 -0.296500
vn -0.912532 0.281732 -0.296500
vn -0.929349 0.281733 -0.238616
vn -0.929349 0.281733 -0.238616
vn -0.942498 0.281732 -0.179791
vn -0.942498 0.281732 -0.179791
vn -0.951927 0.281732 -0.120256
vn -0.951927 0.281732 -0.120256
vn -0.957600 0.281733 -0.060247
vn -0.957599 0.281733 -0.060247
vn -0.959493 0.281733 0.000004
vn -0.959493 0.281733 0.000004
vn -0.649698 0.755749 0.082076
vn -0.653569 0.755749 0.041122
vn -0.653569 0.755749 0.041122
vn -0.649698 0.755749 0.082076
vn -0.643262 0.755749 0.122709
vn -0.643262 0.755749 0.122709
vn -0.634288 0.755749 0.162857
vn -0.634288 0.755749 0.162857
vn -0.622810 0.755749 0.202364
vn -0.622810 0.755749 0.202364
vn -0.608875 0.755749 0.241071
vn -0.608875 0.755749 0.241071
vn -0.592536 0.755750 0.278826
vn -0.592536 0.755750 0.278826
vn -0.573859 0.755750 0.315481
vn -0.573858 0.755750 0.315481
vn -0.552917 0.755750 0.350892
vn -0.552917 0.755750 0.350892
vn -0.529794 0.755750 0.384917
vn -0.529794 0.755750 0.384917
vn -0.504579 0.755750 0.417423
vn -0.504579 0.755750 0.417423
vn -0.477373 0.755749 0.448283
vn -0.477373 0.755749 0.448283
vn -0.448283 0.755750 0.477373
vn -0.448283 0.755750 0.477373
vn -0.417424 0.755750 0.504579
vn -0.417424 0.755750 0.504579
vn -0.384917 0.755749 0.529794
vn -0.384917 0.755749 0.529794
vn -0.350892 0.755749 0.552918
vn -0.350892 0.755749 0.552918
vn -0.315482 0.755749 0.573859
vn -0.315482 0.755749 0.573859
vn -0.278826 0.755749 0.592536
vn -0.278826 0.755749 0.592536
vn -0.241071 0.755749 0.608874
vn -0.241071 0.755749 0.608874
vn -0.202364 0.755749 0.622810
vn -0.202364 0.755749 0.622810
vn -0.162857 0.755749 0.634287
vn -0.162857 0.755749 0.634287
vn -0.122709 0.755750 0.643261
vn -0.122709 0.755750 0.643261
vn -0.082076 0.755750 0.649697
vn -0.082076 0.755749 0.649697
vn -0.041119 0.755749 0.653569
vn -0.041119 0.755749 0.653569
vn 0.000000 0.755749 0.654861
vn 0.000000 0.755749 0.654861
vn 0.041119 0.755749 0.653569
vn 0.041119 0.755749 0.653569
vn 0.082076 0.755749 0.649697
vn 0.082076 0.755749 0.649697
vn 0.122708 0.755749 0.643262
vn 0.122708 0.755749 0.643262
vn 0.162857 0.755749 0.634287
vn 0.162857 0.755749 0.634287
vn 0.202363 0.755749 0.622810
vn 0.202363 0.755749 0.622810
vn 0.241070 0.755750 0.608874
vn 0.241070 0.755750 0.608874
vn 0.278826 0.755749 0.592536
vn 0.278826 0.755749 0.592536
vn 0.315482 0.755749 0.573859
vn 0.315482 0.755749 0.573859
vn 0.350892 0.755749 0.552917
vn 0.350892 0.755749 0.552917
vn 0.384917 0.755750 0.529794
vn 0.384917 0.755750 0.529794
vn 0.417424 0.755750 0.504579
vn 0.417424 0.755750 0.504579
vn 0.448283 0.755750 0.477373
vn 0.448283 0.755749 0.477373
vn 0.477373 0.755749 0.448284
vn 0.477373 0.755749 0.448284
vn 0.504580 0.755749 0.417424
vn 0.504580 0.755749 0.417424
vn 0.529794 0.755749 0.384917
vn 0.529794 0.755749 0.384917
vn 0.552918 0.755749 0.350892
vn 0.552918 0.755749 0.350892
vn 0.573859 0.755750 0.315482
vn 0.573859 0.755750 0.315482
vn 0.592535 0.755750 0.278826
vn 0.592535 0.755750 0.278826
vn 0.608874 0.755750 0.241070
vn 0.608874 0.755750 0.241070
vn 0.622810 0.755749 0.202363
vn 0.622810 0.755749 0.202363
vn 0.634287 0.755749 0.162857
vn 0.634287 0.755749 0.162857
vn 0.643261 0.755750 0.122709
vn 0.643261 0.755750 0.122709
vn 0.649697 0.755749 0.082076
vn 0.649697 0.755749 0.082076
vn 0.653570 0.755749 0.041119
vn 0.653570 0.755749 0.041119
vn 0.654861 0.755749 0.000000
vn 0.654861 0.755749 0.000000
vn 0.653569 0.755749 -0.041119
vn 0.653569 0.755749 -0.041119
vn 0.649698 0.755749 -0.082076
vn 0.649698 0.755749 -0.082076
vn 0.643262 0.755749 -0.122709
vn 0.643262 0.755749 -0.122709
vn 0.634288 0.755749 -0.162857
vn 0.634287 0.755749 -0.162857
vn 0.622809 0.755750 -0.202363
vn 0.622809 0.755750 -0.202363
vn 0.608874 0.755749 -0.241071
vn 0.608874 0.755749 -0.241071
vn 0.592536 0.755749 -0.278826
vn 0.592536 0.755749 -0.278826
vn 0.573859 0.755749 -0.315482
vn 0.573859 0.755749 -0.315482
vn 0.552917 0.755749 -0.350892
vn 0.552917 0.755749 -0.350892
vn 0.529794 0.755749 -0.384918
vn 0.529794 0.755749 -0.384918
vn 0.504580 0.755749 -0.417424
vn 0.504580 0.755749 -0.417424
vn 0.477373 0.755750 -0.448283
vn 0.477373 0.755749 -0.448283
vn 0.448283 0.755750 -0.477373
vn 0.448283 0.755750 -0.477373
vn 0.417423 0.755750 -0.504579
vn 0.417424 0.755750 -0.504579
vn 0.384918 0.755749 -0.529794
vn 0.384918 0.755749 -0.529794
vn 0.350892 0.755749 -0.552918
vn 0.350892 0.755749 -0.552918
vn 0.315481 0.755750 -0.573859
vn 0.315481 0.755750 -0.573859
vn 0.278826 0.755750 -0.592536
vn 0.278826 0.755750 -0.592536
vn 0.241071 0.755749 -0.608874
vn 0.241071 0.755749 -0.608874
vn 0.202363 0.755750 -0.622810
vn 0.202363 0.755750 -0.622810
vn 0.162857 0.755750 -0.634287
vn 0.162857 0.755750 -0.634287
vn 0.122709 0.755750 -0.643261
vn 0.122709 0.755750 -0.643261
vn 0.082077 0.755750 -0.649697
vn 0.082077 0.755750 -0.649697
vn 0.041119 0.755750 -0.653568
vn 0.041119 0.755750 -0.653568
vn 0.000000 0.755750 -0.654861
vn -0.000000 0.755750 -0.654861
vn -0.041119 0.755750 -0.653569
vn -0.041119 0.755750 -0.653569
vn -0.082076 0.755750 -0.649697
vn -0.082076 0.755750 -0.649697
vn -0.122708 0.755750 -0.643261
vn -0.122708 0.755750 -0.643261
vn -0.162857 0.755750 -0.634287
vn -0.162857 0.755750 -0.634287
vn -0.202363 0.755750 -0.622809
vn -0.202363 0.755750 -0.622809
vn -0.241070 0.755750 -0.608874
vn -0.241070 0.755750 -0.608874
vn -0.278826 0.755750 -0.592535
vn -0.278826 0.755750 -0.592535
vn -0.315482 0.755750 -0.573859
vn -0.315482 0.755750 -0.573859
vn -0.350892 0.755749 -0.552917
vn -0.350892 0.755749 -0.552917
vn -0.384917 0.755750 -0.529793
vn -0.384917 0.755750 -0.529793
vn -0.417424 0.755750 -0.504579
vn -0.417424 0.755750 -0.504579
vn -0.448283 0.755749 -0.477373
vn -0.448283 0.755749 -0.477373
vn -0.477373 0.755750 -0.448283
vn -0.477373 0.755750 -0.448283
vn -0.504579 0.755750 -0.417424
vn -0.504579 0.755750 -0.417424
vn -0.529793 0.755750 -0.384917
vn -0.529793 0.755750 -0.384917
vn -0.552917 0.755750 -0.350892
vn -0.552917 0.755750 -0.350892
vn -0.573859 0.755749 -0.315481
vn -0.573859 0.755750 -0.315481
vn -0.592535 0.755750 -0.278826
vn -0.592535 0.755750 -0.278826
vn -0.608874 0.755750 -0.241070
vn -0.608874 0.755750 -0.241070
vn -0.622810 0.755749 -0.202363
vn -0.622810 0.755749 -0.202363
vn -0.634288 0.755749 -0.162857
vn -0.634288 0.755749 -0.162857
vn -0.643261 0.755750 -0.122709
vn -0.643261 0.755750 -0.122709
vn -0.649697 0.755750 -0.082076
vn -0.649697 0.755750 -0.082076
vn -0.653569 0.755749 -0.041119
vn -0.653569 0.755749 -0.041119
vn -0.654861 0.755749 0.000003
vn -0.654861 0.755749 0.000003
vn -0.141193 0.989821 0.017837
vn -0.142034 0.989821 0.008937
vn -0.142034 0.989821 0.008937
vn -0.141193 0.989821 0.017837
vn -0.139794 0.989821 0.026667
vn -0.139794 0.989821 0.026667
vn -0.137844 0.989821 0.035392
vn -0.137844 0.989821 0.035392
vn -0.135350 0.989821 0.043978
vn -0.135350 0.989821 0.043978
vn -0.132321 0.989821 0.052390
vn -0.132321 0.989821 0.052390
vn -0.128770 0.989821 0.060595
vn -0.128770 0.989821 0.060595
vn -0.124712 0.989821 0.068561
vn -0.124712 0.989821 0.068561
vn -0.120160 0.989821 0.076256
vn -0.120160 0.989822 0.076256
vn -0.115135 0.989821 0.083651
vn -0.115135 0.989821 0.083651
vn -0.109656 0.989821 0.090715
vn -0.109656 0.989821 0.090715
vn -0.103743 0.989821 0.097421
vn -0.103743 0.989821 0.097421
vn -0.097421 0.989822 0.103743
vn -0.097421 0.989821 0.103743
vn -0.090715 0.989821 0.109656
vn -0.090715 0.989821 0.109656
vn -0.083650 0.989821 0.115135
vn -0.083650 0.989821 0.115135
vn -0.076256 0.989821 0.120160
vn -0.076256 0.989821 0.120160
vn -0.068561 0.989821 0.124711
vn -0.068561 0.989821 0.124711
vn -0.060595 0.989821 0.128770
vn -0.060595 0.989821 0.128770
vn -0.052390 0.989821 0.132321
vn -0.052390 0.989822 0.132321
vn -0.043978 0.989821 0.135349
vn -0.043978 0.989822 0.135349
vn -0.035392 0.989821 0.137844
vn -0.035392 0.989821 0.137844
vn -0.026667 0.989821 0.139794
vn -0.026667 0.989821 0.139794
vn -0.017837 0.989821 0.141193
vn -0.017837 0.989821 0.141193
vn -0.008936 0.989821 0.142034
vn -0.008936 0.989821 0.142034
vn 0.000000 0.989821 0.142315
vn -0.000000 0.989821 0.142315
vn 0.008936 0.989821 0.142034
vn 0.008936 0.989821 0.142034
vn 0.017837 0.989821 0.141193
vn 0.017837 0.989821 0.141193
vn 0.026667 0.989821 0.139794
vn 0.026667 0.989821 0.139794
vn 0.035392 0.989821 0.137844
vn 0.035392 0.989821 0.137844
vn 0.043978 0.989821 0.135349
vn 0.043978 0.989821 0.135350
vn 0.052390 0.989821 0.132321
vn 0.052390 0.989821 0.132321
vn 0.060595 0.989822 0.128770
vn 0.060595 0.989821 0.128770
vn 0.068561 0.989822 0.124711
vn 0.068561 0.989821 0.124711
vn 0.076256 0.989822 0.120160
vn 0.076256 0.989821 0.120160
vn 0.083651 0.989821 0.115135
vn 0.083651 0.989821 0.115135
vn 0.090715 0.989822 0.109655
vn 0.090715 0.989821 0.109655
vn 0.097421 0.989822 0.103743
vn 0.097421 0.989821 0.103743
vn 0.103743 0.989821 0.097421
vn 0.103743 0.989821 0.097421
vn 0.109656 0.989821 0.090715
vn 0.109656 0.989821 0.090715
vn 0.115135 0.989822 0.083650
vn 0.115135 0.989821 0.083650
vn 0.120160 0.989821 0.076256
vn 0.120160 0.989821 0.076256
vn 0.124712 0.989821 0.068561
vn 0.124712 0.989821 0.068561
vn 0.128771 0.989821 0.060595
vn 0.128771 0.989821 0.060595
vn 0.132321 0.989821 0.052390
vn 0.132321 0.989821 0.052390
vn 0.135349 0.989821 0.043978
vn 0.135349 0.989821 0.043978
vn 0.137844 0.989821 0.035392
vn 0.137844 0.989821 0.035392
vn 0.139794 0.989821 0.026667
vn 0.139794 0.989821 0.026667
vn 0.141193 0.989821 0.017837
vn 0.141193 0.989821 0.017837
vn 0.142034 0.989821 0.008936
vn 0.142034 0.989821 0.008936
vn 0.142315 0.989821 -0.000000
vn 0.142315 0.989821 -0.000000
vn 0.142034 0.989821 -0.008936
vn 0.142034 0.989821 -0.008936
vn 0.141193 0.989821 -0.017837
vn 0.141193 0.989821 -0.017837
vn 0.139794 0.989822 -0.026667
vn 0.139794 0.989822 -0.026667
vn 0.137844 0.989822 -0.035392
vn 0.137844 0.989822 -0.035392
vn 0.135350 0.989821 -0.043978
vn 0.135350 0.989821 -0.043978
vn 0.132321 0.989822 -0.052390
vn 0.132321 0.989821 -0.052390
vn 0.128770 0.989821 -0.060595
vn 0.128770 0.989821 -0.060595
vn 0.124711 0.989821 -0.068561
vn 0.124711 0.989821 -0.068561
vn 0.120160 0.989822 -0.076256
vn 0.120160 0.989821 -0.076256
vn 0.115135 0.989821 -0.083651
vn 0.115135 0.989821 -0.083651
vn 0.109656 0.989821 -0.090715
vn 0.109656 0.989821 -0.090715
vn 0.103743 0.989821 -0.097421
vn 0.103743 0.989821 -0.097421
vn 0.097421 0.989822 -0.103743
vn 0.097421 0.989821 -0.103743
vn 0.090715 0.989822 -0.109655
vn 0.090715 0.989821 -0.109655
vn 0.083650 0.989822 -0.115135
vn 0.083650 0.989821 -0.115135
vn 0.076256 0.989822 -0.120160
vn 0.076256 0.989822 -0.120160
vn 0.068561 0.989822 -0.124711
vn 0.068561 0.989822 -0.124711
vn 0.060595 0.989821 -0.128770
vn 0.060595 0.989821 -0.128770
vn 0.052390 0.989821 -0.132321
vn 0.052390 0.989821 -0.132321
vn 0.043978 0.989821 -0.135349
vn 0.043978 0.989821 -0.135349
vn 0.035392 0.989821 -0.137844
vn 0.035392 0.989822 -0.137844
vn 0.026667 0.989821 -0.139794
vn 0.026667 0.989821 -0.139794
vn 0.017837 0.989821 -0.141193
vn 0.017837 0.989821 -0.141193
vn 0.008936 0.989821 -0.142034
vn 0.008936 0.989821 -0.142034
vn 0.000000 0.989821 -0.142315
vn -0.000000 0.989821 -0.142315
vn -0.008936 0.989821 -0.142034
vn -0.008936 0.989821 -0.142034
vn -0.017837 0.989821 -0.141193
vn -0.017837 0.989821 -0.141193
vn -0.026667 0.989822 -0.139794
vn -0.026667 0.989821 -0.139794
vn -0.035392 0.989821 -0.137844
vn -0.035392 0.989821 -0.137844
vn -0.043978 0.989821 -0.135349
vn -0.043978 0.989821 -0.135350
vn -0.052390 0.989822 -0.132321
vn -0.052390 0.989821 -0.132321
vn -0.060595 0.989822 -0.128770
vn -0.060595 0.989821 -0.128770
vn -0.068561 0.989821 -0.124711
vn -0.068561 0.989821 -0.124711
vn -0.076256 0.989821 -0.120160
vn -0.076256 0.989821 -0.120160
vn -0.083651 0.989821 -0.115135
vn -0.083651 0.989822 -0.115135
vn -0.090715 0.989821 -0.109655
vn -0.090715 0.989821 -0.109655
vn -0.097421 0.989821 -0.103743
vn -0.097421 0.989822 -0.103743
vn -0.103743 0.989821 -0.097421
vn -0.103743 0.989821 -0.097421
vn -0.109655 0.989821 -0.090715
vn -0.109655 0.989821 -0.090715
vn -0.115135 0.989821 -0.083651
vn -0.115135 0.989822 -0.083651
vn -0.120160 0.989821 -0.076256
vn -0.120160 0.989821 -0.076256
vn -0.124711 0.989821 -0.068561
vn -0.124711 0.989822 -0.068561
vn -0.128770 0.989821 -0.060595
vn -0.128770 0.989821 -0.060595
vn -0.132321 0.989821 -0.052390
vn -0.132321 0.989821 -0.052390
vn -0.135349 0.989821 -0.043978
vn -0.135349 0.989821 -0.043978
vn -0.137843 0.989821 -0.035392
vn -0.137843 0.989822 -0.035392
vn -0.139794 0.989822 -0.026667
vn -0.139794 0.989822 -0.026667
vn -0.141192 0.989821 -0.017837
vn -0.141192 0.989822 -0.017837
vn -0.142034 0.989821 -0.008936
vn -0.142034 0.989821 -0.008936
vn -0.142315 0.989821 0.000001
vn -0.142315 0.989821 0.000001
vn 0.412140 0.909632 -0.052065
vn 0.414596 0.909632 -0.026086
vn 0.414596 0.909632 -0.026086
vn 0.412140 0.909632 -0.052065
vn 0.408057 0.909632 -0.077841
vn 0.408057 0.909632 -0.077841
vn 0.402365 0.909632 -0.103310
vn 0.402365 0.909632 -0.103310
vn 0.395084 0.909632 -0.128370
vn 0.395084 0.909632 -0.128370
vn 0.386243 0.909632 -0.152925
vn 0.386243 0.909632 -0.152925
vn 0.375879 0.909632 -0.176875
vn 0.375879 0.909632 -0.176875
vn 0.364032 0.909632 -0.200128
vn 0.364032 0.909632 -0.200128
vn 0.350747 0.909632 -0.222591
vn 0.350747 0.909632 -0.222591
vn 0.336078 0.909632 -0.244175
vn 0.336078 0.909632 -0.244175
vn 0.320083 0.909632 -0.264796
vn 0.320083 0.909632 -0.264796
vn 0.302825 0.909632 -0.284371
vn 0.302825 0.909632 -0.284371
vn 0.284371 0.909632 -0.302824
vn 0.284371 0.909632 -0.302824
vn 0.264795 0.909632 -0.320083
vn 0.264795 0.909632 -0.320083
vn 0.244174 0.909632 -0.336078
vn 0.244174 0.909632 -0.336078
vn 0.222591 0.909632 -0.350747
vn 0.222591 0.909632 -0.350747
vn 0.200128 0.909632 -0.364031
vn 0.200128 0.909632 -0.364031
vn 0.176875 0.909632 -0.375879
vn 0.176875 0.909632 -0.375879
vn 0.152925 0.909632 -0.386243
vn 0.152925 0.909632 -0.386243
vn 0.128371 0.909632 -0.395083
vn 0.128371 0.909632 -0.395083
vn 0.103310 0.909632 -0.402364
vn 0.103310 0.909632 -0.402364
vn 0.077841 0.909632 -0.408057
vn 0.077841 0.909632 -0.408057
vn 0.052065 0.909632 -0.412140
vn 0.052065 0.909632 -0.412140
vn 0.026084 0.909632 -0.414596
vn 0.026084 0.909632 -0.414596
vn -0.000000 0.909632 -0.415415
vn 0.000000 0.909632 -0.415415
vn -0.026084 0.909632 -0.414596
vn -0.026084 0.909632 -0.414596
vn -0.052065 0.909632 -0.412140
vn -0.052065 0.909632 -0.412140
vn -0.077841 0.909632 -0.408057
vn -0.077841 0.909632 -0.408057
vn -0.103309 0.909632 -0.402365
vn -0.103310 0.909632 -0.402365
vn -0.128370 0.909632 -0.395084
vn -0.128370 0.909632 -0.395084
vn -0.152925 0.909632 -0.386243
vn -0.152924 0.909632 -0.386243
vn -0.176875 0.909632 -0.375879
vn -0.176875 0.909632 -0.375879
vn -0.200128 0.909632 -0.364031
vn -0.200128 0.909632 -0.364031
vn -0.222591 0.909632 -0.350747
vn -0.222591 0.909632 -0.350747
vn -0.244175 0.909632 -0.336078
vn -0.244175 0.909632 -0.336078
vn -0.264795 0.909632 -0.320083
vn -0.264795 0.909632 -0.320083
vn -0.284371 0.909632 -0.302825
vn -0.284371 0.909632 -0.302825
vn -0.302825 0.909632 -0.284371
vn -0.302825 0.909632 -0.284371
vn -0.320083 0.909632 -0.264795
vn -0.320083 0.909632 -0.264795
vn -0.336078 0.909632 -0.244175
vn -0.336078 0.909632 -0.244175
vn -0.350747 0.909632 -0.222591
vn -0.350747 0.909632 -0.222591
vn -0.364031 0.909632 -0.200127
vn -0.364031 0.909632 -0.200127
vn -0.375878 0.909632 -0.176875
vn -0.375878 0.909632 -0.176875
vn -0.386243 0.909632 -0.152925
vn -0.386243 0.909632 -0.152925
vn -0.395083 0.909632 -0.128370
vn -0.395083 0.909632 -0.128370
vn -0.402364 0.909632 -0.103310
vn -0.402364 0.909632 -0.103310
vn -0.408058 0.909632 -0.077841
vn -0.408058 0.909632 -0.077841
vn -0.412140 0.909632 -0.052065
vn -0.412140 0.909632 -0.052065
vn -0.414596 0.909632 -0.026084
vn -0.414596 0.909632 -0.026084
vn -0.415415 0.909632 -0.000000
vn -0.415415 0.909632 0.000000
vn -0.414596 0.909632 0.026084
vn -0.414596 0.909632 0.026084
vn -0.412139 0.909632 0.052065
vn -0.412139 0.909632 0.052065
vn -0.408057 0.909632 0.077841
vn -0.408057 0.909632 0.077841
vn -0.402364 0.909632 0.103309
vn -0.402364 0.909632 0.103309
vn -0.395084 0.909632 0.128371
vn -0.395084 0.909632 0.128371
vn -0.386244 0.909631 0.152925
vn -0.386244 0.909632 0.152925
vn -0.375879 0.909632 0.176875
vn -0.375879 0.909632 0.176875
vn -0.364031 0.909632 0.200128
vn -0.364031 0.909632 0.200128
vn -0.350747 0.909632 0.222591
vn -0.350747 0.909632 0.222591
vn -0.336078 0.909632 0.244175
vn -0.336078 0.909632 0.244175
vn -0.320083 0.909632 0.264796
vn -0.320083 0.909632 0.264796
vn -0.302825 0.909632 0.284371
vn -0.302825 0.909632 0.284371
vn -0.284372 0.909632 0.302825
vn -0.284372 0.909632 0.302825
vn -0.264795 0.909632 0.320083
vn -0.264795 0.909632 0.320083
vn -0.244175 0.909632 0.336078
vn -0.244175 0.909632 0.336078
vn -0.222591 0.909632 0.350747
vn -0.222591 0.909632 0.350747
vn -0.200128 0.909632 0.364031
vn -0.200128 0.909632 0.364031
vn -0.176875 0.909632 0.375879
vn -0.176875 0.909632 0.375879
vn -0.152925 0.909632 0.386244
vn -0.152925 0.909632 0.386244
vn -0.128370 0.909632 0.395084
vn -0.128370 0.909632 0.395084
vn -0.103310 0.909632 0.402365
vn -0.103310 0.909632 0.402365
vn -0.077841 0.909632 0.408057
vn -0.077841 0.909632 0.408057
vn -0.052066 0.909632 0.412140
vn -0.052066 0.909632 0.412140
vn -0.026084 0.909632 0.414596
vn -0.026084 0.909632 0.414596
vn -0.000000 0.909632 0.415415
vn 0.000000 0.909632 0.415415
vn 0.026084 0.909632 0.414596
vn 0.026084 0.909632 0.414596
vn 0.052065 0.909632 0.412140
vn 0.052065 0.909632 0.412140
vn 0.077841 0.909632 0.408057
vn 0.077841 0.909632 0.408057
vn 0.103309 0.909632 0.402365
vn 0.103309 0.909632 0.402364
vn 0.128370 0.909632 0.395083
vn 0.128370 0.909632 0.395083
vn 0.152925 0.909632 0.386243
vn 0.152925 0.909632 0.386243
vn 0.176876 0.909632 0.375879
vn 0.176876 0.909632 0.375879
vn 0.200128 0.909632 0.364031
vn 0.200128 0.909632 0.364031
vn 0.222591 0.909632 0.350747
vn 0.222591 0.909632 0.350747
vn 0.244175 0.909632 0.336078
vn 0.244175 0.909632 0.336078
vn 0.264796 0.909632 0.320083
vn 0.264796 0.909632 0.320083
vn 0.284372 0.909632 0.302825
vn 0.284372 0.909632 0.302825
vn 0.302825 0.909632 0.284371
vn 0.302825 0.909632 0.284371
vn 0.320082 0.909632 0.264796
vn 0.320083 0.909632 0.264796
vn 0.336078 0.909632 0.244175
vn 0.336078 0.909632 0.244175
vn 0.350747 0.909632 0.222591
vn 0.350747 0.909632 0.222591
vn 0.364031 0.909632 0.200128
vn 0.364031 0.909632 0.200128
vn 0.375879 0.909632 0.176875
vn 0.375879 0.909632 0.176875
vn 0.386243 0.909632 0.152925
vn 0.386243 0.909632 0.152925
vn 0.395083 0.909632 0.128370
vn 0.395083 0.909632 0.128370
vn 0.402364 0.909632 0.103310
vn 0.402364 0.909632 0.103310
vn 0.408058 0.909632 0.077841
vn 0.408058 0.909632 0.077841
vn 0.412140 0.909632 0.052065
vn 0.412140 0.909632 0.052065
vn 0.414595 0.909632 0.026084
vn 0.414595 0.909632 0.026084
vn 0.415415 0.909632 -0.000002
vn 0.415415 0.909632 -0.000002
vn 0.834620 0.540642 -0.105437
vn 0.839593 0.540642 -0.052826
vn 0.839593 0.540642 -0.052826
vn 0.834620 0.540642 -0.105437
vn 0.826353 0.540641 -0.157635
vn 0.826353 0.540641 -0.157635
vn 0.814824 0.540641 -0.209211
vn 0.814824 0.540641 -0.209211
vn 0.800079 0.540642 -0.259962
vn 0.800079 0.540642 -0.259962
vn 0.782178 0.540641 -0.309686
vn 0.782178 0.540641 -0.309686
vn 0.761189 0.540640 -0.358188
vn 0.761189 0.540640 -0.358188
vn 0.737196 0.540641 -0.405277
vn 0.737196 0.540641 -0.405277
vn 0.710294 0.540641 -0.450766
vn 0.710294 0.540641 -0.450766
vn 0.680589 0.540640 -0.494476
vn 0.680589 0.540640 -0.494476
vn 0.648198 0.540640 -0.536236
vn 0.648198 0.540640 -0.536236
vn 0.613248 0.540640 -0.575878
vn 0.613248 0.540640 -0.575878
vn 0.575879 0.540640 -0.613247
vn 0.575879 0.540640 -0.613247
vn 0.536235 0.540640 -0.648197
vn 0.536235 0.540640 -0.648197
vn 0.494476 0.540641 -0.680589
vn 0.494476 0.540640 -0.680589
vn 0.450766 0.540641 -0.710294
vn 0.450766 0.540641 -0.710294
vn 0.405277 0.540640 -0.737197
vn 0.405277 0.540640 -0.737196
vn 0.358188 0.540640 -0.761189
vn 0.358188 0.540640 -0.761189
vn 0.309686 0.540641 -0.782178
vn 0.309686 0.540641 -0.782178
vn 0.259962 0.540640 -0.800080
vn 0.259962 0.540640 -0.800080
vn 0.209212 0.540640 -0.814824
vn 0.209212 0.540640 -0.814824
vn 0.157636 0.540640 -0.826353
vn 0.157636 0.540640 -0.826353
vn 0.105437 0.540640 -0.834620
vn 0.105437 0.540640 -0.834620
vn 0.052823 0.540641 -0.839594
vn 0.052823 0.540641 -0.839594
vn 0.000000 0.540641 -0.841254
vn 0.000000 0.540641 -0.841254
vn -0.052823 0.540641 -0.839594
vn -0.052823 0.540641 -0.839594
vn -0.105437 0.540641 -0.834620
vn -0.105437 0.540641 -0.834620
vn -0.157636 0.540641 -0.826353
vn -0.157636 0.540641 -0.826353
vn -0.209211 0.540641 -0.814824
vn -0.209211 0.540641 -0.814824
vn -0.259961 0.540641 -0.800080
vn -0.259961 0.540641 -0.800080
vn -0.309687 0.540640 -0.782178
vn -0.309687 0.540640 -0.782178
vn -0.358188 0.540641 -0.761189
vn -0.358188 0.540641 -0.761189
vn -0.405277 0.540641 -0.737196
vn -0.405277 0.540641 -0.737196
vn -0.450766 0.540641 -0.710294
vn -0.450766 0.540641 -0.710294
vn -0.494476 0.540641 -0.680589
vn -0.494476 0.540641 -0.680589
vn -0.536235 0.540640 -0.648198
vn -0.536235 0.540640 -0.648198
vn -0.575878 0.540640 -0.613247
vn -0.575878 0.540640 -0.613247
vn -0.613248 0.540641 -0.575878
vn -0.613248 0.540641 -0.575878
vn -0.648197 0.540641 -0.536235
vn -0.648197 0.540641 -0.536235
vn -0.680589 0.540641 -0.494476
vn -0.680589 0.540641 -0.494476
vn -0.710294 0.540640 -0.450766
vn -0.710294 0.540640 -0.450766
vn -0.737196 0.540640 -0.405277
vn -0.737196 0.540640 -0.405277
vn -0.761190 0.540640 -0.358188
vn -0.761190 0.540640 -0.358188
vn -0.782179 0.540639 -0.309687
vn -0.782179 0.540639 -0.309687
vn -0.800081 0.540639 -0.259962
vn -0.800081 0.540639 -0.259962
vn -0.814825 0.540640 -0.209212
vn -0.814825 0.540640 -0.209212
vn -0.826353 0.540641 -0.157635
vn -0.826353 0.540641 -0.157635
vn -0.834620 0.540642 -0.105437
vn -0.834619 0.540642 -0.105437
vn -0.839594 0.540640 -0.052823
vn -0.839594 0.540640 -0.052823
vn -0.841254 0.540639 -0.000000
vn -0.841254 0.540639 -0.000000
vn -0.839594 0.540640 0.052823
vn -0.839594 0.540640 0.052823
vn -0.834621 0.540640 0.105437
vn -0.834621 0.540640 0.105437
vn -0.826353 0.540640 0.157635
vn -0.826353 0.540640 0.157635
vn -0.814824 0.540641 0.209211
vn -0.814824 0.540641 0.209211
vn -0.800080 0.540640 0.259962
vn -0.800080 0.540640 0.259962
vn -0.782178 0.540641 0.309686
vn -0.782178 0.540641 0.309686
vn -0.761189 0.540640 0.358188
vn -0.761189 0.540640 0.358188
vn -0.737197 0.540640 0.405278
vn -0.737197 0.540640 0.405278
vn -0.710294 0.540641 0.450766
vn -0.710294 0.540641 0.450766
vn -0.680588 0.540641 0.494476
vn -0.680589 0.540641 0.494476
vn -0.648197 0.540641 0.536235
vn -0.648197 0.540641 0.536235
vn -0.613248 0.540641 0.575878
vn -0.613248 0.540641 0.575877
vn -0.575879 0.540640 0.613247
vn -0.575878 0.540640 0.613247
vn -0.536235 0.540640 0.648197
vn -0.536235 0.540640 0.648197
vn -0.494476 0.540641 0.680589
vn -0.494476 0.540641 0.680589
vn -0.450766 0.540641 0.710294
vn -0.450766 0.540641 0.710294
vn -0.405277 0.540641 0.737196
vn -0.405277 0.540641 0.737196
vn -0.358188 0.540640 0.761189
vn -0.358188 0.540640 0.761189
vn -0.309686 0.540640 0.782178
vn -0.309686 0.540640 0.782178
vn -0.259962 0.540641 0.800080
vn -0.259962 0.540641 0.800080
vn -0.209212 0.540641 0.814824
vn -0.209212 0.540641 0.814824
vn -0.157635 0.540641 0.826353
vn -0.157635 0.540641 0.826353
vn -0.105437 0.540641 0.834620
vn -0.105437 0.540641 0.834620
vn -0.052823 0.540641 0.839594
vn -0.052823 0.540641 0.839594
vn -0.000000 0.540641 0.841254
vn 0.000000 0.540641 0.841254
vn 0.052823 0.540641 0.839594
vn 0.052823 0.540641 0.839594
vn 0.105436 0.540641 0.834620
vn 0.105436 0.540641 0.834620
vn 0.157635 0.540641 0.826353
vn 0.157635 0.540641 0.826353
vn 0.209211 0.540640 0.814824
vn 0.209211 0.540640 0.814824
vn 0.259961 0.540641 0.800080
vn 0.259961 0.540641 0.800080
vn 0.309686 0.540641 0.782178
vn 0.309686 0.540641 0.782178
vn 0.358189 0.540641 0.761189
vn 0.358189 0.540641 0.761189
vn 0.405278 0.540641 0.737196
vn 0.405278 0.540641 0.737196
vn 0.450767 0.540641 0.710294
vn 0.450767 0.540641 0.710294
vn 0.494477 0.540641 0.680588
vn 0.494476 0.540641 0.680588
vn 0.536235 0.540641 0.648197
vn 0.536235 0.540641 0.648197
vn 0.575877 0.540641 0.613248
vn 0.575877 0.540641 0.613248
vn 0.613247 0.540641 0.575878
vn 0.613247 0.540641 0.575878
vn 0.648197 0.540641 0.536235
vn 0.648197 0.540641 0.536235
vn 0.680588 0.540641 0.494476
vn 0.680588 0.540641 0.494476
vn 0.710294 0.540640 0.450766
vn 0.710294 0.540640 0.450766
vn 0.737197 0.540640 0.405277
vn 0.737197 0.540640 0.405277
vn 0.761189 0.540641 0.358188
vn 0.761189 0.540641 0.358188
vn 0.782178 0.540640 0.309686
vn 0.782178 0.540640 0.309686
vn 0.800080 0.540640 0.259962
vn 0.800080 0.540640 0.259962
vn 0.814824 0.540641 0.209211
vn 0.814824 0.540641 0.209211
vn 0.826352 0.540642 0.157635
vn 0.826352 0.540642 0.157635
vn 0.834620 0.540641 0.105437
vn 0.834620 0.540641 0.105437
vn 0.839594 0.540640 0.052823
vn 0.839594 0.540640 0.052823
vn 0.841253 0.540641 -0.000004
vn 0.841253 0.540641 -0.000004
vn 0.995562 0.000000 -0.094108
vn 0.998026 0.000000 -0.062794
vn 0.998026 0.000000 -0.062794
vn 0.995562 0.000000 -0.094108
vn 0.987688 0.000000 -0.156435
vn 0.987688 0.000000 -0.156435
vn 0.987688 0.000000 -0.156435
vn 0.987688 0.000000 -0.156435
vn 0.968583 0.000000 -0.248690
vn 0.975917 0.000000 -0.218142
vn 0.975917 0.000000 -0.218142
vn 0.968583 0.000000 -0.248690
vn 0.951056 0.000000 -0.309018
vn 0.951056 0.000000 -0.309018
vn 0.929776 0.000000 -0.368125
vn 0.929776 0.000000 -0.368125
vn 0.917755 0.000000 -0.397148
vn 0.917755 0.000000 -0.397148
vn 0.891007 0.000000 -0.453990
vn 0.891007 0.000000 -0.453990
vn 0.891007 0.000000 -0.453990
vn 0.891007 0.000000 -0.453990
vn 0.844328 0.000000 -0.535827
vn 0.860742 0.000000 -0.509041
vn 0.860742 0.000000 -0.509041
vn 0.844328 0.000000 -0.535827
vn 0.809017 0.000000 -0.587785
vn 0.809017 0.000000 -0.587785
vn 0.770513 0.000000 -0.637424
vn 0.770513 0.000000 -0.637424
vn 0.750111 0.000000 -0.661312
vn 0.750111 0.000000 -0.661312
vn 0.707107 0.000000 -0.707107
vn 0.707107 0.000000 -0.707107
vn 0.707107 0.000000 -0.707107
vn 0.707107 0.000000 -0.707107
vn 0.637424 0.000000 -0.770513
vn 0.661313 0.000000 -0.750110
vn 0.661313 0.000000 -0.750110
vn 0.637424 0.000000 -0.770513
vn 0.587784 0.000000 -0.809018
vn 0.587784 0.000000 -0.809018
vn 0.535826 0.000000 -0.844328
vn 0.535826 0.000000 -0.844328
vn 0.509041 0.000000 -0.860742
vn 0.509041 0.000000 -0.860742
vn 0.453990 0.000000 -0.891007
vn 0.453990 0.000000 -0.891007
vn 0.453990 0.000000 -0.891007
vn 0.453990 0.000000 -0.891007
vn 0.368125 0.000000 -0.929776
vn 0.397149 0.000000 -0.917754
vn 0.397149 0.000000 -0.917754
vn 0.368125 0.000000 -0.929776
vn 0.309017 0.000000 -0.951057
vn 0.309017 0.000000 -0.951057
vn 0.248690 0.000000 -0.968583
vn 0.248690 0.000000 -0.968583
vn 0.218143 0.000000 -0.975917
vn 0.218143 0.000000 -0.975917
vn 0.156435 0.000000 -0.987688
vn 0.156435 0.000000 -0.987688
vn 0.156435 0.000000 -0.987688
vn 0.156435 0.000000 -0.987688
vn 0.062791 0.000000 -0.998027
vn 0.094109 0.000000 -0.995562
vn 0.094109 0.000000 -0.995562
vn 0.062791 0.000000 -0.998027
vn 0.000000 0.000000 -1.000000
vn 0.000000 0.000000 -1.000000
vn -0.062791 0.000000 -0.998027
vn -0.062791 0.000000 -0.998027
vn -0.094109 0.000000 -0.995562
vn -0.094109 0.000000 -0.995562
vn -0.156434 0.000000 -0.987688
vn -0.156434 0.000000 -0.987688
vn -0.156434 0.000000 -0.987688
vn -0.156434 0.000000 -0.987688
vn -0.248689 0.000000 -0.968583
vn -0.218142 0.000000 -0.975917
vn -0.218142 0.000000 -0.975917
vn -0.248689 0.000000 -0.968583
vn -0.309017 0.000000 -0.951056
vn -0.309017 0.000000 -0.951056
vn -0.368125 0.000000 -0.929777
vn -0.368125 0.000000 -0.929777
vn -0.397148 0.000000 -0.917755
vn -0.397148 0.000000 -0.917755
vn -0.453991 0.000000 -0.891007
vn -0.453991 0.000000 -0.891007
vn -0.453991 0.000000 -0.891007
vn -0.453991 0.000000 -0.891007
vn -0.535827 0.000000 -0.844328
vn -0.509042 0.000000 -0.860742
vn -0.509042 0.000000 -0.860742
vn -0.535827 0.000000 -0.844328
vn -0.587785 0.000000 -0.809018
vn -0.587785 0.000000 -0.809018
vn -0.637424 0.000000 -0.770514
vn -0.637424 0.000000 -0.770514
vn -0.661312 0.000000 -0.750111
vn -0.661312 0.000000 -0.750111
vn -0.707107 0.000000 -0.707107
vn -0.707107 0.000000 -0.707107
vn -0.707107 0.000000 -0.707107
vn -0.707107 0.000000 -0.707107
vn -0.770513 0.000000 -0.637424
vn -0.750111 0.000000 -0.661312
vn -0.750111 0.000000 -0.661312
vn -0.770513 0.000000 -0.637424
vn -0.809018 0.000000 -0.587785
vn -0.809018 0.000000 -0.587785
vn -0.844328 0.000000 -0.535827
vn -0.844328 0.000000 -0.535827
vn -0.860742 0.000000 -0.509042
vn -0.860742 0.000000 -0.509042
vn -0.891007 0.000000 -0.453990
vn -0.891007 0.000000 -0.453990
vn -0.891007 0.000000 -0.453990
vn -0.891007 0.000000 -0.453990
vn -0.929776 0.000000 -0.368125
vn -0.917755 0.000000 -0.397148
vn -0.917755 0.000000 -0.397148
vn -0.929776 0.000000 -0.368125
vn -0.951056 0.000000 -0.309017
vn -0.951056 0.000000 -0.309017
vn -0.968583 0.000000 -0.248690
vn -0.968583 0.000000 -0.248690
vn -0.975917 0.000000 -0.218143
vn -0.975917 0.000000 -0.218143
vn -0.987688 0.000000 -0.156434
vn -0.987688 0.000000 -0.156434
vn -0.987688 0.000000 -0.156434
vn -0.987688 0.000000 -0.156434
vn -0.998027 0.000000 -0.062791
vn -0.995562 0.000000 -0.094109
vn -0.995562 0.000000 -0.094109
vn -0.998027 0.000000 -0.062791
vn -1.000000 0.000000 0.000000
vn -1.000000 0.000000 0.000000
vn -0.998027 0.000000 0.062790
vn -0.998027 0.000000 0.062790
vn -0.995562 0.000000 0.094108
vn -0.995562 0.000000 0.094108
vn -0.987688 0.000000 0.156434
vn -0.987688 0.000000 0.156434
vn -0.987688 0.000000 0.156434
vn -0.987688 0.000000 0.156434
vn -0.968583 0.000000 0.248689
vn -0.975917 0.000000 0.218143
vn -0.975917 0.000000 0.218143
vn -0.968583 0.000000 0.248689
vn -0.951057 0.000000 0.309017
vn -0.951057 0.000000 0.309017
vn -0.929777 0.000000 0.368125
vn -0.929777 0.000000 0.368125
vn -0.917755 0.000000 0.397148
vn -0.917755 0.000000 0.397148
vn -0.891006 0.000000 0.453991
vn -0.891006 0.000000 0.453991
vn -0.891006 0.000000 0.453991
vn -0.891006 0.000000 0.453991
vn -0.844328 0.000000 0.535827
vn -0.860742 0.000000 0.509042
vn -0.860742 0.000000 0.509042
vn -0.844328 0.000000 0.535827
vn -0.809017 0.000000 0.587785
vn -0.809017 0.000000 0.587785
vn -0.770513 0.000000 0.637424
vn -0.770513 0.000000 0.637424
vn -0.750112 0.000000 0.661311
vn -0.750112 0.000000 0.661311
vn -0.707107 0.000000 0.707107
vn -0.707107 0.000000 0.707107
vn -0.707107 0.000000 0.707107
vn -0.707107 0.000000 0.707107
vn -0.637424 0.000000 0.770513
vn -0.661312 0.000000 0.750111
vn -0.661312 0.000000 0.750111
vn -0.637424 0.000000 0.770513
vn -0.587785 0.000000 0.809017
vn -0.587785 0.000000 0.809017
vn -0.535827 0.000000 0.844328
vn -0.535827 0.000000 0.844328
vn -0.509041 0.000000 0.860742
vn -0.509041 0.000000 0.860742
vn -0.453989 0.000000 0.891007
vn -0.453989 0.000000 0.891007
vn -0.453989 0.000000 0.891007
vn -0.453989 0.000000 0.891007
vn -0.368125 0.000000 0.929777
vn -0.397148 0.000000 0.917755
vn -0.397148 0.000000 0.917755
vn -0.368125 0.000000 0.929777
vn -0.309017 0.000000 0.951056
vn -0.309017 0.000000 0.951056
vn -0.248690 0.000000 0.968583
vn -0.248690 0.000000 0.968583
vn -0.218144 0.000000 0.975917
vn -0.218144 0.000000 0.975917
vn -0.156434 0.000000 0.987688
vn -0.156434 0.000000 0.987688
vn -0.156434 0.000000 0.987688
vn -0.156434 0.000000 0.987688
vn -0.062791 0.000000 0.998027
vn -0.094109 0.000000 0.995562
vn -0.094109 0.000000 0.995562
vn -0.062791 0.000000 0.998027
vn 0.000000 0.000000 1.000000
vn 0.000000 0.000000 1.000000
vn 0.062790 0.000000 0.998027
vn 0.062790 0.000000 0.998027
vn 0.094108 0.000000 0.995562
vn 0.094108 0.000000 0.995562
vn 0.156434 0.000000 0.987688
vn 0.156434 0.000000 0.987688
vn 0.156434 0.000000 0.987688
vn 0.156434 0.000000 0.987688
vn 0.248689 0.000000 0.968583
vn 0.218143 0.000000 0.975917
vn 0.218143 0.000000 0.975917
vn 0.248689 0.000000 0.968583
vn 0.309017 0.000000 0.951057
vn 0.309017 0.000000 0.951057
vn 0.368125 0.000000 0.929776
vn 0.368125 0.000000 0.929776
vn 0.397148 0.000000 0.917754
vn 0.397148 0.000000 0.917754
vn 0.453990 0.000000 0.891007
vn 0.453990 0.000000 0.891007
vn 0.453990 0.000000 0.891007
vn 0.453990 0.000000 0.891007
vn 0.535828 0.000000 0.844327
vn 0.509042 0.000000 0.860742
vn 0.509042 0.000000 0.860742
vn 0.535828 0.000000 0.844327
vn 0.587785 0.000000 0.809017
vn 0.587785 0.000000 0.809017
vn 0.637424 0.000000 0.770514
vn 0.637424 0.000000 0.770514
vn 0.661312 0.000000 0.750111
vn 0.661312 0.000000 0.750111
vn 0.707107 0.000000 0.707107
vn 0.707107 0.000000 0.707107
vn 0.707107 0.000000 0.707107
vn 0.707107 0.000000 0.707107
vn 0.770513 0.000000 0.637424
vn 0.750111 0.000000 0.661312
vn 0.750111 0.000000 0.661312
vn 0.770513 0.000000 0.637424
vn 0.809017 0.000000 0.587785
vn 0.809017 0.000000 0.587785
vn 0.844328 0.000000 0.535826
vn 0.844328 0.000000 0.535826
vn 0.860742 0.000000 0.509041
vn 0.860742 0.000000 0.509041
vn 0.891006 0.000000 0.453991
vn 0.891006 0.000000 0.453991
vn 0.891006 0.000000 0.453991
vn 0.891006 0.000000 0.453991
vn 0.929777 0.000000 0.368125
vn 0.917755 0.000000 0.397148
vn 0.917755 0.000000 0.397148
vn 0.929777 0.000000 0.368125
vn 0.951057 0.000000 0.309017
vn 0.951057 0.000000 0.309017
vn 0.968583 0.000000 0.248690
vn 0.968583 0.000000 0.248690
vn 0.975917 0.000000 0.218144
vn 0.975917 0.000000 0.218144
vn 0.987688 0.000000 0.156434
vn 0.987688 0.000000 0.156434
vn 0.987688 0.000000 0.156434
vn 0.987688 0.000000 0.156434
vn 0.998027 0.000000 0.062791
vn 0.995562 0.000000 0.094109
vn 0.995562 0.000000 0.094109
vn 0.998027 0.000000 0.062791
vn 1.000000 0.000000 -0.000004
vn 1.000000 0.000000 -0.000004
vn 0.834620 -0.540642 -0.105437
vn 0.839593 -0.540642 -0.052826
vn 0.839593 -0.540642 -0.052826
vn 0.834620 -0.540642 -0.105437
vn 0.826353 -0.540641 -0.157635
vn 0.826353 -0.540641 -0.157635
vn 0.814824 -0.540641 -0.209211
vn 0.814824 -0.540641 -0.209211
vn 0.800079 -0.540642 -0.259961
vn 0.800079 -0.540642 -0.259961
vn 0.782177 -0.540642 -0.309686
vn 0.782177 -0.540642 -0.309686
vn 0.761189 -0.540641 -0.358188
vn 0.761189 -0.540641 -0.358188
vn 0.737196 -0.540642 -0.405276
vn 0.737196 -0.540642 -0.405276
vn 0.710294 -0.540642 -0.450766
vn 0.710294 -0.540642 -0.450766
vn 0.680589 -0.540641 -0.494476
vn 0.680589 -0.540641 -0.494476
vn 0.648197 -0.540640 -0.536236
vn 0.648197 -0.540640 -0.536236
vn 0.613248 -0.540640 -0.575878
vn 0.613248 -0.540640 -0.575878
vn 0.575879 -0.540640 -0.613247
vn 0.575879 -0.540640 -0.613247
vn 0.536235 -0.540641 -0.648197
vn 0.536235 -0.540641 -0.648197
vn 0.494476 -0.540641 -0.680589
vn 0.494476 -0.540641 -0.680589
vn 0.450766 -0.540640 -0.710294
vn 0.450766 -0.540640 -0.710294
vn 0.405277 -0.540640 -0.737196
vn 0.405277 -0.540640 -0.737196
vn 0.358188 -0.540641 -0.761189
vn 0.358188 -0.540641 -0.761189
vn 0.309686 -0.540641 -0.782178
vn 0.309686 -0.540641 -0.782178
vn 0.259962 -0.540640 -0.800080
vn 0.259962 -0.540640 -0.800080
vn 0.209212 -0.540640 -0.814824
vn 0.209212 -0.540640 -0.814824
vn 0.157636 -0.540640 -0.826353
vn 0.157636 -0.540640 -0.826353
vn 0.105437 -0.540641 -0.834620
vn 0.105437 -0.540641 -0.834620
vn 0.052823 -0.540641 -0.839593
vn 0.052823 -0.540641 -0.839594
vn -0.000000 -0.540641 -0.841254
vn 0.000000 -0.540641 -0.841253
vn -0.052823 -0.540641 -0.839593
vn -0.052823 -0.540641 -0.839594
vn -0.105437 -0.540641 -0.834620
vn -0.105437 -0.540641 -0.834620
vn -0.157635 -0.540641 -0.826353
vn -0.157635 -0.540641 -0.826353
vn -0.209211 -0.540641 -0.814824
vn -0.209211 -0.540641 -0.814824
vn -0.259961 -0.540641 -0.800080
vn -0.259961 -0.540641 -0.800080
vn -0.309687 -0.540640 -0.782178
vn -0.309687 -0.540640 -0.782178
vn -0.358188 -0.540641 -0.761189
vn -0.358188 -0.540641 -0.761189
vn -0.405277 -0.540641 -0.737196
vn -0.405277 -0.540641 -0.737196
vn -0.450766 -0.540641 -0.710294
vn -0.450766 -0.540641 -0.710294
vn -0.494476 -0.540641 -0.680589
vn -0.494476 -0.540641 -0.680589
vn -0.536235 -0.540640 -0.648198
vn -0.536235 -0.540640 -0.648198
vn -0.575878 -0.540640 -0.613248
vn -0.575878 -0.540640 -0.613248
vn -0.613247 -0.540641 -0.575878
vn -0.613247 -0.540641 -0.575878
vn -0.648197 -0.540641 -0.536235
vn -0.648197 -0.540641 -0.536235
vn -0.680588 -0.540642 -0.494476
vn -0.680588 -0.540642 -0.494476
vn -0.710294 -0.540641 -0.450766
vn -0.710294 -0.540641 -0.450766
vn -0.737196 -0.540641 -0.405277
vn -0.737196 -0.540641 -0.405277
vn -0.761189 -0.540641 -0.358188
vn -0.761189 -0.540641 -0.358188
vn -0.782178 -0.540640 -0.309686
vn -0.782178 -0.540640 -0.309686
vn -0.800080 -0.540640 -0.259962
vn -0.800080 -0.540640 -0.259962
vn -0.814824 -0.540640 -0.209212
vn -0.814824 -0.540640 -0.209212
vn -0.826353 -0.540641 -0.157635
vn -0.826353 -0.540641 -0.157635
vn -0.834619 -0.540642 -0.105437
vn -0.834619 -0.540642 -0.105437
vn -0.839594 -0.540640 -0.052823
vn -0.839594 -0.540640 -0.052823
vn -0.841254 -0.540640 -0.000000
vn -0.841254 -0.540640 -0.000000
vn -0.839594 -0.540640 0.052823
vn -0.839594 -0.540640 0.052823
vn -0.834621 -0.540640 0.105437
vn -0.834621 -0.540640 0.105437
vn -0.826353 -0.540640 0.157635
vn -0.826353 -0.540640 0.157635
vn -0.814824 -0.540641 0.209211
vn -0.814824 -0.540641 0.209211
vn -0.800080 -0.540641 0.259962
vn -0.800080 -0.540641 0.259962
vn -0.782178 -0.540641 0.309686
vn -0.782178 -0.540641 0.309686
vn -0.761189 -0.540640 0.358188
vn -0.761189 -0.540640 0.358188
vn -0.737196 -0.540640 0.405278
vn -0.737196 -0.540640 0.405278
vn -0.710294 -0.540640 0.450767
vn -0.710294 -0.540640 0.450767
vn -0.680589 -0.540641 0.494476
vn -0.680589 -0.540641 0.494476
vn -0.648197 -0.540641 0.536235
vn -0.648197 -0.540641 0.536235
vn -0.613247 -0.540641 0.575878
vn -0.613247 -0.540641 0.575878
vn -0.575879 -0.540640 0.613247
vn -0.575879 -0.540640 0.613247
vn -0.536236 -0.540640 0.648198
vn -0.536236 -0.540640 0.648198
vn -0.494476 -0.540641 0.680589
vn -0.494476 -0.540641 0.680589
vn -0.450766 -0.540641 0.710294
vn -0.450766 -0.540641 0.710294
vn -0.405276 -0.540641 0.737196
vn -0.405276 -0.540641 0.737196
vn -0.358188 -0.540640 0.761189
vn -0.358188 -0.540641 0.761189
vn -0.309686 -0.540640 0.782178
vn -0.309686 -0.540640 0.782178
vn -0.259962 -0.540641 0.800080
vn -0.259962 -0.540641 0.800080
vn -0.209211 -0.540641 0.814824
vn -0.209211 -0.540641 0.814824
vn -0.157635 -0.540641 0.826353
vn -0.157635 -0.540641 0.826353
vn -0.105438 -0.540641 0.834620
vn -0.105438 -0.540641 0.834620
vn -0.052823 -0.540641 0.839593
vn -0.052823 -0.540641 0.839593
vn 0.000000 -0.540641 0.841254
vn 0.000000 -0.540641 0.841253
vn 0.052823 -0.540641 0.839594
vn 0.052823 -0.540641 0.839594
vn 0.105437 -0.540641 0.834620
vn 0.105437 -0.540641 0.834620
vn 0.157635 -0.540641 0.826353
vn 0.157635 -0.540641 0.826353
vn 0.209211 -0.540641 0.814824
vn 0.209211 -0.540641 0.814824
vn 0.259961 -0.540641 0.800080
vn 0.259961 -0.540641 0.800080
vn 0.309686 -0.540641 0.782178
vn 0.309686 -0.540641 0.782178
vn 0.358189 -0.540641 0.761189
vn 0.358189 -0.540641 0.761189
vn 0.405277 -0.540641 0.737196
vn 0.405277 -0.540641 0.737196
vn 0.450767 -0.540641 0.710294
vn 0.450767 -0.540641 0.710293
vn 0.494477 -0.540641 0.680588
vn 0.494477 -0.540641 0.680588
vn 0.536235 -0.540641 0.648197
vn 0.536235 -0.540641 0.648197
vn 0.575877 -0.540641 0.613247
vn 0.575877 -0.540641 0.613248
vn 0.613247 -0.540641 0.575878
vn 0.613247 -0.540641 0.575878
vn 0.648197 -0.540640 0.536235
vn 0.648197 -0.540640 0.536235
vn 0.680588 -0.540641 0.494476
vn 0.680588 -0.540641 0.494476
vn 0.710294 -0.540640 0.450766
vn 0.710294 -0.540640 0.450766
vn 0.737196 -0.540641 0.405277
vn 0.737196 -0.540641 0.405277
vn 0.761189 -0.540641 0.358188
vn 0.761189 -0.540641 0.358188
vn 0.782178 -0.540640 0.309686
vn 0.782178 -0.540640 0.309686
vn 0.800080 -0.540641 0.259962
vn 0.800080 -0.540641 0.259962
vn 0.814824 -0.540641 0.209211
vn 0.814824 -0.540641 0.209211
vn 0.826352 -0.540642 0.157635
vn 0.826352 -0.540642 0.157635
vn 0.834620 -0.540641 0.105437
vn 0.834620 -0.540641 0.105437
vn 0.839594 -0.540640 0.052823
vn 0.839594 -0.540640 0.052823
vn 0.841253 -0.540641 -0.000004
vn 0.841253 -0.540641 -0.000004
vn 0.412140 -0.909632 -0.052065
vn 0.414596 -0.909632 -0.026086
vn 0.414596 -0.909632 -0.026086
vn 0.412140 -0.909632 -0.052065
vn 0.408057 -0.909632 -0.077841
vn 0.408057 -0.909632 -0.077841
vn 0.402365 -0.909632 -0.103310
vn 0.402365 -0.909632 -0.103310
vn 0.395084 -0.909632 -0.128371
vn 0.395084 -0.909632 -0.128370
vn 0.386243 -0.909632 -0.152925
vn 0.386243 -0.909632 -0.152925
vn 0.375879 -0.909632 -0.176875
vn 0.375879 -0.909632 -0.176875
vn 0.364031 -0.909632 -0.200128
vn 0.364031 -0.909632 -0.200128
vn 0.350746 -0.909632 -0.222590
vn 0.350746 -0.909632 -0.222590
vn 0.336078 -0.909632 -0.244175
vn 0.336078 -0.909632 -0.244175
vn 0.320083 -0.909632 -0.264796
vn 0.320083 -0.909632 -0.264796
vn 0.302825 -0.909632 -0.284371
vn 0.302825 -0.909632 -0.284371
vn 0.284371 -0.909632 -0.302824
vn 0.284371 -0.909632 -0.302824
vn 0.264795 -0.909632 -0.320083
vn 0.264795 -0.909632 -0.320083
vn 0.244174 -0.909632 -0.336078
vn 0.244174 -0.909632 -0.336078
vn 0.222591 -0.909632 -0.350747
vn 0.222591 -0.909632 -0.350747
vn 0.200128 -0.909632 -0.364031
vn 0.200128 -0.909632 -0.364031
vn 0.176875 -0.909632 -0.375879
vn 0.176875 -0.909632 -0.375879
vn 0.152925 -0.909632 -0.386243
vn 0.152925 -0.909632 -0.386243
vn 0.128371 -0.909632 -0.395083
vn 0.128371 -0.909632 -0.395083
vn 0.103309 -0.909632 -0.402364
vn 0.103309 -0.909632 -0.402364
vn 0.077841 -0.909632 -0.408057
vn 0.077841 -0.909632 -0.408057
vn 0.052066 -0.909632 -0.412139
vn 0.052066 -0.909632 -0.412139
vn 0.026084 -0.909632 -0.414596
vn 0.026084 -0.909632 -0.414596
vn 0.000000 -0.909632 -0.415415
vn 0.000000 -0.909632 -0.415415
vn -0.026084 -0.909632 -0.414595
vn -0.026084 -0.909632 -0.414595
vn -0.052066 -0.909632 -0.412140
vn -0.052066 -0.909632 -0.412140
vn -0.077841 -0.909632 -0.408057
vn -0.077841 -0.909632 -0.408057
vn -0.103309 -0.909632 -0.402364
vn -0.103309 -0.909632 -0.402364
vn -0.128370 -0.909632 -0.395083
vn -0.128370 -0.909632 -0.395083
vn -0.152925 -0.909632 -0.386243
vn -0.152925 -0.909632 -0.386243
vn -0.176875 -0.909632 -0.375879
vn -0.176875 -0.909632 -0.375879
vn -0.200128 -0.909632 -0.364031
vn -0.200128 -0.909632 -0.364031
vn -0.222591 -0.909632 -0.350747
vn -0.222591 -0.909632 -0.350747
vn -0.244175 -0.909632 -0.336078
vn -0.244175 -0.909632 -0.336078
vn -0.264795 -0.909632 -0.320083
vn -0.264795 -0.909632 -0.320083
vn -0.284371 -0.909632 -0.302825
vn -0.284371 -0.909632 -0.302824
vn -0.302825 -0.909632 -0.284371
vn -0.302825 -0.909632 -0.284371
vn -0.320083 -0.909632 -0.264795
vn -0.320083 -0.909632 -0.264795
vn -0.336078 -0.909632 -0.244175
vn -0.336078 -0.909632 -0.244175
vn -0.350747 -0.909632 -0.222591
vn -0.350747 -0.909632 -0.222591
vn -0.364030 -0.909632 -0.200127
vn -0.364030 -0.909632 -0.200127
vn -0.375878 -0.909632 -0.176875
vn -0.375878 -0.909632 -0.176875
vn -0.386243 -0.909632 -0.152925
vn -0.386243 -0.909632 -0.152925
vn -0.395083 -0.909632 -0.128370
vn -0.395083 -0.909632 -0.128370
vn -0.402364 -0.909632 -0.103309
vn -0.402364 -0.909632 -0.103309
vn -0.408057 -0.909632 -0.077841
vn -0.408057 -0.909632 -0.077841
vn -0.412140 -0.909632 -0.052065
vn -0.412139 -0.909632 -0.052065
vn -0.414595 -0.909632 -0.026084
vn -0.414595 -0.909632 -0.026084
vn -0.415415 -0.909632 0.000000
vn -0.415415 -0.909632 -0.000000
vn -0.414595 -0.909632 0.026084
vn -0.414595 -0.909632 0.026084
vn -0.412139 -0.909632 0.052065
vn -0.412139 -0.909632 0.052065
vn -0.408057 -0.909632 0.077841
vn -0.408057 -0.909632 0.077841
vn -0.402364 -0.909632 0.103309
vn -0.402364 -0.909632 0.103309
vn -0.395083 -0.909632 0.128370
vn -0.395083 -0.909632 0.128370
vn -0.386244 -0.909632 0.152925
vn -0.386244 -0.909632 0.152925
vn -0.375879 -0.909632 0.176875
vn -0.375879 -0.909632 0.176875
vn -0.364031 -0.909632 0.200128
vn -0.364031 -0.909632 0.200128
vn -0.350747 -0.909632 0.222591
vn -0.350747 -0.909632 0.222591
vn -0.336078 -0.909632 0.244175
vn -0.336078 -0.909632 0.244175
vn -0.320083 -0.909632 0.264795
vn -0.320083 -0.909632 0.264795
vn -0.302825 -0.909632 0.284371
vn -0.302825 -0.909632 0.284371
vn -0.284371 -0.909632 0.302824
vn -0.284371 -0.909632 0.302824
vn -0.264795 -0.909632 0.320083
vn -0.264795 -0.909632 0.320083
vn -0.244174 -0.909632 0.336078
vn -0.244174 -0.909632 0.336078
vn -0.222591 -0.909632 0.350747
vn -0.222591 -0.909632 0.350747
vn -0.200128 -0.909632 0.364031
vn -0.200128 -0.909632 0.364031
vn -0.176875 -0.909632 0.375879
vn -0.176875 -0.909632 0.375879
vn -0.152925 -0.909632 0.386244
vn -0.152925 -0.909632 0.386243
vn -0.128370 -0.909632 0.395083
vn -0.128370 -0.909632 0.395083
vn -0.103310 -0.909632 0.402364
vn -0.103310 -0.909632 0.402364
vn -0.077841 -0.909632 0.408057
vn -0.077841 -0.909632 0.408057
vn -0.052066 -0.909632 0.412140
vn -0.052066 -0.909632 0.412139
vn -0.026084 -0.909632 0.414595
vn -0.026084 -0.909632 0.414596
vn 0.000000 -0.909632 0.415415
vn -0.000000 -0.909632 0.415415
vn 0.026084 -0.909632 0.414595
vn 0.026084 -0.909632 0.414595
vn 0.052065 -0.909632 0.412140
vn 0.052065 -0.909632 0.412140
vn 0.077841 -0.909632 0.408057
vn 0.077841 -0.909632 0.408057
vn 0.103309 -0.909632 0.402364
vn 0.103309 -0.909632 0.402364
vn 0.128370 -0.909632 0.395083
vn 0.128370 -0.909632 0.395083
vn 0.152925 -0.909632 0.386243
vn 0.152925 -0.909632 0.386243
vn 0.176875 -0.909632 0.375879
vn 0.176875 -0.909632 0.375879
vn 0.200128 -0.909632 0.364031
vn 0.200128 -0.909632 0.364031
vn 0.222591 -0.909632 0.350746
vn 0.222591 -0.909632 0.350746
vn 0.244175 -0.909632 0.336078
vn 0.244175 -0.909632 0.336078
vn 0.264796 -0.909632 0.320083
vn 0.264796 -0.909632 0.320083
vn 0.284371 -0.909632 0.302825
vn 0.284371 -0.909632 0.302825
vn 0.302824 -0.909632 0.284371
vn 0.302824 -0.909632 0.284371
vn 0.320082 -0.909632 0.264795
vn 0.320082 -0.909632 0.264795
vn 0.336078 -0.909632 0.244175
vn 0.336078 -0.909632 0.244175
vn 0.350747 -0.909632 0.222591
vn 0.350747 -0.909632 0.222591
vn 0.364031 -0.909632 0.200128
vn 0.364031 -0.909632 0.200128
vn 0.375879 -0.909632 0.176875
vn 0.375879 -0.909632 0.176875
vn 0.386243 -0.909632 0.152924
vn 0.386243 -0.909632 0.152924
vn 0.395083 -0.909632 0.128370
vn 0.395083 -0.909632 0.128370
vn 0.402364 -0.909632 0.103310
vn 0.402364 -0.909632 0.103310
vn 0.408058 -0.909632 0.077841
vn 0.408058 -0.909632 0.077841
vn 0.412140 -0.909632 0.052065
vn 0.412140 -0.909632 0.052065
vn 0.414595 -0.909632 0.026084
vn 0.414595 -0.909632 0.026084
vn 0.415415 -0.909632 -0.000002
vn 0.415415 -0.909632 -0.000002
vn -0.141193 -0.989821 0.017837
vn -0.142034 -0.989821 0.008937
vn -0.142034 -0.989821 0.008937
vn -0.141193 -0.989821 0.017837
vn -0.139794 -0.989821 0.026667
vn -0.139794 -0.989821 0.026667
vn -0.137844 -0.989821 0.035392
vn -0.137844 -0.989821 0.035392
vn -0.135350 -0.989821 0.043978
vn -0.135350 -0.989821 0.043978
vn -0.132321 -0.989821 0.052390
vn -0.132321 -0.989821 0.052390
vn -0.128771 -0.989821 0.060595
vn -0.128771 -0.989821 0.060595
vn -0.124712 -0.989821 0.068561
vn -0.124712 -0.989821 0.068561
vn -0.120161 -0.989821 0.076256
vn -0.120161 -0.989821 0.076256
vn -0.115135 -0.989821 0.083651
vn -0.115135 -0.989821 0.083651
vn -0.109656 -0.989821 0.090715
vn -0.109656 -0.989821 0.090715
vn -0.103743 -0.989821 0.097421
vn -0.103743 -0.989821 0.097421
vn -0.097422 -0.989821 0.103743
vn -0.097422 -0.989821 0.103743
vn -0.090715 -0.989821 0.109656
vn -0.090715 -0.989821 0.109656
vn -0.083651 -0.989821 0.115135
vn -0.083651 -0.989821 0.115136
vn -0.076256 -0.989821 0.120161
vn -0.076256 -0.989821 0.120161
vn -0.068561 -0.989821 0.124712
vn -0.068561 -0.989821 0.124712
vn -0.060595 -0.989821 0.128771
vn -0.060595 -0.989821 0.128771
vn -0.052390 -0.989821 0.132321
vn -0.052390 -0.989821 0.132321
vn -0.043978 -0.989821 0.135350
vn -0.043978 -0.989821 0.135350
vn -0.035392 -0.989821 0.137844
vn -0.035392 -0.989821 0.137844
vn -0.026667 -0.989821 0.139794
vn -0.026667 -0.989821 0.139794
vn -0.017837 -0.989821 0.141193
vn -0.017837 -0.989821 0.141193
vn -0.008936 -0.989821 0.142034
vn -0.008936 -0.989821 0.142034
vn -0.000000 -0.989821 0.142315
vn 0.000000 -0.989821 0.142315
vn 0.008936 -0.989821 0.142034
vn 0.008936 -0.989821 0.142034
vn 0.017837 -0.989821 0.141193
vn 0.017837 -0.989821 0.141193
vn 0.026667 -0.989821 0.139794
vn 0.026667 -0.989821 0.139794
vn 0.035392 -0.989821 0.137844
vn 0.035392 -0.989821 0.137844
vn 0.043978 -0.989821 0.135350
vn 0.043978 -0.989821 0.135350
vn 0.052390 -0.989821 0.132321
vn 0.052390 -0.989821 0.132321
vn 0.060595 -0.989821 0.128771
vn 0.060595 -0.989821 0.128771
vn 0.068561 -0.989821 0.124712
vn 0.068561 -0.989821 0.124712
vn 0.076256 -0.989821 0.120161
vn 0.076256 -0.989821 0.120161
vn 0.083651 -0.989821 0.115135
vn 0.083651 -0.989821 0.115135
vn 0.090715 -0.989821 0.109656
vn 0.090715 -0.989821 0.109656
vn 0.097421 -0.989821 0.103743
vn 0.097421 -0.989821 0.103743
vn 0.103743 -0.989821 0.097421
vn 0.103743 -0.989821 0.097421
vn 0.109656 -0.989821 0.090715
vn 0.109656 -0.989821 0.090715
vn 0.115135 -0.989821 0.083651
vn 0.115135 -0.989821 0.083651
vn 0.120161 -0.989821 0.076256
vn 0.120161 -0.989821 0.076256
vn 0.124712 -0.989821 0.068561
vn 0.124712 -0.989821 0.068561
vn 0.128771 -0.989821 0.060595
vn 0.128771 -0.989821 0.060595
vn 0.132321 -0.989821 0.052390
vn 0.132321 -0.989821 0.052390
vn 0.135350 -0.989821 0.043978
vn 0.135350 -0.989821 0.043978
vn 0.137844 -0.989821 0.035392
vn 0.137844 -0.989821 0.035392
vn 0.139795 -0.989821 0.026667
vn 0.139795 -0.989821 0.026667
vn 0.141193 -0.989821 0.017837
vn 0.141193 -0.989821 0.017837
vn 0.142034 -0.989821 0.008936
vn 0.142034 -0.989821 0.008936
vn 0.142315 -0.989821 -0.000000
vn 0.142315 -0.989821 -0.000000
vn 0.142034 -0.989821 -0.008936
vn 0.142034 -0.989821 -0.008936
vn 0.141193 -0.989821 -0.017837
vn 0.141193 -0.989821 -0.017837
vn 0.139794 -0.989821 -0.026667
vn 0.139794 -0.989821 -0.026667
vn 0.137844 -0.989821 -0.035392
vn 0.137844 -0.989821 -0.035392
vn 0.135350 -0.989821 -0.043978
vn 0.135350 -0.989821 -0.043978
vn 0.132321 -0.989821 -0.052390
vn 0.132321 -0.989821 -0.052390
vn 0.128771 -0.989821 -0.060595
vn 0.128771 -0.989821 -0.060595
vn 0.124712 -0.989821 -0.068561
vn 0.124712 -0.989821 -0.068561
vn 0.120161 -0.989821 -0.076256
vn 0.120161 -0.989821 -0.076256
vn 0.115135 -0.989821 -0.083651
vn 0.115135 -0.989821 -0.083651
vn 0.109656 -0.989821 -0.090715
vn 0.109656 -0.989821 -0.090715
vn 0.103743 -0.989821 -0.097421
vn 0.103743 -0.989821 -0.097422
vn 0.097422 -0.989821 -0.103743
vn 0.097422 -0.989821 -0.103743
vn 0.090715 -0.989821 -0.109656
vn 0.090715 -0.989821 -0.109656
vn 0.083651 -0.989821 -0.115135
vn 0.083651 -0.989821 -0.115135
vn 0.076256 -0.989821 -0.120161
vn 0.076256 -0.989821 -0.120161
vn 0.068561 -0.989821 -0.124712
vn 0.068561 -0.989821 -0.124712
vn 0.060595 -0.989821 -0.128771
vn 0.060595 -0.989821 -0.128771
vn 0.052390 -0.989821 -0.132321
vn 0.052390 -0.989821 -0.132321
vn 0.043978 -0.989821 -0.135350
vn 0.043978 -0.989821 -0.135350
vn 0.035392 -0.989821 -0.137844
vn 0.035392 -0.989821 -0.137844
vn 0.026667 -0.989821 -0.139794
vn 0.026667 -0.989821 -0.139794
vn 0.017837 -0.989821 -0.141193
vn 0.017837 -0.989821 -0.141193
vn 0.008936 -0.989821 -0.142034
vn 0.008936 -0.989821 -0.142034
vn -0.000000 -0.989821 -0.142315
vn 0.000000 -0.989821 -0.142315
vn -0.008936 -0.989821 -0.142034
vn -0.008936 -0.989821 -0.142034
vn -0.017837 -0.989821 -0.141193
vn -0.017837 -0.989821 -0.141193
vn -0.026667 -0.989821 -0.139794
vn -0.026667 -0.989821 -0.139794
vn -0.035392 -0.989821 -0.137844
vn -0.035392 -0.989821 -0.137844
vn -0.043978 -0.989821 -0.135350
vn -0.043978 -0.989821 -0.135350
vn -0.052390 -0.989821 -0.132321
vn -0.052390 -0.989821 -0.132321
vn -0.060595 -0.989821 -0.128771
vn -0.060595 -0.989821 -0.128771
vn -0.068561 -0.989821 -0.124712
vn -0.068561 -0.989821 -0.124712
vn -0.076256 -0.989821 -0.120161
vn -0.076256 -0.989821 -0.120161
vn -0.083651 -0.989821 -0.115135
vn -0.083651 -0.989821 -0.115135
vn -0.090715 -0.989821 -0.109656
vn -0.090715 -0.989821 -0.109656
vn -0.097421 -0.989821 -0.103743
vn -0.097421 -0.989821 -0.103743
vn -0.103743 -0.989821 -0.097421
vn -0.103743 -0.989821 -0.097421
vn -0.109656 -0.989821 -0.090715
vn -0.109656 -0.989821 -0.090715
vn -0.115135 -0.989821 -0.083651
vn -0.115135 -0.989821 -0.083651
vn -0.120161 -0.989821 -0.076256
vn -0.120161 -0.989821 -0.076256
vn -0.124712 -0.989821 -0.068561
vn -0.124712 -0.989821 -0.068561
vn -0.128771 -0.989821 -0.060595
vn -0.128771 -0.989821 -0.060595
vn -0.132321 -0.989821 -0.052390
vn -0.132321 -0.989821 -0.052390
vn -0.135350 -0.989821 -0.043978
vn -0.135350 -0.989821 -0.043978
vn -0.137844 -0.989821 -0.035392
vn -0.137844 -0.989822 -0.035392
vn -0.139794 -0.989821 -0.026667
vn -0.139794 -0.989821 -0.026667
vn -0.141193 -0.989821 -0.017837
vn -0.141193 -0.989821 -0.017837
vn -0.142034 -0.989821 -0.008936
vn -0.142034 -0.989821 -0.008936
vn -0.142315 -0.989821 0.000001
vn -0.142315 -0.989821 0.000001
vn -0.649698 -0.755749 0.082076
vn -0.653569 -0.755749 0.041122
vn -0.653569 -0.755749 0.041122
vn -0.649698 -0.755749 0.082076
vn -0.643263 -0.755749 0.122709
vn -0.643263 -0.755749 0.122709
vn -0.634288 -0.755749 0.162858
vn -0.634288 -0.755749 0.162858
vn -0.622811 -0.755749 0.202364
vn -0.622811 -0.755749 0.202364
vn -0.608875 -0.755749 0.241071
vn -0.608875 -0.755749 0.241071
vn -0.592536 -0.755750 0.278826
vn -0.592536 -0.755750 0.278826
vn -0.573859 -0.755750 0.315481
vn -0.573859 -0.755750 0.315481
vn -0.552917 -0.755749 0.350892
vn -0.552917 -0.755749 0.350892
vn -0.529793 -0.755750 0.384917
vn -0.529793 -0.755750 0.384917
vn -0.504579 -0.755750 0.417424
vn -0.504579 -0.755750 0.417424
vn -0.477373 -0.755749 0.448283
vn -0.477373 -0.755749 0.448283
vn -0.448283 -0.755750 0.477373
vn -0.448283 -0.755750 0.477373
vn -0.417424 -0.755750 0.504579
vn -0.417424 -0.755750 0.504579
vn -0.384917 -0.755749 0.529794
vn -0.384917 -0.755749 0.529794
vn -0.350892 -0.755749 0.552918
vn -0.350892 -0.755749 0.552918
vn -0.315482 -0.755749 0.573859
vn -0.315482 -0.755749 0.573859
vn -0.278826 -0.755749 0.592536
vn -0.278826 -0.755749 0.592536
vn -0.241071 -0.755749 0.608874
vn -0.241071 -0.755749 0.608874
vn -0.202364 -0.755749 0.622810
vn -0.202364 -0.755749 0.622810
vn -0.162858 -0.755749 0.634287
vn -0.162858 -0.755749 0.634287
vn -0.122709 -0.755749 0.643261
vn -0.122709 -0.755750 0.643261
vn -0.082076 -0.755749 0.649697
vn -0.082076 -0.755749 0.649697
vn -0.041119 -0.755749 0.653569
vn -0.041119 -0.755749 0.653569
vn 0.000000 -0.755749 0.654861
vn 0.000000 -0.755749 0.654861
vn 0.041119 -0.755749 0.653569
vn 0.041119 -0.755749 0.653569
vn 0.082076 -0.755749 0.649698
vn 0.082076 -0.755749 0.649697
vn 0.122708 -0.755749 0.643262
vn 0.122708 -0.755749 0.643262
vn 0.162857 -0.755750 0.634287
vn 0.162857 -0.755750 0.634287
vn 0.202363 -0.755749 0.622810
vn 0.202363 -0.755749 0.622810
vn 0.241070 -0.755750 0.608874
vn 0.241070 -0.755750 0.608874
vn 0.278826 -0.755749 0.592536
vn 0.278826 -0.755749 0.592536
vn 0.315482 -0.755749 0.573859
vn 0.315482 -0.755749 0.573859
vn 0.350892 -0.755750 0.552917
vn 0.350892 -0.755750 0.552917
vn 0.384917 -0.755749 0.529794
vn 0.384917 -0.755749 0.529794
vn 0.417424 -0.755750 0.504579
vn 0.417424 -0.755750 0.504579
vn 0.448283 -0.755750 0.477373
vn 0.448283 -0.755750 0.477373
vn 0.477373 -0.755749 0.448284
vn 0.477373 -0.755749 0.448284
vn 0.504580 -0.755749 0.417424
vn 0.504580 -0.755749 0.417424
vn 0.529794 -0.755749 0.384917
vn 0.529794 -0.755749 0.384917
vn 0.552917 -0.755749 0.350892
vn 0.552917 -0.755749 0.350892
vn 0.573859 -0.755750 0.315481
vn 0.573859 -0.755750 0.315481
vn 0.592535 -0.755750 0.278826
vn 0.592535 -0.755750 0.278826
vn 0.608874 -0.755750 0.241071
vn 0.608874 -0.755750 0.241071
vn 0.622810 -0.755750 0.202363
vn 0.622810 -0.755750 0.202363
vn 0.634287 -0.755750 0.162857
vn 0.634287 -0.755749 0.162857
vn 0.643261 -0.755750 0.122709
vn 0.643261 -0.755750 0.122709
vn 0.649697 -0.755750 0.082076
vn 0.649697 -0.755750 0.082076
vn 0.653569 -0.755749 0.041119
vn 0.653569 -0.755749 0.041119
vn 0.654861 -0.755749 0.000000
vn 0.654861 -0.755749 0.000000
vn 0.653569 -0.755749 -0.041119
vn 0.653569 -0.755749 -0.041119
vn 0.649698 -0.755749 -0.082076
vn 0.649698 -0.755749 -0.082076
vn 0.643262 -0.755749 -0.122709
vn 0.643262 -0.755749 -0.122709
vn 0.634287 -0.755750 -0.162857
vn 0.634287 -0.755750 -0.162857
vn 0.622809 -0.755750 -0.202363
vn 0.622809 -0.755750 -0.202363
vn 0.608874 -0.755749 -0.241071
vn 0.608875 -0.755749 -0.241071
vn 0.592536 -0.755750 -0.278826
vn 0.592536 -0.755749 -0.278826
vn 0.573859 -0.755750 -0.315482
vn 0.573859 -0.755750 -0.315482
vn 0.552917 -0.755749 -0.350892
vn 0.552917 -0.755749 -0.350892
vn 0.529794 -0.755749 -0.384918
vn 0.529794 -0.755749 -0.384918
vn 0.504580 -0.755749 -0.417424
vn 0.504580 -0.755749 -0.417424
vn 0.477373 -0.755749 -0.448283
vn 0.477373 -0.755749 -0.448283
vn 0.448283 -0.755750 -0.477373
vn 0.448283 -0.755750 -0.477373
vn 0.417423 -0.755750 -0.504579
vn 0.417423 -0.755750 -0.504579
vn 0.384918 -0.755749 -0.529794
vn 0.384918 -0.755749 -0.529794
vn 0.350893 -0.755749 -0.552918
vn 0.350893 -0.755749 -0.552918
vn 0.315482 -0.755749 -0.573859
vn 0.315482 -0.755749 -0.573859
vn 0.278826 -0.755749 -0.592536
vn 0.278826 -0.755750 -0.592536
vn 0.241071 -0.755750 -0.608874
vn 0.241071 -0.755749 -0.608874
vn 0.202363 -0.755750 -0.622810
vn 0.202363 -0.755750 -0.622810
vn 0.162857 -0.755750 -0.634287
vn 0.162857 -0.755750 -0.634287
vn 0.122709 -0.755749 -0.643261
vn 0.122709 -0.755750 -0.643261
vn 0.082076 -0.755749 -0.649697
vn 0.082076 -0.755750 -0.649697
vn 0.041119 -0.755749 -0.653569
vn 0.041119 -0.755749 -0.653569
vn -0.000000 -0.755750 -0.654861
vn 0.000000 -0.755749 -0.654861
vn -0.041119 -0.755749 -0.653569
vn -0.041119 -0.755749 -0.653569
vn -0.082076 -0.755750 -0.649697
vn -0.082076 -0.755750 -0.649697
vn -0.122708 -0.755750 -0.643261
vn -0.122708 -0.755750 -0.643261
vn -0.162857 -0.755750 -0.634287
vn -0.162857 -0.755750 -0.634287
vn -0.202363 -0.755750 -0.622809
vn -0.202363 -0.755750 -0.622809
vn -0.241070 -0.755750 -0.608874
vn -0.241070 -0.755750 -0.608874
vn -0.278826 -0.755750 -0.592536
vn -0.278826 -0.755750 -0.592536
vn -0.315482 -0.755749 -0.573859
vn -0.315482 -0.755749 -0.573859
vn -0.350893 -0.755749 -0.552917
vn -0.350893 -0.755749 -0.552917
vn -0.384917 -0.755750 -0.529794
vn -0.384917 -0.755750 -0.529794
vn -0.417424 -0.755750 -0.504579
vn -0.417424 -0.755750 -0.504579
vn -0.448283 -0.755749 -0.477373
vn -0.448283 -0.755749 -0.477373
vn -0.477373 -0.755750 -0.448283
vn -0.477373 -0.755750 -0.448283
vn -0.504579 -0.755750 -0.417424
vn -0.504579 -0.755749 -0.417424
vn -0.529794 -0.755749 -0.384917
vn -0.529794 -0.755749 -0.384917
vn -0.552917 -0.755750 -0.350892
vn -0.552917 -0.755750 -0.350892
vn -0.573859 -0.755749 -0.315482
vn -0.573859 -0.755749 -0.315482
vn -0.592535 -0.755750 -0.278826
vn -0.592535 -0.755750 -0.278826
vn -0.608874 -0.755750 -0.241070
vn -0.608874 -0.755750 -0.241071
vn -0.622810 -0.755749 -0.202363
vn -0.622810 -0.755749 -0.202363
vn -0.634288 -0.755749 -0.162857
vn -0.634288 -0.755749 -0.162857
vn -0.643262 -0.755749 -0.122709
vn -0.643262 -0.755749 -0.122709
vn -0.649697 -0.755749 -0.082076
vn -0.649697 -0.755749 -0.082076
vn -0.653569 -0.755749 -0.041119
vn -0.653569 -0.755749 -0.041119
vn -0.654861 -0.755749 0.000003
vn -0.654861 -0.755749 0.000003
vn -0.951927 -0.281734 0.120257
vn -0.957599 -0.281734 0.060251
vn -0.957599 -0.281734 0.060251
vn -0.951927 -0.281734 0.120257
vn -0.942497 -0.281735 0.179791
vn -0.942497 -0.281735 0.179791
vn -0.929348 -0.281734 0.238616
vn -0.929348 -0.281734 0.238616
vn -0.912532 -0.281734 0.296500
vn -0.912532 -0.281734 0.296500
vn -0.892114 -0.281734 0.353213
vn -0.892114 -0.281734 0.353213
vn -0.868175 -0.281733 0.408532
vn -0.868175 -0.281733 0.408532
vn -0.840810 -0.281732 0.462239
vn -0.840810 -0.281732 0.462239
vn -0.810127 -0.281732 0.514122
vn -0.810127 -0.281732 0.514122
vn -0.776246 -0.281732 0.563976
vn -0.776246 -0.281732 0.563976
vn -0.739303 -0.281731 0.611604
vn -0.739303 -0.281731 0.611604
vn -0.699440 -0.281731 0.656819
vn -0.699441 -0.281731 0.656819
vn -0.656818 -0.281731 0.699441
vn -0.656818 -0.281731 0.699441
vn -0.611605 -0.281732 0.739302
vn -0.611605 -0.281732 0.739302
vn -0.563976 -0.281733 0.776246
vn -0.563976 -0.281733 0.776246
vn -0.514122 -0.281734 0.810127
vn -0.514122 -0.281734 0.810127
vn -0.462239 -0.281733 0.840810
vn -0.462239 -0.281733 0.840810
vn -0.408532 -0.281733 0.868175
vn -0.408532 -0.281733 0.868175
vn -0.353213 -0.281733 0.892114
vn -0.353213 -0.281733 0.892114
vn -0.296500 -0.281732 0.912532
vn -0.296500 -0.281732 0.912532
vn -0.238616 -0.281733 0.929349
vn -0.238616 -0.281733 0.929349
vn -0.179791 -0.281733 0.942497
vn -0.179791 -0.281734 0.942498
vn -0.120258 -0.281734 0.951926
vn -0.120258 -0.281734 0.951927
vn -0.060247 -0.281734 0.957599
vn -0.060247 -0.281734 0.957599
vn 0.000001 -0.281733 0.959493
vn 0.000001 -0.281733 0.959493
vn 0.060248 -0.281733 0.957599
vn 0.060248 -0.281733 0.957599
vn 0.120258 -0.281733 0.951927
vn 0.120258 -0.281733 0.951927
vn 0.179791 -0.281733 0.942498
vn 0.179791 -0.281733 0.942498
vn 0.238615 -0.281733 0.929349
vn 0.238615 -0.281733 0.929349
vn 0.296499 -0.281733 0.912532
vn 0.296500 -0.281733 0.912532
vn 0.353213 -0.281733 0.892114
vn 0.353213 -0.281733 0.892114
vn 0.408532 -0.281733 0.868175
vn 0.408532 -0.281733 0.868175
vn 0.462239 -0.281733 0.840810
vn 0.462239 -0.281733 0.840810
vn 0.514123 -0.281733 0.810126
vn 0.514122 -0.281732 0.810126
vn 0.563976 -0.281732 0.776246
vn 0.563976 -0.281732 0.776246
vn 0.611603 -0.281732 0.739302
vn 0.611603 -0.281732 0.739302
vn 0.656818 -0.281732 0.699441
vn 0.656818 -0.281732 0.699441
vn 0.699440 -0.281732 0.656819
vn 0.699440 -0.281732 0.656819
vn 0.739302 -0.281733 0.611604
vn 0.739302 -0.281733 0.611604
vn 0.776247 -0.281732 0.563975
vn 0.776247 -0.281732 0.563975
vn 0.810127 -0.281732 0.514122
vn 0.810127 -0.281732 0.514122
vn 0.840810 -0.281733 0.462239
vn 0.840810 -0.281733 0.462239
vn 0.868175 -0.281733 0.408532
vn 0.868175 -0.281733 0.408532
vn 0.892114 -0.281733 0.353213
vn 0.892114 -0.281733 0.353213
vn 0.912532 -0.281733 0.296500
vn 0.912532 -0.281733 0.296500
vn 0.929349 -0.281732 0.238616
vn 0.929349 -0.281732 0.238616
vn 0.942498 -0.281731 0.179792
vn 0.942498 -0.281731 0.179792
vn 0.951927 -0.281731 0.120257
vn 0.951927 -0.281731 0.120257
vn 0.957599 -0.281733 0.060247
vn 0.957599 -0.281733 0.060247
vn 0.959493 -0.281734 -0.000000
vn 0.959493 -0.281734 -0.000000
vn 0.957600 -0.281732 -0.060247
vn 0.957600 -0.281732 -0.060247
vn 0.951927 -0.281733 -0.120257
vn 0.951927 -0.281733 -0.120257
vn 0.942498 -0.281733 -0.179791
vn 0.942498 -0.281733 -0.179791
vn 0.929349 -0.281733 -0.238616
vn 0.929349 -0.281733 -0.238616
vn 0.912532 -0.281733 -0.296500
vn 0.912532 -0.281734 -0.296500
vn 0.892114 -0.281734 -0.353213
vn 0.892114 -0.281734 -0.353213
vn 0.868175 -0.281734 -0.408532
vn 0.868175 -0.281734 -0.408532
vn 0.840810 -0.281733 -0.462239
vn 0.840810 -0.281733 -0.462239
vn 0.810126 -0.281734 -0.514123
vn 0.810126 -0.281734 -0.514122
vn 0.776246 -0.281734 -0.563976
vn 0.776245 -0.281734 -0.563976
vn 0.739302 -0.281734 -0.611603
vn 0.739302 -0.281734 -0.611603
vn 0.699440 -0.281734 -0.656818
vn 0.699440 -0.281734 -0.656818
vn 0.656818 -0.281733 -0.699440
vn 0.656818 -0.281733 -0.699440
vn 0.611604 -0.281733 -0.739302
vn 0.611604 -0.281733 -0.739302
vn 0.563976 -0.281733 -0.776246
vn 0.563976 -0.281733 -0.776246
vn 0.514122 -0.281733 -0.810127
vn 0.514122 -0.281733 -0.810127
vn 0.462238 -0.281733 -0.840810
vn 0.462238 -0.281733 -0.840810
vn 0.408532 -0.281734 -0.868175
vn 0.408531 -0.281734 -0.868175
vn 0.353214 -0.281733 -0.892114
vn 0.353214 -0.281733 -0.892114
vn 0.296500 -0.281733 -0.912532
vn 0.296500 -0.281733 -0.912532
vn 0.238615 -0.281732 -0.929349
vn 0.238616 -0.281732 -0.929349
vn 0.179791 -0.281733 -0.942498
vn 0.179791 -0.281733 -0.942498
vn 0.120257 -0.281733 -0.951927
vn 0.120257 -0.281733 -0.951927
vn 0.060247 -0.281734 -0.957599
vn 0.060247 -0.281734 -0.957599
vn -0.000000 -0.281733 -0.959493
vn 0.000000 -0.281733 -0.959493
vn -0.060246 -0.281734 -0.957599
vn -0.060246 -0.281734 -0.957599
vn -0.120257 -0.281734 -0.951927
vn -0.120257 -0.281734 -0.951927
vn -0.179791 -0.281734 -0.942497
vn -0.179791 -0.281734 -0.942497
vn -0.238615 -0.281733 -0.929349
vn -0.238615 -0.281733 -0.929349
vn -0.296500 -0.281733 -0.912532
vn -0.296500 -0.281733 -0.912532
vn -0.353213 -0.281732 -0.892114
vn -0.353213 -0.281732 -0.892114
vn -0.408531 -0.281732 -0.868176
vn -0.408531 -0.281732 -0.868176
vn -0.462240 -0.281732 -0.840810
vn -0.462240 -0.281732 -0.840810
vn -0.514123 -0.281733 -0.810126
vn -0.514123 -0.281733 -0.810126
vn -0.563976 -0.281733 -0.776246
vn -0.563976 -0.281733 -0.776246
vn -0.611604 -0.281733 -0.739302
vn -0.611604 -0.281733 -0.739302
vn -0.656818 -0.281732 -0.699440
vn -0.656818 -0.281732 -0.699440
vn -0.699440 -0.281732 -0.656818
vn -0.699440 -0.281732 -0.656818
vn -0.739302 -0.281733 -0.611604
vn -0.739302 -0.281733 -0.611604
vn -0.776246 -0.281733 -0.563976
vn -0.776246 -0.281733 -0.563976
vn -0.810126 -0.281733 -0.514122
vn -0.810127 -0.281733 -0.514122
vn -0.840810 -0.281734 -0.462239
vn -0.840810 -0.281734 -0.462239
vn -0.868176 -0.281732 -0.408532
vn -0.868176 -0.281732 -0.408532
vn -0.892114 -0.281733 -0.353213
vn -0.892114 -0.281733 -0.353213
vn -0.912532 -0.281733 -0.296500
vn -0.912532 -0.281733 -0.296500
vn -0.929349 -0.281733 -0.238616
vn -0.929349 -0.281733 -0.238616
vn -0.942497 -0.281733 -0.179792
vn -0.942497 -0.281733 -0.179792
vn -0.951927 -0.281732 -0.120257
vn -0.951927 -0.281732 -0.120257
vn -0.957600 -0.281732 -0.060247
vn -0.957600 -0.281732 -0.060247
vn -0.959493 -0.281733 0.000004
vn -0.959493 -0.281733 0.000004
vn 0.000000 1.000000 0.000000
vn 0.000000 1.000000 0.000000
vn 0.000000 1.000000 0.000000
vn 0.000000 1.000000 0.000000
vn 0.156434 0.000000 0.987688
vn 0.156434 0.000000 0.987688
vn 0.156434 0.000000 0.987688
vn 0.156434 0.000000 0.987688
vn 0.000000 -1.000000 0.000000
vn 0.000000 -1.000000 0.000000
vn 0.000000 -1.000000 0.000000
vn 0.000000 -1.000000 0.000000
vn -0.156435 0.000000 -0.987688
vn -0.156435 0.000000 -0.987688
vn -0.156435 0.000000 -0.987688
vn -0.156435 0.000000 -0.987688
vn 0.000000 1.000000 0.000000
vn 0.000000 1.000000 0.000000
vn 0.000000 1.000000 0.000000
vn 0.000000 1.000000 0.000000
vn 0.453991 0.000000 0.891006
vn 0.453991 0.000000 0.891006
vn 0.453991 0.000000 0.891006
vn 0.453991 0.000000 0.891006
vn 0.000000 -1.000000 0.000000
vn 0.000000 -1.000000 0.000000
vn 0.000000 -1.000000 0.000000
vn 0.000000 -1.000000 0.000000
vn -0.453991 0.000000 -0.891006
vn -0.453991 0.000000 -0.891006
vn -0.453991 0.000000 -0.891006
vn -0.453991 0.000000 -0.891006
vn 0.000000 1.000000 -0.000000
vn 0.000000 1.000000 -0.000000
vn 0.000000 1.000000 -0.000000
vn 0.000000 1.000000 -0.000000
vn 0.707107 0.000000 0.707106
vn 0.707107 0.000000 0.707106
vn 0.707107 0.000000 0.707106
vn 0.707107 0.000000 0.707106
vn 0.000000 -1.000000 0.000000
vn 0.000000 -1.000000 0.000000
vn 0.000000 -1.000000 0.000000
vn 0.000000 -1.000000 0.000000
vn -0.707107 0.000000 -0.707106
vn -0.707107 0.000000 -0.707106
vn -0.707107 0.000000 -0.707106
vn -0.707107 0.000000 -0.707106
vn 0.000000 1.000000 -0.000000
vn 0.000000 1.000000 -0.000000
vn 0.000000 1.000000 -0.000000
vn 0.000000 1.000000 -0.000000
vn 0.891006 0.000000 0.453991
vn 0.891006 0.000000 0.453991
vn 0.891006 0.000000 0.453991
vn 0.891006 0.000000 0.453991
vn 0.000000 -1.000000 -0.000000
vn 0.000000 -1.000000 -0.000000
vn 0.000000 -1.000000 -0.000000
vn 0.000000 -1.000000 -0.000000
vn -0.891006 0.000000 -0.453991
vn -0.891006 0.000000 -0.453991
vn -0.891006 0.000000 -0.453991
vn -0.891006 0.000000 -0.453991
vn 0.000000 1.000000 0.000000
vn 0.000000 1.000000 0.000000
vn 0.000000 1.000000 0.000000
vn 0.000000 1.000000 0.000000
vn 0.987688 0.000000 0.156435
vn 0.987688 0.000000 0.156435
vn 0.987688 0.000000 0.156435
vn 0.987688 0.000000 0.156435
vn 0.000000 -1.000000 0.000000
vn 0.000000 -1.000000 0.000000
vn 0.000000 -1.000000 0.000000
vn 0.000000 -1.000000 0.000000
vn -0.987688 0.000000 -0.156434
vn -0.987688 0.000000 -0.156434
vn -0.987688 0.000000 -0.156434
vn -0.987688 0.000000 -0.156434
vn 0.000000 1.000000 -0.000000
vn 0.000000 1.000000 -0.000000
vn 0.000000 1.000000 -0.000000
vn 0.000000 1.000000 -0.000000
vn 0.987688 0.000000 -0.156434
vn 0.987688 0.000000 -0.156434
vn 0.987688 0.000000 -0.156434
vn 0.987688 0.000000 -0.156434
vn 0.000000 -1.000000 -0.000000
vn 0.000000 -1.000000 -0.000000
vn 0.000000 -1.000000 -0.000000
vn 0.000000 -1.000000 -0.000000
vn -0.987689 0.000000 0.156433
vn -0.987689 0.000000 0.156433
vn -0.987689 0.000000 0.156433
vn -0.987689 0.000000 0.156433
vn 0.000000 1.000000 0.000000
vn 0.000000 1.000000 0.000000
vn 0.000000 1.000000 0.000000
vn 0.000000 1.000000 0.000000
vn 0.891006 0.000000 -0.453991
vn 0.891006 0.000000 -0.453991
vn 0.891006 0.000000 -0.453991
vn 0.891006 0.000000 -0.453991
vn 0.000000 -1.000000 -0.000000
vn 0.000000 -1.000000 -0.000000
vn 0.000000 -1.000000 -0.000000
vn 0.000000 -1.000000 -0.000000
vn -0.891006 0.000000 0.453991
vn -0.891006 0.000000 0.453991
vn -0.891006 0.000000 0.453991
vn -0.891006 0.000000 0.453991
vn 0.000000 1.000000 0.000000
vn 0.000000 1.000000 0.000000
vn 0.000000 1.000000 0.000000
vn 0.000000 1.000000 0.000000
vn 0.707107 0.000000 -0.707106
vn 0.707107 0.000000 -0.707106
vn 0.707107 0.000000 -0.707106
vn 0.707107 0.000000 -0.707106
vn 0.000000 -1.000000 -0.000000
vn 0.000000 -1.000000 -0.000000
vn 0.000000 -1.000000 -0.000000
vn 0.000000 -1.000000 -0.000000
vn -0.707107 0.000000 0.707106
vn -0.707107 0.000000 0.707106
vn -0.707107 0.000000 0.707106
vn -0.707107 0.000000 0.707106
vn 0.000000 1.000000 0.000000
vn 0.000000 1.000000 0.000000
vn 0.000000 1.000000 0.000000
vn 0.000000 1.000000 0.000000
vn 0.453991 0.000000 -0.891006
vn 0.453991 0.000000 -0.891006
vn 0.453991 0.000000 -0.891006
vn 0.453991 0.000000 -0.891006
vn 0.000000 -1.000000 0.000000
vn 0.000000 -1.000000 0.000000
vn 0.000000 -1.000000 0.000000
vn 0.000000 -1.000000 0.000000
vn -0.453991 0.000000 0.891006
vn -0.453991 0.000000 0.891006
vn -0.453991 0.000000 0.891006
vn -0.453991 0.000000 0.891006
vn 0.000000 1.000000 0.000000
vn 0.000000 1.000000 0.000000
vn 0.000000 1.000000 0.000000
vn 0.000000 1.000000 0.000000
vn 0.156432 0.000000 -0.987689
vn 0.156432 0.000000 -0.987689
vn 0.156432 0.000000 -0.987689
vn 0.156432 0.000000 -0.987689
vn 0.000000 -1.000000 0.000000
vn 0.000000 -1.000000 0.000000
vn 0.000000 -1.000000 0.000000
vn 0.000000 -1.000000 0.000000
vn -0.156433 0.000000 0.987689
vn -0.156433 0.000000 0.987689
vn -0.156433 0.000000 0.987689
vn -0.156433 0.000000 0.987689
vn 0.000000 1.000000 0.000000
vn 0.000000 1.000000 0.000000
vn 0.000000 1.000000 0.000000
vn 0.000000 1.000000 0.000000
vn -0.156433 0.000000 -0.987689
vn -0.156433 0.000000 -0.987689
vn -0.156433 0.000000 -0.987689
vn -0.156433 0.000000 -0.987689
vn 0.000000 -1.000000 0.000000
vn 0.000000 -1.000000 0.000000
vn 0.000000 -1.000000 0.000000
vn 0.000000 -1.000000 0.000000
vn 0.156434 0.000000 0.987688
vn 0.156434 0.000000 0.987688
vn 0.156434 0.000000 0.987688
vn 0.156434 0.000000 0.987688
vn 0.000000 1.000000 0.000000
vn 0.000000 1.000000 0.000000
vn 0.000000 1.000000 0.000000
vn 0.000000 1.000000 0.000000
vn -0.453991 0.000000 -0.891006
vn -0.453991 0.000000 -0.891006
vn -0.453991 0.000000 -0.891006
vn -0.453991 0.000000 -0.891006
vn 0.000000 -1.000000 0.000000
vn 0.000000 -1.000000 0.000000
vn 0.000000 -1.000000 0.000000
vn 0.000000 -1.000000 0.000000
vn 0.453991 0.000000 0.891006
vn 0.453991 0.000000 0.891006
vn 0.453991 0.000000 0.891006
vn 0.453991 0.000000 0.891006
vn 0.000000 1.000000 0.000000
vn 0.000000 1.000000 0.000000
vn 0.000000 1.000000 0.000000
vn 0.000000 1.000000 0.000000
vn -0.707110 0.000000 -0.707104
vn -0.707110 0.000000 -0.707104
vn -0.707110 0.000000 -0.707104
vn -0.707110 0.000000 -0.707104
vn 0.000000 -1.000000 0.000000
vn 0.000000 -1.000000 0.000000
vn 0.000000 -1.000000 0.000000
vn 0.000000 -1.000000 0.000000
vn 0.707112 0.000000 0.707101
vn 0.707112 0.000000 0.707101
vn 0.707112 0.000000 0.707101
vn 0.707112 0.000000 0.707101
vn 0.000000 1.000000 0.000000
vn 0.000000 1.000000 0.000000
vn 0.000000 1.000000 0.000000
vn 0.000000 1.000000 0.000000
vn -0.891007 0.000000 -0.453989
vn -0.891007 0.000000 -0.453989
vn -0.891007 0.000000 -0.453989
vn -0.891007 0.000000 -0.453989
vn 0.000000 -1.000000 0.000000
vn 0.000000 -1.000000 0.000000
vn 0.000000 -1.000000 0.000000
vn 0.000000 -1.000000 0.000000
vn 0.891008 0.000000 0.453987
vn 0.891008 0.000000 0.453987
vn 0.891008 0.000000 0.453987
vn 0.891008 0.000000 0.453987
vn 0.000000 1.000000 0.000000
vn 0.000000 1.000000 0.000000
vn 0.000000 1.000000 0.000000
vn 0.000000 1.000000 0.000000
vn -0.987689 0.000000 -0.156433
vn -0.987689 0.000000 -0.156433
vn -0.987689 0.000000 -0.156433
vn -0.987689 0.000000 -0.156433
vn 0.000000 -1.000000 -0.000000
vn 0.000000 -1.000000 -0.000000
vn 0.000000 -1.000000 -0.000000
vn 0.000000 -1.000000 -0.000000
vn 0.987689 0.000000 0.156433
vn 0.987689 0.000000 0.156433
vn 0.987689 0.000000 0.156433
vn 0.987689 0.000000 0.156433
vn 0.000000 1.000000 -0.000000
vn 0.000000 1.000000 -0.000000
vn 0.000000 1.000000 -0.000000
vn 0.000000 1.000000 -0.000000
vn -0.987689 0.000000 0.156433
vn -0.987689 0.000000 0.156433
vn -0.987689 0.000000 0.156433
vn -0.987689 0.000000 0.156433
vn 0.000000 -1.000000 0.000000
vn 0.000000 -1.000000 0.000000
vn 0.000000 -1.000000 0.000000
vn 0.000000 -1.000000 0.000000
vn 0.987689 0.000000 -0.156433
vn 0.987689 0.000000 -0.156433
vn 0.987689 0.000000 -0.156433
vn 0.987689 0.000000 -0.156433
vn 0.000000 1.000000 -0.000000
vn 0.000000 1.000000 -0.000000
vn 0.000000 1.000000 -0.000000
vn 0.000000 1.000000 -0.000000
vn -0.891006 0.000000 0.453991
vn -0.891006 0.000000 0.453991
vn -0.891006 0.000000 0.453991
vn -0.891006 0.000000 0.453991
vn 0.000000 -1.000000 -0.000000
vn 0.000000 -1.000000 -0.000000
vn 0.000000 -1.000000 -0.000000
vn 0.000000 -1.000000 -0.000000
vn 0.891006 0.000000 -0.453991
vn 0.891006 0.000000 -0.453991
vn 0.891006 0.000000 -0.453991
vn 0.891006 0.000000 -0.453991
vn 0.000000 1.000000 -0.000000
vn 0.000000 1.000000 -0.000000
vn 0.000000 1.000000 -0.000000
vn 0.000000 1.000000 -0.000000
vn -0.707112 0.000000 0.707101
vn -0.707112 0.000000 0.707101
vn -0.707112 0.000000 0.707101
vn -0.707112 0.000000 0.707101
vn 0.000000 -1.000000 0.000000
vn 0.000000 -1.000000 0.000000
vn 0.000000 -1.000000 0.000000
vn 0.000000 -1.000000 0.000000
vn 0.707110 0.000000 -0.707104
vn 0.707110 0.000000 -0.707104
vn 0.707110 0.000000 -0.707104
vn 0.707110 0.000000 -0.707104
vn 0.000000 1.000000 0.000000
vn 0.000000 1.000000 0.000000
vn 0.000000 1.000000 0.000000
vn 0.000000 1.000000 0.000000
vn -0.453991 0.000000 0.891006
vn -0.453991 0.000000 0.891006
vn -0.453991 0.000000 0.891006
vn -0.453991 0.000000 0.891006
vn 0.000000 -1.000000 0.000000
vn 0.000000 -1.000000 0.000000
vn 0.000000 -1.000000 0.000000
vn 0.000000 -1.000000 0.000000
vn 0.453991 0.000000 -0.891006
vn 0.453991 0.000000 -0.891006
vn 0.453991 0.000000 -0.891006
vn 0.453991 0.000000 -0.891006
vn 0.000000 1.000000 0.000000
vn 0.000000 1.000000 0.000000
vn 0.000000 1.000000 0.000000
vn 0.000000 1.000000 0.000000
vn -0.156432 0.000000 0.987689
vn -0.156432 0.000000 0.987689
vn -0.156432 0.000000 0.987689
vn -0.156432 0.000000 0.987689
vn 0.000000 -1.000000 0.000000
vn 0.000000 -1.000000 0.000000
vn 0.000000 -1.000000 0.000000
vn 0.000000 -1.000000 0.000000
vn 0.156433 0.000000 -0.987689
vn 0.156433 0.000000 -0.987689
vn 0.156433 0.000000 -0.987689
vn 0.156433 0.000000 -0.987689
vn 0.279512 -0.959493 -0.035311
vn 0.281178 -0.959493 -0.017691
vn 0.281178 -0.959493 -0.017691
vn 0.279512 -0.959493 -0.035311
vn -0.281178 0.959493 0.017691
vn -0.279512 0.959493 0.035311
vn -0.279511 0.959493 0.035311
vn -0.281178 0.959493 0.017691
vn 0.276743 -0.959493 -0.052791
vn 0.276743 -0.959493 -0.052791
vn -0.276742 0.959493 0.052791
vn -0.276742 0.959493 0.052791
vn 0.272881 -0.959493 -0.070064
vn 0.272881 -0.959493 -0.070064
vn -0.272880 0.959493 0.070064
vn -0.272880 0.959493 0.070064
vn 0.267944 -0.959493 -0.087060
vn 0.267944 -0.959493 -0.087060
vn -0.267944 0.959493 0.087060
vn -0.267944 0.959493 0.087060
vn 0.261949 -0.959493 -0.103713
vn 0.261949 -0.959493 -0.103713
vn -0.261949 0.959493 0.103713
vn -0.261949 0.959493 0.103713
vn 0.254918 -0.959493 -0.119955
vn 0.254918 -0.959493 -0.119955
vn -0.254918 0.959493 0.119955
vn -0.254918 0.959493 0.119955
vn 0.246884 -0.959493 -0.135726
vn 0.246884 -0.959493 -0.135726
vn -0.246884 0.959493 0.135726
vn -0.246884 0.959493 0.135726
vn 0.237875 -0.959493 -0.150960
vn 0.237875 -0.959493 -0.150960
vn -0.237875 0.959493 0.150960
vn -0.237875 0.959493 0.150960
vn 0.227926 -0.959493 -0.165598
vn 0.227926 -0.959493 -0.165598
vn -0.227926 0.959493 0.165598
vn -0.227926 0.959493 0.165598
vn 0.217077 -0.959494 -0.179582
vn 0.217077 -0.959494 -0.179582
vn -0.217078 0.959493 0.179582
vn -0.217078 0.959493 0.179582
vn 0.205372 -0.959494 -0.192857
vn 0.205372 -0.959494 -0.192858
vn -0.205373 0.959493 0.192858
vn -0.205373 0.959493 0.192858
vn 0.192858 -0.959493 -0.205373
vn 0.192858 -0.959493 -0.205373
vn -0.192859 0.959493 0.205374
vn -0.192859 0.959493 0.205374
vn 0.179583 -0.959493 -0.217078
vn 0.179583 -0.959493 -0.217078
vn -0.179583 0.959493 0.217079
vn -0.179583 0.959493 0.217079
vn 0.165598 -0.959493 -0.227927
vn 0.165599 -0.959493 -0.227927
vn -0.165599 0.959493 0.227927
vn -0.165599 0.959493 0.227927
vn 0.150960 -0.959493 -0.237875
vn 0.150960 -0.959493 -0.237875
vn -0.150961 0.959492 0.237876
vn -0.150961 0.959493 0.237876
vn 0.135726 -0.959493 -0.246885
vn 0.135726 -0.959493 -0.246885
vn -0.135726 0.959493 0.246886
vn -0.135726 0.959493 0.246886
vn 0.119956 -0.959493 -0.254920
vn 0.119956 -0.959493 -0.254920
vn -0.119956 0.959493 0.254920
vn -0.119956 0.959493 0.254920
vn 0.103713 -0.959493 -0.261949
vn 0.103713 -0.959493 -0.261949
vn -0.103713 0.959493 0.261948
vn -0.103713 0.959493 0.261948
vn 0.087060 -0.959493 -0.267944
vn 0.087060 -0.959493 -0.267944
vn -0.087060 0.959493 0.267944
vn -0.087060 0.959493 0.267944
vn 0.070064 -0.959493 -0.272881
vn 0.070064 -0.959493 -0.272881
vn -0.070064 0.959493 0.272881
vn -0.070064 0.959493 0.272881
vn 0.052792 -0.959493 -0.276743
vn 0.052792 -0.959493 -0.276743
vn -0.052792 0.959493 0.276743
vn -0.052792 0.959493 0.276743
vn 0.035311 -0.959493 -0.279512
vn 0.035311 -0.959493 -0.279512
vn -0.035311 0.959493 0.279512
vn -0.035311 0.959493 0.279512
vn 0.017690 -0.959493 -0.281178
vn 0.017690 -0.959493 -0.281178
vn -0.017690 0.959493 0.281178
vn -0.017690 0.959493 0.281178
vn -0.000000 -0.959493 -0.281734
vn -0.000000 -0.959492 -0.281734
vn 0.000000 0.959493 0.281734
vn 0.000000 0.959493 0.281734
vn -0.017690 -0.959493 -0.281178
vn -0.017690 -0.959493 -0.281178
vn 0.017690 0.959493 0.281178
vn 0.017690 0.959493 0.281178
vn -0.035311 -0.959493 -0.279512
vn -0.035311 -0.959493 -0.279512
vn 0.035311 0.959493 0.279512
vn 0.035311 0.959493 0.279512
vn -0.052791 -0.959493 -0.276743
vn -0.052791 -0.959493 -0.276743
vn 0.052792 0.959493 0.276743
vn 0.052792 0.959493 0.276743
vn -0.070064 -0.959493 -0.272881
vn -0.070064 -0.959493 -0.272881
vn 0.070064 0.959493 0.272882
vn 0.070064 0.959493 0.272882
vn -0.087060 -0.959493 -0.267944
vn -0.087060 -0.959493 -0.267944
vn 0.087060 0.959493 0.267944
vn 0.087060 0.959493 0.267944
vn -0.103713 -0.959493 -0.261949
vn -0.103713 -0.959493 -0.261949
vn 0.103713 0.959493 0.261949
vn 0.103713 0.959493 0.261949
vn -0.119956 -0.959493 -0.254920
vn -0.119956 -0.959493 -0.254920
vn 0.119956 0.959493 0.254920
vn 0.119956 0.959493 0.254920
vn -0.135726 -0.959493 -0.246885
vn -0.135726 -0.959493 -0.246885
vn 0.135726 0.959493 0.246885
vn 0.135726 0.959493 0.246885
vn -0.150960 -0.959493 -0.237875
vn -0.150960 -0.959493 -0.237875
vn 0.150960 0.959493 0.237875
vn 0.150960 0.959493 0.237875
vn -0.165598 -0.959493 -0.227926
vn -0.165598 -0.959493 -0.227926
vn 0.165598 0.959493 0.227926
vn 0.165598 0.959493 0.227926
vn -0.179583 -0.959493 -0.217078
vn -0.179583 -0.959493 -0.217078
vn 0.179583 0.959493 0.217079
vn 0.179583 0.959493 0.217079
vn -0.192858 -0.959493 -0.205374
vn -0.192858 -0.959493 -0.205374
vn 0.192859 0.959493 0.205374
vn 0.192859 0.959493 0.205374
vn -0.205373 -0.959493 -0.192859
vn -0.205373 -0.959493 -0.192859
vn 0.205374 0.959493 0.192860
vn 0.205374 0.959493 0.192860
vn -0.217079 -0.959493 -0.179583
vn -0.217079 -0.959493 -0.179583
vn 0.217080 0.959493 0.179584
vn 0.217080 0.959493 0.179584
vn -0.227927 -0.959493 -0.165598
vn -0.227927 -0.959493 -0.165598
vn 0.227927 0.959493 0.165599
vn 0.227927 0.959493 0.165599
vn -0.237875 -0.959493 -0.150960
vn -0.237875 -0.959493 -0.150960
vn 0.237876 0.959493 0.150960
vn 0.237876 0.959493 0.150960
vn -0.246885 -0.959493 -0.135726
vn -0.246885 -0.959493 -0.135726
vn 0.246885 0.959493 0.135726
vn 0.246885 0.959493 0.135726
vn -0.254921 -0.959493 -0.119956
vn -0.254921 -0.959493 -0.119956
vn 0.254920 0.959493 0.119956
vn 0.254920 0.959493 0.119956
vn -0.261949 -0.959493 -0.103713
vn -0.261949 -0.959493 -0.103713
vn 0.261948 0.959493 0.103713
vn 0.261948 0.959493 0.103713
vn -0.267944 -0.959493 -0.087060
vn -0.267944 -0.959493 -0.087060
vn 0.267943 0.959493 0.087060
vn 0.267943 0.959493 0.087060
vn -0.272880 -0.959493 -0.070064
vn -0.272880 -0.959493 -0.070064
vn 0.272881 0.959493 0.070064
vn 0.272881 0.959493 0.070064
vn -0.276741 -0.959493 -0.052791
vn -0.276741 -0.959493 -0.052791
vn 0.276742 0.959493 0.052791
vn 0.276742 0.959493 0.052791
vn -0.279511 -0.959493 -0.035311
vn -0.279511 -0.959493 -0.035311
vn 0.279511 0.959493 0.035311
vn 0.279511 0.959493 0.035311
vn -0.281177 -0.959493 -0.017690
vn -0.281177 -0.959493 -0.017690
vn 0.281176 0.959493 0.017690
vn 0.281176 0.959493 0.017690
vn -0.281733 -0.959493 -0.000000
vn -0.281733 -0.959493 -0.000000
vn 0.281732 0.959493 0.000000
vn 0.281732 0.959493 0.000000
vn -0.281177 -0.959493 0.017690
vn -0.281177 -0.959493 0.017690
vn 0.281178 0.959493 -0.017690
vn 0.281179 0.959493 -0.017690
vn -0.279511 -0.959493 0.035311
vn -0.279511 -0.959493 0.035311
vn 0.279513 0.959492 -0.035311
vn 0.279513 0.959493 -0.035311
vn -0.276742 -0.959493 0.052791
vn -0.276742 -0.959493 0.052791
vn 0.276743 0.959493 -0.052791
vn 0.276743 0.959493 -0.052791
vn -0.272881 -0.959493 0.070064
vn -0.272881 -0.959493 0.070064
vn 0.272882 0.959493 -0.070064
vn 0.272882 0.959493 -0.070064
vn -0.267944 -0.959493 0.087060
vn -0.267944 -0.959493 0.087060
vn 0.267945 0.959493 -0.087060
vn 0.267945 0.959493 -0.087060
vn -0.261950 -0.959493 0.103713
vn -0.261950 -0.959493 0.103713
vn 0.261949 0.959493 -0.103713
vn 0.261949 0.959493 -0.103713
vn -0.254921 -0.959493 0.119957
vn -0.254921 -0.959493 0.119957
vn 0.254920 0.959493 -0.119956
vn 0.254920 0.959493 -0.119956
vn -0.246886 -0.959493 0.135727
vn -0.246886 -0.959493 0.135727
vn 0.246886 0.959492 -0.135727
vn 0.246886 0.959492 -0.135727
vn -0.237876 -0.959493 0.150961
vn -0.237876 -0.959493 0.150961
vn 0.237876 0.959493 -0.150961
vn 0.237876 0.959493 -0.150961
vn -0.227927 -0.959493 0.165599
vn -0.227927 -0.959493 0.165599
vn 0.227927 0.959493 -0.165599
vn 0.227927 0.959493 -0.165599
vn -0.217079 -0.959493 0.179584
vn -0.217079 -0.959493 0.179584
vn 0.217079 0.959493 -0.179583
vn 0.217079 0.959493 -0.179583
vn -0.205375 -0.959493 0.192860
vn -0.205375 -0.959493 0.192860
vn 0.205374 0.959493 -0.192859
vn 0.205374 0.959493 -0.192859
vn -0.192859 -0.959493 0.205374
vn -0.192859 -0.959493 0.205374
vn 0.192859 0.959493 -0.205374
vn 0.192859 0.959493 -0.205374
vn -0.179583 -0.959493 0.217079
vn -0.179583 -0.959493 0.217079
vn 0.179583 0.959493 -0.217078
vn 0.179583 0.959493 -0.217078
vn -0.165598 -0.959493 0.227926
vn -0.165598 -0.959493 0.227926
vn 0.165598 0.959493 -0.227926
vn 0.165598 0.959493 -0.227926
vn -0.150960 -0.959493 0.237875
vn -0.150960 -0.959493 0.237875
vn 0.150960 0.959493 -0.237875
vn 0.150960 0.959493 -0.237875
vn -0.135726 -0.959493 0.246885
vn -0.135726 -0.959493 0.246885
vn 0.135726 0.959493 -0.246885
vn 0.135726 0.959493 -0.246885
vn -0.119956 -0.959493 0.254920
vn -0.119956 -0.959493 0.254920
vn 0.119956 0.959493 -0.254920
vn 0.119956 0.959493 -0.254920
vn -0.103713 -0.959493 0.261949
vn -0.103713 -0.959493 0.261949
vn 0.103713 0.959493 -0.261949
vn 0.103713 0.959493 -0.261949
vn -0.087060 -0.959493 0.267944
vn -0.087060 -0.959493 0.267944
vn 0.087060 0.959493 -0.267944
vn 0.087060 0.959493 -0.267944
vn -0.070064 -0.959493 0.272882
vn -0.070064 -0.959493 0.272882
vn 0.070064 0.959493 -0.272882
vn 0.070064 0.959493 -0.272882
vn -0.052792 -0.959493 0.276742
vn -0.052792 -0.959493 0.276742
vn 0.052791 0.959493 -0.276743
vn 0.052791 0.959493 -0.276743
vn -0.035311 -0.959493 0.279512
vn -0.035311 -0.959493 0.279512
vn 0.035311 0.959493 -0.279512
vn 0.035311 0.959493 -0.279512
vn -0.017690 -0.959493 0.281178
vn -0.017690 -0.959493 0.281178
vn 0.017691 0.959492 -0.281178
vn 0.017691 0.959492 -0.281178
vn -0.000000 -0.959493 0.281734
vn 0.000000 -0.959493 0.281734
vn -0.000000 0.959493 -0.281734
vn -0.000000 0.959493 -0.281734
vn 0.017690 -0.959492 0.281178
vn 0.017690 -0.959493 0.281178
vn -0.017690 0.959493 -0.281179
vn -0.017690 0.959493 -0.281179
vn 0.035311 -0.959493 0.279512
vn 0.035311 -0.959493 0.279512
vn -0.035311 0.959493 -0.279513
vn -0.035311 0.959493 -0.279513
vn 0.052792 -0.959493 0.276743
vn 0.052792 -0.959493 0.276743
vn -0.052791 0.959493 -0.276743
vn -0.052791 0.959493 -0.276743
vn 0.070064 -0.959493 0.272881
vn 0.070064 -0.959493 0.272881
vn -0.070064 0.959493 -0.272882
vn -0.070064 0.959493 -0.272882
vn 0.087060 -0.959493 0.267944
vn 0.087060 -0.959493 0.267944
vn -0.087060 0.959493 -0.267944
vn -0.087060 0.959493 -0.267944
vn 0.103713 -0.959493 0.261949
vn 0.103713 -0.959493 0.261949
vn -0.103713 0.959493 -0.261948
vn -0.103713 0.959493 -0.261948
vn 0.119956 -0.959493 0.254920
vn 0.119956 -0.959493 0.254920
vn -0.119956 0.959493 -0.254920
vn -0.119956 0.959493 -0.254920
vn 0.135726 -0.959493 0.246885
vn 0.135726 -0.959493 0.246885
vn -0.135726 0.959493 -0.246885
vn -0.135726 0.959493 -0.246885
vn 0.150960 -0.959493 0.237875
vn 0.150960 -0.959493 0.237875
vn -0.150960 0.959493 -0.237875
vn -0.150960 0.959493 -0.237875
vn 0.165598 -0.959493 0.227927
vn 0.165599 -0.959493 0.227927
vn -0.165598 0.959493 -0.227927
vn -0.165598 0.959493 -0.227927
vn 0.179583 -0.959493 0.217079
vn 0.179583 -0.959493 0.217079
vn -0.179583 0.959493 -0.217079
vn -0.179583 0.959493 -0.217079
vn 0.192859 -0.959493 0.205374
vn 0.192859 -0.959493 0.205374
vn -0.192859 0.959493 -0.205374
vn -0.192859 0.959493 -0.205374
vn 0.205374 -0.959493 0.192859
vn 0.205374 -0.959493 0.192859
vn -0.205374 0.959493 -0.192860
vn -0.205374 0.959493 -0.192860
vn 0.217080 -0.959493 0.179584
vn 0.217080 -0.959493 0.179584
vn -0.217080 0.959493 -0.179584
vn -0.217080 0.959493 -0.179584
vn 0.227928 -0.959493 0.165599
vn 0.227928 -0.959493 0.165599
vn -0.227928 0.959493 -0.165599
vn -0.227928 0.959493 -0.165599
vn 0.237876 -0.959493 0.150961
vn 0.237876 -0.959493 0.150961
vn -0.237876 0.959493 -0.150961
vn -0.237876 0.959492 -0.150961
vn 0.246886 -0.959493 0.135726
vn 0.246886 -0.959493 0.135726
vn -0.246885 0.959493 -0.135726
vn -0.246885 0.959493 -0.135726
vn 0.254920 -0.959493 0.119956
vn 0.254920 -0.959493 0.119956
vn -0.254920 0.959493 -0.119956
vn -0.254920 0.959493 -0.119956
vn 0.261948 -0.959493 0.103713
vn 0.261948 -0.959493 0.103713
vn -0.261948 0.959493 -0.103712
vn -0.261948 0.959493 -0.103712
vn 0.267943 -0.959493 0.087060
vn 0.267943 -0.959493 0.087060
vn -0.267943 0.959493 -0.087060
vn -0.267943 0.959493 -0.087060
vn 0.272882 -0.959493 0.070064
vn 0.272882 -0.959493 0.070064
vn -0.272881 0.959493 -0.070064
vn -0.272881 0.959493 -0.070064
vn 0.276742 -0.959493 0.052791
vn 0.276742 -0.959493 0.052791
vn -0.276741 0.959493 -0.052791
vn -0.276741 0.959493 -0.052791
vn 0.279511 -0.959493 0.035311
vn 0.279511 -0.959493 0.035311
vn -0.279511 0.959493 -0.035311
vn -0.279511 0.959493 -0.035311
vn 0.281177 -0.959493 0.017690
vn 0.281177 -0.959493 0.017690
vn -0.281178 0.959493 -0.017690
vn -0.281178 0.959493 -0.017690
vn 0.281734 -0.959493 -0.000001
vn 0.281734 -0.959493 -0.000001
vn -0.281734 0.959492 0.000001
vn -0.281734 0.959492 0.000001
s 1
g pTorus1
usemtl standardSurface2SG
f 2/2/1 1/1/2 101/102/3 102/103/4
f 3/3/5 2/2/1 102/103/4 103/104/6
f 4/4/7 3/3/5 103/104/6 104/105/8
f 5/5/9 4/4/7 104/105/8 105/106/10
f 6/6/11 5/5/9 105/106/10 106/107/12
f 7/7/13 6/6/11 106/107/12 107/108/14
f 8/8/15 7/7/13 107/108/14 108/109/16
f 9/9/17 8/8/15 108/109/16 109/110/18
f 10/10/19 9/9/17 109/110/18 110/111/20
f 11/11/21 10/10/19 110/111/20 111/112/22
f 12/12/23 11/11/21 111/112/22 112/113/24
f 13/13/25 12/12/23 112/113/24 113/114/26
f 14/14/27 13/13/25 113/114/26 114/115/28
f 15/15/29 14/14/27 114/115/28 115/116/30
f 16/16/31 15/15/29 115/116/30 116/117/32
f 17/17/33 16/16/31 116/117/32 117/118/34
f 18/18/35 17/17/33 117/118/34 118/119/36
f 19/19/37 18/18/35 118/119/36 119/120/38
f 20/20/39 19/19/37 119/120/38 120/121/40
f 21/21/41 20/20/39 120/121/40 121/122/42
f 22/22/43 21/21/41 121/122/42 122/123/44
f 23/23/45 22/22/43 122/123/44 123/124/46
f 24/24/47 23/23/45 123/124/46 124/125/48
f 25/25/49 24/24/47 124/125/48 125/126/50
f 26/26/51 25/25/49 125/126/50 126/127/52
f 27/27/53 26/26/51 126/127/52 127/128/54
f 28/28/55 27/27/53 127/128/54 128/129/56
f 29/29/57 28/28/55 128/129/56 129/130/58
f 30/30/59 29/29/57 129/130/58 130/131/60
f 31/31/61 30/30/59 130/131/60 131/132/62
f 32/32/63 31/31/61 131/132/62 132/133/64
f 33/33/65 32/32/63 132/133/64 133/134/66
f 34/34/67 33/33/65 133/134/66 134/135/68
f 35/35/69 34/34/67 134/135/68 135/136/70
f 36/36/71 35/35/69 135/136/70 136/137/72
f 37/37/73 36/36/71 136/137/72 137/138/74
f 38/38/75 37/37/73 137/138/74 138/139/76
f 39/39/77 38/38/75 138/139/76 139/140/78
f 40/40/79 39/39/77 139/140/78 140/141/80
f 41/41/81 40/40/79 140/141/80 141/142/82
f 42/42/83 41/41/81 141/142/82 142/143/84
f 43/43/85 42/42/83 142/143/84 143/144/86
f 44/44/87 43/43/85 143/144/86 144/145/88
f 45/45/89 44/44/87 144/145/88 145/146/90
f 46/46/91 45/45/89 145/146/90 146/147/92
f 47/47/93 46/46/91 146/147/92 147/148/94
f 48/48/95 47/47/93 147/148/94 148/149/96
f 49/49/97 48/48/95 148/149/96 149/150/98
f 50/50/99 49/49/97 149/150/98 150/151/100
f 51/51/101 50/50/99 150/151/100 151/152/102
f 52/52/103 51/51/101 151/152/102 152/153/104
f 53/53/105 52/52/103 152/153/104 153/154/106
f 54/54/107 53/53/105 153/154/106 154/155/108
f 55/55/109 54/54/107 154/155/108 155/156/110
f 56/56/111 55/55/109 155/156/110 156/157/112
f 57/57/113 56/56/111 156/157/112 157/158/114
f 58/58/115 57/57/113 157/158/114 158/159/116
f 59/59/117 58/58/115 158/159/116 159/160/118
f 60/60/119 59/59/117 159/160/118 160/161/120
f 61/61/121 60/60/119 160/161/120 161/162/122
f 62/62/123 61/61/121 161/162/122 162/163/124
f 63/63/125 62/62/123 162/163/124 163/164/126
f 64/64/127 63/63/125 163/164/126 164/165/128
f 65/65/129 64/64/127 164/165/128 165/166/130
f 66/66/131 65/65/129 165/166/130 166/167/132
f 67/67/133 66/66/131 166/167/132 167/168/134
f 68/68/135 67/67/133 167/168/134 168/169/136
f 69/69/137 68/68/135 168/169/136 169/170/138
f 70/70/139 69/69/137 169/170/138 170/171/140
f 71/71/141 70/70/139 170/171/140 171/172/142
f 72/72/143 71/71/141 171/172/142 172/173/144
f 73/73/145 72/72/143 172/173/144 173/174/146
f 74/74/147 73/73/145 173/174/146 174/175/148
f 75/75/149 74/74/147 174/175/148 175/176/150
f 76/76/151 75/75/149 175/176/150 176/177/152
f 77/77/153 76/76/151 176/177/152 177/178/154
f 78/78/155 77/77/153 177/178/154 178/179/156
f 79/79/157 78/78/155 178/179/156 179/180/158
f 80/80/159 79/79/157 179/180/158 180/181/160
f 81/81/161 80/80/159 180/181/160 181/182/162
f 82/82/163 81/81/161 181/182/162 182/183/164
f 83/83/165 82/82/163 182/183/164 183/184/166
f 84/84/167 83/83/165 183/184/166 184/185/168
f 85/85/169 84/84/167 184/185/168 185/186/170
f 86/86/171 85/85/169 185/186/170 186/187/172
f 87/87/173 86/86/171 186/187/172 187/188/174
f 88/88/175 87/87/173 187/188/174 188/189/176
f 89/89/177 88/88/175 188/189/176 189/190/178
f 90/90/179 89/89/177 189/190/178 190/191/180
f 91/91/181 90/90/179 190/191/180 191/192/182
f 92/92/183 91/91/181 191/192/182 192/193/184
f 93/93/185 92/92/183 192/193/184 193/194/186
f 94/94/187 93/93/185 193/194/186 194/195/188
f 95/95/189 94/94/187 194/195/188 195/196/190
f 96/96/191 95/95/189 195/196/190 196/197/192
f 97/97/193 96/96/191 196/197/192 197/198/194
f 98/98/195 97/97/193 197/198/194 198/199/196
f 99/99/197 98/98/195 198/199/196 199/200/198
f 100/100/199 99/99/197 199/200/198 200/201/200
f 1/101/2 100/100/199 200/201/200 101/202/3
s 2
f 102/103/201 101/102/202 201/203/203 202/204/204
f 103/104/205 102/103/201 202/204/204 203/205/206
f 104/105/207 103/104/205 203/205/206 204/206/208
f 105/106/209 104/105/207 204/206/208 205/207/210
f 106/107/211 105/106/209 205/207/210 206/208/212
f 107/108/213 106/107/211 206/208/212 207/209/214
f 108/109/215 107/108/213 207/209/214 208/210/216
f 109/110/217 108/109/215 208/210/216 209/211/218
f 110/111/219 109/110/217 209/211/218 210/212/220
f 111/112/221 110/111/219 210/212/220 211/213/222
f 112/113/223 111/112/221 211/213/222 212/214/224
f 113/114/225 112/113/223 212/214/224 213/215/226
f 114/115/227 113/114/225 213/215/226 214/216/228
f 115/116/229 114/115/227 214/216/228 215/217/230
f 116/117/231 115/116/229 215/217/230 216/218/232
f 117/118/233 116/117/231 216/218/232 217/219/234
f 118/119/235 117/118/233 217/219/234 218/220/236
f 119/120/237 118/119/235 218/220/236 219/221/238
f 120/121/239 119/120/237 219/221/238 220/222/240
f 121/122/241 120/121/239 220/222/240 221/223/242
f 122/123/243 121/122/241 221/223/242 222/224/244
f 123/124/245 122/123/243 222/224/244 223/225/246
f 124/125/247 123/124/245 223/225/246 224/226/248
f 125/126/249 124/125/247 224/226/248 225/227/250
f 126/127/251 125/126/249 225/227/250 226/228/252
f 127/128/253 126/127/251 226/228/252 227/229/254
f 128/129/255 127/128/253 227/229/254 228/230/256
f 129/130/257 128/129/255 228/230/256 229/231/258
f 130/131/259 129/130/257 229/231/258 230/232/260
f 131/132/261 130/131/259 230/232/260 231/233/262
f 132/133/263 131/132/261 231/233/262 232/234/264
f 133/134/265 132/133/263 232/234/264 233/235/266
f 134/135/267 133/134/265 233/235/266 234/236/268
f 135/136/269 134/135/267 234/236/268 235/237/270
f 136/137/271 135/136/269 235/237/270 236/238/272
f 137/138/273 136/137/271 236/238/272 237/239/274
f 138/139/275 137/138/273 237/239/274 238/240/276
f 139/140/277 138/139/275 238/240/276 239/241/278
f 140/141/279 139/140/277 239/241/278 240/242/280
f 141/142/281 140/141/279 240/242/280 241/243/282
f 142/143/283 141/142/281 241/243/282 242/244/284
f 143/144/285 142/143/283 242/244/284 243/245/286
f 144/145/287 143/144/285 243/245/286 244/246/288
f 145/146/289 144/145/287 244/246/288 245/247/290
f 146/147/291 145/146/289 245/247/290 246/248/292
f 147/148/293 146/147/291 246/248/292 247/249/294
f 148/149/295 147/148/293 247/249/294 248/250/296
f 149/150/297 148/149/295 248/250/296 249/251/298
f 150/151/299 149/150/297 249/251/298 250/252/300
f 151/152/301 150/151/299 250/252/300 251/253/302
f 152/153/303 151/152/301 251/253/302 252/254/304
f 153/154/305 152/153/303 252/254/304 253/255/306
f 154/155/307 153/154/305 253/255/306 254/256/308
f 155/156/309 154/155/307 254/256/308 255/257/310
f 156/157/311 155/156/309 255/257/310 256/258/312
f 157/158/313 156/157/311 256/258/312 257/259/314
f 158/159/315 157/158/313 257/259/314 258/260/316
f 159/160/317 158/159/315 258/260/316 259/261/318
f 160/161/319 159/160/317 259/261/318 260/262/320
f 161/162/321 160/161/319 260/262/320 261/263/322
f 162/163/323 161/162/321 261/263/322 262/264/324
f 163/164/325 162/163/323 262/264/324 263/265/326
f 164/165/327 163/164/325 263/265/326 264/266/328
f 165/166/329 164/165/327 264/266/328 265/267/330
f 166/167/331 165/166/329 265/267/330 266/268/332
f 167/168/333 166/167/331 266/268/332 267/269/334
f 168/169/335 167/168/333 267/269/334 268/270/336
f 169/170/337 168/169/335 268/270/336 269/271/338
f 170/171/339 169/170/337 269/271/338 270/272/340
f 171/172/341 170/171/339 270/272/340 271/273/342
f 172/173/343 171/172/341 271/273/342 272/274/344
f 173/174/345 172/173/343 272/274/344 273/275/346
f 174/175/347 173/174/345 273/275/346 274/276/348
f 175/176/349 174/175/347 274/276/348 275/277/350
f 176/177/351 175/176/349 275/277/350 276/278/352
f 177/178/353 176/177/351 276/278/352 277/279/354
f 178/179/355 177/178/353 277/279/354 278/280/356
f 179/180/357 178/179/355 278/280/356 279/281/358
f 180/181/359 179/180/357 279/281/358 280/282/360
f 181/182/361 180/181/359 280/282/360 281/283/362
f 182/183/363 181/182/361 281/283/362 282/284/364
f 183/184/365 182/183/363 282/284/364 283/285/366
f 184/185/367 183/184/365 283/285/366 284/286/368
f 185/186/369 184/185/367 284/286/368 285/287/370
f 186/187/371 185/186/369 285/287/370 286/288/372
f 187/188/373 186/187/371 286/288/372 287/289/374
f 188/189/375 187/188/373 287/289/374 288/290/376
f 189/190/377 188/189/375 288/290/376 289/291/378
f 190/191/379 189/190/377 289/291/378 290/292/380
f 191/192/381 190/191/379 290/292/380 291/293/382
f 192/193/383 191/192/381 291/293/382 292/294/384
f 193/194/385 192/193/383 292/294/384 293/295/386
f 194/195/387 193/194/385 293/295/386 294/296/388
f 195/196/389 194/195/387 294/296/388 295/297/390
f 196/197/391 195/196/389 295/297/390 296/298/392
f 197/198/393 196/197/391 296/298/392 297/299/394
f 198/199/395 197/198/393 297/299/394 298/300/396
f 199/200/397 198/199/395 298/300/396 299/301/398
f 200/201/399 199/200/397 299/301/398 300/302/400
f 101/202/202 200/201/399 300/302/400 201/303/203
s 3
f 202/204/401 201/203/402 301/304/403 302/305/404
f 203/205/405 202/204/401 302/305/404 303/306/406
f 204/206/407 203/205/405 303/306/406 304/307/408
f 205/207/409 204/206/407 304/307/408 305/308/410
f 206/208/411 205/207/409 305/308/410 306/309/412
f 207/209/413 206/208/411 306/309/412 307/310/414
f 208/210/415 207/209/413 307/310/414 308/311/416
f 209/211/417 208/210/415 308/311/416 309/312/418
f 210/212/419 209/211/417 309/312/418 310/313/420
f 211/213/421 210/212/419 310/313/420 311/314/422
f 212/214/423 211/213/421 311/314/422 312/315/424
f 213/215/425 212/214/423 312/315/424 313/316/426
f 214/216/427 213/215/425 313/316/426 314/317/428
f 215/217/429 214/216/427 314/317/428 315/318/430
f 216/218/431 215/217/429 315/318/430 316/319/432
f 217/219/433 216/218/431 316/319/432 317/320/434
f 218/220/435 217/219/433 317/320/434 318/321/436
f 219/221/437 218/220/435 318/321/436 319/322/438
f 220/222/439 219/221/437 319/322/438 320/323/440
f 221/223/441 220/222/439 320/323/440 321/324/442
f 222/224/443 221/223/441 321/324/442 322/325/444
f 223/225/445 222/224/443 322/325/444 323/326/446
f 224/226/447 223/225/445 323/326/446 324/327/448
f 225/227/449 224/226/447 324/327/448 325/328/450
f 226/228/451 225/227/449 325/328/450 326/329/452
f 227/229/453 226/228/451 326/329/452 327/330/454
f 228/230/455 227/229/453 327/330/454 328/331/456
f 229/231/457 228/230/455 328/331/456 329/332/458
f 230/232/459 229/231/457 329/332/458 330/333/460
f 231/233/461 230/232/459 330/333/460 331/334/462
f 232/234/463 231/233/461 331/334/462 332/335/464
f 233/235/465 232/234/463 332/335/464 333/336/466
f 234/236/467 233/235/465 333/336/466 334/337/468
f 235/237/469 234/236/467 334/337/468 335/338/470
f 236/238/471 235/237/469 335/338/470 336/339/472
f 237/239/473 236/238/471 336/339/472 337/340/474
f 238/240/475 237/239/473 337/340/474 338/341/476
f 239/241/477 238/240/475 338/341/476 339/342/478
f 240/242/479 239/241/477 339/342/478 340/343/480
f 241/243/481 240/242/479 340/343/480 341/344/482
f 242/244/483 241/243/481 341/344/482 342/345/484
f 243/245/485 242/244/483 342/345/484 343/346/486
f 244/246/487 243/245/485 343/346/486 344/347/488
f 245/247/489 244/246/487 344/347/488 345/348/490
f 246/248/491 245/247/489 345/348/490 346/349/492
f 247/249/493 246/248/491 346/349/492 347/350/494
f 248/250/495 247/249/493 347/350/494 348/351/496
f 249/251/497 248/250/495 348/351/496 349/352/498
f 250/252/499 249/251/497 349/352/498 350/353/500
f 251/253/501 250/252/499 350/353/500 351/354/502
f 252/254/503 251/253/501 351/354/502 352/355/504
f 253/255/505 252/254/503 352/355/504 353/356/506
f 254/256/507 253/255/505 353/356/506 354/357/508
f 255/257/509 254/256/507 354/357/508 355/358/510
f 256/258/511 255/257/509 355/358/510 356/359/512
f 257/259/513 256/258/511 356/359/512 357/360/514
f 258/260/515 257/259/513 357/360/514 358/361/516
f 259/261/517 258/260/515 358/361/516 359/362/518
f 260/262/519 259/261/517 359/362/518 360/363/520
f 261/263/521 260/262/519 360/363/520 361/364/522
f 262/264/523 261/263/521 361/364/522 362/365/524
f 263/265/525 262/264/523 362/365/524 363/366/526
f 264/266/527 263/265/525 363/366/526 364/367/528
f 265/267/529 264/266/527 364/367/528 365/368/530
f 266/268/531 265/267/529 365/368/530 366/369/532
f 267/269/533 266/268/531 366/369/532 367/370/534
f 268/270/535 267/269/533 367/370/534 368/371/536
f 269/271/537 268/270/535 368/371/536 369/372/538
f 270/272/539 269/271/537 369/372/538 370/373/540
f 271/273/541 270/272/539 370/373/540 371/374/542
f 272/274/543 271/273/541 371/374/542 372/375/544
f 273/275/545 272/274/543 372/375/544 373/376/546
f 274/276/547 273/275/545 373/376/546 374/377/548
f 275/277/549 274/276/547 374/377/548 375/378/550
f 276/278/551 275/277/549 375/378/550 376/379/552
f 277/279/553 276/278/551 376/379/552 377/380/554
f 278/280/555 277/279/553 377/380/554 378/381/556
f 279/281/557 278/280/555 378/381/556 379/382/558
f 280/282/559 279/281/557 379/382/558 380/383/560
f 281/283/561 280/282/559 380/383/560 381/384/562
f 282/284/563 281/283/561 381/384/562 382/385/564
f 283/285/565 282/284/563 382/385/564 383/386/566
f 284/286/567 283/285/565 383/386/566 384/387/568
f 285/287/569 284/286/567 384/387/568 385/388/570
f 286/288/571 285/287/569 385/388/570 386/389/572
f 287/289/573 286/288/571 386/389/572 387/390/574
f 288/290/575 287/289/573 387/390/574 388/391/576
f 289/291/577 288/290/575 388/391/576 389/392/578
f 290/292/579 289/291/577 389/392/578 390/393/580
f 291/293/581 290/292/579 390/393/580 391/394/582
f 292/294/583 291/293/581 391/394/582 392/395/584
f 293/295/585 292/294/583 392/395/584 393/396/586
f 294/296/587 293/295/585 393/396/586 394/397/588
f 295/297/589 294/296/587 394/397/588 395/398/590
f 296/298/591 295/297/589 395/398/590 396/399/592
f 297/299/593 296/298/591 396/399/592 397/400/594
f 298/300/595 297/299/593 397/400/594 398/401/596
f 299/301/597 298/300/595 398/401/596 399/402/598
f 300/302/599 299/301/597 399/402/598 400/403/600
f 201/303/402 300/302/599 400/403/600 301/404/403
s 4
f 302/305/601 301/304/602 401/405/603 402/406/604
f 303/306/605 302/305/601 402/406/604 403/407/606
f 304/307/607 303/306/605 403/407/606 404/408/608
f 305/308/609 304/307/607 404/408/608 405/409/610
f 306/309/611 305/308/609 405/409/610 406/410/612
f 307/310/613 306/309/611 406/410/612 407/411/614
f 308/311/615 307/310/613 407/411/614 408/412/616
f 309/312/617 308/311/615 408/412/616 409/413/618
f 310/313/619 309/312/617 409/413/618 410/414/620
f 311/314/621 310/313/619 410/414/620 411/415/622
f 312/315/623 311/314/621 411/415/622 412/416/624
f 313/316/625 312/315/623 412/416/624 413/417/626
f 314/317/627 313/316/625 413/417/626 414/418/628
f 315/318/629 314/317/627 414/418/628 415/419/630
f 316/319/631 315/318/629 415/419/630 416/420/632
f 317/320/633 316/319/631 416/420/632 417/421/634
f 318/321/635 317/320/633 417/421/634 418/422/636
f 319/322/637 318/321/635 418/422/636 419/423/638
f 320/323/639 319/322/637 419/423/638 420/424/640
f 321/324/641 320/323/639 420/424/640 421/425/642
f 322/325/643 321/324/641 421/425/642 422/426/644
f 323/326/645 322/325/643 422/426/644 423/427/646
f 324/327/647 323/326/645 423/427/646 424/428/648
f 325/328/649 324/327/647 424/428/648 425/429/650
f 326/329/651 325/328/649 425/429/650 426/430/652
f 327/330/653 326/329/651 426/430/652 427/431/654
f 328/331/655 327/330/653 427/431/654 428/432/656
f 329/332/657 328/331/655 428/432/656 429/433/658
f 330/333/659 329/332/657 429/433/658 430/434/660
f 331/334/661 330/333/659 430/434/660 431/435/662
f 332/335/663 331/334/661 431/435/662 432/436/664
f 333/336/665 332/335/663 432/436/664 433/437/666
f 334/337/667 333/336/665 433/437/666 434/438/668
f 335/338/669 334/337/667 434/438/668 435/439/670
f 336/339/671 335/338/669 435/439/670 436/440/672
f 337/340/673 336/339/671 436/440/672 437/441/674
f 338/341/675 337/340/673 437/441/674 438/442/676
f 339/342/677 338/341/675 438/442/676 439/443/678
f 340/343/679 339/342/677 439/443/678 440/444/680
f 341/344/681 340/343/679 440/444/680 441/445/682
f 342/345/683 341/344/681 441/445/682 442/446/684
f 343/346/685 342/345/683 442/446/684 443/447/686
f 344/347/687 343/346/685 443/447/686 444/448/688
f 345/348/689 344/347/687 444/448/688 445/449/690
f 346/349/691 345/348/689 445/449/690 446/450/692
f 347/350/693 346/349/691 446/450/692 447/451/694
f 348/351/695 347/350/693 447/451/694 448/452/696
f 349/352/697 348/351/695 448/452/696 449/453/698
f 350/353/699 349/352/697 449/453/698 450/454/700
f 351/354/701 350/353/699 450/454/700 451/455/702
f 352/355/703 351/354/701 451/455/702 452/456/704
f 353/356/705 352/355/703 452/456/704 453/457/706
f 354/357/707 353/356/705 453/457/706 454/458/708
f 355/358/709 354/357/707 454/458/708 455/459/710
f 356/359/711 355/358/709 455/459/710 456/460/712
f 357/360/713 356/359/711 456/460/712 457/461/714
f 358/361/715 357/360/713 457/461/714 458/462/716
f 359/362/717 358/361/715 458/462/716 459/463/718
f 360/363/719 359/362/717 459/463/718 460/464/720
f 361/364/721 360/363/719 460/464/720 461/465/722
f 362/365/723 361/364/721 461/465/722 462/466/724
f 363/366/725 362/365/723 462/466/724 463/467/726
f 364/367/727 363/366/725 463/467/726 464/468/728
f 365/368/729 364/367/727 464/468/728 465/469/730
f 366/369/731 365/368/729 465/469/730 466/470/732
f 367/370/733 366/369/731 466/470/732 467/471/734
f 368/371/735 367/370/733 467/471/734 468/472/736
f 369/372/737 368/371/735 468/472/736 469/473/738
f 370/373/739 369/372/737 469/473/738 470/474/740
f 371/374/741 370/373/739 470/474/740 471/475/742
f 372/375/743 371/374/741 471/475/742 472/476/744
f 373/376/745 372/375/743 472/476/744 473/477/746
f 374/377/747 373/376/745 473/477/746 474/478/748
f 375/378/749 374/377/747 474/478/748 475/479/750
f 376/379/751 375/378/749 475/479/750 476/480/752
f 377/380/753 376/379/751 476/480/752 477/481/754
f 378/381/755 377/380/753 477/481/754 478/482/756
f 379/382/757 378/381/755 478/482/756 479/483/758
f 380/383/759 379/382/757 479/483/758 480/484/760
f 381/384/761 380/383/759 480/484/760 481/485/762
f 382/385/763 381/384/761 481/485/762 482/486/764
f 383/386/765 382/385/763 482/486/764 483/487/766
f 384/387/767 383/386/765 483/487/766 484/488/768
f 385/388/769 384/387/767 484/488/768 485/489/770
f 386/389/771 385/388/769 485/489/770 486/490/772
f 387/390/773 386/389/771 486/490/772 487/491/774
f 388/391/775 387/390/773 487/491/774 488/492/776
f 389/392/777 388/391/775 488/492/776 489/493/778
f 390/393/779 389/392/777 489/493/778 490/494/780
f 391/394/781 390/393/779 490/494/780 491/495/782
f 392/395/783 391/394/781 491/495/782 492/496/784
f 393/396/785 392/395/783 492/496/784 493/497/786
f 394/397/787 393/396/785 493/497/786 494/498/788
f 395/398/789 394/397/787 494/498/788 495/499/790
f 396/399/791 395/398/789 495/499/790 496/500/792
f 397/400/793 396/399/791 496/500/792 497/501/794
f 398/401/795 397/400/793 497/501/794 498/502/796
f 399/402/797 398/401/795 498/502/796 499/503/798
f 400/403/799 399/402/797 499/503/798 500/504/800
f 301/404/602 400/403/799 500/504/800 401/505/603
s 5
f 402/406/801 401/405/802 501/506/803 502/507/804
f 403/407/805 402/406/801 502/507/804 503/508/806
f 404/408/807 403/407/805 503/508/806 504/509/808
f 405/409/809 404/408/807 504/509/808 505/510/810
f 406/410/811 405/409/809 505/510/810 506/511/812
f 407/411/813 406/410/811 506/511/812 507/512/814
f 408/412/815 407/411/813 507/512/814 508/513/816
f 409/413/817 408/412/815 508/513/816 509/514/818
f 410/414/819 409/413/817 509/514/818 510/515/820
f 411/415/821 410/414/819 510/515/820 511/516/822
f 412/416/823 411/415/821 511/516/822 512/517/824
f 413/417/825 412/416/823 512/517/824 513/518/826
f 414/418/827 413/417/825 513/518/826 514/519/828
f 415/419/829 414/418/827 514/519/828 515/520/830
f 416/420/831 415/419/829 515/520/830 516/521/832
f 417/421/833 416/420/831 516/521/832 517/522/834
f 418/422/835 417/421/833 517/522/834 518/523/836
f 419/423/837 418/422/835 518/523/836 519/524/838
f 420/424/839 419/423/837 519/524/838 520/525/840
f 421/425/841 420/424/839 520/525/840 521/526/842
f 422/426/843 421/425/841 521/526/842 522/527/844
f 423/427/845 422/426/843 522/527/844 523/528/846
f 424/428/847 423/427/845 523/528/846 524/529/848
f 425/429/849 424/428/847 524/529/848 525/530/850
f 426/430/851 425/429/849 525/530/850 526/531/852
f 427/431/853 426/430/851 526/531/852 527/532/854
f 428/432/855 427/431/853 527/532/854 528/533/856
f 429/433/857 428/432/855 528/533/856 529/534/858
f 430/434/859 429/433/857 529/534/858 530/535/860
f 431/435/861 430/434/859 530/535/860 531/536/862
f 432/436/863 431/435/861 531/536/862 532/537/864
f 433/437/865 432/436/863 532/537/864 533/538/866
f 434/438/867 433/437/865 533/538/866 534/539/868
f 435/439/869 434/438/867 534/539/868 535/540/870
f 436/440/871 435/439/869 535/540/870 536/541/872
f 437/441/873 436/440/871 536/541/872 537/542/874
f 438/442/875 437/441/873 537/542/874 538/543/876
f 439/443/877 438/442/875 538/543/876 539/544/878
f 440/444/879 439/443/877 539/544/878 540/545/880
f 441/445/881 440/444/879 540/545/880 541/546/882
f 442/446/883 441/445/881 541/546/882 542/547/884
f 443/447/885 442/446/883 542/547/884 543/548/886
f 444/448/887 443/447/885 543/548/886 544/549/888
f 445/449/889 444/448/887 544/549/888 545/550/890
f 446/450/891 445/449/889 545/550/890 546/551/892
f 447/451/893 446/450/891 546/551/892 547/552/894
f 448/452/895 447/451/893 547/552/894 548/553/896
f 449/453/897 448/452/895 548/553/896 549/554/898
f 450/454/899 449/453/897 549/554/898 550/555/900
f 451/455/901 450/454/899 550/555/900 551/556/902
f 452/456/903 451/455/901 551/556/902 552/557/904
f 453/457/905 452/456/903 552/557/904 553/558/906
f 454/458/907 453/457/905 553/558/906 554/559/908
f 455/459/909 454/458/907 554/559/908 555/560/910
f 456/460/911 455/459/909 555/560/910 556/561/912
f 457/461/913 456/460/911 556/561/912 557/562/914
f 458/462/915 457/461/913 557/562/914 558/563/916
f 459/463/917 458/462/915 558/563/916 559/564/918
f 460/464/919 459/463/917 559/564/918 560/565/920
f 461/465/921 460/464/919 560/565/920 561/566/922
f 462/466/923 461/465/921 561/566/922 562/567/924
f 463/467/925 462/466/923 562/567/924 563/568/926
f 464/468/927 463/467/925 563/568/926 564/569/928
f 465/469/929 464/468/927 564/569/928 565/570/930
f 466/470/931 465/469/929 565/570/930 566/571/932
f 467/471/933 466/470/931 566/571/932 567/572/934
f 468/472/935 467/471/933 567/572/934 568/573/936
f 469/473/937 468/472/935 568/573/936 569/574/938
f 470/474/939 469/473/937 569/574/938 570/575/940
f 471/475/941 470/474/939 570/575/940 571/576/942
f 472/476/943 471/475/941 571/576/942 572/577/944
f 473/477/945 472/476/943 572/577/944 573/578/946
f 474/478/947 473/477/945 573/578/946 574/579/948
f 475/479/949 474/478/947 574/579/948 575/580/950
f 476/480/951 475/479/949 575/580/950 576/581/952
f 477/481/953 476/480/951 576/581/952 577/582/954
f 478/482/955 477/481/953 577/582/954 578/583/956
f 479/483/957 478/482/955 578/583/956 579/584/958
f 480/484/959 479/483/957 579/584/958 580/585/960
f 481/485/961 480/484/959 580/585/960 581/586/962
f 482/486/963 481/485/961 581/586/962 582/587/964
f 483/487/965 482/486/963 582/587/964 583/588/966
f 484/488/967 483/487/965 583/588/966 584/589/968
f 485/489/969 484/488/967 584/589/968 585/590/970
f 486/490/971 485/489/969 585/590/970 586/591/972
f 487/491/973 486/490/971 586/591/972 587/592/974
f 488/492/975 487/491/973 587/592/974 588/593/976
f 489/493/977 488/492/975 588/593/976 589/594/978
f 490/494/979 489/493/977 589/594/978 590/595/980
f 491/495/981 490/494/979 590/595/980 591/596/982
f 492/496/983 491/495/981 591/596/982 592/597/984
f 493/497/985 492/496/983 592/597/984 593/598/986
f 494/498/987 493/497/985 593/598/986 594/599/988
f 495/499/989 494/498/987 594/599/988 595/600/990
f 496/500/991 495/499/989 595/600/990 596/601/992
f 497/501/993 496/500/991 596/601/992 597/602/994
f 498/502/995 497/501/993 597/602/994 598/603/996
f 499/503/997 498/502/995 598/603/996 599/604/998
f 500/504/999 499/503/997 599/604/998 600/605/1000
f 401/505/802 500/504/999 600/605/1000 501/606/803
s 6
f 502/507/1001 501/506/1002 601/607/1003 602/608/1004
s off
usemtl blinn1SG
f 1102/1213/1005 1101/1214/1006 1103/1215/1007 1104/1216/1008
s 7
usemtl standardSurface2SG
f 504/509/1009 503/508/1010 603/609/1011 604/610/1012
f 505/510/1013 504/509/1009 604/610/1012 605/611/1014
f 506/511/1015 505/510/1013 605/611/1014 606/612/1016
f 507/512/1017 506/511/1015 606/612/1016 607/613/1018
s off
usemtl blinn1SG
f 1106/1217/1019 1105/1218/1020 1107/1219/1021 1108/1220/1022
s 8
usemtl standardSurface2SG
f 509/514/1023 508/513/1024 608/614/1025 609/615/1026
f 510/515/1027 509/514/1023 609/615/1026 610/616/1028
f 511/516/1029 510/515/1027 610/616/1028 611/617/1030
f 512/517/1031 511/516/1029 611/617/1030 612/618/1032
s off
usemtl blinn1SG
f 1110/1221/1033 1109/1222/1034 1111/1223/1035 1112/1224/1036
s 9
usemtl standardSurface2SG
f 514/519/1037 513/518/1038 613/619/1039 614/620/1040
f 515/520/1041 514/519/1037 614/620/1040 615/621/1042
f 516/521/1043 515/520/1041 615/621/1042 616/622/1044
f 517/522/1045 516/521/1043 616/622/1044 617/623/1046
s off
usemtl blinn1SG
f 1114/1225/1047 1113/1226/1048 1115/1227/1049 1116/1228/1050
s 10
usemtl standardSurface2SG
f 519/524/1051 518/523/1052 618/624/1053 619/625/1054
f 520/525/1055 519/524/1051 619/625/1054 620/626/1056
f 521/526/1057 520/525/1055 620/626/1056 621/627/1058
f 522/527/1059 521/526/1057 621/627/1058 622/628/1060
s off
usemtl blinn1SG
f 1118/1229/1061 1117/1230/1062 1119/1231/1063 1120/1232/1064
s 11
usemtl standardSurface2SG
f 524/529/1065 523/528/1066 623/629/1067 624/630/1068
f 525/530/1069 524/529/1065 624/630/1068 625/631/1070
f 526/531/1071 525/530/1069 625/631/1070 626/632/1072
f 527/532/1073 526/531/1071 626/632/1072 627/633/1074
s off
usemtl blinn1SG
f 1122/1233/1075 1121/1234/1076 1123/1235/1077 1124/1236/1078
s 12
usemtl standardSurface2SG
f 529/534/1079 528/533/1080 628/634/1081 629/635/1082
f 530/535/1083 529/534/1079 629/635/1082 630/636/1084
f 531/536/1085 530/535/1083 630/636/1084 631/637/1086
f 532/537/1087 531/536/1085 631/637/1086 632/638/1088
s off
usemtl blinn1SG
f 1126/1237/1089 1125/1238/1090 1127/1239/1091 1128/1240/1092
s 13
usemtl standardSurface2SG
f 534/539/1093 533/538/1094 633/639/1095 634/640/1096
f 535/540/1097 534/539/1093 634/640/1096 635/641/1098
f 536/541/1099 535/540/1097 635/641/1098 636/642/1100
f 537/542/1101 536/541/1099 636/642/1100 637/643/1102
s off
usemtl blinn1SG
f 1130/1241/1103 1129/1242/1104 1131/1243/1105 1132/1244/1106
s 14
usemtl standardSurface2SG
f 539/544/1107 538/543/1108 638/644/1109 639/645/1110
f 540/545/1111 539/544/1107 639/645/1110 640/646/1112
f 541/546/1113 540/545/1111 640/646/1112 641/647/1114
f 542/547/1115 541/546/1113 641/647/1114 642/648/1116
s off
usemtl blinn1SG
f 1134/1245/1117 1133/1246/1118 1135/1247/1119 1136/1248/1120
s 15
usemtl standardSurface2SG
f 544/549/1121 543/548/1122 643/649/1123 644/650/1124
f 545/550/1125 544/549/1121 644/650/1124 645/651/1126
f 546/551/1127 545/550/1125 645/651/1126 646/652/1128
f 547/552/1129 546/551/1127 646/652/1128 647/653/1130
s off
usemtl blinn1SG
f 1138/1249/1131 1137/1250/1132 1139/1251/1133 1140/1252/1134
s 16
usemtl standardSurface2SG
f 549/554/1135 548/553/1136 648/654/1137 649/655/1138
f 550/555/1139 549/554/1135 649/655/1138 650/656/1140
f 551/556/1141 550/555/1139 650/656/1140 651/657/1142
f 552/557/1143 551/556/1141 651/657/1142 652/658/1144
s off
usemtl blinn1SG
f 1142/1253/1145 1141/1254/1146 1143/1255/1147 1144/1256/1148
s 17
usemtl standardSurface2SG
f 554/559/1149 553/558/1150 653/659/1151 654/660/1152
f 555/560/1153 554/559/1149 654/660/1152 655/661/1154
f 556/561/1155 555/560/1153 655/661/1154 656/662/1156
f 557/562/1157 556/561/1155 656/662/1156 657/663/1158
s off
usemtl blinn1SG
f 1146/1257/1159 1145/1258/1160 1147/1259/1161 1148/1260/1162
s 18
usemtl standardSurface2SG
f 559/564/1163 558/563/1164 658/664/1165 659/665/1166
f 560/565/1167 559/564/1163 659/665/1166 660/666/1168
f 561/566/1169 560/565/1167 660/666/1168 661/667/1170
f 562/567/1171 561/566/1169 661/667/1170 662/668/1172
s off
usemtl blinn1SG
f 1150/1261/1173 1149/1262/1174 1151/1263/1175 1152/1264/1176
s 19
usemtl standardSurface2SG
f 564/569/1177 563/568/1178 663/669/1179 664/670/1180
f 565/570/1181 564/569/1177 664/670/1180 665/671/1182
f 566/571/1183 565/570/1181 665/671/1182 666/672/1184
f 567/572/1185 566/571/1183 666/672/1184 667/673/1186
s off
usemtl blinn1SG
f 1154/1265/1187 1153/1266/1188 1155/1267/1189 1156/1268/1190
s 20
usemtl standardSurface2SG
f 569/574/1191 568/573/1192 668/674/1193 669/675/1194
f 570/575/1195 569/574/1191 669/675/1194 670/676/1196
f 571/576/1197 570/575/1195 670/676/1196 671/677/1198
f 572/577/1199 571/576/1197 671/677/1198 672/678/1200
s off
usemtl blinn1SG
f 1158/1269/1201 1157/1270/1202 1159/1271/1203 1160/1272/1204
s 21
usemtl standardSurface2SG
f 574/579/1205 573/578/1206 673/679/1207 674/680/1208
f 575/580/1209 574/579/1205 674/680/1208 675/681/1210
f 576/581/1211 575/580/1209 675/681/1210 676/682/1212
f 577/582/1213 576/581/1211 676/682/1212 677/683/1214
s off
usemtl blinn1SG
f 1162/1273/1215 1161/1274/1216 1163/1275/1217 1164/1276/1218
s 22
usemtl standardSurface2SG
f 579/584/1219 578/583/1220 678/684/1221 679/685/1222
f 580/585/1223 579/584/1219 679/685/1222 680/686/1224
f 581/586/1225 580/585/1223 680/686/1224 681/687/1226
f 582/587/1227 581/586/1225 681/687/1226 682/688/1228
s off
usemtl blinn1SG
f 1166/1277/1229 1165/1278/1230 1167/1279/1231 1168/1280/1232
s 23
usemtl standardSurface2SG
f 584/589/1233 583/588/1234 683/689/1235 684/690/1236
f 585/590/1237 584/589/1233 684/690/1236 685/691/1238
f 586/591/1239 585/590/1237 685/691/1238 686/692/1240
f 587/592/1241 586/591/1239 686/692/1240 687/693/1242
s off
usemtl blinn1SG
f 1170/1281/1243 1169/1282/1244 1171/1283/1245 1172/1284/1246
s 24
usemtl standardSurface2SG
f 589/594/1247 588/593/1248 688/694/1249 689/695/1250
f 590/595/1251 589/594/1247 689/695/1250 690/696/1252
f 591/596/1253 590/595/1251 690/696/1252 691/697/1254
f 592/597/1255 591/596/1253 691/697/1254 692/698/1256
s off
usemtl blinn1SG
f 1174/1285/1257 1173/1286/1258 1175/1287/1259 1176/1288/1260
s 25
usemtl standardSurface2SG
f 594/599/1261 593/598/1262 693/699/1263 694/700/1264
f 595/600/1265 594/599/1261 694/700/1264 695/701/1266
f 596/601/1267 595/600/1265 695/701/1266 696/702/1268
f 597/602/1269 596/601/1267 696/702/1268 697/703/1270
s off
usemtl blinn1SG
f 1178/1289/1271 1177/1290/1272 1179/1291/1273 1180/1292/1274
s 6
usemtl standardSurface2SG
f 599/604/1275 598/603/1276 698/704/1277 699/705/1278
f 600/605/1279 599/604/1275 699/705/1278 700/706/1280
f 501/606/1002 600/605/1279 700/706/1280 601/707/1003
s 27
f 602/608/1281 601/607/1282 701/708/1283 702/709/1284
f 603/609/1285 602/608/1281 702/709/1284 703/710/1286
f 604/610/1287 603/609/1285 703/710/1286 704/711/1288
f 605/611/1289 604/610/1287 704/711/1288 705/712/1290
f 606/612/1291 605/611/1289 705/712/1290 706/713/1292
f 607/613/1293 606/612/1291 706/713/1292 707/714/1294
f 608/614/1295 607/613/1293 707/714/1294 708/715/1296
f 609/615/1297 608/614/1295 708/715/1296 709/716/1298
f 610/616/1299 609/615/1297 709/716/1298 710/717/1300
f 611/617/1301 610/616/1299 710/717/1300 711/718/1302
f 612/618/1303 611/617/1301 711/718/1302 712/719/1304
f 613/619/1305 612/618/1303 712/719/1304 713/720/1306
f 614/620/1307 613/619/1305 713/720/1306 714/721/1308
f 615/621/1309 614/620/1307 714/721/1308 715/722/1310
f 616/622/1311 615/621/1309 715/722/1310 716/723/1312
f 617/623/1313 616/622/1311 716/723/1312 717/724/1314
f 618/624/1315 617/623/1313 717/724/1314 718/725/1316
f 619/625/1317 618/624/1315 718/725/1316 719/726/1318
f 620/626/1319 619/625/1317 719/726/1318 720/727/1320
f 621/627/1321 620/626/1319 720/727/1320 721/728/1322
f 622/628/1323 621/627/1321 721/728/1322 722/729/1324
f 623/629/1325 622/628/1323 722/729/1324 723/730/1326
f 624/630/1327 623/629/1325 723/730/1326 724/731/1328
f 625/631/1329 624/630/1327 724/731/1328 725/732/1330
f 626/632/1331 625/631/1329 725/732/1330 726/733/1332
f 627/633/1333 626/632/1331 726/733/1332 727/734/1334
f 628/634/1335 627/633/1333 727/734/1334 728/735/1336
f 629/635/1337 628/634/1335 728/735/1336 729/736/1338
f 630/636/1339 629/635/1337 729/736/1338 730/737/1340
f 631/637/1341 630/636/1339 730/737/1340 731/738/1342
f 632/638/1343 631/637/1341 731/738/1342 732/739/1344
f 633/639/1345 632/638/1343 732/739/1344 733/740/1346
f 634/640/1347 633/639/1345 733/740/1346 734/741/1348
f 635/641/1349 634/640/1347 734/741/1348 735/742/1350
f 636/642/1351 635/641/1349 735/742/1350 736/743/1352
f 637/643/1353 636/642/1351 736/743/1352 737/744/1354
f 638/644/1355 637/643/1353 737/744/1354 738/745/1356
f 639/645/1357 638/644/1355 738/745/1356 739/746/1358
f 640/646/1359 639/645/1357 739/746/1358 740/747/1360
f 641/647/1361 640/646/1359 740/747/1360 741/748/1362
f 642/648/1363 641/647/1361 741/748/1362 742/749/1364
f 643/649/1365 642/648/1363 742/749/1364 743/750/1366
f 644/650/1367 643/649/1365 743/750/1366 744/751/1368
f 645/651/1369 644/650/1367 744/751/1368 745/752/1370
f 646/652/1371 645/651/1369 745/752/1370 746/753/1372
f 647/653/1373 646/652/1371 746/753/1372 747/754/1374
f 648/654/1375 647/653/1373 747/754/1374 748/755/1376
f 649/655/1377 648/654/1375 748/755/1376 749/756/1378
f 650/656/1379 649/655/1377 749/756/1378 750/757/1380
f 651/657/1381 650/656/1379 750/757/1380 751/758/1382
f 652/658/1383 651/657/1381 751/758/1382 752/759/1384
f 653/659/1385 652/658/1383 752/759/1384 753/760/1386
f 654/660/1387 653/659/1385 753/760/1386 754/761/1388
f 655/661/1389 654/660/1387 754/761/1388 755/762/1390
f 656/662/1391 655/661/1389 755/762/1390 756/763/1392
f 657/663/1393 656/662/1391 756/763/1392 757/764/1394
f 658/664/1395 657/663/1393 757/764/1394 758/765/1396
f 659/665/1397 658/664/1395 758/765/1396 759/766/1398
f 660/666/1399 659/665/1397 759/766/1398 760/767/1400
f 661/667/1401 660/666/1399 760/767/1400 761/768/1402
f 662/668/1403 661/667/1401 761/768/1402 762/769/1404
f 663/669/1405 662/668/1403 762/769/1404 763/770/1406
f 664/670/1407 663/669/1405 763/770/1406 764/771/1408
f 665/671/1409 664/670/1407 764/771/1408 765/772/1410
f 666/672/1411 665/671/1409 765/772/1410 766/773/1412
f 667/673/1413 666/672/1411 766/773/1412 767/774/1414
f 668/674/1415 667/673/1413 767/774/1414 768/775/1416
f 669/675/1417 668/674/1415 768/775/1416 769/776/1418
f 670/676/1419 669/675/1417 769/776/1418 770/777/1420
f 671/677/1421 670/676/1419 770/777/1420 771/778/1422
f 672/678/1423 671/677/1421 771/778/1422 772/779/1424
f 673/679/1425 672/678/1423 772/779/1424 773/780/1426
f 674/680/1427 673/679/1425 773/780/1426 774/781/1428
f 675/681/1429 674/680/1427 774/781/1428 775/782/1430
f 676/682/1431 675/681/1429 775/782/1430 776/783/1432
f 677/683/1433 676/682/1431 776/783/1432 777/784/1434
f 678/684/1435 677/683/1433 777/784/1434 778/785/1436
f 679/685/1437 678/684/1435 778/785/1436 779/786/1438
f 680/686/1439 679/685/1437 779/786/1438 780/787/1440
f 681/687/1441 680/686/1439 780/787/1440 781/788/1442
f 682/688/1443 681/687/1441 781/788/1442 782/789/1444
f 683/689/1445 682/688/1443 782/789/1444 783/790/1446
f 684/690/1447 683/689/1445 783/790/1446 784/791/1448
f 685/691/1449 684/690/1447 784/791/1448 785/792/1450
f 686/692/1451 685/691/1449 785/792/1450 786/793/1452
f 687/693/1453 686/692/1451 786/793/1452 787/794/1454
f 688/694/1455 687/693/1453 787/794/1454 788/795/1456
f 689/695/1457 688/694/1455 788/795/1456 789/796/1458
f 690/696/1459 689/695/1457 789/796/1458 790/797/1460
f 691/697/1461 690/696/1459 790/797/1460 791/798/1462
f 692/698/1463 691/697/1461 791/798/1462 792/799/1464
f 693/699/1465 692/698/1463 792/799/1464 793/800/1466
f 694/700/1467 693/699/1465 793/800/1466 794/801/1468
f 695/701/1469 694/700/1467 794/801/1468 795/802/1470
f 696/702/1471 695/701/1469 795/802/1470 796/803/1472
f 697/703/1473 696/702/1471 796/803/1472 797/804/1474
f 698/704/1475 697/703/1473 797/804/1474 798/805/1476
f 699/705/1477 698/704/1475 798/805/1476 799/806/1478
f 700/706/1479 699/705/1477 799/806/1478 800/807/1480
f 601/707/1282 700/706/1479 800/807/1480 701/808/1283
s 28
f 702/709/1481 701/708/1482 801/809/1483 802/810/1484
f 703/710/1485 702/709/1481 802/810/1484 803/811/1486
f 704/711/1487 703/710/1485 803/811/1486 804/812/1488
f 705/712/1489 704/711/1487 804/812/1488 805/813/1490
f 706/713/1491 705/712/1489 805/813/1490 806/814/1492
f 707/714/1493 706/713/1491 806/814/1492 807/815/1494
f 708/715/1495 707/714/1493 807/815/1494 808/816/1496
f 709/716/1497 708/715/1495 808/816/1496 809/817/1498
f 710/717/1499 709/716/1497 809/817/1498 810/818/1500
f 711/718/1501 710/717/1499 810/818/1500 811/819/1502
f 712/719/1503 711/718/1501 811/819/1502 812/820/1504
f 713/720/1505 712/719/1503 812/820/1504 813/821/1506
f 714/721/1507 713/720/1505 813/821/1506 814/822/1508
f 715/722/1509 714/721/1507 814/822/1508 815/823/1510
f 716/723/1511 715/722/1509 815/823/1510 816/824/1512
f 717/724/1513 716/723/1511 816/824/1512 817/825/1514
f 718/725/1515 717/724/1513 817/825/1514 818/826/1516
f 719/726/1517 718/725/1515 818/826/1516 819/827/1518
f 720/727/1519 719/726/1517 819/827/1518 820/828/1520
f 721/728/1521 720/727/1519 820/828/1520 821/829/1522
f 722/729/1523 721/728/1521 821/829/1522 822/830/1524
f 723/730/1525 722/729/1523 822/830/1524 823/831/1526
f 724/731/1527 723/730/1525 823/831/1526 824/832/1528
f 725/732/1529 724/731/1527 824/832/1528 825/833/1530
f 726/733/1531 725/732/1529 825/833/1530 826/834/1532
f 727/734/1533 726/733/1531 826/834/1532 827/835/1534
f 728/735/1535 727/734/1533 827/835/1534 828/836/1536
f 729/736/1537 728/735/1535 828/836/1536 829/837/1538
f 730/737/1539 729/736/1537 829/837/1538 830/838/1540
f 731/738/1541 730/737/1539 830/838/1540 831/839/1542
f 732/739/1543 731/738/1541 831/839/1542 832/840/1544
f 733/740/1545 732/739/1543 832/840/1544 833/841/1546
f 734/741/1547 733/740/1545 833/841/1546 834/842/1548
f 735/742/1549 734/741/1547 834/842/1548 835/843/1550
f 736/743/1551 735/742/1549 835/843/1550 836/844/1552
f 737/744/1553 736/743/1551 836/844/1552 837/845/1554
f 738/745/1555 737/744/1553 837/845/1554 838/846/1556
f 739/746/1557 738/745/1555 838/846/1556 839/847/1558
f 740/747/1559 739/746/1557 839/847/1558 840/848/1560
f 741/748/1561 740/747/1559 840/848/1560 841/849/1562
f 742/749/1563 741/748/1561 841/849/1562 842/850/1564
f 743/750/1565 742/749/1563 842/850/1564 843/851/1566
f 744/751/1567 743/750/1565 843/851/1566 844/852/1568
f 745/752/1569 744/751/1567 844/852/1568 845/853/1570
f 746/753/1571 745/752/1569 845/853/1570 846/854/1572
f 747/754/1573 746/753/1571 846/854/1572 847/855/1574
f 748/755/1575 747/754/1573 847/855/1574 848/856/1576
f 749/756/1577 748/755/1575 848/856/1576 849/857/1578
f 750/757/1579 749/756/1577 849/857/1578 850/858/1580
f 751/758/1581 750/757/1579 850/858/1580 851/859/1582
f 752/759/1583 751/758/1581 851/859/1582 852/860/1584
f 753/760/1585 752/759/1583 852/860/1584 853/861/1586
f 754/761/1587 753/760/1585 853/861/1586 854/862/1588
f 755/762/1589 754/761/1587 854/862/1588 855/863/1590
f 756/763/1591 755/762/1589 855/863/1590 856/864/1592
f 757/764/1593 756/763/1591 856/864/1592 857/865/1594
f 758/765/1595 757/764/1593 857/865/1594 858/866/1596
f 759/766/1597 758/765/1595 858/866/1596 859/867/1598
f 760/767/1599 759/766/1597 859/867/1598 860/868/1600
f 761/768/1601 760/767/1599 860/868/1600 861/869/1602
f 762/769/1603 761/768/1601 861/869/1602 862/870/1604
f 763/770/1605 762/769/1603 862/870/1604 863/871/1606
f 764/771/1607 763/770/1605 863/871/1606 864/872/1608
f 765/772/1609 764/771/1607 864/872/1608 865/873/1610
f 766/773/1611 765/772/1609 865/873/1610 866/874/1612
f 767/774/1613 766/773/1611 866/874/1612 867/875/1614
f 768/775/1615 767/774/1613 867/875/1614 868/876/1616
f 769/776/1617 768/775/1615 868/876/1616 869/877/1618
f 770/777/1619 769/776/1617 869/877/1618 870/878/1620
f 771/778/1621 770/777/1619 870/878/1620 871/879/1622
f 772/779/1623 771/778/1621 871/879/1622 872/880/1624
f 773/780/1625 772/779/1623 872/880/1624 873/881/1626
f 774/781/1627 773/780/1625 873/881/1626 874/882/1628
f 775/782/1629 774/781/1627 874/882/1628 875/883/1630
f 776/783/1631 775/782/1629 875/883/1630 876/884/1632
f 777/784/1633 776/783/1631 876/884/1632 877/885/1634
f 778/785/1635 777/784/1633 877/885/1634 878/886/1636
f 779/786/1637 778/785/1635 878/886/1636 879/887/1638
f 780/787/1639 779/786/1637 879/887/1638 880/888/1640
f 781/788/1641 780/787/1639 880/888/1640 881/889/1642
f 782/789/1643 781/788/1641 881/889/1642 882/890/1644
f 783/790/1645 782/789/1643 882/890/1644 883/891/1646
f 784/791/1647 783/790/1645 883/891/1646 884/892/1648
f 785/792/1649 784/791/1647 884/892/1648 885/893/1650
f 786/793/1651 785/792/1649 885/893/1650 886/894/1652
f 787/794/1653 786/793/1651 886/894/1652 887/895/1654
f 788/795/1655 787/794/1653 887/895/1654 888/896/1656
f 789/796/1657 788/795/1655 888/896/1656 889/897/1658
f 790/797/1659 789/796/1657 889/897/1658 890/898/1660
f 791/798/1661 790/797/1659 890/898/1660 891/899/1662
f 792/799/1663 791/798/1661 891/899/1662 892/900/1664
f 793/800/1665 792/799/1663 892/900/1664 893/901/1666
f 794/801/1667 793/800/1665 893/901/1666 894/902/1668
f 795/802/1669 794/801/1667 894/902/1668 895/903/1670
f 796/803/1671 795/802/1669 895/903/1670 896/904/1672
f 797/804/1673 796/803/1671 896/904/1672 897/905/1674
f 798/805/1675 797/804/1673 897/905/1674 898/906/1676
f 799/806/1677 798/805/1675 898/906/1676 899/907/1678
f 800/807/1679 799/806/1677 899/907/1678 900/908/1680
f 701/808/1482 800/807/1679 900/908/1680 801/909/1483
s 29
f 802/810/1681 801/809/1682 901/910/1683 902/911/1684
f 803/811/1685 802/810/1681 902/911/1684 903/912/1686
f 804/812/1687 803/811/1685 903/912/1686 904/913/1688
f 805/813/1689 804/812/1687 904/913/1688 905/914/1690
f 806/814/1691 805/813/1689 905/914/1690 906/915/1692
f 807/815/1693 806/814/1691 906/915/1692 907/916/1694
f 808/816/1695 807/815/1693 907/916/1694 908/917/1696
f 809/817/1697 808/816/1695 908/917/1696 909/918/1698
f 810/818/1699 809/817/1697 909/918/1698 910/919/1700
f 811/819/1701 810/818/1699 910/919/1700 911/920/1702
f 812/820/1703 811/819/1701 911/920/1702 912/921/1704
f 813/821/1705 812/820/1703 912/921/1704 913/922/1706
f 814/822/1707 813/821/1705 913/922/1706 914/923/1708
f 815/823/1709 814/822/1707 914/923/1708 915/924/1710
f 816/824/1711 815/823/1709 915/924/1710 916/925/1712
f 817/825/1713 816/824/1711 916/925/1712 917/926/1714
f 818/826/1715 817/825/1713 917/926/1714 918/927/1716
f 819/827/1717 818/826/1715 918/927/1716 919/928/1718
f 820/828/1719 819/827/1717 919/928/1718 920/929/1720
f 821/829/1721 820/828/1719 920/929/1720 921/930/1722
f 822/830/1723 821/829/1721 921/930/1722 922/931/1724
f 823/831/1725 822/830/1723 922/931/1724 923/932/1726
f 824/832/1727 823/831/1725 923/932/1726 924/933/1728
f 825/833/1729 824/832/1727 924/933/1728 925/934/1730
f 826/834/1731 825/833/1729 925/934/1730 926/935/1732
f 827/835/1733 826/834/1731 926/935/1732 927/936/1734
f 828/836/1735 827/835/1733 927/936/1734 928/937/1736
f 829/837/1737 828/836/1735 928/937/1736 929/938/1738
f 830/838/1739 829/837/1737 929/938/1738 930/939/1740
f 831/839/1741 830/838/1739 930/939/1740 931/940/1742
f 832/840/1743 831/839/1741 931/940/1742 932/941/1744
f 833/841/1745 832/840/1743 932/941/1744 933/942/1746
f 834/842/1747 833/841/1745 933/942/1746 934/943/1748
f 835/843/1749 834/842/1747 934/943/1748 935/944/1750
f 836/844/1751 835/843/1749 935/944/1750 936/945/1752
f 837/845/1753 836/844/1751 936/945/1752 937/946/1754
f 838/846/1755 837/845/1753 937/946/1754 938/947/1756
f 839/847/1757 838/846/1755 938/947/1756 939/948/1758
f 840/848/1759 839/847/1757 939/948/1758 940/949/1760
f 841/849/1761 840/848/1759 940/949/1760 941/950/1762
f 842/850/1763 841/849/1761 941/950/1762 942/951/1764
f 843/851/1765 842/850/1763 942/951/1764 943/952/1766
f 844/852/1767 843/851/1765 943/952/1766 944/953/1768
f 845/853/1769 844/852/1767 944/953/1768 945/954/1770
f 846/854/1771 845/853/1769 945/954/1770 946/955/1772
f 847/855/1773 846/854/1771 946/955/1772 947/956/1774
f 848/856/1775 847/855/1773 947/956/1774 948/957/1776
f 849/857/1777 848/856/1775 948/957/1776 949/958/1778
f 850/858/1779 849/857/1777 949/958/1778 950/959/1780
f 851/859/1781 850/858/1779 950/959/1780 951/960/1782
f 852/860/1783 851/859/1781 951/960/1782 952/961/1784
f 853/861/1785 852/860/1783 952/961/1784 953/962/1786
f 854/862/1787 853/861/1785 953/962/1786 954/963/1788
f 855/863/1789 854/862/1787 954/963/1788 955/964/1790
f 856/864/1791 855/863/1789 955/964/1790 956/965/1792
f 857/865/1793 856/864/1791 956/965/1792 957/966/1794
f 858/866/1795 857/865/1793 957/966/1794 958/967/1796
f 859/867/1797 858/866/1795 958/967/1796 959/968/1798
f 860/868/1799 859/867/1797 959/968/1798 960/969/1800
f 861/869/1801 860/868/1799 960/969/1800 961/970/1802
f 862/870/1803 861/869/1801 961/970/1802 962/971/1804
f 863/871/1805 862/870/1803 962/971/1804 963/972/1806
f 864/872/1807 863/871/1805 963/972/1806 964/973/1808
f 865/873/1809 864/872/1807 964/973/1808 965/974/1810
f 866/874/1811 865/873/1809 965/974/1810 966/975/1812
f 867/875/1813 866/874/1811 966/975/1812 967/976/1814
f 868/876/1815 867/875/1813 967/976/1814 968/977/1816
f 869/877/1817 868/876/1815 968/977/1816 969/978/1818
f 870/878/1819 869/877/1817 969/978/1818 970/979/1820
f 871/879/1821 870/878/1819 970/979/1820 971/980/1822
f 872/880/1823 871/879/1821 971/980/1822 972/981/1824
f 873/881/1825 872/880/1823 972/981/1824 973/982/1826
f 874/882/1827 873/881/1825 973/982/1826 974/983/1828
f 875/883/1829 874/882/1827 974/983/1828 975/984/1830
f 876/884/1831 875/883/1829 975/984/1830 976/985/1832
f 877/885/1833 876/884/1831 976/985/1832 977/986/1834
f 878/886/1835 877/885/1833 977/986/1834 978/987/1836
f 879/887/1837 878/886/1835 978/987/1836 979/988/1838
f 880/888/1839 879/887/1837 979/988/1838 980/989/1840
f 881/889/1841 880/888/1839 980/989/1840 981/990/1842
f 882/890/1843 881/889/1841 981/990/1842 982/991/1844
f 883/891/1845 882/890/1843 982/991/1844 983/992/1846
f 884/892/1847 883/891/1845 983/992/1846 984/993/1848
f 885/893/1849 884/892/1847 984/993/1848 985/994/1850
f 886/894/1851 885/893/1849 985/994/1850 986/995/1852
f 887/895/1853 886/894/1851 986/995/1852 987/996/1854
f 888/896/1855 887/895/1853 987/996/1854 988/997/1856
f 889/897/1857 888/896/1855 988/997/1856 989/998/1858
f 890/898/1859 889/897/1857 989/998/1858 990/999/1860
f 891/899/1861 890/898/1859 990/999/1860 991/1000/1862
f 892/900/1863 891/899/1861 991/1000/1862 992/1001/1864
f 893/901/1865 892/900/1863 992/1001/1864 993/1002/1866
f 894/902/1867 893/901/1865 993/1002/1866 994/1003/1868
f 895/903/1869 894/902/1867 994/1003/1868 995/1004/1870
f 896/904/1871 895/903/1869 995/1004/1870 996/1005/1872
f 897/905/1873 896/904/1871 996/1005/1872 997/1006/1874
f 898/906/1875 897/905/1873 997/1006/1874 998/1007/1876
f 899/907/1877 898/906/1875 998/1007/1876 999/1008/1878
f 900/908/1879 899/907/1877 999/1008/1878 1000/1009/1880
f 801/909/1682 900/908/1879 1000/1009/1880 901/1010/1683
s 30
f 902/911/1881 901/910/1882 1001/1011/1883 1002/1012/1884
f 903/912/1885 902/911/1881 1002/1012/1884 1003/1013/1886
f 904/913/1887 903/912/1885 1003/1013/1886 1004/1014/1888
f 905/914/1889 904/913/1887 1004/1014/1888 1005/1015/1890
f 906/915/1891 905/914/1889 1005/1015/1890 1006/1016/1892
f 907/916/1893 906/915/1891 1006/1016/1892 1007/1017/1894
f 908/917/1895 907/916/1893 1007/1017/1894 1008/1018/1896
f 909/918/1897 908/917/1895 1008/1018/1896 1009/1019/1898
f 910/919/1899 909/918/1897 1009/1019/1898 1010/1020/1900
f 911/920/1901 910/919/1899 1010/1020/1900 1011/1021/1902
f 912/921/1903 911/920/1901 1011/1021/1902 1012/1022/1904
f 913/922/1905 912/921/1903 1012/1022/1904 1013/1023/1906
f 914/923/1907 913/922/1905 1013/1023/1906 1014/1024/1908
f 915/924/1909 914/923/1907 1014/1024/1908 1015/1025/1910
f 916/925/1911 915/924/1909 1015/1025/1910 1016/1026/1912
f 917/926/1913 916/925/1911 1016/1026/1912 1017/1027/1914
f 918/927/1915 917/926/1913 1017/1027/1914 1018/1028/1916
f 919/928/1917 918/927/1915 1018/1028/1916 1019/1029/1918
f 920/929/1919 919/928/1917 1019/1029/1918 1020/1030/1920
f 921/930/1921 920/929/1919 1020/1030/1920 1021/1031/1922
f 922/931/1923 921/930/1921 1021/1031/1922 1022/1032/1924
f 923/932/1925 922/931/1923 1022/1032/1924 1023/1033/1926
f 924/933/1927 923/932/1925 1023/1033/1926 1024/1034/1928
f 925/934/1929 924/933/1927 1024/1034/1928 1025/1035/1930
f 926/935/1931 925/934/1929 1025/1035/1930 1026/1036/1932
f 927/936/1933 926/935/1931 1026/1036/1932 1027/1037/1934
f 928/937/1935 927/936/1933 1027/1037/1934 1028/1038/1936
f 929/938/1937 928/937/1935 1028/1038/1936 1029/1039/1938
f 930/939/1939 929/938/1937 1029/1039/1938 1030/1040/1940
f 931/940/1941 930/939/1939 1030/1040/1940 1031/1041/1942
f 932/941/1943 931/940/1941 1031/1041/1942 1032/1042/1944
f 933/942/1945 932/941/1943 1032/1042/1944 1033/1043/1946
f 934/943/1947 933/942/1945 1033/1043/1946 1034/1044/1948
f 935/944/1949 934/943/1947 1034/1044/1948 1035/1045/1950
f 936/945/1951 935/944/1949 1035/1045/1950 1036/1046/1952
f 937/946/1953 936/945/1951 1036/1046/1952 1037/1047/1954
f 938/947/1955 937/946/1953 1037/1047/1954 1038/1048/1956
f 939/948/1957 938/947/1955 1038/1048/1956 1039/1049/1958
f 940/949/1959 939/948/1957 1039/1049/1958 1040/1050/1960
f 941/950/1961 940/949/1959 1040/1050/1960 1041/1051/1962
f 942/951/1963 941/950/1961 1041/1051/1962 1042/1052/1964
f 943/952/1965 942/951/1963 1042/1052/1964 1043/1053/1966
f 944/953/1967 943/952/1965 1043/1053/1966 1044/1054/1968
f 945/954/1969 944/953/1967 1044/1054/1968 1045/1055/1970
f 946/955/1971 945/954/1969 1045/1055/1970 1046/1056/1972
f 947/956/1973 946/955/1971 1046/1056/1972 1047/1057/1974
f 948/957/1975 947/956/1973 1047/1057/1974 1048/1058/1976
f 949/958/1977 948/957/1975 1048/1058/1976 1049/1059/1978
f 950/959/1979 949/958/1977 1049/1059/1978 1050/1060/1980
f 951/960/1981 950/959/1979 1050/1060/1980 1051/1061/1982
f 952/961/1983 951/960/1981 1051/1061/1982 1052/1062/1984
f 953/962/1985 952/961/1983 1052/1062/1984 1053/1063/1986
f 954/963/1987 953/962/1985 1053/1063/1986 1054/1064/1988
f 955/964/1989 954/963/1987 1054/1064/1988 1055/1065/1990
f 956/965/1991 955/964/1989 1055/1065/1990 1056/1066/1992
f 957/966/1993 956/965/1991 1056/1066/1992 1057/1067/1994
f 958/967/1995 957/966/1993 1057/1067/1994 1058/1068/1996
f 959/968/1997 958/967/1995 1058/1068/1996 1059/1069/1998
f 960/969/1999 959/968/1997 1059/1069/1998 1060/1070/2000
f 961/970/2001 960/969/1999 1060/1070/2000 1061/1071/2002
f 962/971/2003 961/970/2001 1061/1071/2002 1062/1072/2004
f 963/972/2005 962/971/2003 1062/1072/2004 1063/1073/2006
f 964/973/2007 963/972/2005 1063/1073/2006 1064/1074/2008
f 965/974/2009 964/973/2007 1064/1074/2008 1065/1075/2010
f 966/975/2011 965/974/2009 1065/1075/2010 1066/1076/2012
f 967/976/2013 966/975/2011 1066/1076/2012 1067/1077/2014
f 968/977/2015 967/976/2013 1067/1077/2014 1068/1078/2016
f 969/978/2017 968/977/2015 1068/1078/2016 1069/1079/2018
f 970/979/2019 969/978/2017 1069/1079/2018 1070/1080/2020
f 971/980/2021 970/979/2019 1070/1080/2020 1071/1081/2022
f 972/981/2023 971/980/2021 1071/1081/2022 1072/1082/2024
f 973/982/2025 972/981/2023 1072/1082/2024 1073/1083/2026
f 974/983/2027 973/982/2025 1073/1083/2026 1074/1084/2028
f 975/984/2029 974/983/2027 1074/1084/2028 1075/1085/2030
f 976/985/2031 975/984/2029 1075/1085/2030 1076/1086/2032
f 977/986/2033 976/985/2031 1076/1086/2032 1077/1087/2034
f 978/987/2035 977/986/2033 1077/1087/2034 1078/1088/2036
f 979/988/2037 978/987/2035 1078/1088/2036 1079/1089/2038
f 980/989/2039 979/988/2037 1079/1089/2038 1080/1090/2040
f 981/990/2041 980/989/2039 1080/1090/2040 1081/1091/2042
f 982/991/2043 981/990/2041 1081/1091/2042 1082/1092/2044
f 983/992/2045 982/991/2043 1082/1092/2044 1083/1093/2046
f 984/993/2047 983/992/2045 1083/1093/2046 1084/1094/2048
f 985/994/2049 984/993/2047 1084/1094/2048 1085/1095/2050
f 986/995/2051 985/994/2049 1085/1095/2050 1086/1096/2052
f 987/996/2053 986/995/2051 1086/1096/2052 1087/1097/2054
f 988/997/2055 987/996/2053 1087/1097/2054 1088/1098/2056
f 989/998/2057 988/997/2055 1088/1098/2056 1089/1099/2058
f 990/999/2059 989/998/2057 1089/1099/2058 1090/1100/2060
f 991/1000/2061 990/999/2059 1090/1100/2060 1091/1101/2062
f 992/1001/2063 991/1000/2061 1091/1101/2062 1092/1102/2064
f 993/1002/2065 992/1001/2063 1092/1102/2064 1093/1103/2066
f 994/1003/2067 993/1002/2065 1093/1103/2066 1094/1104/2068
f 995/1004/2069 994/1003/2067 1094/1104/2068 1095/1105/2070
f 996/1005/2071 995/1004/2069 1095/1105/2070 1096/1106/2072
f 997/1006/2073 996/1005/2071 1096/1106/2072 1097/1107/2074
f 998/1007/2075 997/1006/2073 1097/1107/2074 1098/1108/2076
f 999/1008/2077 998/1007/2075 1098/1108/2076 1099/1109/2078
f 1000/1009/2079 999/1008/2077 1099/1109/2078 1100/1110/2080
f 901/1010/1882 1000/1009/2079 1100/1110/2080 1001/1111/1883
s 31
usemtl phong1SG
f 1182/1293/2081 1181/1294/2082 1183/1295/2083 1184/1296/2084
f 1185/1297/2085 1182/1293/2081 1184/1296/2084 1186/1298/2086
f 1187/1299/2087 1185/1297/2085 1186/1298/2086 1188/1300/2088
f 1189/1301/2089 1187/1299/2087 1188/1300/2088 1190/1302/2090
f 1191/1303/2091 1189/1301/2089 1190/1302/2090 1192/1304/2092
f 1193/1305/2093 1191/1303/2091 1192/1304/2092 1194/1306/2094
f 1195/1307/2095 1193/1305/2093 1194/1306/2094 1196/1308/2096
f 1197/1309/2097 1195/1307/2095 1196/1308/2096 1198/1310/2098
f 1199/1311/2099 1197/1309/2097 1198/1310/2098 1200/1312/2100
f 1201/1313/2101 1199/1311/2099 1200/1312/2100 1202/1314/2102
f 1203/1315/2103 1201/1313/2101 1202/1314/2102 1204/1316/2104
f 1205/1317/2105 1203/1315/2103 1204/1316/2104 1206/1318/2106
f 1207/1319/2107 1205/1317/2105 1206/1318/2106 1208/1320/2108
f 1209/1321/2109 1207/1319/2107 1208/1320/2108 1210/1322/2110
f 1211/1323/2111 1209/1321/2109 1210/1322/2110 1212/1324/2112
f 1213/1325/2113 1211/1323/2111 1212/1324/2112 1214/1326/2114
f 1215/1327/2115 1213/1325/2113 1214/1326/2114 1216/1328/2116
f 1217/1329/2117 1215/1327/2115 1216/1328/2116 1218/1330/2118
f 1219/1331/2119 1217/1329/2117 1218/1330/2118 1220/1332/2120
f 1221/1333/2121 1219/1331/2119 1220/1332/2120 1222/1334/2122
f 1223/1335/2123 1221/1333/2121 1222/1334/2122 1224/1336/2124
f 1225/1337/2125 1223/1335/2123 1224/1336/2124 1226/1338/2126
f 1227/1339/2127 1225/1337/2125 1226/1338/2126 1228/1340/2128
f 1229/1341/2129 1227/1339/2127 1228/1340/2128 1230/1342/2130
f 1231/1343/2131 1229/1341/2129 1230/1342/2130 1232/1344/2132
f 1233/1345/2133 1231/1343/2131 1232/1344/2132 1234/1346/2134
f 1235/1347/2135 1233/1345/2133 1234/1346/2134 1236/1348/2136
f 1237/1349/2137 1235/1347/2135 1236/1348/2136 1238/1350/2138
f 1239/1351/2139 1237/1349/2137 1238/1350/2138 1240/1352/2140
f 1241/1353/2141 1239/1351/2139 1240/1352/2140 1242/1354/2142
f 1243/1355/2143 1241/1353/2141 1242/1354/2142 1244/1356/2144
f 1245/1357/2145 1243/1355/2143 1244/1356/2144 1246/1358/2146
f 1247/1359/2147 1245/1357/2145 1246/1358/2146 1248/1360/2148
f 1249/1361/2149 1247/1359/2147 1248/1360/2148 1250/1362/2150
f 1251/1363/2151 1249/1361/2149 1250/1362/2150 1252/1364/2152
f 1253/1365/2153 1251/1363/2151 1252/1364/2152 1254/1366/2154
f 1255/1367/2155 1253/1365/2153 1254/1366/2154 1256/1368/2156
f 1257/1369/2157 1255/1367/2155 1256/1368/2156 1258/1370/2158
f 1259/1371/2159 1257/1369/2157 1258/1370/2158 1260/1372/2160
f 1261/1373/2161 1259/1371/2159 1260/1372/2160 1262/1374/2162
f 1263/1375/2163 1261/1373/2161 1262/1374/2162 1264/1376/2164
f 1265/1377/2165 1263/1375/2163 1264/1376/2164 1266/1378/2166
f 1267/1379/2167 1265/1377/2165 1266/1378/2166 1268/1380/2168
f 1269/1381/2169 1267/1379/2167 1268/1380/2168 1270/1382/2170
f 1271/1383/2171 1269/1381/2169 1270/1382/2170 1272/1384/2172
f 1273/1385/2173 1271/1383/2171 1272/1384/2172 1274/1386/2174
f 1275/1387/2175 1273/1385/2173 1274/1386/2174 1276/1388/2176
f 1277/1389/2177 1275/1387/2175 1276/1388/2176 1278/1390/2178
f 1279/1391/2179 1277/1389/2177 1278/1390/2178 1280/1392/2180
f 1281/1393/2181 1279/1391/2179 1280/1392/2180 1282/1394/2182
f 1283/1395/2183 1281/1393/2181 1282/1394/2182 1284/1396/2184
f 1285/1397/2185 1283/1395/2183 1284/1396/2184 1286/1398/2186
f 1287/1399/2187 1285/1397/2185 1286/1398/2186 1288/1400/2188
f 1289/1401/2189 1287/1399/2187 1288/1400/2188 1290/1402/2190
f 1291/1403/2191 1289/1401/2189 1290/1402/2190 1292/1404/2192
f 1293/1405/2193 1291/1403/2191 1292/1404/2192 1294/1406/2194
f 1295/1407/2195 1293/1405/2193 1294/1406/2194 1296/1408/2196
f 1297/1409/2197 1295/1407/2195 1296/1408/2196 1298/1410/2198
f 1299/1411/2199 1297/1409/2197 1298/1410/2198 1300/1412/2200
f 1301/1413/2201 1299/1411/2199 1300/1412/2200 1302/1414/2202
f 1303/1415/2203 1301/1413/2201 1302/1414/2202 1304/1416/2204
f 1305/1417/2205 1303/1415/2203 1304/1416/2204 1306/1418/2206
f 1307/1419/2207 1305/1417/2205 1306/1418/2206 1308/1420/2208
f 1309/1421/2209 1307/1419/2207 1308/1420/2208 1310/1422/2210
f 1311/1423/2211 1309/1421/2209 1310/1422/2210 1312/1424/2212
f 1313/1425/2213 1311/1423/2211 1312/1424/2212 1314/1426/2214
f 1315/1427/2215 1313/1425/2213 1314/1426/2214 1316/1428/2216
f 1317/1429/2217 1315/1427/2215 1316/1428/2216 1318/1430/2218
f 1319/1431/2219 1317/1429/2217 1318/1430/2218 1320/1432/2220
f 1321/1433/2221 1319/1431/2219 1320/1432/2220 1322/1434/2222
f 1323/1435/2223 1321/1433/2221 1322/1434/2222 1324/1436/2224
f 1325/1437/2225 1323/1435/2223 1324/1436/2224 1326/1438/2226
f 1327/1439/2227 1325/1437/2225 1326/1438/2226 1328/1440/2228
f 1329/1441/2229 1327/1439/2227 1328/1440/2228 1330/1442/2230
f 1331/1443/2231 1329/1441/2229 1330/1442/2230 1332/1444/2232
f 1333/1445/2233 1331/1443/2231 1332/1444/2232 1334/1446/2234
f 1335/1447/2235 1333/1445/2233 1334/1446/2234 1336/1448/2236
f 1337/1449/2237 1335/1447/2235 1336/1448/2236 1338/1450/2238
f 1339/1451/2239 1337/1449/2237 1338/1450/2238 1340/1452/2240
f 1341/1453/2241 1339/1451/2239 1340/1452/2240 1342/1454/2242
f 1343/1455/2243 1341/1453/2241 1342/1454/2242 1344/1456/2244
f 1345/1457/2245 1343/1455/2243 1344/1456/2244 1346/1458/2246
f 1347/1459/2247 1345/1457/2245 1346/1458/2246 1348/1460/2248
f 1349/1461/2249 1347/1459/2247 1348/1460/2248 1350/1462/2250
f 1351/1463/2251 1349/1461/2249 1350/1462/2250 1352/1464/2252
f 1353/1465/2253 1351/1463/2251 1352/1464/2252 1354/1466/2254
f 1355/1467/2255 1353/1465/2253 1354/1466/2254 1356/1468/2256
f 1357/1469/2257 1355/1467/2255 1356/1468/2256 1358/1470/2258
f 1359/1471/2259 1357/1469/2257 1358/1470/2258 1360/1472/2260
f 1361/1473/2261 1359/1471/2259 1360/1472/2260 1362/1474/2262
f 1363/1475/2263 1361/1473/2261 1362/1474/2262 1364/1476/2264
f 1365/1477/2265 1363/1475/2263 1364/1476/2264 1366/1478/2266
f 1367/1479/2267 1365/1477/2265 1366/1478/2266 1368/1480/2268
f 1369/1481/2269 1367/1479/2267 1368/1480/2268 1370/1482/2270
f 1371/1483/2271 1369/1481/2269 1370/1482/2270 1372/1484/2272
f 1373/1485/2273 1371/1483/2271 1372/1484/2272 1374/1486/2274
f 1375/1487/2275 1373/1485/2273 1374/1486/2274 1376/1488/2276
f 1377/1489/2277 1375/1487/2275 1376/1488/2276 1378/1490/2278
f 1379/1491/2279 1377/1489/2277 1378/1490/2278 1380/1492/2280
f 1181/1493/2082 1379/1491/2279 1380/1492/2280 1183/1494/2083
s off
usemtl blinn1SG
f 503/508/2281 502/507/2282 1101/1214/2283 1102/1213/2284
f 502/507/2285 602/608/2286 1103/1215/2287 1101/1214/2288
f 602/608/2289 603/609/2290 1104/1216/2291 1103/1215/2292
f 603/609/2293 503/508/2294 1102/1213/2295 1104/1216/2296
f 508/513/2297 507/512/2298 1105/1218/2299 1106/1217/2300
f 507/512/2301 607/613/2302 1107/1219/2303 1105/1218/2304
f 607/613/2305 608/614/2306 1108/1220/2307 1107/1219/2308
f 608/614/2309 508/513/2310 1106/1217/2311 1108/1220/2312
f 513/518/2313 512/517/2314 1109/1222/2315 1110/1221/2316
f 512/517/2317 612/618/2318 1111/1223/2319 1109/1222/2320
f 612/618/2321 613/619/2322 1112/1224/2323 1111/1223/2324
f 613/619/2325 513/518/2326 1110/1221/2327 1112/1224/2328
f 518/523/2329 517/522/2330 1113/1226/2331 1114/1225/2332
f 517/522/2333 617/623/2334 1115/1227/2335 1113/1226/2336
f 617/623/2337 618/624/2338 1116/1228/2339 1115/1227/2340
f 618/624/2341 518/523/2342 1114/1225/2343 1116/1228/2344
f 523/528/2345 522/527/2346 1117/1230/2347 1118/1229/2348
f 522/527/2349 622/628/2350 1119/1231/2351 1117/1230/2352
f 622/628/2353 623/629/2354 1120/1232/2355 1119/1231/2356
f 623/629/2357 523/528/2358 1118/1229/2359 1120/1232/2360
f 528/533/2361 527/532/2362 1121/1234/2363 1122/1233/2364
f 527/532/2365 627/633/2366 1123/1235/2367 1121/1234/2368
f 627/633/2369 628/634/2370 1124/1236/2371 1123/1235/2372
f 628/634/2373 528/533/2374 1122/1233/2375 1124/1236/2376
usemtl blinn2SG
f 533/538/2377 532/537/2378 1125/1238/2379 1126/1237/2380
usemtl blinn1SG
f 532/537/2381 632/638/2382 1127/1239/2383 1125/1238/2384
f 632/638/2385 633/639/2386 1128/1240/2387 1127/1239/2388
usemtl blinn2SG
f 633/639/2389 533/538/2390 1126/1237/2391 1128/1240/2392
usemtl blinn1SG
f 538/543/2393 537/542/2394 1129/1242/2395 1130/1241/2396
f 537/542/2397 637/643/2398 1131/1243/2399 1129/1242/2400
f 637/643/2401 638/644/2402 1132/1244/2403 1131/1243/2404
f 638/644/2405 538/543/2406 1130/1241/2407 1132/1244/2408
f 543/548/2409 542/547/2410 1133/1246/2411 1134/1245/2412
f 542/547/2413 642/648/2414 1135/1247/2415 1133/1246/2416
f 642/648/2417 643/649/2418 1136/1248/2419 1135/1247/2420
f 643/649/2421 543/548/2422 1134/1245/2423 1136/1248/2424
f 548/553/2425 547/552/2426 1137/1250/2427 1138/1249/2428
f 547/552/2429 647/653/2430 1139/1251/2431 1137/1250/2432
f 647/653/2433 648/654/2434 1140/1252/2435 1139/1251/2436
f 648/654/2437 548/553/2438 1138/1249/2439 1140/1252/2440
f 553/558/2441 552/557/2442 1141/1254/2443 1142/1253/2444
f 552/557/2445 652/658/2446 1143/1255/2447 1141/1254/2448
f 652/658/2449 653/659/2450 1144/1256/2451 1143/1255/2452
f 653/659/2453 553/558/2454 1142/1253/2455 1144/1256/2456
f 558/563/2457 557/562/2458 1145/1258/2459 1146/1257/2460
f 557/562/2461 657/663/2462 1147/1259/2463 1145/1258/2464
f 657/663/2465 658/664/2466 1148/1260/2467 1147/1259/2468
f 658/664/2469 558/563/2470 1146/1257/2471 1148/1260/2472
f 563/568/2473 562/567/2474 1149/1262/2475 1150/1261/2476
f 562/567/2477 662/668/2478 1151/1263/2479 1149/1262/2480
f 662/668/2481 663/669/2482 1152/1264/2483 1151/1263/2484
f 663/669/2485 563/568/2486 1150/1261/2487 1152/1264/2488
f 568/573/2489 567/572/2490 1153/1266/2491 1154/1265/2492
f 567/572/2493 667/673/2494 1155/1267/2495 1153/1266/2496
f 667/673/2497 668/674/2498 1156/1268/2499 1155/1267/2500
f 668/674/2501 568/573/2502 1154/1265/2503 1156/1268/2504
f 573/578/2505 572/577/2506 1157/1270/2507 1158/1269/2508
f 572/577/2509 672/678/2510 1159/1271/2511 1157/1270/2512
f 672/678/2513 673/679/2514 1160/1272/2515 1159/1271/2516
f 673/679/2517 573/578/2518 1158/1269/2519 1160/1272/2520
f 578/583/2521 577/582/2522 1161/1274/2523 1162/1273/2524
f 577/582/2525 677/683/2526 1163/1275/2527 1161/1274/2528
f 677/683/2529 678/684/2530 1164/1276/2531 1163/1275/2532
f 678/684/2533 578/583/2534 1162/1273/2535 1164/1276/2536
f 583/588/2537 582/587/2538 1165/1278/2539 1166/1277/2540
f 582/587/2541 682/688/2542 1167/1279/2543 1165/1278/2544
f 682/688/2545 683/689/2546 1168/1280/2547 1167/1279/2548
f 683/689/2549 583/588/2550 1166/1277/2551 1168/1280/2552
f 588/593/2553 587/592/2554 1169/1282/2555 1170/1281/2556
f 587/592/2557 687/693/2558 1171/1283/2559 1169/1282/2560
f 687/693/2561 688/694/2562 1172/1284/2563 1171/1283/2564
f 688/694/2565 588/593/2566 1170/1281/2567 1172/1284/2568
f 593/598/2569 592/597/2570 1173/1286/2571 1174/1285/2572
f 592/597/2573 692/698/2574 1175/1287/2575 1173/1286/2576
f 692/698/2577 693/699/2578 1176/1288/2579 1175/1287/2580
f 693/699/2581 593/598/2582 1174/1285/2583 1176/1288/2584
f 598/603/2585 597/602/2586 1177/1290/2587 1178/1289/2588
f 597/602/2589 697/703/2590 1179/1291/2591 1177/1290/2592
f 697/703/2593 698/704/2594 1180/1292/2595 1179/1291/2596
f 698/704/2597 598/603/2598 1178/1289/2599 1180/1292/2600
s 32
usemtl phong1SG
f 1002/1012/2601 1001/1011/2602 1181/1294/2603 1182/1293/2604
s 33
f 1/1112/2605 2/1113/2606 1184/1296/2607 1183/1295/2608
s 32
f 1003/1013/2609 1002/1012/2601 1182/1293/2604 1185/1297/2610
s 33
f 2/1113/2606 3/1114/2611 1186/1298/2612 1184/1296/2607
s 32
f 1004/1014/2613 1003/1013/2609 1185/1297/2610 1187/1299/2614
s 33
f 3/1114/2611 4/1115/2615 1188/1300/2616 1186/1298/2612
s 32
f 1005/1015/2617 1004/1014/2613 1187/1299/2614 1189/1301/2618
s 33
f 4/1115/2615 5/1116/2619 1190/1302/2620 1188/1300/2616
s 32
f 1006/1016/2621 1005/1015/2617 1189/1301/2618 1191/1303/2622
s 33
f 5/1116/2619 6/1117/2623 1192/1304/2624 1190/1302/2620
s 32
f 1007/1017/2625 1006/1016/2621 1191/1303/2622 1193/1305/2626
s 33
f 6/1117/2623 7/1118/2627 1194/1306/2628 1192/1304/2624
s 32
f 1008/1018/2629 1007/1017/2625 1193/1305/2626 1195/1307/2630
s 33
f 7/1118/2627 8/1119/2631 1196/1308/2632 1194/1306/2628
s 32
f 1009/1019/2633 1008/1018/2629 1195/1307/2630 1197/1309/2634
s 33
f 8/1119/2631 9/1120/2635 1198/1310/2636 1196/1308/2632
s 32
f 1010/1020/2637 1009/1019/2633 1197/1309/2634 1199/1311/2638
s 33
f 9/1120/2635 10/1121/2639 1200/1312/2640 1198/1310/2636
s 32
f 1011/1021/2641 1010/1020/2637 1199/1311/2638 1201/1313/2642
s 33
f 10/1121/2639 11/1122/2643 1202/1314/2644 1200/1312/2640
s 32
f 1012/1022/2645 1011/1021/2641 1201/1313/2642 1203/1315/2646
s 33
f 11/1122/2643 12/1123/2647 1204/1316/2648 1202/1314/2644
s 32
f 1013/1023/2649 1012/1022/2645 1203/1315/2646 1205/1317/2650
s 33
f 12/1123/2647 13/1124/2651 1206/1318/2652 1204/1316/2648
s 32
f 1014/1024/2653 1013/1023/2649 1205/1317/2650 1207/1319/2654
s 33
f 13/1124/2651 14/1125/2655 1208/1320/2656 1206/1318/2652
s 32
f 1015/1025/2657 1014/1024/2653 1207/1319/2654 1209/1321/2658
s 33
f 14/1125/2655 15/1126/2659 1210/1322/2660 1208/1320/2656
s 32
f 1016/1026/2661 1015/1025/2657 1209/1321/2658 1211/1323/2662
s 33
f 15/1126/2659 16/1127/2663 1212/1324/2664 1210/1322/2660
s 32
f 1017/1027/2665 1016/1026/2661 1211/1323/2662 1213/1325/2666
s 33
f 16/1127/2663 17/1128/2667 1214/1326/2668 1212/1324/2664
s 32
f 1018/1028/2669 1017/1027/2665 1213/1325/2666 1215/1327/2670
s 33
f 17/1128/2667 18/1129/2671 1216/1328/2672 1214/1326/2668
s 32
f 1019/1029/2673 1018/1028/2669 1215/1327/2670 1217/1329/2674
s 33
f 18/1129/2671 19/1130/2675 1218/1330/2676 1216/1328/2672
s 32
f 1020/1030/2677 1019/1029/2673 1217/1329/2674 1219/1331/2678
s 33
f 19/1130/2675 20/1131/2679 1220/1332/2680 1218/1330/2676
s 32
f 1021/1031/2681 1020/1030/2677 1219/1331/2678 1221/1333/2682
s 33
f 20/1131/2679 21/1132/2683 1222/1334/2684 1220/1332/2680
s 32
f 1022/1032/2685 1021/1031/2681 1221/1333/2682 1223/1335/2686
s 33
f 21/1132/2683 22/1133/2687 1224/1336/2688 1222/1334/2684
s 32
f 1023/1033/2689 1022/1032/2685 1223/1335/2686 1225/1337/2690
s 33
f 22/1133/2687 23/1134/2691 1226/1338/2692 1224/1336/2688
s 32
f 1024/1034/2693 1023/1033/2689 1225/1337/2690 1227/1339/2694
s 33
f 23/1134/2691 24/1135/2695 1228/1340/2696 1226/1338/2692
s 32
f 1025/1035/2697 1024/1034/2693 1227/1339/2694 1229/1341/2698
s 33
f 24/1135/2695 25/1136/2699 1230/1342/2700 1228/1340/2696
s 32
f 1026/1036/2701 1025/1035/2697 1229/1341/2698 1231/1343/2702
s 33
f 25/1136/2699 26/1137/2703 1232/1344/2704 1230/1342/2700
s 32
f 1027/1037/2705 1026/1036/2701 1231/1343/2702 1233/1345/2706
s 33
f 26/1137/2703 27/1138/2707 1234/1346/2708 1232/1344/2704
s 32
f 1028/1038/2709 1027/1037/2705 1233/1345/2706 1235/1347/2710
s 33
f 27/1138/2707 28/1139/2711 1236/1348/2712 1234/1346/2708
s 32
f 1029/1039/2713 1028/1038/2709 1235/1347/2710 1237/1349/2714
s 33
f 28/1139/2711 29/1140/2715 1238/1350/2716 1236/1348/2712
s 32
f 1030/1040/2717 1029/1039/2713 1237/1349/2714 1239/1351/2718
s 33
f 29/1140/2715 30/1141/2719 1240/1352/2720 1238/1350/2716
s 32
f 1031/1041/2721 1030/1040/2717 1239/1351/2718 1241/1353/2722
s 33
f 30/1141/2719 31/1142/2723 1242/1354/2724 1240/1352/2720
s 32
f 1032/1042/2725 1031/1041/2721 1241/1353/2722 1243/1355/2726
s 33
f 31/1142/2723 32/1143/2727 1244/1356/2728 1242/1354/2724
s 32
f 1033/1043/2729 1032/1042/2725 1243/1355/2726 1245/1357/2730
s 33
f 32/1143/2727 33/1144/2731 1246/1358/2732 1244/1356/2728
s 32
f 1034/1044/2733 1033/1043/2729 1245/1357/2730 1247/1359/2734
s 33
f 33/1144/2731 34/1145/2735 1248/1360/2736 1246/1358/2732
s 32
f 1035/1045/2737 1034/1044/2733 1247/1359/2734 1249/1361/2738
s 33
f 34/1145/2735 35/1146/2739 1250/1362/2740 1248/1360/2736
s 32
f 1036/1046/2741 1035/1045/2737 1249/1361/2738 1251/1363/2742
s 33
f 35/1146/2739 36/1147/2743 1252/1364/2744 1250/1362/2740
s 32
f 1037/1047/2745 1036/1046/2741 1251/1363/2742 1253/1365/2746
s 33
f 36/1147/2743 37/1148/2747 1254/1366/2748 1252/1364/2744
s 32
f 1038/1048/2749 1037/1047/2745 1253/1365/2746 1255/1367/2750
s 33
f 37/1148/2747 38/1149/2751 1256/1368/2752 1254/1366/2748
s 32
f 1039/1049/2753 1038/1048/2749 1255/1367/2750 1257/1369/2754
s 33
f 38/1149/2751 39/1150/2755 1258/1370/2756 1256/1368/2752
s 32
f 1040/1050/2757 1039/1049/2753 1257/1369/2754 1259/1371/2758
s 33
f 39/1150/2755 40/1151/2759 1260/1372/2760 1258/1370/2756
s 32
f 1041/1051/2761 1040/1050/2757 1259/1371/2758 1261/1373/2762
s 33
f 40/1151/2759 41/1152/2763 1262/1374/2764 1260/1372/2760
s 32
f 1042/1052/2765 1041/1051/2761 1261/1373/2762 1263/1375/2766
s 33
f 41/1152/2763 42/1153/2767 1264/1376/2768 1262/1374/2764
s 32
f 1043/1053/2769 1042/1052/2765 1263/1375/2766 1265/1377/2770
s 33
f 42/1153/2767 43/1154/2771 1266/1378/2772 1264/1376/2768
s 32
f 1044/1054/2773 1043/1053/2769 1265/1377/2770 1267/1379/2774
s 33
f 43/1154/2771 44/1155/2775 1268/1380/2776 1266/1378/2772
s 32
f 1045/1055/2777 1044/1054/2773 1267/1379/2774 1269/1381/2778
s 33
f 44/1155/2775 45/1156/2779 1270/1382/2780 1268/1380/2776
s 32
f 1046/1056/2781 1045/1055/2777 1269/1381/2778 1271/1383/2782
s 33
f 45/1156/2779 46/1157/2783 1272/1384/2784 1270/1382/2780
s 32
f 1047/1057/2785 1046/1056/2781 1271/1383/2782 1273/1385/2786
s 33
f 46/1157/2783 47/1158/2787 1274/1386/2788 1272/1384/2784
s 32
f 1048/1058/2789 1047/1057/2785 1273/1385/2786 1275/1387/2790
s 33
f 47/1158/2787 48/1159/2791 1276/1388/2792 1274/1386/2788
s 32
f 1049/1059/2793 1048/1058/2789 1275/1387/2790 1277/1389/2794
s 33
f 48/1159/2791 49/1160/2795 1278/1390/2796 1276/1388/2792
s 32
f 1050/1060/2797 1049/1059/2793 1277/1389/2794 1279/1391/2798
s 33
f 49/1160/2795 50/1161/2799 1280/1392/2800 1278/1390/2796
s 32
f 1051/1061/2801 1050/1060/2797 1279/1391/2798 1281/1393/2802
s 33
f 50/1161/2799 51/1162/2803 1282/1394/2804 1280/1392/2800
s 32
f 1052/1062/2805 1051/1061/2801 1281/1393/2802 1283/1395/2806
s 33
f 51/1162/2803 52/1163/2807 1284/1396/2808 1282/1394/2804
s 32
f 1053/1063/2809 1052/1062/2805 1283/1395/2806 1285/1397/2810
s 33
f 52/1163/2807 53/1164/2811 1286/1398/2812 1284/1396/2808
s 32
f 1054/1064/2813 1053/1063/2809 1285/1397/2810 1287/1399/2814
s 33
f 53/1164/2811 54/1165/2815 1288/1400/2816 1286/1398/2812
s 32
f 1055/1065/2817 1054/1064/2813 1287/1399/2814 1289/1401/2818
s 33
f 54/1165/2815 55/1166/2819 1290/1402/2820 1288/1400/2816
s 32
f 1056/1066/2821 1055/1065/2817 1289/1401/2818 1291/1403/2822
s 33
f 55/1166/2819 56/1167/2823 1292/1404/2824 1290/1402/2820
s 32
f 1057/1067/2825 1056/1066/2821 1291/1403/2822 1293/1405/2826
s 33
f 56/1167/2823 57/1168/2827 1294/1406/2828 1292/1404/2824
s 32
f 1058/1068/2829 1057/1067/2825 1293/1405/2826 1295/1407/2830
s 33
f 57/1168/2827 58/1169/2831 1296/1408/2832 1294/1406/2828
s 32
f 1059/1069/2833 1058/1068/2829 1295/1407/2830 1297/1409/2834
s 33
f 58/1169/2831 59/1170/2835 1298/1410/2836 1296/1408/2832
s 32
f 1060/1070/2837 1059/1069/2833 1297/1409/2834 1299/1411/2838
s 33
f 59/1170/2835 60/1171/2839 1300/1412/2840 1298/1410/2836
s 32
f 1061/1071/2841 1060/1070/2837 1299/1411/2838 1301/1413/2842
s 33
f 60/1171/2839 61/1172/2843 1302/1414/2844 1300/1412/2840
s 32
f 1062/1072/2845 1061/1071/2841 1301/1413/2842 1303/1415/2846
s 33
f 61/1172/2843 62/1173/2847 1304/1416/2848 1302/1414/2844
s 32
f 1063/1073/2849 1062/1072/2845 1303/1415/2846 1305/1417/2850
s 33
f 62/1173/2847 63/1174/2851 1306/1418/2852 1304/1416/2848
s 32
f 1064/1074/2853 1063/1073/2849 1305/1417/2850 1307/1419/2854
s 33
f 63/1174/2851 64/1175/2855 1308/1420/2856 1306/1418/2852
s 32
f 1065/1075/2857 1064/1074/2853 1307/1419/2854 1309/1421/2858
s 33
f 64/1175/2855 65/1176/2859 1310/1422/2860 1308/1420/2856
s 32
f 1066/1076/2861 1065/1075/2857 1309/1421/2858 1311/1423/2862
s 33
f 65/1176/2859 66/1177/2863 1312/1424/2864 1310/1422/2860
s 32
f 1067/1077/2865 1066/1076/2861 1311/1423/2862 1313/1425/2866
s 33
f 66/1177/2863 67/1178/2867 1314/1426/2868 1312/1424/2864
s 32
f 1068/1078/2869 1067/1077/2865 1313/1425/2866 1315/1427/2870
s 33
f 67/1178/2867 68/1179/2871 1316/1428/2872 1314/1426/2868
s 32
f 1069/1079/2873 1068/1078/2869 1315/1427/2870 1317/1429/2874
s 33
f 68/1179/2871 69/1180/2875 1318/1430/2876 1316/1428/2872
s 32
f 1070/1080/2877 1069/1079/2873 1317/1429/2874 1319/1431/2878
s 33
f 69/1180/2875 70/1181/2879 1320/1432/2880 1318/1430/2876
s 32
f 1071/1081/2881 1070/1080/2877 1319/1431/2878 1321/1433/2882
s 33
f 70/1181/2879 71/1182/2883 1322/1434/2884 1320/1432/2880
s 32
f 1072/1082/2885 1071/1081/2881 1321/1433/2882 1323/1435/2886
s 33
f 71/1182/2883 72/1183/2887 1324/1436/2888 1322/1434/2884
s 32
f 1073/1083/2889 1072/1082/2885 1323/1435/2886 1325/1437/2890
s 33
f 72/1183/2887 73/1184/2891 1326/1438/2892 1324/1436/2888
s 32
f 1074/1084/2893 1073/1083/2889 1325/1437/2890 1327/1439/2894
s 33
f 73/1184/2891 74/1185/2895 1328/1440/2896 1326/1438/2892
s 32
f 1075/1085/2897 1074/1084/2893 1327/1439/2894 1329/1441/2898
s 33
f 74/1185/2895 75/1186/2899 1330/1442/2900 1328/1440/2896
s 32
f 1076/1086/2901 1075/1085/2897 1329/1441/2898 1331/1443/2902
s 33
f 75/1186/2899 76/1187/2903 1332/1444/2904 1330/1442/2900
s 32
f 1077/1087/2905 1076/1086/2901 1331/1443/2902 1333/1445/2906
s 33
f 76/1187/2903 77/1188/2907 1334/1446/2908 1332/1444/2904
s 32
f 1078/1088/2909 1077/1087/2905 1333/1445/2906 1335/1447/2910
s 33
f 77/1188/2907 78/1189/2911 1336/1448/2912 1334/1446/2908
s 32
f 1079/1089/2913 1078/1088/2909 1335/1447/2910 1337/1449/2914
s 33
f 78/1189/2911 79/1190/2915 1338/1450/2916 1336/1448/2912
s 32
f 1080/1090/2917 1079/1089/2913 1337/1449/2914 1339/1451/2918
s 33
f 79/1190/2915 80/1191/2919 1340/1452/2920 1338/1450/2916
s 32
f 1081/1091/2921 1080/1090/2917 1339/1451/2918 1341/1453/2922
s 33
f 80/1191/2919 81/1192/2923 1342/1454/2924 1340/1452/2920
s 32
f 1082/1092/2925 1081/1091/2921 1341/1453/2922 1343/1455/2926
s 33
f 81/1192/2923 82/1193/2927 1344/1456/2928 1342/1454/2924
s 32
f 1083/1093/2929 1082/1092/2925 1343/1455/2926 1345/1457/2930
s 33
f 82/1193/2927 83/1194/2931 1346/1458/2932 1344/1456/2928
s 32
f 1084/1094/2933 1083/1093/2929 1345/1457/2930 1347/1459/2934
s 33
f 83/1194/2931 84/1195/2935 1348/1460/2936 1346/1458/2932
s 32
f 1085/1095/2937 1084/1094/2933 1347/1459/2934 1349/1461/2938
s 33
f 84/1195/2935 85/1196/2939 1350/1462/2940 1348/1460/2936
s 32
f 1086/1096/2941 1085/1095/2937 1349/1461/2938 1351/1463/2942
s 33
f 85/1196/2939 86/1197/2943 1352/1464/2944 1350/1462/2940
s 32
f 1087/1097/2945 1086/1096/2941 1351/1463/2942 1353/1465/2946
s 33
f 86/1197/2943 87/1198/2947 1354/1466/2948 1352/1464/2944
s 32
f 1088/1098/2949 1087/1097/2945 1353/1465/2946 1355/1467/2950
s 33
f 87/1198/2947 88/1199/2951 1356/1468/2952 1354/1466/2948
s 32
f 1089/1099/2953 1088/1098/2949 1355/1467/2950 1357/1469/2954
s 33
f 88/1199/2951 89/1200/2955 1358/1470/2956 1356/1468/2952
s 32
f 1090/1100/2957 1089/1099/2953 1357/1469/2954 1359/1471/2958
s 33
f 89/1200/2955 90/1201/2959 1360/1472/2960 1358/1470/2956
s 32
f 1091/1101/2961 1090/1100/2957 1359/1471/2958 1361/1473/2962
s 33
f 90/1201/2959 91/1202/2963 1362/1474/2964 1360/1472/2960
s 32
f 1092/1102/2965 1091/1101/2961 1361/1473/2962 1363/1475/2966
s 33
f 91/1202/2963 92/1203/2967 1364/1476/2968 1362/1474/2964
s 32
f 1093/1103/2969 1092/1102/2965 1363/1475/2966 1365/1477/2970
s 33
f 92/1203/2967 93/1204/2971 1366/1478/2972 1364/1476/2968
s 32
f 1094/1104/2973 1093/1103/2969 1365/1477/2970 1367/1479/2974
s 33
f 93/1204/2971 94/1205/2975 1368/1480/2976 1366/1478/2972
s 32
f 1095/1105/2977 1094/1104/2973 1367/1479/2974 1369/1481/2978
s 33
f 94/1205/2975 95/1206/2979 1370/1482/2980 1368/1480/2976
s 32
f 1096/1106/2981 1095/1105/2977 1369/1481/2978 1371/1483/2982
s 33
f 95/1206/2979 96/1207/2983 1372/1484/2984 1370/1482/2980
s 32
f 1097/1107/2985 1096/1106/2981 1371/1483/2982 1373/1485/2986
s 33
f 96/1207/2983 97/1208/2987 1374/1486/2988 1372/1484/2984
s 32
f 1098/1108/2989 1097/1107/2985 1373/1485/2986 1375/1487/2990
s 33
f 97/1208/2987 98/1209/2991 1376/1488/2992 1374/1486/2988
s 32
f 1099/1109/2993 1098/1108/2989 1375/1487/2990 1377/1489/2994
s 33
f 98/1209/2991 99/1210/2995 1378/1490/2996 1376/1488/2992
s 32
f 1100/1110/2997 1099/1109/2993 1377/1489/2994 1379/1491/2998
s 33
f 99/1210/2995 100/1211/2999 1380/1492/3000 1378/1490/2996
s 32
f 1001/1111/2602 1100/1110/2997 1379/1491/2998 1181/1493/2603
s 33
f 100/1211/2999 1/1212/2605 1183/1494/2608 1380/1492/3000
