# This file uses centimeters as units for non-parametric coordinates.

mtllib tractor.mtl
g default
v -5.020024 4.816593 -7.613067
v -5.020024 5.439123 -8.834854
v -5.020024 6.407126 -9.802855
v -5.020024 7.628912 -10.425386
v -5.020024 8.981017 -10.639538
v -5.020024 10.335378 -10.425028
v -5.020024 11.555131 -9.803534
v -5.020024 12.524744 -8.833919
v -5.020024 13.146240 -7.614166
v -5.020024 13.360749 -6.259806
v -5.020024 13.146597 -4.907700
v -5.020024 12.524065 -3.685914
v -5.020024 11.556066 -2.717913
v -5.020024 10.334278 -2.095383
v -5.020024 8.982173 -1.881230
v -5.020024 7.627814 -2.095740
v -5.020024 6.408061 -2.717234
v -5.020024 5.438448 -3.686849
v -5.020024 4.816953 -4.906601
v -5.020024 4.602442 -6.260961
v -2.361255 5.094641 -7.522724
v -2.361255 5.675645 -8.663011
v -2.361255 6.578968 -9.566333
v -2.361255 7.719255 -10.147339
v -2.361255 8.981017 -10.347181
v -2.361255 10.245035 -10.146981
v -2.361255 11.383288 -9.567012
v -2.361255 12.288223 -8.662075
v -2.361255 12.868192 -7.523823
v -2.361255 13.068392 -6.259806
v -2.361255 12.868550 -4.998043
v -2.361255 12.287544 -3.857757
v -2.361255 11.384223 -2.954435
v -2.361255 10.243935 -2.373430
v -2.361255 8.982173 -2.173587
v -2.361255 7.718157 -2.373787
v -2.361255 6.579904 -2.953756
v -2.361255 5.674969 -3.858692
v -2.361255 5.095000 -4.996944
v -2.361255 4.894799 -6.260961
v -2.103253 8.981595 -6.260383
v -5.202378 4.888036 -7.590461
v -5.202379 5.499405 -8.790342
v -5.202379 6.451637 -9.742573
v -5.202379 7.651518 -10.353943
v -5.202379 8.981595 -10.564605
v -5.202379 10.311673 -10.353942
v -5.202379 11.511554 -9.742572
v -5.202379 12.463784 -8.790342
v -5.202379 13.075154 -7.590461
v -5.202379 13.285817 -6.260383
v -5.202379 13.075154 -4.930306
v -5.202379 12.463784 -3.730426
v -5.202379 11.511554 -2.778195
v -5.202379 10.311673 -2.166826
v -5.202379 8.981595 -1.956163
v -5.202379 7.651519 -2.166826
v -5.202379 6.451638 -2.778196
v -5.202379 5.499409 -3.730426
v -5.202379 4.888039 -4.930306
v -5.202379 4.677375 -6.260383
v -4.748493 5.289128 -7.460138
v -4.748493 5.840596 -8.542454
v -4.748493 6.699526 -9.401384
v -4.748493 7.781840 -9.952851
v -4.748493 8.981595 -10.142873
v -4.748493 10.181350 -9.952851
v -4.748493 11.263665 -9.401384
v -4.748493 12.122595 -8.542454
v -4.748493 12.674063 -7.460138
v -4.748493 12.864085 -6.260383
v -4.748493 12.674063 -5.060628
v -4.748493 12.122595 -3.978314
v -4.748493 11.263665 -3.119384
v -4.748493 10.181350 -2.567918
v -4.748493 8.981595 -2.377895
v -4.748493 7.781841 -2.567918
v -4.748493 6.699526 -3.119384
v -4.748493 5.840598 -3.978314
v -4.748493 5.289130 -5.060628
v -4.748493 5.099107 -6.260383
v -4.546462 5.042566 -7.848211
v -4.546462 5.381712 -8.513823
v -2.834817 5.381712 -8.513823
v -2.834817 5.042566 -7.848211
v -4.546462 6.728156 -9.860267
v -4.546462 7.393768 -10.199413
v -2.834817 7.393768 -10.199413
v -2.834817 6.728156 -9.860267
v -4.546462 9.274483 -10.497287
v -4.546462 10.012318 -10.380426
v -2.834817 10.012318 -10.380426
v -2.834817 9.274483 -10.497287
v -4.546462 11.708936 -9.515956
v -4.546462 12.237167 -8.987724
v -2.834817 12.237167 -8.987724
v -2.834817 11.708936 -9.515956
v -4.546462 13.101637 -7.291106
v -4.546462 13.218499 -6.553271
v -2.834817 13.218500 -6.553271
v -2.834817 13.101637 -7.291106
v -4.546462 12.920623 -4.672555
v -4.546462 12.581477 -4.006945
v -2.834817 12.581477 -4.006945
v -2.834817 12.920622 -4.672555
v -4.546462 11.235034 -2.660502
v -4.546462 10.569422 -2.321356
v -2.834817 10.569422 -2.321357
v -2.834817 11.235034 -2.660502
v -4.546462 8.688708 -2.023481
v -4.546462 7.950873 -2.140342
v -2.834817 7.950874 -2.140342
v -2.834817 8.688708 -2.023480
v -4.546462 6.254256 -3.004812
v -4.546462 5.726025 -3.533043
v -2.834817 5.726026 -3.533043
v -2.834817 6.254256 -3.004812
v -4.546462 4.861555 -5.229660
v -4.546462 4.744693 -5.967496
v -2.834817 4.744693 -5.967496
v -2.834817 4.861555 -5.229660
v -4.748264 5.355977 -7.438418
v -4.748264 5.897460 -8.501139
v -4.748264 6.740840 -9.344518
v -4.748264 7.803561 -9.886003
v -4.748264 8.981595 -10.072584
v -4.748264 10.159630 -9.886002
v -4.748264 11.222351 -9.344518
v -4.748264 12.065730 -8.501139
v -4.748264 12.607214 -7.438418
v -4.748264 12.793796 -6.260383
v -4.748264 12.607214 -5.082348
v -4.748264 12.065730 -4.019628
v -4.748264 11.222351 -3.176249
v -4.748264 10.159630 -2.634767
v -4.748264 8.981595 -2.448184
v -4.748264 7.803561 -2.634766
v -4.748264 6.740841 -3.176249
v -4.748264 5.897462 -4.019629
v -4.748264 5.355978 -5.082349
v -4.748264 5.169396 -6.260383
v -5.200779 5.734581 -7.315403
v -5.200779 6.219520 -8.267149
v -5.276199 8.981595 -6.260383
v -5.200779 6.974831 -9.022459
v -5.200779 7.926577 -9.507399
v -5.200779 8.981595 -9.674497
v -5.200779 10.036613 -9.507398
v -5.200779 10.988361 -9.022458
v -5.200779 11.743670 -8.267149
v -5.200779 12.228610 -7.315403
v -5.200779 12.395709 -6.260382
v -5.200779 12.228610 -5.205365
v -5.200779 11.743670 -4.253618
v -5.200779 10.988361 -3.498309
v -5.200779 10.036613 -3.013370
v -5.200779 8.981595 -2.846272
v -5.200779 7.926577 -3.013371
v -5.200779 6.974831 -3.498309
v -5.200779 6.219522 -4.253618
v -5.200779 5.734583 -5.205365
v -5.200779 5.567484 -6.260382
v -5.278026 8.981595 -10.634895
v -5.273838 9.664062 -10.569307
v -5.202379 9.654872 -10.511288
v -5.278026 10.333394 -10.420790
v -5.202379 10.935522 -10.095180
v -5.278026 11.552869 -9.799438
v -5.273838 12.066444 -9.345232
v -5.202379 12.024906 -9.303695
v -5.278026 12.520649 -8.831656
v -5.202379 12.816391 -8.214309
v -5.278026 13.142002 -7.612181
v -5.273838 13.290518 -6.942850
v -5.202379 13.232499 -6.933660
v -5.278026 13.356106 -6.260383
v -5.202379 13.232499 -5.587106
v -5.278026 13.142002 -4.908585
v -5.273838 12.868731 -4.279789
v -5.202379 12.816391 -4.306458
v -5.278026 12.520649 -3.689111
v -5.202379 12.024906 -3.217073
v -5.278026 11.552869 -2.721330
v -5.273838 10.962190 -2.373249
v -5.202379 10.935521 -2.425589
v -5.278026 10.333393 -2.099977
v -5.202379 9.654872 -2.009481
v -5.278026 8.981595 -1.885874
v -5.273838 8.299130 -1.951461
v -5.202379 8.308319 -2.009481
v -5.278026 7.629798 -2.099977
v -5.202379 7.027670 -2.425589
v -5.278026 6.410324 -2.721331
v -5.273838 5.896749 -3.175536
v -5.202379 5.938286 -3.217073
v -5.278026 5.442544 -3.689111
v -5.202379 5.146803 -4.306458
v -5.278026 4.821191 -4.908585
v -5.273838 4.672674 -5.577917
v -5.202379 4.730694 -5.587106
v -5.278026 4.607086 -6.260383
v -5.202379 4.730692 -6.933660
v -4.975436 5.088582 -7.525300
v -4.748493 5.522537 -8.022862
v -4.975436 5.670000 -8.666398
v -4.748493 6.236472 -9.005507
v -4.975436 6.575581 -9.571978
v -4.748493 7.219118 -9.719442
v -4.975436 7.716679 -10.153397
v -4.748493 8.374287 -10.094779
v -4.975436 8.981595 -10.353740
v -4.748493 9.588903 -10.094779
v -4.975436 10.246512 -10.153397
v -4.748493 10.744073 -9.719442
v -4.975436 11.387610 -9.571978
v -4.748493 11.726719 -9.005507
v -4.975436 12.293189 -8.666398
v -4.748493 12.440653 -8.022862
v -4.975436 12.874608 -7.525300
v -4.748493 12.815991 -6.867692
v -4.975436 13.074951 -6.260383
v -4.748493 12.815991 -5.653075
v -4.975436 12.874608 -4.995467
v -4.748493 12.440653 -4.497905
v -4.975436 12.293189 -3.854369
v -4.748493 11.726719 -3.515260
v -4.975436 11.387610 -2.948790
v -4.748493 10.744073 -2.801327
v -4.975436 10.246511 -2.367372
v -4.748493 9.588903 -2.425989
v -4.975436 8.981595 -2.167029
v -4.748493 8.374287 -2.425989
v -4.975436 7.716680 -2.367372
v -4.748493 7.219118 -2.801327
v -4.975436 6.575582 -2.948790
v -4.748493 6.236473 -3.515260
v -4.975436 5.670003 -3.854370
v -4.748493 5.522539 -4.497906
v -4.975436 5.088585 -4.995467
v -4.748493 5.147201 -5.653075
v -4.975436 4.888241 -6.260383
v -4.748493 5.147200 -6.867692
v -4.856051 5.397352 -8.657500
v -4.856051 4.935523 -7.751106
v -2.525228 5.397352 -8.657500
v -2.525228 4.935523 -7.751106
v -4.856051 7.490872 -10.306456
v -4.856051 6.584480 -9.844626
v -2.525228 7.490872 -10.306456
v -2.525228 6.584480 -9.844626
v -4.856051 10.153796 -10.409949
v -4.856051 9.149052 -10.569085
v -2.525228 10.153796 -10.409949
v -2.525228 9.149052 -10.569085
v -4.856051 12.368978 -8.928451
v -4.856051 11.649662 -9.647768
v -2.525228 12.368978 -8.928451
v -2.525228 11.649662 -9.647768
v -4.856051 13.290296 -6.427840
v -4.856051 13.131160 -7.432583
v -2.525228 13.290296 -6.427840
v -2.525228 13.131160 -7.432583
v -4.856051 12.565836 -3.863268
v -4.856051 13.027666 -4.769660
v -2.525228 12.565836 -3.863268
v -2.525228 13.027666 -4.769660
v -4.856051 10.472318 -2.214313
v -4.856051 11.378711 -2.676143
v -2.525228 10.472318 -2.214313
v -2.525228 11.378711 -2.676143
v -4.856051 7.809396 -2.110819
v -4.856051 8.814138 -1.951683
v -2.525228 7.809396 -2.110819
v -2.525228 8.814138 -1.951683
v -4.856051 5.594214 -3.592317
v -4.856051 6.313529 -2.873001
v -2.525228 5.594214 -3.592317
v -2.525228 6.313529 -2.873001
v -4.856051 4.672895 -6.092926
v -4.856051 4.832032 -5.088183
v -2.525228 4.672895 -6.092926
v -2.525228 4.832032 -5.088183
v -4.672845 5.355977 -7.438418
v -4.748264 5.585160 -7.990954
v -4.672845 5.897461 -8.501139
v -4.748264 6.286170 -8.955810
v -4.672845 6.740840 -9.344518
v -4.748264 7.251026 -9.656819
v -4.672845 7.803561 -9.886003
v -4.748264 8.385281 -10.025361
v -4.672845 8.981595 -10.072585
v -4.748264 9.577909 -10.025361
v -4.672845 10.159630 -9.886003
v -4.748264 10.712165 -9.656819
v -4.672845 11.222351 -9.344518
v -4.748264 11.677021 -8.955810
v -4.672845 12.065730 -8.501139
v -4.748264 12.378031 -7.990954
v -4.672845 12.607214 -7.438418
v -4.748264 12.746573 -6.856697
v -4.672845 12.793796 -6.260383
v -4.748264 12.746573 -5.664069
v -4.672845 12.607214 -5.082348
v -4.748264 12.378031 -4.529813
v -4.672845 12.065730 -4.019628
v -4.748264 11.677021 -3.564958
v -4.672845 11.222351 -3.176249
v -4.748264 10.712165 -2.863950
v -4.672845 10.159630 -2.634766
v -4.748264 9.577909 -2.495407
v -4.672845 8.981595 -2.448184
v -4.748264 8.385282 -2.495407
v -4.672845 7.803561 -2.634766
v -4.748264 7.251026 -2.863950
v -4.672845 6.740841 -3.176249
v -4.748264 6.286170 -3.564958
v -4.672845 5.897462 -4.019629
v -4.748264 5.585162 -4.529814
v -4.672845 5.355978 -5.082349
v -4.748264 5.216619 -5.664069
v -4.672845 5.169396 -6.260383
v -4.748264 5.216619 -6.856697
v -4.974522 5.355977 -7.438418
v -4.974522 5.897461 -8.501139
v -4.974522 6.740840 -9.344518
v -4.974522 7.803561 -9.886003
v -4.974522 8.981595 -10.072585
v -4.974522 10.159630 -9.886003
v -4.974522 11.222351 -9.344518
v -4.974522 12.065730 -8.501139
v -4.974522 12.607214 -7.438418
v -4.974522 12.793796 -6.260383
v -4.974522 12.607214 -5.082348
v -4.974522 12.065730 -4.019628
v -4.974522 11.222351 -3.176249
v -4.974522 10.159630 -2.634766
v -4.974522 8.981595 -2.448184
v -4.974522 7.803561 -2.634766
v -4.974522 6.740841 -3.176249
v -4.974522 5.897462 -4.019629
v -4.974522 5.355978 -5.082349
v -4.974522 5.169396 -6.260383
v -4.839299 5.228135 -8.172867
v -3.690640 5.455730 -8.619549
v -2.541980 5.228135 -8.172867
v -3.690640 5.000539 -7.726184
v -4.881180 5.888585 -9.353393
v -3.690640 6.269736 -9.701901
v -2.500099 6.146336 -9.095642
v -3.690640 5.540077 -8.972244
v -4.839299 7.069112 -10.013844
v -3.690640 7.515794 -10.241441
v -2.541980 7.069112 -10.013844
v -3.690640 6.622430 -9.786248
v -4.881180 8.297324 -10.580706
v -3.690640 8.810527 -10.638620
v -2.500099 8.354346 -10.220679
v -3.690640 7.791341 -10.477198
v -4.839299 9.640592 -10.421125
v -3.690640 10.135742 -10.342701
v -2.541980 9.640592 -10.421125
v -3.690640 9.145442 -10.499549
v -4.881180 10.967430 -10.157802
v -3.690640 11.416662 -9.903003
v -2.500099 10.801944 -9.833017
v -3.690640 10.497240 -10.371471
v -4.839299 11.960358 -9.239146
v -3.690640 12.314846 -8.884658
v -2.541980 11.960358 -9.239146
v -3.690640 11.605869 -9.593635
v -4.881180 12.879014 -8.246218
v -3.690640 13.092682 -7.776028
v -2.500099 12.554229 -8.080731
v -3.690640 12.624214 -8.695449
v -4.839299 13.142337 -6.919380
v -3.690640 13.220761 -6.424230
v -2.541980 13.142337 -6.919380
v -3.690640 13.063912 -7.414530
v -4.881180 13.301917 -5.576112
v -3.690640 13.198408 -5.070129
v -2.500099 12.941890 -5.633134
v -3.690640 13.359831 -6.089315
v -4.839299 12.735054 -4.347900
v -3.690640 12.507459 -3.901219
v -2.541980 12.735054 -4.347900
v -3.690640 12.962650 -4.794581
v -4.881180 12.074604 -3.167375
v -3.690640 11.693456 -2.818867
v -2.500099 11.816854 -3.425125
v -3.690640 12.423111 -3.548524
v -4.839299 10.894078 -2.506925
v -3.690640 10.447396 -2.279330
v -2.541980 10.894078 -2.506925
v -3.690640 11.340759 -2.734520
v -4.881180 9.665866 -1.940063
v -3.690640 9.152663 -1.882148
v -2.500099 9.608844 -2.300089
v -3.690640 10.171848 -2.043571
v -4.839299 8.322599 -2.099643
v -3.690640 7.827449 -2.178067
v -2.541980 8.322599 -2.099643
v -3.690640 8.817749 -2.021219
v -4.881180 6.995762 -2.362966
v -3.690640 6.546530 -2.617766
v -2.500099 7.161249 -2.687750
v -3.690640 7.465952 -2.149297
v -4.839299 6.002835 -3.281622
v -3.690640 5.648347 -3.636109
v -2.541980 6.002835 -3.281622
v -3.690640 6.357322 -2.927133
v -4.881180 5.084180 -4.274550
v -3.690640 4.870511 -4.744739
v -2.500099 5.408964 -4.440036
v -3.690640 5.338979 -3.825318
v -4.839299 4.820855 -5.601386
v -3.690640 4.742430 -6.096537
v -2.541980 4.820855 -5.601386
v -3.690640 4.899280 -5.106236
v -4.881180 4.661274 -6.944655
v -3.690640 4.764782 -7.450637
v -2.500099 5.021301 -6.887632
v -3.690640 4.603360 -6.431451
v -5.200780 5.868196 -7.846739
v -5.276200 6.870394 -6.946354
v -5.276200 7.185700 -7.565178
v -5.200780 6.510788 -8.731191
v -5.276200 7.676801 -8.056279
v -5.200780 7.395240 -9.373783
v -5.276200 8.295624 -8.371585
v -5.200780 8.434974 -9.711613
v -5.276200 8.981595 -8.480232
v -5.200780 9.528216 -9.711613
v -5.276200 9.667566 -8.371585
v -5.200780 10.567951 -9.373783
v -5.276200 10.286389 -8.056279
v -5.200780 11.452403 -8.731191
v -5.276200 10.777490 -7.565178
v -5.200780 12.094994 -7.846739
v -5.276200 11.092797 -6.946354
v -5.200780 12.432825 -6.807004
v -5.276200 11.201444 -6.260383
v -5.200780 12.432825 -5.713762
v -5.276200 11.092797 -5.574412
v -5.200780 12.094994 -4.674027
v -5.276200 10.777490 -4.955589
v -5.200780 11.452403 -3.789576
v -5.276200 10.286389 -4.464488
v -5.200780 10.567951 -3.146986
v -5.276200 9.667566 -4.149183
v -5.200780 9.528216 -2.809155
v -5.276200 8.981595 -4.040535
v -5.200780 8.434974 -2.809155
v -5.276200 8.295625 -4.149183
v -5.200780 7.395240 -3.146986
v -5.276200 7.676802 -4.464489
v -5.200780 6.510789 -3.789577
v -5.276200 7.185701 -4.955590
v -5.200780 5.868198 -4.674028
v -5.276200 6.870394 -5.574412
v -5.200780 5.530368 -5.713762
v -5.276200 6.761747 -6.260383
v -5.200780 5.530366 -6.807004
v -2.111629 5.429526 -8.070253
v -2.103253 6.920800 -7.757639
v -2.103253 6.558986 -7.047537
v -2.103253 7.484340 -8.321179
v -2.111629 7.171726 -9.812452
v -2.103253 8.194442 -8.682993
v -2.103253 8.981595 -8.807666
v -2.111629 9.605234 -10.197882
v -2.103253 9.768749 -8.682993
v -2.103253 10.478850 -8.321178
v -2.111629 11.800533 -9.079321
v -2.103253 11.042390 -7.757638
v -2.103253 11.404205 -7.047537
v -2.111629 12.919093 -6.884022
v -2.103253 11.528877 -6.260383
v -2.103253 11.404205 -5.473230
v -2.111629 12.533663 -4.450514
v -2.103253 11.042390 -4.763129
v -2.103253 10.478850 -4.199589
v -2.111629 10.791464 -2.708316
v -2.103253 9.768748 -3.837774
v -2.103253 8.981595 -3.713102
v -2.111629 8.357957 -2.322886
v -2.103253 8.194442 -3.837775
v -2.103253 7.484341 -4.199589
v -2.111629 6.162660 -3.441447
v -2.103253 6.920802 -4.763129
v -2.103253 6.558987 -5.473230
v -2.111629 5.044099 -5.636745
v -2.103253 6.434314 -6.260383
v -5.273838 5.094458 -8.240978
v -5.278026 4.821188 -7.612182
v -5.202379 5.146798 -8.214310
v -5.278026 5.442540 -8.831657
v -5.202379 5.938283 -9.303695
v -5.278026 6.410322 -9.799438
v -5.273838 7.001001 -10.147520
v -5.202379 7.027670 -10.095180
v -5.278026 7.629798 -10.420791
v -5.202379 8.308318 -10.511288
v -3.690640 5.248701 -8.162388
v -3.690640 5.888586 -9.353393
v -3.690640 7.079591 -9.993279
v -3.690640 8.297324 -10.580706
v -3.690640 9.636981 -10.398328
v -3.690640 10.967430 -10.157802
v -3.690640 11.944036 -9.222825
v -3.690640 12.879014 -8.246217
v -3.690640 13.119540 -6.915769
v -3.690640 13.301917 -5.576112
v -3.690640 12.714488 -4.358379
v -3.690640 12.074604 -3.167375
v -3.690640 10.883599 -2.527490
v -3.690640 9.665866 -1.940063
v -3.690640 8.326210 -2.122440
v -3.690640 6.995762 -2.362966
v -3.690640 6.019156 -3.297943
v -3.690640 5.084179 -4.274550
v -3.690640 4.843652 -5.604997
v -3.690640 4.661274 -6.944655
v -5.276200 6.717305 -7.414097
v -5.276200 7.184645 -8.057334
v -5.276200 7.827882 -8.524674
v -5.276200 8.584053 -8.770369
v -5.276200 9.379137 -8.770369
v -5.276200 10.135308 -8.524674
v -5.276200 10.778546 -8.057334
v -5.276200 11.245885 -7.414097
v -5.276200 11.491581 -6.657926
v -5.276200 11.491581 -5.862841
v -5.276200 11.245885 -5.106670
v -5.276200 10.778546 -4.463433
v -5.276200 10.135308 -3.996094
v -5.276200 9.379137 -3.750399
v -5.276200 8.584053 -3.750399
v -5.276200 7.827882 -3.996094
v -5.276200 7.184645 -4.463433
v -5.276200 6.717306 -5.106670
v -5.276200 6.471611 -5.862841
v -5.276200 6.471611 -6.657926
v -2.103253 6.383315 -7.584273
v -2.103253 6.919589 -8.322390
v -2.103253 7.657706 -8.858663
v -2.103253 8.525414 -9.140599
v -2.103253 9.437776 -9.140598
v -2.103253 10.305485 -8.858663
v -2.103253 11.043601 -8.322389
v -2.103253 11.579874 -7.584273
v -2.103253 11.861810 -6.716564
v -2.103253 11.861810 -5.804202
v -2.103253 11.579874 -4.936494
v -2.103253 11.043601 -4.198378
v -2.103253 10.305485 -3.662105
v -2.103253 9.437776 -3.380170
v -2.103253 8.525414 -3.380170
v -2.103253 7.657707 -3.662105
v -2.103253 6.919590 -4.198378
v -2.103253 6.383318 -4.936494
v -2.103253 6.101382 -5.804202
v -2.103253 6.101381 -6.716564
v -5.278026 5.888586 -9.353393
v -5.278026 8.297324 -10.580706
v -5.278026 10.967430 -10.157802
v -5.278026 12.879014 -8.246217
v -5.278026 13.301917 -5.576112
v -5.278026 12.074604 -3.167375
v -5.278026 9.665866 -1.940063
v -5.278026 6.995762 -2.362966
v -5.278026 5.084179 -4.274550
v -5.278026 4.661274 -6.944655
v -4.975436 5.334668 -8.118586
v -4.975436 6.087378 -9.154601
v -4.975436 7.123394 -9.907311
v -4.975436 8.341303 -10.303034
v -4.975436 9.621888 -10.303033
v -4.975436 10.839797 -9.907311
v -4.975436 11.875813 -9.154601
v -4.975436 12.628522 -8.118585
v -4.975436 13.024245 -6.900676
v -4.975436 13.024245 -5.620091
v -4.975436 12.628522 -4.402182
v -4.975436 11.875813 -3.366166
v -4.975436 10.839797 -2.613457
v -4.975436 9.621888 -2.217735
v -4.975436 8.341303 -2.217735
v -4.975436 7.123394 -2.613458
v -4.975436 6.087379 -3.366167
v -4.975436 5.334671 -4.402182
v -4.975436 4.938948 -5.620091
v -4.975436 4.938946 -6.900676
v -5.244521 5.166438 -8.204303
v -3.690640 5.474324 -8.808565
v -2.136758 5.166438 -8.204303
v -3.690640 4.858552 -7.600041
v -5.244521 7.037676 -10.075541
v -3.690640 7.641938 -10.383428
v -2.136758 7.037676 -10.075541
v -3.690640 6.433415 -9.767654
v -5.244521 9.651424 -10.489517
v -3.690640 10.321253 -10.383426
v -2.136758 9.651424 -10.489517
v -3.690640 8.981595 -10.595607
v -5.244521 12.009320 -9.288109
v -3.690640 12.488865 -8.808564
v -2.136758 12.009320 -9.288109
v -3.690640 11.529776 -9.767654
v -5.244521 13.210728 -6.930212
v -3.690640 13.316819 -6.260383
v -2.136758 13.210728 -6.930212
v -3.690640 13.104638 -7.600041
v -5.244521 12.796751 -4.316464
v -3.690640 12.488865 -3.712203
v -2.136758 12.796751 -4.316464
v -3.690640 13.104638 -4.920725
v -5.244521 10.925514 -2.445228
v -3.690640 10.321252 -2.137342
v -2.136758 10.925514 -2.445228
v -3.690640 11.529776 -2.753114
v -5.244521 8.311767 -2.031251
v -3.690640 7.641939 -2.137342
v -2.136758 8.311767 -2.031251
v -3.690640 8.981595 -1.925161
v -5.244521 5.953872 -3.232659
v -3.690640 5.474329 -3.712203
v -2.136758 5.953872 -3.232659
v -3.690640 6.433416 -2.753115
v -5.244521 4.752464 -5.590554
v -3.690640 4.646373 -6.260383
v -2.136758 4.752464 -5.590554
v -3.690640 4.858555 -4.920725
v -4.672845 5.585160 -7.990954
v -4.672845 6.286170 -8.955810
v -4.672845 7.251026 -9.656819
v -4.672845 8.385281 -10.025361
v -4.672845 9.577909 -10.025361
v -4.672845 10.712165 -9.656819
v -4.672845 11.677021 -8.955810
v -4.672845 12.378031 -7.990954
v -4.672845 12.746573 -6.856697
v -4.672845 12.746573 -5.664069
v -4.672845 12.378031 -4.529813
v -4.672845 11.677021 -3.564957
v -4.672845 10.712165 -2.863949
v -4.672845 9.577909 -2.495407
v -4.672845 8.385282 -2.495407
v -4.672845 7.251026 -2.863949
v -4.672845 6.286170 -3.564958
v -4.672845 5.585162 -4.529814
v -4.672845 5.216619 -5.664069
v -4.672845 5.216618 -6.856697
v -4.974522 5.585160 -7.990954
v -4.974522 6.286170 -8.955810
v -4.974522 7.251026 -9.656819
v -4.974522 8.385281 -10.025361
v -4.974522 9.577909 -10.025361
v -4.974522 10.712165 -9.656819
v -4.974522 11.677021 -8.955810
v -4.974522 12.378031 -7.990954
v -4.974522 12.746573 -6.856697
v -4.974522 12.746573 -5.664069
v -4.974522 12.378031 -4.529813
v -4.974522 11.677021 -3.564957
v -4.974522 10.712165 -2.863949
v -4.974522 9.577909 -2.495407
v -4.974522 8.385282 -2.495407
v -4.974522 7.251026 -2.863949
v -4.974522 6.286170 -3.564958
v -4.974522 5.585162 -4.529814
v -4.974522 5.216619 -5.664069
v -4.974522 5.216618 -6.856697
v -1.870266 9.752439 4.811867
v -1.870266 9.346907 4.015964
v -1.870266 8.702480 3.371537
v -1.870266 7.906576 2.966004
v -1.870266 7.006439 2.823437
v -1.870266 6.124174 2.963174
v -1.870266 5.312148 3.376922
v -1.870266 4.680516 4.008554
v -1.870266 4.266769 4.820579
v -1.870266 4.127032 5.702844
v -1.870266 4.269599 6.602980
v -1.870266 4.675133 7.398882
v -1.870266 5.319560 8.043310
v -1.870266 6.115463 8.448842
v -1.870266 7.015599 8.591411
v -1.870266 7.897864 8.451673
v -1.870266 8.709889 8.037925
v -1.870266 9.341520 7.406293
v -1.870266 9.755269 6.594268
v -1.870266 9.895006 5.712004
v -4.202880 9.921566 4.756914
v -4.202880 9.490775 3.911438
v -4.202880 8.807006 3.227670
v -4.202880 7.961529 2.796878
v -4.202880 7.006439 2.645607
v -4.202880 6.069221 2.794047
v -4.202880 5.207623 3.233055
v -4.202880 4.536649 3.904028
v -4.202880 4.097643 4.765627
v -4.202880 3.949203 5.702844
v -4.202880 4.100474 6.657932
v -4.202880 4.531265 7.503408
v -4.202880 5.215035 8.187177
v -4.202880 6.060511 8.617968
v -4.202880 7.015599 8.769240
v -4.202880 7.952817 8.620799
v -4.202880 8.814415 8.181792
v -4.202880 9.485388 7.510819
v -4.202880 9.924395 6.649220
v -4.202880 10.072836 5.712004
v -1.644801 7.011019 5.707424
v -4.082823 9.655712 4.848112
v -4.082823 9.260730 4.072914
v -4.082823 8.645529 3.457715
v -4.082823 7.870332 3.062732
v -4.082823 7.011019 2.926631
v -4.082823 6.151706 3.062732
v -4.082823 5.376510 3.457715
v -4.082823 4.761311 4.072915
v -4.082823 4.366329 4.848112
v -4.082823 4.230227 5.707424
v -4.082823 4.366329 6.566735
v -4.082823 4.761311 7.341933
v -4.082823 5.376511 7.957133
v -4.082823 6.151707 8.352115
v -4.082823 7.011019 8.488217
v -4.082823 7.870332 8.352115
v -4.082823 8.645529 7.957132
v -4.082823 9.260727 7.341932
v -4.082823 9.655710 6.566736
v -4.082823 9.791812 5.707424
v -2.271093 9.199603 3.905402
v -2.271093 8.813042 3.518842
v -3.836823 8.813042 3.518842
v -3.836823 9.199602 3.905403
v -2.271093 7.722417 2.963142
v -2.271093 7.182468 2.877622
v -3.836823 7.182468 2.877622
v -3.836823 7.722417 2.963142
v -2.271093 5.973504 3.069103
v -2.271093 5.486409 3.317291
v -3.836823 5.486409 3.317290
v -3.836823 5.973504 3.069103
v -2.271093 4.620886 4.182814
v -2.271093 4.372698 4.669909
v -3.836823 4.372698 4.669909
v -3.836823 4.620886 4.182814
v -2.271093 4.181218 5.878873
v -2.271093 4.266737 6.418821
v -3.836823 4.266737 6.418821
v -3.836823 4.181218 5.878873
v -2.271093 4.822437 7.509445
v -2.271093 5.208998 7.896006
v -3.836823 5.208998 7.896007
v -3.836823 4.822437 7.509445
v -2.271093 6.299622 8.451704
v -2.271093 6.839570 8.537225
v -3.836823 6.839570 8.537225
v -3.836823 6.299622 8.451705
v -2.271093 8.048534 8.345744
v -2.271093 8.535629 8.097557
v -3.836823 8.535629 8.097557
v -3.836823 8.048534 8.345744
v -2.271093 9.401151 7.232034
v -2.271093 9.649338 6.744939
v -3.836823 9.649338 6.744939
v -3.836823 9.401151 7.232034
v -2.271093 9.840821 5.535974
v -2.271093 9.755302 4.996025
v -3.836823 9.755302 4.996025
v -3.836823 9.840821 5.535974
v -4.103915 9.611436 4.862497
v -4.103915 9.223066 4.100279
v -4.103915 8.618165 3.495379
v -4.103915 7.855946 3.107009
v -4.103915 7.011019 2.973185
v -4.103915 6.166092 3.107009
v -4.103915 5.403874 3.495378
v -4.103915 4.798975 4.100280
v -4.103915 4.410605 4.862499
v -4.103915 4.276782 5.707424
v -4.103915 4.410604 6.552349
v -4.103915 4.798975 7.314569
v -4.103915 5.403875 7.919469
v -4.103915 6.166093 8.307839
v -4.103915 7.011019 8.441663
v -4.103915 7.855945 8.307839
v -4.103915 8.618164 7.919470
v -4.103915 9.223064 7.314569
v -4.103915 9.611433 6.552349
v -4.103915 9.745257 5.707424
v -4.556431 9.339888 4.950729
v -4.556430 8.992074 4.268104
v -4.631851 7.011019 5.707425
v -4.556430 8.450339 3.726371
v -4.556430 7.767715 3.378555
v -4.556430 7.011019 3.258707
v -4.556430 6.254324 3.378556
v -4.556430 5.571700 3.726371
v -4.556430 5.029967 4.268104
v -4.556430 4.682153 4.950730
v -4.556430 4.562304 5.707425
v -4.556430 4.682153 6.464119
v -4.556430 5.029967 7.146743
v -4.556430 5.571700 7.688476
v -4.556430 6.254324 8.036293
v -4.556430 7.011019 8.156141
v -4.556430 7.767714 8.036293
v -4.556430 8.450339 7.688476
v -4.556430 8.992072 7.146743
v -4.556430 9.339886 6.464119
v -4.556430 9.459735 5.707425
v -4.631850 7.503021 7.221649
v -4.556430 8.148807 7.940458
v -4.631850 7.946861 6.995501
v -4.556430 8.783165 7.479570
v -4.631850 8.299095 6.643266
v -4.556430 9.244053 6.845211
v -4.631850 8.525243 6.199425
v -4.556430 9.486356 6.099479
v -4.631850 8.603169 5.707424
v -4.556430 9.486357 5.315369
v -4.245805 9.373721 3.990822
v -4.082823 9.488536 4.445067
v -4.245805 9.788540 4.804953
v -4.408787 9.142338 3.576106
v -4.245805 8.727622 3.344724
v -4.082823 8.977187 3.741257
v -4.245805 7.913490 2.929904
v -4.082823 8.273376 3.229909
v -4.408787 7.482534 2.730395
v -4.245805 7.011019 2.786967
v -4.082823 7.445998 2.961078
v -4.245805 6.108548 2.929904
v -4.082823 6.576040 2.961078
v -4.408787 5.642629 3.021807
v -4.245805 5.294417 3.344725
v -4.082823 5.748662 3.229909
v -4.245805 4.648320 3.990823
v -4.082823 5.044853 3.741257
v -4.408787 4.325402 4.339034
v -4.245805 4.233500 4.804954
v -4.082823 4.533505 4.445068
v -4.245805 4.090562 5.707424
v -4.082823 4.264673 5.272446
v -4.408787 4.033990 6.178938
v -4.245805 4.233500 6.609894
v -4.082823 4.264673 6.142402
v -4.245805 4.648320 7.424025
v -4.082823 4.533505 6.969780
v -4.408787 4.879702 7.838741
v -4.245805 5.294418 8.070123
v -4.082823 5.044853 7.673591
v -4.245805 6.108549 8.484943
v -4.082823 5.748663 8.184938
v -4.408787 6.539504 8.684452
v -4.245805 7.011019 8.627881
v -4.082823 6.576041 8.453770
v -4.245805 7.913490 8.484943
v -4.082823 7.445998 8.453770
v -4.408787 8.379409 8.393040
v -4.245805 8.727621 8.070123
v -4.082823 8.273376 8.184938
v -4.245805 9.373718 7.424025
v -4.082823 8.977186 7.673591
v -4.408787 9.696635 7.075813
v -4.245805 9.788538 6.609894
v -4.082823 9.488533 6.969780
v -4.245805 9.931476 5.707424
v -4.082823 9.757365 6.142402
v -4.408787 9.988049 5.235909
v -4.082823 9.757366 5.272446
v -1.997090 8.817280 3.379308
v -1.997090 9.339137 3.901165
v -4.110826 8.817280 3.379307
v -4.110826 9.339137 3.901165
v -1.997090 7.103881 2.762246
v -1.997090 7.832812 2.877697
v -4.110826 7.103881 2.762246
v -4.110826 7.832812 2.877697
v -1.997090 5.355014 3.270142
v -1.997090 6.012591 2.935089
v -4.110826 5.355014 3.270142
v -4.110826 6.012591 2.935089
v -1.997090 4.238684 4.708997
v -1.997090 4.573737 4.051419
v -4.110826 4.238684 4.708997
v -4.110826 4.573737 4.051419
v -1.997090 4.181292 6.529216
v -1.997090 4.065841 5.800286
v -4.110826 4.181292 6.529216
v -4.110826 4.065841 5.800286
v -1.997090 5.204760 8.035540
v -1.997090 4.682903 7.513683
v -4.110826 5.204760 8.035540
v -4.110826 4.682903 7.513683
v -1.997090 6.918157 8.652602
v -1.997090 6.189227 8.537149
v -4.110826 6.918157 8.652602
v -4.110826 6.189227 8.537149
v -1.997090 8.667025 8.144706
v -1.997090 8.009447 8.479758
v -4.110826 8.667025 8.144706
v -4.110826 8.009447 8.479758
v -1.997090 9.783353 6.705851
v -1.997090 9.448300 7.363429
v -4.110826 9.783353 6.705851
v -4.110826 9.448300 7.363429
v -1.997090 9.840747 4.885631
v -1.997090 9.956197 5.614562
v -4.110826 9.840747 4.885631
v -4.110826 9.956197 5.614562
v -4.028495 9.223067 4.100279
v -4.103914 9.447059 4.466201
v -4.028495 9.611436 4.862498
v -4.028495 8.618165 3.495378
v -4.103914 8.944271 3.774174
v -4.028495 7.855946 3.107009
v -4.103914 8.252243 3.271386
v -4.028495 7.011019 2.973186
v -4.103914 7.438716 3.007056
v -4.028495 6.166092 3.107009
v -4.103914 6.583322 3.007056
v -4.028495 5.403875 3.495378
v -4.103914 5.769796 3.271386
v -4.028495 4.798974 4.100279
v -4.103914 5.077770 3.774174
v -4.028495 4.410604 4.862498
v -4.103914 4.574982 4.466202
v -4.028495 4.276781 5.707424
v -4.103914 4.310652 5.279728
v -4.028495 4.410604 6.552349
v -4.103914 4.310652 6.135120
v -4.028495 4.798974 7.314569
v -4.103914 4.574982 6.948647
v -4.028495 5.403875 7.919469
v -4.103914 5.077769 7.640674
v -4.028495 6.166094 8.307839
v -4.103914 5.769797 8.143461
v -4.028495 7.011019 8.441662
v -4.103914 6.583323 8.407792
v -4.028495 7.855946 8.307839
v -4.103914 7.438716 8.407792
v -4.028495 8.618164 7.919469
v -4.103914 8.252243 8.143461
v -4.028495 9.223064 7.314569
v -4.103914 8.944269 7.640674
v -4.028495 9.611434 6.552349
v -4.103914 9.447056 6.948647
v -4.028495 9.745257 5.707424
v -4.103914 9.711387 6.135120
v -4.103914 9.711388 5.279728
v -4.330172 9.223067 4.100279
v -4.330172 9.611436 4.862498
v -4.330172 8.618165 3.495378
v -4.330172 7.855946 3.107009
v -4.330172 7.011019 2.973186
v -4.330172 6.166092 3.107009
v -4.330172 5.403875 3.495378
v -4.330172 4.798974 4.100279
v -4.330172 4.410604 4.862498
v -4.330172 4.276781 5.707424
v -4.330172 4.410604 6.552349
v -4.330172 4.798974 7.314569
v -4.330172 5.403875 7.919469
v -4.330172 6.166094 8.307839
v -4.330172 7.011019 8.441662
v -4.330172 7.855946 8.307839
v -4.330172 8.618164 7.919469
v -4.330172 9.223064 7.314569
v -4.330172 9.611434 6.552349
v -4.330172 9.745257 5.707424
v -1.997090 9.548222 4.414655
v -3.053958 9.579002 4.000690
v -4.056498 9.737399 4.318264
v -3.053958 9.901218 4.633076
v -1.997090 8.981162 3.737282
v -3.053958 8.720233 3.476354
v -4.110826 8.981162 3.737282
v -3.053958 9.242090 3.998211
v -1.997090 8.303789 3.170222
v -3.053958 8.085367 2.817226
v -4.056498 8.400179 2.981045
v -3.053958 8.717753 3.139443
v -1.997090 7.446877 2.955526
v -3.053958 7.082411 2.897800
v -4.110826 7.446877 2.955526
v -3.053958 7.811342 3.013251
v -1.997090 6.565561 2.894915
v -3.053958 6.181369 2.737719
v -4.056498 6.532347 2.685210
v -3.053958 6.882374 2.626691
v -1.997090 5.746110 3.224901
v -3.053958 5.417322 3.392427
v -4.110826 5.746110 3.224901
v -3.053958 6.074899 3.057374
v -1.997090 4.997484 3.693890
v -3.053958 4.594270 3.792539
v -4.056498 4.847352 3.543758
v -3.053958 5.096133 3.290675
v -1.997090 4.528496 4.442516
v -3.053958 4.360969 4.771304
v -4.110826 4.528496 4.442516
v -3.053958 4.696022 4.113727
v -1.997090 4.198510 5.261967
v -3.053958 3.930286 5.578779
v -4.056498 3.988805 5.228753
v -3.053958 4.041314 4.877774
v -1.997090 4.259122 6.143281
v -3.053958 4.316847 6.507746
v -4.110826 4.259121 6.143281
v -3.053958 4.201396 5.778816
v -1.997090 4.473817 7.000191
v -3.053958 4.443038 7.414156
v -4.056498 4.284640 7.096582
v -3.053958 4.120821 6.781770
v -1.997090 5.040877 7.677566
v -3.053958 5.301806 7.938495
v -4.110826 5.040877 7.677566
v -3.053958 4.779949 7.416637
v -1.997090 5.718252 8.244624
v -3.053958 5.936673 8.597620
v -4.056498 5.621861 8.433802
v -3.053958 5.304287 8.275404
v -1.997090 6.575162 8.459321
v -3.053958 6.939627 8.517047
v -4.110826 6.575162 8.459321
v -3.053958 6.210697 8.401595
v -1.997090 7.456477 8.519933
v -3.053958 7.840669 8.677127
v -4.056498 7.489691 8.729637
v -3.053958 7.139664 8.788156
v -1.997090 8.275928 8.189947
v -3.053958 8.604717 8.022421
v -4.110826 8.275928 8.189947
v -3.053958 7.947139 8.357473
v -1.997090 9.024553 7.720957
v -3.053958 9.427768 7.622308
v -4.056498 9.174685 7.871089
v -3.053958 8.925904 8.124172
v -1.997090 9.493541 6.972333
v -3.053958 9.661067 6.643544
v -4.110826 9.493541 6.972333
v -3.053958 9.326014 7.301122
v -1.997090 9.823528 6.152881
v -3.053958 10.091752 5.836069
v -4.056498 10.033233 6.186095
v -3.053958 9.980723 6.537073
v -1.997090 9.762918 5.271566
v -3.053958 9.705192 4.907100
v -4.110826 9.762918 5.271566
v -3.053958 9.820643 5.636031
v -1.644801 8.731500 5.148406
v -1.644801 8.474548 4.644108
v -1.644801 8.992206 3.726238
v -1.644801 8.074335 4.243895
v -1.644801 7.570037 3.986943
v -1.644801 7.449320 2.940099
v -1.644801 7.011019 3.898404
v -1.644801 6.452001 3.986943
v -1.644801 5.739019 3.210984
v -1.644801 5.947703 4.243896
v -1.644801 5.547490 4.644109
v -1.644801 4.514579 4.435425
v -1.644801 5.290538 5.148406
v -1.644801 5.201998 5.707424
v -1.644801 4.243694 6.145725
v -1.644801 5.290538 6.266442
v -1.644801 5.547491 6.770739
v -1.644801 5.029834 7.688609
v -1.644801 5.947704 7.170952
v -1.644801 6.452001 7.427904
v -1.644801 6.572718 8.474748
v -1.644801 7.011019 7.516444
v -1.644801 7.570037 7.427904
v -1.644801 8.283019 8.203862
v -1.644801 8.074335 7.170952
v -1.644801 8.474547 6.770739
v -1.644801 9.507458 6.979422
v -1.644801 8.731500 6.266442
v -1.644801 8.820040 5.707424
v -1.644801 9.778344 5.269123
v -4.556430 9.244055 4.569636
v -4.631850 8.299097 4.771582
v -4.631850 8.525245 5.215423
v -4.556430 8.783166 3.935278
v -4.631850 7.946862 4.419348
v -4.556430 8.148807 3.474389
v -4.631850 7.503021 4.193199
v -4.556430 7.403074 3.232086
v -4.631850 7.011019 4.115274
v -4.556430 6.618964 3.232086
v -4.631850 6.519017 4.193199
v -4.556430 5.873231 3.474389
v -4.631850 6.075177 4.419348
v -4.556430 5.238874 3.935278
v -4.631850 5.722943 4.771582
v -4.556430 4.777986 4.569637
v -4.631850 5.496795 5.215423
v -4.556430 4.535682 5.315370
v -4.631850 5.418869 5.707424
v -4.556430 4.535682 6.099479
v -4.631850 5.496795 6.199425
v -4.556430 4.777986 6.845211
v -4.631850 5.722943 6.643266
v -4.556430 5.238874 7.479570
v -4.631850 6.075177 6.995500
v -4.556430 5.873232 7.940458
v -4.631850 6.519018 7.221649
v -4.556430 6.618964 8.182762
v -4.631850 7.011019 7.299574
v -4.556430 7.403074 8.182762
v -3.053958 9.778877 4.297131
v -3.053958 8.948813 3.769631
v -3.053958 8.421313 2.939568
v -3.053958 7.439720 3.000711
v -3.053958 6.525065 2.639232
v -3.053958 5.766880 3.265662
v -3.053958 4.814436 3.510841
v -3.053958 4.569258 4.463285
v -3.053958 3.942827 5.221470
v -3.053958 4.304307 6.136124
v -3.053958 4.243163 7.117716
v -3.053958 5.073226 7.645217
v -3.053958 5.600727 8.475279
v -3.053958 6.582319 8.414136
v -3.053958 7.496973 8.775615
v -3.053958 8.255159 8.149185
v -3.053958 9.207602 7.904005
v -3.053958 9.452779 6.951564
v -3.053958 10.079211 6.193377
v -3.053958 9.717733 5.278722
v -1.644801 8.856257 4.767229
v -1.644801 8.475409 4.243035
v -1.644801 7.951215 3.862186
v -1.644801 7.334988 3.661963
v -1.644801 6.687050 3.661963
v -1.644801 6.070823 3.862187
v -1.644801 5.546630 4.243036
v -1.644801 5.165781 4.767229
v -1.644801 4.965558 5.383455
v -1.644801 4.965558 6.031393
v -1.644801 5.165781 6.647619
v -1.644801 5.546631 7.171812
v -1.644801 6.070824 7.552661
v -1.644801 6.687050 7.752885
v -1.644801 7.334988 7.752885
v -1.644801 7.951215 7.552660
v -1.644801 8.475407 7.171812
v -1.644801 8.856256 6.647619
v -1.644801 9.056480 6.031393
v -1.644801 9.056481 5.383455
v -4.631850 8.635045 4.879942
v -4.631850 8.299853 4.418591
v -4.631850 7.838501 4.083399
v -4.631850 7.296150 3.907178
v -4.631850 6.725888 3.907178
v -4.631850 6.183537 4.083399
v -4.631850 5.722186 4.418591
v -4.631850 5.386995 4.879942
v -4.631850 5.210774 5.422294
v -4.631850 5.210774 5.992555
v -4.631850 5.386995 6.534906
v -4.631850 5.722186 6.996258
v -4.631850 6.183537 7.331449
v -4.631850 6.725888 7.507670
v -4.631850 7.296150 7.507670
v -4.631850 7.838501 7.331449
v -4.631850 8.299852 6.996258
v -4.631850 8.635043 6.534906
v -4.631850 8.811264 5.992555
v -4.631850 8.811265 5.422293
v -4.245805 9.612968 4.381666
v -4.245805 9.075937 3.642507
v -4.245805 8.336778 3.105477
v -4.245805 7.467844 2.823144
v -4.245805 6.554194 2.823144
v -4.245805 5.685261 3.105477
v -4.245805 4.946103 3.642508
v -4.245805 4.409073 4.381666
v -4.245805 4.126739 5.250599
v -4.245805 4.126739 6.164249
v -4.245805 4.409073 7.033181
v -4.245805 4.946103 7.772340
v -4.245805 5.685262 8.309370
v -4.245805 6.554194 8.591704
v -4.245805 7.467844 8.591704
v -4.245805 8.336777 8.309370
v -4.245805 9.075935 7.772340
v -4.245805 9.612965 7.033181
v -4.245805 9.895299 6.164249
v -4.245805 9.895300 5.250599
v -1.644801 9.078208 3.640236
v -3.053958 8.730304 3.292331
v -4.463115 9.078208 3.640236
v -3.053958 9.426113 3.988141
v -1.644801 7.468346 2.819971
v -3.053958 6.982392 2.743004
v -4.463115 7.468346 2.819971
v -3.053958 7.954300 2.896939
v -1.644801 5.683803 3.102615
v -3.053958 5.245418 3.325984
v -4.463115 5.683803 3.102615
v -3.053958 6.122188 2.879246
v -1.644801 4.406210 4.380208
v -3.053958 4.182841 4.818593
v -4.463115 4.406210 4.380208
v -3.053958 4.629579 3.941823
v -1.644801 4.123567 6.164751
v -3.053958 4.200534 6.650704
v -4.463115 4.123567 6.164751
v -3.053958 4.046600 5.678798
v -1.644801 4.943831 7.774612
v -3.053958 5.291736 8.122517
v -4.463115 4.943831 7.774612
v -3.053958 4.595926 7.426707
v -1.644801 6.553692 8.594875
v -3.053958 7.039645 8.671844
v -4.463115 6.553692 8.594875
v -3.053958 6.067739 8.517907
v -1.644801 8.338236 8.312231
v -3.053958 8.776621 8.088863
v -4.463115 8.338236 8.312231
v -3.053958 7.899850 8.535600
v -1.644801 9.615827 7.034640
v -3.053958 9.839195 6.596254
v -4.463115 9.615827 7.034640
v -3.053958 9.392458 7.473025
v -1.644801 9.898472 5.250096
v -3.053958 9.821505 4.764142
v -4.463115 9.898472 5.250096
v -3.053958 9.975439 5.736050
v -4.028495 9.447059 4.466201
v -4.028495 8.944271 3.774174
v -4.028495 8.252243 3.271386
v -4.028495 7.438716 3.007056
v -4.028495 6.583322 3.007055
v -4.028495 5.769796 3.271386
v -4.028495 5.077770 3.774174
v -4.028495 4.574983 4.466202
v -4.028495 4.310652 5.279728
v -4.028495 4.310652 6.135120
v -4.028495 4.574983 6.948647
v -4.028495 5.077770 7.640674
v -4.028495 5.769797 8.143461
v -4.028495 6.583323 8.407792
v -4.028495 7.438716 8.407792
v -4.028495 8.252243 8.143461
v -4.028495 8.944269 7.640674
v -4.028495 9.447056 6.948647
v -4.028495 9.711387 6.135120
v -4.028495 9.711388 5.279728
v -4.330172 9.447059 4.466201
v -4.330172 8.944271 3.774174
v -4.330172 8.252243 3.271386
v -4.330172 7.438716 3.007056
v -4.330172 6.583322 3.007055
v -4.330172 5.769796 3.271386
v -4.330172 5.077770 3.774174
v -4.330172 4.574983 4.466202
v -4.330172 4.310652 5.279728
v -4.330172 4.310652 6.135120
v -4.330172 4.574983 6.948647
v -4.330172 5.077770 7.640674
v -4.330172 5.769797 8.143461
v -4.330172 6.583323 8.407792
v -4.330172 7.438716 8.407792
v -4.330172 8.252243 8.143461
v -4.330172 8.944269 7.640674
v -4.330172 9.447056 6.948647
v -4.330172 9.711387 6.135120
v -4.330172 9.711388 5.279728
v 2.059133 4.269600 4.811867
v 2.059133 4.675133 4.015964
v 2.059133 5.319561 3.371537
v 2.059133 6.115464 2.966004
v 2.059133 7.015601 2.823437
v 2.059133 7.897866 2.963174
v 2.059133 8.709891 3.376922
v 2.059133 9.341523 4.008554
v 2.059133 9.755270 4.820579
v 2.059133 9.895007 5.702844
v 2.059133 9.752439 6.602980
v 2.059133 9.346907 7.398882
v 2.059133 8.702479 8.043310
v 2.059133 7.906576 8.448842
v 2.059133 7.006441 8.591411
v 2.059133 6.124176 8.451673
v 2.059133 5.312150 8.037925
v 2.059133 4.680519 7.406293
v 2.059133 4.266771 6.594268
v 2.059133 4.127034 5.712004
v 4.391746 4.100474 4.756914
v 4.391746 4.531265 3.911438
v 4.391746 5.215035 3.227670
v 4.391746 6.060511 2.796878
v 4.391746 7.015601 2.645607
v 4.391746 7.952819 2.794047
v 4.391746 8.814417 3.233055
v 4.391746 9.485390 3.904028
v 4.391746 9.924396 4.765627
v 4.391746 10.072836 5.702844
v 4.391746 9.921566 6.657932
v 4.471262 9.509975 7.520088
v 4.471262 8.823685 8.206378
v 4.391746 7.961529 8.617968
v 4.391746 7.006441 8.769240
v 4.391746 6.069223 8.620799
v 4.391746 5.207625 8.181792
v 4.391746 4.536651 7.510819
v 4.391746 4.097645 6.649220
v 4.391746 3.949204 5.712004
v 1.833668 7.011021 5.707424
v 4.271689 4.366328 4.848112
v 4.271689 4.761310 4.072914
v 4.271689 5.376511 3.457715
v 4.271689 6.151708 3.062732
v 4.271689 7.011021 2.926631
v 4.271689 7.870333 3.062732
v 4.271689 8.645529 3.457715
v 4.271689 9.260728 4.072915
v 4.271689 9.655711 4.848112
v 4.271689 9.791813 5.707424
v 4.271689 9.655711 6.566735
v 4.313944 9.407114 7.209327
v 4.313944 8.512923 8.103519
v 4.271689 7.870333 8.352115
v 4.271689 7.011021 8.488217
v 4.271689 6.151708 8.352115
v 4.271689 5.376511 7.957132
v 4.271689 4.761312 7.341932
v 4.271689 4.366330 6.566736
v 4.271689 4.230228 5.707424
v 2.459959 4.822438 3.905402
v 2.459959 5.208999 3.518842
v 4.025689 5.208999 3.518842
v 4.025689 4.822438 3.905403
v 2.459959 6.299622 2.963142
v 2.459959 6.839571 2.877622
v 4.025689 6.839571 2.877622
v 4.025689 6.299622 2.963142
v 2.459959 8.048536 3.069103
v 2.459959 8.535630 3.317291
v 4.025689 8.535630 3.317290
v 4.025689 8.048536 3.069103
v 2.459959 9.401154 4.182814
v 2.459959 9.649342 4.669909
v 4.025689 9.649342 4.669909
v 4.025689 9.401154 4.182814
v 2.459959 9.840821 5.878873
v 2.459959 9.755303 6.418821
v 4.025689 9.755302 6.418821
v 4.025689 9.840821 5.878873
v 2.459959 9.199603 7.509445
v 2.459959 8.813042 7.896006
v 4.025689 8.813042 7.896007
v 4.025689 9.199603 7.509445
v 2.459959 7.722418 8.451704
v 2.459959 7.182470 8.537225
v 4.025689 7.182470 8.537225
v 4.025689 7.722418 8.451705
v 2.459959 5.973505 8.345744
v 2.459959 5.486411 8.097557
v 4.025689 5.486411 8.097557
v 4.025689 5.973505 8.345744
v 2.459959 4.620889 7.232034
v 2.459959 4.372702 6.744939
v 4.025689 4.372702 6.744939
v 4.025689 4.620889 7.232034
v 2.459959 4.181219 5.535974
v 2.459959 4.266737 4.996025
v 4.025689 4.266737 4.996025
v 4.025689 4.181219 5.535974
v 4.292781 4.410604 4.862497
v 4.292781 4.798973 4.100279
v 4.292781 5.403875 3.495379
v 4.292781 6.166094 3.107009
v 4.292781 7.011020 2.973185
v 4.292781 7.855947 3.107009
v 4.292781 8.618165 3.495378
v 4.292781 9.223064 4.100280
v 4.292781 9.611434 4.862499
v 4.292781 9.745258 5.707424
v 4.292781 9.611434 6.552349
v 4.300400 9.256498 7.340300
v 4.300400 8.643896 7.952902
v 4.292781 7.855946 8.307839
v 4.292781 7.011021 8.441663
v 4.292781 6.166094 8.307839
v 4.292781 5.403875 7.919470
v 4.292781 4.798975 7.314569
v 4.292781 4.410606 6.552349
v 4.292781 4.276783 5.707424
v 4.555399 9.335414 7.659159
v 4.555397 8.962755 8.031817
v 4.745295 4.682152 4.950730
v 4.745297 5.029966 4.268104
v 4.820717 7.011021 5.707425
v 4.745297 5.571700 3.726371
v 4.745297 6.254326 3.378555
v 4.745297 7.011021 3.258707
v 4.745297 7.767715 3.378556
v 4.745297 8.450339 3.726371
v 4.745297 8.992073 4.268104
v 4.745297 9.339887 4.950730
v 4.745297 9.459736 5.707425
v 4.745297 9.339887 6.464119
v 4.745297 8.992073 7.146743
v 4.745297 8.450339 7.688476
v 4.745297 7.767715 8.036293
v 4.745297 7.011021 8.156141
v 4.745297 6.254326 8.036293
v 4.745297 5.571701 7.688476
v 4.745297 5.029967 7.146743
v 4.745297 4.682154 6.464119
v 4.745297 4.562305 5.707425
v 4.820716 6.075179 6.995501
v 4.745297 5.238875 7.479570
v 4.820716 5.722944 6.643266
v 4.745297 4.777986 6.845211
v 4.820716 5.496796 6.199425
v 4.745297 4.535683 6.099479
v 4.820716 5.418871 5.707424
v 4.745297 4.535683 5.315369
v 4.434671 4.648320 3.990822
v 4.271689 4.533504 4.445067
v 4.434671 4.233499 4.804953
v 4.597653 4.879702 3.576106
v 4.434671 5.294418 3.344724
v 4.271689 5.044852 3.741257
v 4.434671 6.108550 2.929904
v 4.271689 5.748663 3.229909
v 4.597653 6.539506 2.730395
v 4.434671 7.011021 2.786967
v 4.271689 6.576042 2.961078
v 4.434671 7.913492 2.929904
v 4.271689 7.446000 2.961078
v 4.597653 8.379411 3.021807
v 4.434671 8.727622 3.344725
v 4.271689 8.273377 3.229909
v 4.434671 9.373720 3.990823
v 4.271689 8.977186 3.741257
v 4.597653 9.696637 4.339034
v 4.434671 9.788540 4.804954
v 4.271689 9.488534 4.445068
v 4.434671 9.931477 5.707424
v 4.271689 9.757366 5.272446
v 4.597653 9.988049 6.178938
v 4.434671 9.788540 6.609894
v 4.271689 9.757366 6.142402
v 4.434671 9.455482 7.342262
v 4.271689 9.488534 6.969780
v 4.597653 9.174687 7.871090
v 4.434671 8.830648 8.017628
v 4.347108 8.977186 7.673591
v 4.434671 9.321225 7.527052
v 4.434671 7.913491 8.484943
v 4.271689 8.273377 8.184938
v 4.434671 8.645859 8.151886
v 4.597653 7.482535 8.684452
v 4.434671 7.011021 8.627881
v 4.271689 7.445999 8.453770
v 4.434671 6.108550 8.484943
v 4.271689 6.576042 8.453770
v 4.597653 5.642631 8.393040
v 4.434671 5.294419 8.070123
v 4.271689 5.748664 8.184938
v 4.434671 4.648321 7.424025
v 4.271689 5.044854 7.673591
v 4.597653 4.325405 7.075813
v 4.434671 4.233501 6.609894
v 4.271689 4.533506 6.969780
v 4.434671 4.090564 5.707424
v 4.271689 4.264675 6.142402
v 4.597653 4.033991 5.235909
v 4.271689 4.264674 5.272446
v 2.185957 5.204761 3.379308
v 2.185957 4.682903 3.901165
v 4.299692 5.204761 3.379307
v 4.299692 4.682903 3.901165
v 2.185957 6.918159 2.762246
v 2.185957 6.189228 2.877697
v 4.299692 6.918159 2.762246
v 4.299692 6.189228 2.877697
v 2.185957 8.667025 3.270142
v 2.185957 8.009448 2.935089
v 4.299692 8.667026 3.270142
v 4.299692 8.009448 2.935089
v 2.185957 9.783356 4.708997
v 2.185957 9.448303 4.051419
v 4.299692 9.783356 4.708997
v 4.299692 9.448303 4.051419
v 2.185957 9.840747 6.529216
v 2.185957 9.956198 5.800286
v 4.299692 9.840747 6.529216
v 4.299692 9.956198 5.800286
v 2.185957 8.817279 8.035540
v 2.185957 9.339137 7.513683
v 4.299692 8.817279 8.035540
v 4.651981 9.175255 7.871657
v 4.299692 9.339137 7.513683
v 2.185957 7.103883 8.652602
v 2.185957 7.832812 8.537149
v 4.299692 7.103883 8.652602
v 4.299692 7.832812 8.537149
v 2.185957 5.355015 8.144706
v 2.185957 6.012593 8.479758
v 4.299692 5.355015 8.144706
v 4.299692 6.012593 8.479758
v 2.185957 4.238687 6.705851
v 2.185957 4.573740 7.363429
v 4.299692 4.238687 6.705851
v 4.299692 4.573740 7.363429
v 2.185957 4.181292 4.885631
v 2.185957 4.065843 5.614562
v 4.299692 4.181292 4.885631
v 4.299692 4.065843 5.614562
v 4.217361 4.798973 4.100279
v 4.292781 4.574981 4.466201
v 4.217361 4.410604 4.862498
v 4.217361 5.403875 3.495378
v 4.292781 5.077769 3.774174
v 4.217361 6.166094 3.107009
v 4.292781 5.769797 3.271386
v 4.217361 7.011021 2.973186
v 4.292781 6.583324 3.007056
v 4.217361 7.855947 3.107009
v 4.292781 7.438717 3.007056
v 4.217361 8.618165 3.495378
v 4.292781 8.252243 3.271386
v 4.217361 9.223065 4.100279
v 4.292781 8.944269 3.774174
v 4.217361 9.611435 4.862498
v 4.292781 9.447056 4.466202
v 4.217361 9.745258 5.707424
v 4.292781 9.711388 5.279728
v 4.217361 9.611435 6.552349
v 4.292781 9.711388 6.135120
v 4.271689 9.337744 7.265723
v 4.292781 9.447056 6.948647
v 4.217361 7.855946 8.307839
v 4.292781 8.252243 8.143461
v 4.271689 8.569319 8.034148
v 4.217361 7.011021 8.441662
v 4.292781 7.438717 8.407792
v 4.217361 6.166094 8.307839
v 4.292781 6.583324 8.407792
v 4.217361 5.403876 7.919469
v 4.292781 5.769797 8.143461
v 4.217361 4.798976 7.314569
v 4.292781 5.077771 7.640674
v 4.217361 4.410606 6.552349
v 4.292781 4.574984 6.948647
v 4.217361 4.276783 5.707424
v 4.292781 4.310653 6.135120
v 4.292781 4.310652 5.279728
v 4.597653 8.918971 8.126805
v 4.597653 9.430402 7.615374
v 4.519038 4.798973 4.100279
v 4.519038 4.410604 4.862498
v 4.519038 5.403875 3.495378
v 4.519038 6.166094 3.107009
v 4.519038 7.011021 2.973186
v 4.519038 7.855947 3.107009
v 4.519038 8.618165 3.495378
v 4.519038 9.223065 4.100279
v 4.519038 9.611435 4.862498
v 4.519038 9.745258 5.707424
v 4.519038 9.611435 6.552349
v 4.519038 9.223065 7.314569
v 4.519038 8.618165 7.919469
v 4.519038 7.855946 8.307839
v 4.519038 7.011021 8.441662
v 4.519038 6.166094 8.307839
v 4.519038 5.403876 7.919469
v 4.519038 4.798975 7.314569
v 4.519038 4.410606 6.552349
v 4.519038 4.276783 5.707424
v 2.185957 4.473818 4.414655
v 3.242824 4.443038 4.000690
v 4.245364 4.284640 4.318264
v 3.242824 4.120821 4.633076
v 2.185957 5.040879 3.737282
v 3.242824 5.301807 3.476354
v 4.299692 5.040879 3.737282
v 3.242824 4.779950 3.998211
v 2.185957 5.718252 3.170222
v 3.242824 5.936673 2.817226
v 4.245364 5.621861 2.981045
v 3.242824 5.304287 3.139443
v 2.185957 6.575163 2.955526
v 3.242824 6.939629 2.897800
v 4.299692 6.575163 2.955526
v 3.242824 6.210698 3.013251
v 2.185957 7.456479 2.894915
v 3.242824 7.840671 2.737719
v 4.245364 7.489693 2.685210
v 3.242824 7.139666 2.626691
v 2.185957 8.275929 3.224901
v 3.242824 8.604717 3.392427
v 4.299692 8.275929 3.224901
v 3.242824 7.947140 3.057374
v 2.185957 9.024555 3.693890
v 3.242824 9.427771 3.792539
v 4.245364 9.174687 3.543758
v 3.242824 8.925906 3.290675
v 2.185957 9.493544 4.442516
v 3.242824 9.661071 4.771304
v 4.299692 9.493544 4.442516
v 3.242824 9.326018 4.113727
v 2.185957 9.823529 5.261967
v 3.242824 10.091752 5.578779
v 4.245364 10.033234 5.228753
v 3.242824 9.980725 4.877774
v 2.185957 9.762918 6.143281
v 3.242824 9.705192 6.507746
v 4.299692 9.762918 6.143281
v 3.242824 9.820643 5.778816
v 2.185957 9.548222 7.000191
v 3.242824 9.579002 7.414156
v 4.245364 9.737399 7.096582
v 3.242824 9.901218 6.781770
v 2.185957 8.981162 7.677566
v 3.242824 8.720233 7.938495
v 4.299692 8.981162 7.677566
v 3.242824 9.242091 7.416637
v 2.185957 8.303788 8.244624
v 3.242824 8.085367 8.597620
v 4.245364 8.400179 8.433802
v 3.242824 8.717753 8.275404
v 2.185957 7.446878 8.459321
v 3.242824 7.082413 8.517047
v 4.299692 7.446878 8.459321
v 3.242824 7.811342 8.401595
v 2.185957 6.565563 8.519933
v 3.242824 6.181371 8.677127
v 4.245364 6.532349 8.729637
v 3.242824 6.882376 8.788156
v 2.185957 5.746112 8.189947
v 3.242824 5.417323 8.022421
v 4.299692 5.746112 8.189947
v 3.242824 6.074901 8.357473
v 2.185957 4.997486 7.720957
v 3.242824 4.594272 7.622308
v 4.245364 4.847354 7.871089
v 3.242824 5.096135 8.124172
v 2.185957 4.528499 6.972333
v 3.242824 4.360973 6.643544
v 4.299692 4.528499 6.972333
v 3.242824 4.696026 7.301122
v 2.185957 4.198512 6.152881
v 3.242824 3.930289 5.836069
v 4.245364 3.988807 6.186095
v 3.242824 4.041317 6.537073
v 2.185957 4.259122 5.271566
v 3.242824 4.316847 4.907100
v 4.299692 4.259122 5.271566
v 3.242824 4.201397 5.636031
v 1.833668 5.290539 5.148406
v 1.833668 5.547491 4.644108
v 1.833668 5.029834 3.726238
v 1.833668 5.947705 4.243895
v 1.833668 6.452003 3.986943
v 1.833668 6.572720 2.940099
v 1.833668 7.011021 3.898404
v 1.833668 7.570039 3.986943
v 1.833668 8.283020 3.210984
v 1.833668 8.074337 4.243896
v 1.833668 8.474549 4.644109
v 1.833668 9.507460 4.435425
v 1.833668 8.731501 5.148406
v 1.833668 8.820041 5.707424
v 1.833668 9.778344 6.145725
v 1.833668 8.731501 6.266442
v 1.833668 8.474549 6.770739
v 1.833668 8.992206 7.688609
v 1.833668 8.074336 7.170952
v 1.833668 7.570038 7.427904
v 1.833668 7.449321 8.474748
v 1.833668 7.011021 7.516444
v 1.833668 6.452003 7.427904
v 1.833668 5.739021 8.203862
v 1.833668 5.947705 7.170952
v 1.833668 5.547493 6.770739
v 1.833668 4.514582 6.979422
v 1.833668 5.290540 6.266442
v 1.833668 5.202000 5.707424
v 1.833668 4.243696 5.269123
v 4.745297 4.777985 4.569636
v 4.820716 5.722944 4.771582
v 4.820716 5.496795 5.215423
v 4.745297 5.238873 3.935278
v 4.820716 6.075178 4.419348
v 4.745297 5.873232 3.474389
v 4.820716 6.519019 4.193199
v 4.745297 6.618966 3.232086
v 4.820716 7.011021 4.115274
v 4.745297 7.403076 3.232086
v 4.820716 7.503022 4.193199
v 4.745297 8.148808 3.474389
v 4.820716 7.946862 4.419348
v 4.745297 8.783165 3.935278
v 4.820716 8.299096 4.771582
v 4.745297 9.244054 4.569637
v 4.820716 8.525245 5.215423
v 4.745297 9.486357 5.315370
v 4.820716 8.603170 5.707424
v 4.745297 9.486357 6.099479
v 4.820716 8.525245 6.199425
v 4.745297 9.244054 6.845211
v 4.820716 8.299096 6.643266
v 4.745297 8.783165 7.479570
v 4.820716 7.946862 6.995500
v 4.745297 8.148808 7.940458
v 4.820716 7.503022 7.221649
v 4.745297 7.403075 8.182762
v 4.820716 7.011021 7.299574
v 4.745297 6.618966 8.182762
v 4.820716 6.519019 7.221649
v 4.745297 5.873233 7.940458
v 3.242824 4.243163 4.297131
v 3.242824 5.073228 3.769631
v 3.242824 5.600727 2.939568
v 3.242824 6.582320 3.000711
v 3.242824 7.496975 2.639232
v 3.242824 8.255160 3.265662
v 3.242824 9.207604 3.510841
v 3.242824 9.452782 4.463285
v 3.242824 10.079212 5.221470
v 3.242824 9.717733 6.136124
v 3.242824 9.778877 7.117716
v 3.242824 8.948813 7.645217
v 3.242824 8.421313 8.475279
v 3.242824 7.439721 8.414136
v 3.242824 6.525067 8.775615
v 3.242824 5.766881 8.149185
v 3.242824 4.814438 7.904005
v 3.242824 4.569261 6.951564
v 3.242824 3.942829 6.193377
v 3.242824 4.304307 5.278722
v 1.833668 5.165782 4.767229
v 1.833668 5.546631 4.243035
v 1.833668 6.070825 3.862186
v 1.833668 6.687052 3.661963
v 1.833668 7.334990 3.661963
v 1.833668 7.951216 3.862187
v 1.833668 8.475410 4.243036
v 1.833668 8.856258 4.767229
v 1.833668 9.056482 5.383455
v 1.833668 9.056482 6.031393
v 1.833668 8.856258 6.647619
v 1.833668 8.475409 7.171812
v 1.833668 7.951215 7.552661
v 1.833668 7.334990 7.752885
v 1.833668 6.687052 7.752885
v 1.833668 6.070825 7.552660
v 1.833668 5.546632 7.171812
v 1.833668 5.165784 6.647619
v 1.833668 4.965560 6.031393
v 1.833668 4.965559 5.383455
v 4.820716 5.386995 4.879942
v 4.820716 5.722186 4.418591
v 4.820716 6.183538 4.083399
v 4.820716 6.725890 3.907178
v 4.820716 7.296152 3.907178
v 4.820716 7.838502 4.083399
v 4.820716 8.299853 4.418591
v 4.820716 8.635045 4.879942
v 4.820716 8.811265 5.422294
v 4.820716 8.811265 5.992555
v 4.820716 8.635045 6.534906
v 4.820716 8.299853 6.996258
v 4.820716 7.838502 7.331449
v 4.820716 7.296151 7.507670
v 4.820716 6.725890 7.507670
v 4.820716 6.183539 7.331449
v 4.820716 5.722187 6.996258
v 4.820716 5.386996 6.534906
v 4.820716 5.210776 5.992555
v 4.820716 5.210775 5.422293
v 4.434671 4.409072 4.381666
v 4.434671 4.946103 3.642507
v 4.434671 5.685262 3.105477
v 4.434671 6.554196 2.823144
v 4.434671 7.467846 2.823144
v 4.434671 8.336779 3.105477
v 4.434671 9.075937 3.642508
v 4.434671 9.612967 4.381666
v 4.434671 9.895300 5.250599
v 4.434671 9.895300 6.164249
v 4.434671 9.612967 7.033181
v 4.434671 9.075936 7.772340
v 4.434671 8.336778 8.309370
v 4.434671 7.467846 8.591704
v 4.434671 6.554196 8.591704
v 4.434671 5.685263 8.309370
v 4.434671 4.946104 7.772340
v 4.434671 4.409074 7.033181
v 4.434671 4.126741 6.164249
v 4.434671 4.126740 5.250599
v 1.833668 4.943832 3.640236
v 3.242824 5.291737 3.292331
v 4.651981 4.943832 3.640236
v 3.242824 4.595927 3.988141
v 1.833668 6.553693 2.819971
v 3.242824 7.039647 2.743004
v 4.651981 6.553693 2.819971
v 3.242824 6.067739 2.896939
v 1.833668 8.338237 3.102615
v 3.242824 8.776622 3.325984
v 4.651981 8.338237 3.102615
v 3.242824 7.899852 2.879246
v 1.833668 9.615830 4.380208
v 3.242824 9.839198 4.818593
v 4.651981 9.615830 4.380208
v 3.242824 9.392461 3.941823
v 1.833668 9.898473 6.164751
v 3.242824 9.821505 6.650704
v 4.651981 9.898473 6.164751
v 3.242824 9.975440 5.678798
v 1.833668 9.078208 7.774612
v 3.242824 8.730303 8.122517
v 4.651981 9.078208 7.774612
v 3.242824 9.426114 7.426707
v 1.833668 7.468348 8.594875
v 3.242824 6.982395 8.671844
v 4.651981 7.468348 8.594875
v 3.242824 7.954300 8.517907
v 1.833668 5.683804 8.312231
v 3.242824 5.245419 8.088863
v 4.651981 5.683804 8.312231
v 3.242824 6.122190 8.535600
v 1.833668 4.406213 7.034640
v 3.242824 4.182845 6.596254
v 4.651981 4.406213 7.034640
v 3.242824 4.629582 7.473025
v 1.833668 4.123568 5.250096
v 3.242824 4.200534 4.764142
v 4.651981 4.123568 5.250096
v 3.242824 4.046601 5.736050
v 4.217361 4.574981 4.466201
v 4.217361 5.077769 3.774174
v 4.217361 5.769797 3.271386
v 4.217361 6.583324 3.007056
v 4.217361 7.438717 3.007055
v 4.217361 8.252243 3.271386
v 4.217361 8.944269 3.774174
v 4.217361 9.447056 4.466202
v 4.217361 9.711388 5.279728
v 4.217361 9.711388 6.135120
v 4.217361 9.447056 6.948647
v 4.217361 8.252243 8.143461
v 4.217361 7.438717 8.407792
v 4.217361 6.583324 8.407792
v 4.217361 5.769797 8.143461
v 4.217361 5.077771 7.640674
v 4.217361 4.574983 6.948647
v 4.217361 4.310653 6.135120
v 4.217361 4.310652 5.279728
v 4.651981 9.207603 7.904006
v 4.434671 8.748886 8.099391
v 4.434671 9.402987 7.445289
v 4.519039 4.574981 4.466201
v 4.519039 5.077769 3.774174
v 4.519039 5.769797 3.271386
v 4.519039 6.583324 3.007056
v 4.519039 7.438717 3.007055
v 4.519039 8.252243 3.271386
v 4.519039 8.944269 3.774174
v 4.519039 9.447056 4.466202
v 4.519039 9.711388 5.279728
v 4.519039 9.711388 6.135120
v 4.519039 9.447056 6.948647
v 4.519039 8.944269 7.640674
v 4.519039 8.252243 8.143461
v 4.519039 7.438717 8.407792
v 4.519039 6.583324 8.407792
v 4.519039 5.769798 8.143461
v 4.519039 5.077770 7.640674
v 4.519039 4.574983 6.948647
v 4.519039 4.310653 6.135120
v 4.519039 4.310652 5.279728
v 5.020994 13.146599 -7.613067
v 5.020994 12.524069 -8.834854
v 5.020994 11.556067 -9.802855
v 5.020994 10.334279 -10.425386
v 5.020994 8.982173 -10.639538
v 5.020994 7.627814 -10.425028
v 5.020994 6.408061 -9.803534
v 5.020994 5.438447 -8.833919
v 5.020994 4.816952 -7.614166
v 5.020994 4.602442 -6.259806
v 5.020994 4.816595 -4.907700
v 5.020994 5.439126 -3.685914
v 5.020994 6.407127 -2.717913
v 5.020994 7.628913 -2.095383
v 5.020994 8.981017 -1.881230
v 5.020994 10.335377 -2.095740
v 5.020994 11.555132 -2.717234
v 5.020994 12.524744 -3.686849
v 5.020994 13.146239 -4.906601
v 5.020994 13.360749 -6.260961
v 2.362225 12.868551 -7.522724
v 2.362225 12.287547 -8.663011
v 2.362225 11.384224 -9.566333
v 2.362225 10.243936 -10.147339
v 2.362225 8.982173 -10.347181
v 2.362225 7.718157 -10.146981
v 2.362225 6.579904 -9.567012
v 2.362225 5.674968 -8.662075
v 2.362225 5.095000 -7.523823
v 2.362225 4.894799 -6.259806
v 2.362225 5.094643 -4.998043
v 2.362225 5.675647 -3.857757
v 2.362225 6.578969 -2.954435
v 2.362225 7.719256 -2.373430
v 2.362225 8.981017 -2.173587
v 2.362225 10.245034 -2.373787
v 2.362225 11.383289 -2.953756
v 2.362225 12.288222 -3.858692
v 2.362225 12.868191 -4.996944
v 2.362225 13.068393 -6.260961
v 2.104223 8.981595 -6.260383
v 5.203348 13.075155 -7.590461
v 5.203348 12.463787 -8.790342
v 5.203348 11.511555 -9.742573
v 5.203348 10.311673 -10.353943
v 5.203348 8.981595 -10.564605
v 5.203348 7.651518 -10.353942
v 5.203348 6.451638 -9.742572
v 5.203348 5.499408 -8.790342
v 5.203348 4.888039 -7.590461
v 5.203348 4.677375 -6.260383
v 5.203348 4.888039 -4.930306
v 5.203348 5.499408 -3.730426
v 5.203348 6.451638 -2.778195
v 5.203348 7.651519 -2.166826
v 5.203348 8.981595 -1.956163
v 5.203348 10.311673 -2.166826
v 5.203348 11.511554 -2.778196
v 5.203348 12.463783 -3.730426
v 5.203348 13.075152 -4.930306
v 5.203348 13.285817 -6.260383
v 4.749462 12.674064 -7.460138
v 4.749462 12.122597 -8.542454
v 4.749462 11.263666 -9.401384
v 4.749462 10.181351 -9.952851
v 4.749462 8.981595 -10.142873
v 4.749462 7.781841 -9.952851
v 4.749462 6.699527 -9.401384
v 4.749462 5.840596 -8.542454
v 4.749462 5.289130 -7.460138
v 4.749462 5.099108 -6.260383
v 4.749462 5.289130 -5.060628
v 4.749462 5.840596 -3.978314
v 4.749462 6.699527 -3.119384
v 4.749462 7.781841 -2.567918
v 4.749462 8.981595 -2.377895
v 4.749462 10.181350 -2.567918
v 4.749462 11.263665 -3.119384
v 4.749462 12.122594 -3.978314
v 4.749462 12.674062 -5.060628
v 4.749462 12.864085 -6.260383
v 4.547432 12.920627 -7.848211
v 4.547432 12.581481 -8.513823
v 2.835787 12.581481 -8.513823
v 2.835787 12.920626 -7.848211
v 4.547432 11.235035 -9.860267
v 4.547432 10.569424 -10.199413
v 2.835787 10.569424 -10.199413
v 2.835787 11.235035 -9.860267
v 4.547432 8.688708 -10.497287
v 4.547432 7.950873 -10.380426
v 2.835787 7.950873 -10.380426
v 2.835787 8.688708 -10.497287
v 4.547432 6.254256 -9.515956
v 4.547432 5.726024 -8.987724
v 2.835787 5.726024 -8.987724
v 2.835787 6.254256 -9.515956
v 4.547432 4.861555 -7.291106
v 4.547432 4.744693 -6.553271
v 2.835787 4.744693 -6.553271
v 2.835787 4.861555 -7.291106
v 4.547432 5.042570 -4.672555
v 4.547432 5.381715 -4.006945
v 2.835787 5.381715 -4.006945
v 2.835787 5.042569 -4.672555
v 4.547432 6.728158 -2.660502
v 4.547432 7.393769 -2.321356
v 2.835787 7.393769 -2.321357
v 2.835787 6.728158 -2.660502
v 4.547432 9.274482 -2.023481
v 4.547432 10.012317 -2.140342
v 2.835787 10.012317 -2.140342
v 2.835787 9.274482 -2.023480
v 4.547432 11.708936 -3.004812
v 4.547432 12.237167 -3.533043
v 2.835787 12.237167 -3.533043
v 2.835787 11.708936 -3.004812
v 4.547432 13.101637 -5.229660
v 4.547432 13.218499 -5.967496
v 2.835787 13.218499 -5.967496
v 2.835787 13.101636 -5.229660
v 4.749234 12.607215 -7.438418
v 4.749234 12.065731 -8.501139
v 4.749234 11.222351 -9.344518
v 4.749234 10.159630 -9.886003
v 4.749234 8.981595 -10.072584
v 4.749234 7.803561 -9.886002
v 4.749234 6.740842 -9.344518
v 4.749234 5.897461 -8.501139
v 4.749234 5.355978 -7.438418
v 4.749234 5.169397 -6.260383
v 4.749234 5.355978 -5.082348
v 4.749234 5.897461 -4.019628
v 4.749234 6.740842 -3.176249
v 4.749234 7.803561 -2.634767
v 4.749234 8.981595 -2.448184
v 4.749234 10.159630 -2.634766
v 4.749234 11.222350 -3.176249
v 4.749234 12.065729 -4.019629
v 4.749234 12.607214 -5.082349
v 4.749234 12.793796 -6.260383
v 5.201749 12.228611 -7.315403
v 5.201749 11.743671 -8.267149
v 5.277169 8.981595 -6.260383
v 5.201749 10.988361 -9.022459
v 5.201749 10.036614 -9.507399
v 5.201749 8.981595 -9.674497
v 5.201749 7.926577 -9.507398
v 5.201749 6.974832 -9.022458
v 5.201749 6.219521 -8.267149
v 5.201749 5.734582 -7.315403
v 5.201749 5.567485 -6.260382
v 5.201749 5.734582 -5.205365
v 5.201749 6.219521 -4.253618
v 5.201749 6.974832 -3.498309
v 5.201749 7.926578 -3.013370
v 5.201749 8.981595 -2.846272
v 5.201749 10.036613 -3.013371
v 5.201749 10.988361 -3.498309
v 5.201749 11.743669 -4.253618
v 5.201749 12.228609 -5.205365
v 5.201749 12.395709 -6.260382
v 5.278996 8.981595 -10.634895
v 5.274808 8.299129 -10.569307
v 5.203348 8.308319 -10.511288
v 5.278996 7.629798 -10.420790
v 5.203348 7.027670 -10.095180
v 5.278996 6.410323 -9.799438
v 5.274808 5.896748 -9.345232
v 5.203348 5.938285 -9.303695
v 5.278996 5.442543 -8.831656
v 5.203348 5.146801 -8.214309
v 5.278996 4.821190 -7.612181
v 5.274808 4.672674 -6.942850
v 5.203348 4.730694 -6.933660
v 5.278996 4.607086 -6.260383
v 5.203348 4.730693 -5.587106
v 5.278996 4.821190 -4.908585
v 5.274808 5.094461 -4.279789
v 5.203348 5.146801 -4.306458
v 5.278996 5.442543 -3.689111
v 5.203348 5.938285 -3.217073
v 5.278996 6.410323 -2.721330
v 5.274808 7.001002 -2.373249
v 5.203348 7.027671 -2.425589
v 5.278996 7.629798 -2.099977
v 5.203348 8.308319 -2.009481
v 5.278996 8.981595 -1.885874
v 5.274808 9.664061 -1.951461
v 5.203348 9.654872 -2.009481
v 5.278996 10.333393 -2.099977
v 5.203348 10.935522 -2.425589
v 5.278996 11.552870 -2.721331
v 5.274808 12.066444 -3.175536
v 5.203348 12.024906 -3.217073
v 5.278996 12.520647 -3.689111
v 5.203348 12.816389 -4.306458
v 5.278996 13.142001 -4.908585
v 5.274808 13.290517 -5.577917
v 5.203348 13.232498 -5.587106
v 5.278996 13.356106 -6.260383
v 5.203348 13.232500 -6.933660
v 4.976405 12.874610 -7.525300
v 4.749462 12.440655 -8.022862
v 4.976405 12.293191 -8.666398
v 4.749462 11.726720 -9.005507
v 4.976405 11.387611 -9.571978
v 4.749462 10.744074 -9.719442
v 4.976405 10.246512 -10.153397
v 4.749462 9.588904 -10.094779
v 4.976405 8.981595 -10.353740
v 4.749462 8.374287 -10.094779
v 4.976405 7.716680 -10.153397
v 4.749462 7.219119 -9.719442
v 4.976405 6.575582 -9.571978
v 4.749462 6.236472 -9.005507
v 4.976405 5.670002 -8.666398
v 4.749462 5.522538 -8.022862
v 4.976405 5.088584 -7.525300
v 4.749462 5.147202 -6.867692
v 4.976405 4.888242 -6.260383
v 4.749462 5.147202 -5.653075
v 4.976405 5.088584 -4.995467
v 4.749462 5.522538 -4.497905
v 4.976405 5.670002 -3.854369
v 4.749462 6.236473 -3.515260
v 4.976405 6.575583 -2.948790
v 4.749462 7.219119 -2.801327
v 4.976405 7.716680 -2.367372
v 4.749462 8.374287 -2.425989
v 4.976405 8.981595 -2.167029
v 4.749462 9.588903 -2.425989
v 4.976405 10.246511 -2.367372
v 4.749462 10.744073 -2.801327
v 4.976405 11.387610 -2.948790
v 4.749462 11.726719 -3.515260
v 4.976405 12.293188 -3.854370
v 4.749462 12.440653 -4.497906
v 4.976405 12.874607 -4.995467
v 4.749462 12.815991 -5.653075
v 4.976405 13.074951 -6.260383
v 4.749462 12.815992 -6.867692
v 4.857021 12.565840 -8.657500
v 4.857021 13.027669 -7.751106
v 2.526198 12.565840 -8.657500
v 2.526198 13.027669 -7.751106
v 4.857021 10.472319 -10.306456
v 4.857021 11.378712 -9.844626
v 2.526198 10.472319 -10.306456
v 2.526198 11.378712 -9.844626
v 4.857021 7.809396 -10.409949
v 4.857021 8.814138 -10.569085
v 2.526198 7.809396 -10.409949
v 2.526198 8.814138 -10.569085
v 4.857021 5.594213 -8.928451
v 4.857021 6.313529 -9.647768
v 2.526198 5.594213 -8.928451
v 2.526198 6.313529 -9.647768
v 4.857021 4.672896 -6.427840
v 4.857021 4.832032 -7.432583
v 2.526198 4.672896 -6.427840
v 2.526198 4.832032 -7.432583
v 4.857021 5.397355 -3.863268
v 4.857021 4.935526 -4.769660
v 2.526198 5.397355 -3.863268
v 2.526198 4.935526 -4.769660
v 4.857021 7.490874 -2.214313
v 4.857021 6.584482 -2.676143
v 2.526198 7.490874 -2.214313
v 2.526198 6.584482 -2.676143
v 4.857021 10.153795 -2.110819
v 4.857021 9.149052 -1.951683
v 2.526198 10.153795 -2.110819
v 2.526198 9.149052 -1.951683
v 4.857021 12.368978 -3.592317
v 4.857021 11.649663 -2.873001
v 2.526198 12.368978 -3.592317
v 2.526198 11.649663 -2.873001
v 4.857021 13.290296 -6.092926
v 4.857021 13.131159 -5.088183
v 2.526198 13.290296 -6.092926
v 2.526198 13.131159 -5.088183
v 4.673814 12.607215 -7.438418
v 4.749234 12.378032 -7.990954
v 4.673814 12.065731 -8.501139
v 4.749234 11.677022 -8.955810
v 4.673814 11.222351 -9.344518
v 4.749234 10.712166 -9.656819
v 4.673814 10.159630 -9.886003
v 4.749234 9.577909 -10.025361
v 4.673814 8.981595 -10.072585
v 4.749234 8.385282 -10.025361
v 4.673814 7.803561 -9.886003
v 4.749234 7.251027 -9.656819
v 4.673814 6.740842 -9.344518
v 4.749234 6.286170 -8.955810
v 4.673814 5.897461 -8.501139
v 4.749234 5.585161 -7.990954
v 4.673814 5.355978 -7.438418
v 4.749234 5.216620 -6.856697
v 4.673814 5.169396 -6.260383
v 4.749234 5.216620 -5.664069
v 4.673814 5.355978 -5.082348
v 4.749234 5.585161 -4.529813
v 4.673814 5.897461 -4.019628
v 4.749234 6.286171 -3.564958
v 4.673814 6.740842 -3.176249
v 4.749234 7.251027 -2.863950
v 4.673814 7.803561 -2.634766
v 4.749234 8.385282 -2.495407
v 4.673814 8.981595 -2.448184
v 4.749234 9.577909 -2.495407
v 4.673814 10.159630 -2.634766
v 4.749234 10.712165 -2.863950
v 4.673814 11.222350 -3.176249
v 4.749234 11.677020 -3.564958
v 4.673814 12.065729 -4.019629
v 4.749234 12.378030 -4.529814
v 4.673814 12.607214 -5.082349
v 4.749234 12.746573 -5.664069
v 4.673814 12.793796 -6.260383
v 4.749234 12.746574 -6.856697
v 4.975492 12.607215 -7.438418
v 4.975492 12.065731 -8.501139
v 4.975492 11.222351 -9.344518
v 4.975492 10.159630 -9.886003
v 4.975492 8.981595 -10.072585
v 4.975492 7.803561 -9.886003
v 4.975492 6.740842 -9.344518
v 4.975492 5.897461 -8.501139
v 4.975492 5.355978 -7.438418
v 4.975492 5.169396 -6.260383
v 4.975492 5.355978 -5.082348
v 4.975492 5.897461 -4.019628
v 4.975492 6.740842 -3.176249
v 4.975492 7.803561 -2.634766
v 4.975492 8.981595 -2.448184
v 4.975492 10.159630 -2.634766
v 4.975492 11.222350 -3.176249
v 4.975492 12.065729 -4.019629
v 4.975492 12.607214 -5.082349
v 4.975492 12.793796 -6.260383
v 4.840269 12.735058 -8.172867
v 3.691609 12.507462 -8.619549
v 2.542950 12.735058 -8.172867
v 3.691609 12.962653 -7.726184
v 4.882149 12.074607 -9.353393
v 3.691609 11.693457 -9.701901
v 2.501069 11.816856 -9.095642
v 3.691609 12.423115 -8.972244
v 4.840269 10.894079 -10.013844
v 3.691609 10.447398 -10.241441
v 2.542950 10.894079 -10.013844
v 3.691609 11.340761 -9.786248
v 4.882149 9.665867 -10.580706
v 3.691609 9.152663 -10.638620
v 2.501069 9.608844 -10.220679
v 3.691609 10.171850 -10.477198
v 4.840269 8.322599 -10.421125
v 3.691609 7.827449 -10.342701
v 2.542950 8.322599 -10.421125
v 3.691609 8.817749 -10.499549
v 4.882149 6.995762 -10.157802
v 3.691609 6.546530 -9.903003
v 2.501069 7.161248 -9.833017
v 3.691609 7.465952 -10.371471
v 4.840269 6.002834 -9.239146
v 3.691609 5.648345 -8.884658
v 2.542950 6.002834 -9.239146
v 3.691609 6.357322 -9.593635
v 4.882149 5.084178 -8.246218
v 3.691609 4.870510 -7.776028
v 2.501069 5.408963 -8.080731
v 3.691609 5.338978 -8.695449
v 4.840269 4.820855 -6.919380
v 3.691609 4.742431 -6.424230
v 2.542950 4.820855 -6.919380
v 3.691609 4.899279 -7.414530
v 4.882149 4.661275 -5.576112
v 3.691609 4.764784 -5.070129
v 2.501069 5.021302 -5.633134
v 3.691609 4.603361 -6.089315
v 4.840269 5.228137 -4.347900
v 3.691609 5.455733 -3.901219
v 2.542950 5.228137 -4.347900
v 3.691609 5.000542 -4.794581
v 4.882149 5.888587 -3.167375
v 3.691609 6.269737 -2.818867
v 2.501069 6.146338 -3.425125
v 3.691609 5.540080 -3.548524
v 4.840269 7.069114 -2.506925
v 3.691609 7.515795 -2.279330
v 2.542950 7.069114 -2.506925
v 3.691609 6.622433 -2.734520
v 4.882149 8.297324 -1.940063
v 3.691609 8.810527 -1.882148
v 2.501069 8.354347 -2.300089
v 3.691609 7.791343 -2.043571
v 4.840269 9.640591 -2.099643
v 3.691609 10.135741 -2.178067
v 2.542950 9.640591 -2.099643
v 3.691609 9.145441 -2.021219
v 4.882149 10.967430 -2.362966
v 3.691609 11.416663 -2.617766
v 2.501069 10.801943 -2.687750
v 3.691609 10.497239 -2.149297
v 4.840269 11.960358 -3.281622
v 3.691609 12.314846 -3.636109
v 2.542950 11.960358 -3.281622
v 3.691609 11.605869 -2.927133
v 4.882149 12.879012 -4.274550
v 3.691609 13.092681 -4.744739
v 2.501069 12.554227 -4.440036
v 3.691609 12.624212 -3.825318
v 4.840269 13.142337 -5.601386
v 3.691609 13.220761 -6.096537
v 2.542950 13.142337 -5.601386
v 3.691609 13.063912 -5.106236
v 4.882149 13.301918 -6.944655
v 3.691609 13.198410 -7.450637
v 2.501069 12.941891 -6.887632
v 3.691609 13.359831 -6.431451
v 5.201750 12.094995 -7.846739
v 5.277169 11.092798 -6.946354
v 5.277169 10.777491 -7.565178
v 5.201750 11.452403 -8.731191
v 5.277169 10.286390 -8.056279
v 5.201750 10.567951 -9.373783
v 5.277169 9.667566 -8.371585
v 5.201750 9.528216 -9.711613
v 5.277169 8.981595 -8.480232
v 5.201750 8.434974 -9.711613
v 5.277169 8.295625 -8.371585
v 5.201750 7.395241 -9.373783
v 5.277169 7.676802 -8.056279
v 5.201750 6.510789 -8.731191
v 5.277169 7.185700 -7.565178
v 5.201750 5.868197 -7.846739
v 5.277169 6.870394 -6.946354
v 5.201750 5.530368 -6.807004
v 5.277169 6.761748 -6.260383
v 5.201750 5.530367 -5.713762
v 5.277169 6.870394 -5.574412
v 5.201750 5.868197 -4.674027
v 5.277169 7.185701 -4.955589
v 5.201750 6.510789 -3.789576
v 5.277169 7.676802 -4.464488
v 5.201750 7.395241 -3.146986
v 5.277169 8.295625 -4.149183
v 5.201750 8.434975 -2.809155
v 5.277169 8.981595 -4.040535
v 5.201750 9.528216 -2.809155
v 5.277169 9.667566 -4.149183
v 5.201750 10.567951 -3.146986
v 5.277169 10.286389 -4.464489
v 5.201750 11.452402 -3.789577
v 5.277169 10.777490 -4.955590
v 5.201750 12.094994 -4.674028
v 5.277169 11.092797 -5.574412
v 5.201750 12.432825 -5.713762
v 5.277169 11.201444 -6.260383
v 5.201750 12.432826 -6.807004
v 2.112599 12.533666 -8.070253
v 2.104222 11.042392 -7.757639
v 2.104222 11.404206 -7.047537
v 2.104222 10.478851 -8.321179
v 2.112599 10.791465 -9.812452
v 2.104222 9.768749 -8.682993
v 2.104222 8.981595 -8.807666
v 2.112599 8.357957 -10.197882
v 2.104222 8.194442 -8.682993
v 2.104222 7.484341 -8.321178
v 2.112599 6.162659 -9.079321
v 2.104222 6.920801 -7.757638
v 2.104222 6.558987 -7.047537
v 2.112599 5.044099 -6.884022
v 2.104222 6.434314 -6.260383
v 2.104222 6.558987 -5.473230
v 2.112599 5.429529 -4.450514
v 2.104222 6.920801 -4.763129
v 2.104222 7.484341 -4.199589
v 2.112599 7.171727 -2.708316
v 2.104222 8.194442 -3.837774
v 2.104222 8.981595 -3.713102
v 2.112599 9.605233 -2.322886
v 2.104222 9.768748 -3.837775
v 2.104222 10.478851 -4.199589
v 2.112599 11.800533 -3.441447
v 2.104222 11.042389 -4.763129
v 2.104222 11.404204 -5.473230
v 2.112599 12.919092 -5.636745
v 2.104222 11.528877 -6.260383
v 5.274808 12.868734 -8.240978
v 5.278996 13.142004 -7.612182
v 5.203348 12.816394 -8.214310
v 5.278996 12.520652 -8.831657
v 5.203348 12.024909 -9.303695
v 5.278996 11.552870 -9.799438
v 5.274808 10.962191 -10.147520
v 5.203348 10.935522 -10.095180
v 5.278996 10.333394 -10.420791
v 5.203348 9.654872 -10.511288
v 3.691609 12.714492 -8.162388
v 3.691609 12.074607 -9.353393
v 3.691609 10.883601 -9.993279
v 3.691609 9.665867 -10.580706
v 3.691609 8.326210 -10.398328
v 3.691609 6.995762 -10.157802
v 3.691609 6.019155 -9.222825
v 3.691609 5.084178 -8.246217
v 3.691609 4.843652 -6.915769
v 3.691609 4.661275 -5.576112
v 3.691609 5.248703 -4.358379
v 3.691609 5.888587 -3.167375
v 3.691609 7.079593 -2.527490
v 3.691609 8.297324 -1.940063
v 3.691609 9.636981 -2.122440
v 3.691609 10.967430 -2.362966
v 3.691609 11.944036 -3.297943
v 3.691609 12.879012 -4.274550
v 3.691609 13.119540 -5.604997
v 3.691609 13.301918 -6.944655
v 5.277169 11.245886 -7.414097
v 5.277169 10.778546 -8.057334
v 5.277169 10.135309 -8.524674
v 5.277169 9.379138 -8.770369
v 5.277169 8.584053 -8.770369
v 5.277169 7.827883 -8.524674
v 5.277169 7.184645 -8.057334
v 5.277169 6.717306 -7.414097
v 5.277169 6.471611 -6.657926
v 5.277169 6.471611 -5.862841
v 5.277169 6.717306 -5.106670
v 5.277169 7.184645 -4.463433
v 5.277169 7.827883 -3.996094
v 5.277169 8.584053 -3.750399
v 5.277169 9.379137 -3.750399
v 5.277169 10.135308 -3.996094
v 5.277169 10.778546 -4.463433
v 5.277169 11.245885 -5.106670
v 5.277169 11.491581 -5.862841
v 5.277169 11.491581 -6.657926
v 2.104222 11.579876 -7.584273
v 2.104222 11.043603 -8.322390
v 2.104222 10.305485 -8.858663
v 2.104222 9.437776 -9.140599
v 2.104222 8.525414 -9.140598
v 2.104222 7.657706 -8.858663
v 2.104222 6.919590 -8.322389
v 2.104222 6.383317 -7.584273
v 2.104222 6.101382 -6.716564
v 2.104222 6.101382 -5.804202
v 2.104222 6.383317 -4.936494
v 2.104222 6.919590 -4.198378
v 2.104222 7.657707 -3.662105
v 2.104222 8.525414 -3.380170
v 2.104222 9.437776 -3.380170
v 2.104222 10.305485 -3.662105
v 2.104222 11.043601 -4.198378
v 2.104222 11.579873 -4.936494
v 2.104222 11.861809 -5.804202
v 2.104222 11.861810 -6.716564
v 5.278996 12.074607 -9.353393
v 5.278996 9.665867 -10.580706
v 5.278996 6.995762 -10.157802
v 5.278996 5.084178 -8.246217
v 5.278996 4.661275 -5.576112
v 5.278996 5.888587 -3.167375
v 5.278996 8.297324 -1.940063
v 5.278996 10.967430 -2.362966
v 5.278996 12.879012 -4.274550
v 5.278996 13.301918 -6.944655
v 4.976405 12.628524 -8.118586
v 4.976405 11.875814 -9.154601
v 4.976405 10.839798 -9.907311
v 4.976405 9.621888 -10.303034
v 4.976405 8.341303 -10.303033
v 4.976405 7.123394 -9.907311
v 4.976405 6.087379 -9.154601
v 4.976405 5.334670 -8.118585
v 4.976405 4.938948 -6.900676
v 4.976405 4.938948 -5.620091
v 4.976405 5.334670 -4.402182
v 4.976405 6.087379 -3.366166
v 4.976405 7.123395 -2.613457
v 4.976405 8.341303 -2.217735
v 4.976405 9.621888 -2.217735
v 4.976405 10.839797 -2.613457
v 4.976405 11.875813 -3.366166
v 4.976405 12.628521 -4.402182
v 4.976405 13.024244 -5.620091
v 4.976405 13.024246 -6.900676
v 5.245491 12.796754 -8.204303
v 3.691609 12.488868 -8.808565
v 2.137727 12.796754 -8.204303
v 3.691609 13.104641 -7.600041
v 5.245491 10.925515 -10.075541
v 3.691609 10.321254 -10.383428
v 2.137727 10.925515 -10.075541
v 3.691609 11.529777 -9.767654
v 5.245491 8.311767 -10.489517
v 3.691609 7.641938 -10.383426
v 2.137727 8.311767 -10.489517
v 3.691609 8.981595 -10.595607
v 5.245491 5.953871 -9.288109
v 3.691609 5.474327 -8.808564
v 2.137727 5.953871 -9.288109
v 3.691609 6.433416 -9.767654
v 5.245491 4.752464 -6.930212
v 3.691609 4.646373 -6.260383
v 2.137727 4.752464 -6.930212
v 3.691609 4.858554 -7.600041
v 5.245491 5.166441 -4.316464
v 3.691609 5.474327 -3.712203
v 2.137727 5.166441 -4.316464
v 3.691609 4.858554 -4.920725
v 5.245491 7.037678 -2.445228
v 3.691609 7.641939 -2.137342
v 2.137727 7.037678 -2.445228
v 3.691609 6.433416 -2.753114
v 5.245491 9.651424 -2.031251
v 3.691609 10.321252 -2.137342
v 2.137727 9.651424 -2.031251
v 3.691609 8.981595 -1.925161
v 5.245491 12.009320 -3.232659
v 3.691609 12.488864 -3.712203
v 2.137727 12.009320 -3.232659
v 3.691609 11.529777 -2.753115
v 5.245491 13.210728 -5.590554
v 3.691609 13.316819 -6.260383
v 2.137727 13.210728 -5.590554
v 3.691609 13.104637 -4.920725
v 4.673814 12.378032 -7.990954
v 4.673814 11.677022 -8.955810
v 4.673814 10.712166 -9.656819
v 4.673814 9.577909 -10.025361
v 4.673814 8.385282 -10.025361
v 4.673814 7.251027 -9.656819
v 4.673814 6.286170 -8.955810
v 4.673814 5.585161 -7.990954
v 4.673814 5.216620 -6.856697
v 4.673814 5.216620 -5.664069
v 4.673814 5.585161 -4.529813
v 4.673814 6.286171 -3.564957
v 4.673814 7.251027 -2.863949
v 4.673814 8.385282 -2.495407
v 4.673814 9.577909 -2.495407
v 4.673814 10.712165 -2.863949
v 4.673814 11.677021 -3.564958
v 4.673814 12.378030 -4.529814
v 4.673814 12.746573 -5.664069
v 4.673814 12.746574 -6.856697
v 4.975492 12.378032 -7.990954
v 4.975492 11.677022 -8.955810
v 4.975492 10.712166 -9.656819
v 4.975492 9.577909 -10.025361
v 4.975492 8.385282 -10.025361
v 4.975492 7.251027 -9.656819
v 4.975492 6.286170 -8.955810
v 4.975492 5.585161 -7.990954
v 4.975492 5.216620 -6.856697
v 4.975492 5.216620 -5.664069
v 4.975492 5.585161 -4.529813
v 4.975492 6.286171 -3.564957
v 4.975492 7.251027 -2.863949
v 4.975492 8.385282 -2.495407
v 4.975492 9.577909 -2.495407
v 4.975492 10.712165 -2.863949
v 4.975492 11.677021 -3.564958
v 4.975492 12.378030 -4.529814
v 4.975492 12.746573 -5.664069
v 4.975492 12.746574 -6.856697
v -2.164035 9.332848 7.588560
v 2.192920 9.332848 7.588560
v -2.164035 12.443265 7.823374
v 2.192920 12.443265 7.823374
v -2.127803 13.598388 0.645702
v 2.145198 13.598388 0.645702
v -2.206643 7.885752 0.592342
v 2.226702 7.885752 0.592342
v -1.751477 12.738329 -8.172537
v 2.038110 13.396398 -7.995572
v 2.185537 17.256445 -7.809554
v -2.104758 17.514072 -7.792818
v -2.104758 12.473087 -9.181126
v 2.038110 12.719134 -9.069080
v -2.104758 16.307892 -8.146779
v 2.038110 16.142967 -8.175934
v 2.038110 18.450556 -7.720444
v -1.992977 18.450556 -7.720444
v 2.130731 7.778269 2.913173
v -2.085599 7.778269 2.913173
v -2.127803 13.584454 3.342220
v 2.145198 13.584454 3.342220
v 2.192920 13.180429 5.779356
v -2.164035 13.180429 5.779357
v -2.085599 8.482288 5.381291
v 2.130731 8.482288 5.381291
v 2.226702 11.003096 8.173551
v -2.206643 11.003096 8.173551
v -2.396100 11.031110 0.456123
v 2.396100 11.031110 0.456123
v -1.992977 12.290905 -7.816656
v 2.038110 12.290906 -7.816656
v 1.831712 11.160383 -7.816655
v -1.751477 11.160383 -7.816655
v 2.303478 11.031110 0.456123
v 2.303479 8.459715 0.456122
v -2.303478 8.459715 0.456122
v -2.303478 11.031110 0.456123
v -2.165478 13.805565 0.368918
v 2.185537 13.805565 0.368917
v 2.038110 16.909357 -0.130738
v -1.992977 16.909357 -0.130738
v -2.165478 13.114175 -7.896177
v -2.303478 17.150549 -7.846421
v -2.303479 15.786552 -8.268333
v -2.303478 13.250812 -8.797604
v 2.133643 13.263438 -7.816655
v 2.303478 17.066250 -7.811839
v 2.038110 18.452768 -7.782933
v -1.992977 18.452768 -7.782933
v -2.175138 17.976503 -0.621450
v 2.220270 17.976503 -0.621450
v 2.220270 18.464123 -3.353603
v -2.175138 18.464123 -3.353603
v 2.485639 11.031110 0.456123
v 2.266497 7.891843 0.292925
v 2.220270 8.149054 -2.781136
v -2.246438 7.891843 0.292925
v -2.175138 8.149054 -2.781136
v -2.485639 11.031110 0.456123
v 2.478090 14.212845 0.401055
v 2.478090 16.929653 0.010405
v -2.478090 14.212845 0.401055
v -2.478090 16.929653 0.010405
v 2.250225 10.686776 -7.389836
v 2.485639 12.290905 -7.816656
v 2.485639 13.509276 -7.816656
v 2.485639 16.930187 -7.816656
v 2.250225 18.496504 -7.409001
v -2.221340 18.496504 -7.409001
v -2.485639 16.930187 -7.816656
v -2.485639 13.509276 -7.816656
v -2.485639 12.290905 -7.816657
v -2.221340 10.686776 -7.389836
v -1.751477 7.696101 0.456122
v 1.831712 7.696101 0.456122
v 3.578599 11.033587 0.075576
v 3.436919 8.477665 -0.199740
v 3.578599 8.545694 -2.791512
v 3.760759 11.203442 -2.861254
v 3.577521 14.212845 0.401055
v 3.576982 13.267540 -2.916538
v 3.521419 17.429766 -3.232067
v 3.577521 16.929653 0.010405
v 3.522228 18.464123 -3.353603
v 3.522227 17.976503 -0.621450
v 3.436919 10.539262 -6.634124
v 3.578599 12.135907 -7.163105
v 3.578599 13.509276 -7.816656
v 3.578599 16.930187 -7.816656
v 3.522227 18.444571 -7.201373
v -3.578599 11.033587 0.075576
v -3.436919 8.477665 -0.199740
v -3.760759 11.203442 -2.861255
v -3.578599 8.545694 -2.791512
v -3.577521 14.212845 0.401055
v -3.576982 13.267540 -2.916538
v -3.577521 16.929653 0.010405
v -3.521419 17.429766 -3.232068
v -3.522227 17.976503 -0.621450
v -3.522227 18.464123 -3.353603
v -3.578599 16.930187 -7.816656
v -3.522227 18.444571 -7.201374
v -3.578599 13.509276 -7.816656
v -3.578599 12.135907 -7.163104
v -3.436919 10.539262 -6.634123
v -0.751249 14.116867 2.060281
v 0.754428 14.116867 2.060281
v 0.754428 14.173753 1.225592
v -0.751249 14.173753 1.225592
v -0.573859 17.164261 2.055722
v 0.571045 17.164261 2.055722
v 0.571045 17.207514 1.421030
v -0.573859 17.207516 1.421030
v -0.511347 18.238432 2.157300
v 0.506345 18.238430 2.157301
v 0.506345 18.270472 1.687159
v -0.511347 18.270472 1.687158
v -1.859670 9.298474 7.937998
v 1.900032 9.298474 7.937998
v 2.063967 10.758251 8.218229
v -2.035082 10.758251 8.218229
v -0.614015 8.203033 10.179676
v 0.613147 8.203033 10.179676
v 0.684906 9.078542 10.081721
v -0.682513 9.078542 10.081721
v -1.020402 8.245460 8.990735
v -1.348463 9.498215 9.015486
v 1.360462 9.498215 9.015487
v 1.031076 8.245461 8.990735
v 2.474316 14.195961 0.003084
v 2.474316 14.030989 -2.962528
v 2.474316 16.944225 -3.193561
v 2.474316 16.930838 -0.369102
v 2.474316 13.581600 -7.274306
v 2.474316 16.932568 -7.304674
v -2.474316 14.195960 0.003084
v -2.474316 14.030989 -2.962528
v -2.474316 16.930838 -0.369102
v -2.474316 16.944227 -3.193562
v -2.474316 13.581600 -7.274307
v -2.474316 16.932568 -7.304674
v -1.751477 14.446285 -0.475374
v 1.831712 14.446285 -0.475374
v 1.831712 16.458733 -0.764744
v -1.751477 16.458735 -0.764743
v 3.393769 17.538881 -0.764843
v 3.347895 17.559061 -3.247259
v 3.347896 18.334829 -3.338411
v 3.393769 17.956476 -0.876745
v 3.393769 17.725977 -6.741479
v 3.393769 18.332130 -6.748122
v -3.393769 17.538883 -0.764843
v -3.347896 17.559061 -3.247259
v -3.393769 17.956476 -0.876745
v -3.347896 18.334827 -3.338412
v -3.393769 17.725975 -6.741478
v -3.393769 18.332130 -6.748122
v -1.992977 12.584468 -9.384176
v 2.038110 12.584469 -9.384176
v -2.104734 16.222017 -8.253172
v 2.038110 16.008718 -8.363440
v -1.751477 12.914574 -9.963020
v 1.831712 12.914573 -9.963021
v -1.992939 15.877993 -9.180519
v 1.831712 15.451055 -9.206919
v -1.751477 17.728460 -7.419259
v 1.831712 17.728458 -7.419260
v -1.751477 18.333176 -7.397850
v 1.831712 18.333176 -7.397849
v 3.576982 13.509276 -8.486409
v 3.576982 16.930187 -8.486409
v 2.474316 16.930187 -8.486409
v 2.474316 13.509276 -8.486409
v -3.576982 13.509276 -8.486409
v -3.576982 16.930187 -8.486409
v -2.474316 13.509276 -8.486409
v -2.474316 16.930187 -8.486409
v 1.831712 13.760037 5.352304
v -1.751477 13.760036 5.352304
v 1.831712 13.988602 4.048996
v -1.751477 13.988602 4.048996
v 1.831711 11.350187 8.161275
v -1.751477 11.350187 8.161275
v 1.831711 12.180225 8.032315
v -1.751477 12.180225 8.032315
v 0.135397 12.148495 -9.217937
v 0.135397 12.826177 -8.016839
v 0.135397 12.875712 -7.816656
v 0.135397 12.290905 -7.816656
v 0.135397 11.001451 -7.816656
v 0.135397 10.420372 -7.149752
v 0.135397 8.149054 -2.781136
v 0.135397 7.706989 0.088929
v 0.135397 7.696101 0.456122
v 0.135397 7.693284 0.762617
v 0.135397 7.778270 2.913173
v 0.135397 8.482288 5.381291
v 0.135397 9.157230 7.445378
v 0.121086 9.079545 7.884594
v 0.032022 8.038765 8.979397
v -0.001465 8.048716 10.362239
v 0.004039 9.219584 10.191936
v 0.056242 9.505131 9.131895
v 0.135397 11.018172 8.203564
v 0.135397 11.204931 8.183842
v 0.135397 12.325482 8.009747
v 0.135397 12.591225 7.705846
v 0.135397 13.149426 6.071313
v 0.135397 13.785599 5.591880
v 0.135397 14.094162 3.832415
v 0.117417 13.648917 3.271250
v 0.009539 14.107386 2.199396
v -0.008441 17.157051 2.161503
v -0.008441 18.319254 2.264237
v -0.008441 18.362509 1.629545
v -0.008441 17.214724 1.315248
v 0.009539 14.183234 1.086477
v 0.117417 13.749513 0.543563
v 0.135397 13.739749 0.325020
v 0.135397 14.079444 -0.526703
v 0.135397 16.796249 -0.917351
v 0.135397 17.362160 -0.195846
v 0.135397 17.456463 -0.093760
v 0.135397 17.976503 -0.621450
v 0.135397 18.464123 -3.353603
v 0.135397 18.580633 -7.196557
v 0.135397 18.588831 -7.778117
v 0.135397 18.586618 -7.715626
v 0.135397 18.437281 -7.345499
v 0.135397 17.620913 -7.374404
v 0.135397 17.385736 -7.784224
v 0.135397 16.713606 -8.027077
v 0.151669 16.587271 -8.144294
v 0.151669 16.075605 -9.168301
v 0.135397 12.453743 -10.201256
v 0.135397 12.013760 -9.554299
v 3.434043 14.590531 0.527806
v 3.434044 16.602982 0.238436
v 2.617254 14.590531 0.527806
v 2.617254 16.602982 0.238436
v -3.434044 14.590531 0.527806
v -3.434043 16.602982 0.238436
v -2.617254 16.602982 0.238436
v -2.617254 14.590531 0.527806
v 3.434044 13.952727 -8.582088
v 3.434043 16.486736 -8.582088
v 2.617254 16.486736 -8.582088
v 2.617254 13.952727 -8.582088
v -3.434043 13.952727 -8.582088
v -3.434044 16.486736 -8.582088
v -2.617254 13.952727 -8.582088
v -2.617254 16.486736 -8.582088
v 3.044449 10.981898 3.161747
v 2.951828 8.192390 2.945367
v 2.879789 8.454176 1.009516
v 2.951828 11.023680 0.799597
v 2.951828 8.803697 5.414251
v 2.879789 9.497463 7.316787
v 3.044449 10.990028 5.626800
v 2.951828 10.985476 7.810658
v 2.951828 13.224710 3.333268
v 2.879789 13.134351 1.112107
v 2.951828 12.858686 5.748497
v 2.879789 12.304065 7.532748
v -2.879789 8.454176 1.009516
v -2.951828 8.192390 2.945366
v -3.044449 10.981898 3.161747
v -2.951828 11.023680 0.799597
v -3.044449 10.990028 5.626800
v -2.951828 8.803697 5.414251
v -2.879789 9.497463 7.316787
v -2.951828 10.985476 7.810658
v -2.951828 12.858686 5.748497
v -2.879789 12.304065 7.532748
v -2.951828 13.224710 3.333268
v -2.879789 13.134351 1.112107
v 0.126590 10.830973 8.051593
v -1.597008 10.685374 8.157488
v -1.298509 9.853380 8.597369
v 0.073750 9.707781 8.645433
v 1.672025 10.685374 8.157488
v 1.342212 9.853380 8.597369
v -1.751240 16.562483 -8.299236
v -0.371236 16.562483 -8.299236
v -0.371236 16.465649 -8.904480
v -1.751240 16.465649 -8.904480
v -2.189944 13.657068 1.900015
v -0.860387 14.145311 1.642936
v -0.008441 15.581200 2.074984
v -0.332743 17.157051 2.161504
v -0.573859 15.588409 1.969202
v 0.571045 15.631663 1.334511
v 0.654231 17.185886 1.738376
v 0.571045 15.588409 1.969202
v -0.573859 15.631664 1.334511
v -0.332743 17.214724 1.315248
v -0.008441 15.638873 1.228729
v -0.654231 17.185886 1.738376
v -0.008441 17.978670 2.274897
v -0.573859 17.985880 2.169115
v 0.571045 18.029133 1.534423
v 0.571045 18.340881 1.946891
v 0.571045 17.985880 2.169115
v -0.573859 18.029133 1.534423
v -0.008441 18.036341 1.428640
v 0.135397 9.252739 7.737461
v -0.988968 9.079545 7.884594
v -1.992977 9.473418 7.796886
v 2.396100 10.135456 7.975160
v 2.038110 10.797493 8.153434
v 2.170942 9.955259 8.098213
v 2.038110 9.473418 7.796886
v -1.061475 11.018172 8.203564
v -1.992977 10.797493 8.153434
v -2.396100 10.135456 7.975160
v -2.170942 9.955259 8.098213
v 0.078152 8.559962 8.325994
v -0.537739 8.038765 8.979397
v -1.459746 8.773639 8.361339
v 1.868006 10.055700 8.536231
v 1.307521 8.865547 9.024748
v 1.485797 8.773639 8.361339
v -1.016856 10.830973 8.051593
v -1.645423 10.269377 8.348513
v -0.749147 9.707781 8.645434
v 0.100170 10.269377 8.311336
v -1.307521 8.865547 9.024748
v -1.868006 10.055700 8.536231
v -0.768832 8.060481 9.750017
v -0.922951 9.259020 9.674871
v -0.660450 9.505131 9.131895
v 0.030141 9.458777 9.662347
v 0.932998 9.259020 9.674871
v 0.677798 8.634150 10.277087
v 0.771539 8.060481 9.750018
v 0.008122 7.860724 9.762541
v 3.025648 13.545450 -2.924022
v 3.025648 13.740147 0.065115
v 3.521419 17.403570 -1.530301
v 3.025648 17.386650 -0.431133
v 3.025648 17.429766 -3.232067
v 3.576981 15.600126 0.406551
v 3.025648 14.241721 0.601875
v 2.474316 15.600126 0.406551
v 3.025648 16.958530 0.211226
v 3.025648 13.023106 -7.269245
v 3.576981 15.219732 -8.582087
v 3.025648 16.930187 -8.582087
v 2.474316 15.219732 -8.582087
v 3.025648 13.509276 -8.582087
v 3.521419 17.463234 -5.406256
v 3.025648 17.491062 -7.309735
v -3.025648 13.740147 0.065115
v -3.025648 13.545450 -2.924022
v -3.576981 15.600126 0.406551
v -3.025648 16.958530 0.211226
v -2.474316 15.600126 0.406551
v -3.025648 14.241721 0.601875
v -3.521419 17.403570 -1.530301
v -3.025648 17.429766 -3.232067
v -3.025648 17.386650 -0.431133
v -3.025648 13.023106 -7.269245
v -3.521419 17.463236 -5.406256
v -3.025648 17.491062 -7.309735
v -3.576981 15.219732 -8.582087
v -3.025648 13.509276 -8.582087
v -2.474316 15.219732 -8.582087
v -3.025648 16.930187 -8.582087
v 0.135397 13.683197 -0.068288
v -1.992977 14.135997 -0.133395
v 2.038110 16.852804 -0.524045
v 2.038110 15.437847 -0.722027
v 2.038110 14.135998 -0.133396
v -1.992977 16.852804 -0.524045
v 0.135397 17.305605 -0.589153
v 3.524837 17.462103 -0.460149
v 3.524837 17.627125 -7.209238
v -3.524837 17.462103 -0.460149
v -3.524837 17.627125 -7.209238
v 0.135397 12.035548 -9.418120
v -1.992977 12.606256 -9.247998
v -1.061475 12.013760 -9.554301
v -1.992977 16.030506 -8.227259
v -2.303478 14.296594 -8.873808
v 0.135397 16.601215 -8.057136
v -1.061411 16.601215 -8.057137
v 2.038110 12.606256 -9.247997
v 2.303478 14.296594 -8.873808
v 2.038110 16.030506 -8.227259
v -1.992977 12.519106 -9.792716
v 0.135397 11.948398 -9.962839
v -2.303441 15.943356 -8.771979
v -1.061208 16.579428 -8.193316
v -0.129705 16.514065 -8.601857
v -1.061208 16.448702 -9.010397
v -1.992711 16.514065 -8.601857
v 2.038110 12.519106 -9.792716
v 2.038110 14.165868 -9.690887
v 2.038110 15.943356 -8.771980
v -1.992977 17.627550 -7.561875
v 0.135397 17.491489 -7.566693
v -1.992977 18.443918 -7.532970
v 0.135397 18.579981 -7.528153
v 2.038110 17.627550 -7.561874
v 2.038110 18.029097 -7.359951
v 2.038110 18.443916 -7.532970
v 3.760759 15.219732 -7.816656
v 3.576981 16.930187 -8.199371
v 3.760759 15.219732 -8.486408
v 3.576981 13.509276 -8.199371
v 2.474316 16.930187 -8.199371
v 3.025648 17.500340 -8.486408
v 2.474316 13.509276 -8.199371
v 2.290538 15.219732 -8.486408
v 3.025648 12.939124 -8.486408
v -3.760759 15.219732 -7.816656
v -3.576981 13.509276 -8.199371
v -3.760759 15.219732 -8.486408
v -3.576981 16.930187 -8.199371
v -2.474316 13.509276 -8.199371
v -3.025648 12.939124 -8.486408
v -2.474316 16.930187 -8.199371
v -2.290538 15.219732 -8.486408
v -3.025648 17.500340 -8.486408
v 0.135397 13.481291 5.840776
v -1.992977 13.532718 5.547532
v 2.396100 13.434120 4.623451
v 2.038110 13.841283 3.788067
v 2.038110 13.939880 4.712148
v 2.038110 13.532718 5.547532
v -1.992977 13.841282 3.788067
v 0.135397 13.892710 3.494823
v -2.396100 13.434120 4.623451
v -1.992977 11.204931 8.183842
v 2.396099 11.765206 8.096794
v 2.038109 12.325481 8.009747
v 2.038109 11.765206 8.096794
v 2.038109 11.204931 8.183842
v -1.992977 12.325481 8.009747
v 0.135397 12.512240 7.980730
v -2.396100 11.765206 8.096794
v 1.242004 12.826177 -8.016839
v 1.242004 12.148495 -9.217935
v 1.242004 12.875713 -7.816655
v 1.242004 12.290906 -7.816655
v 1.242004 11.001451 -7.816655
v 1.242004 10.420372 -7.149752
v 1.242004 8.149054 -2.781135
v 1.242004 7.706989 0.088929
v 1.242004 7.696101 0.456122
v 1.242004 7.693284 0.762617
v 2.130731 7.684833 1.682100
v 1.242004 7.778270 2.913173
v 2.130731 8.081116 4.154438
v 1.242004 8.482288 5.381291
v 2.130731 8.870703 6.569130
v 1.242004 9.157230 7.445378
v 1.150416 9.079545 7.884594
v 0.580435 8.038765 8.979397
v 0.366129 8.048716 10.362240
v 0.401357 9.219584 10.191936
v 0.735439 9.505131 9.131895
v 1.185643 10.830973 8.051593
v 0.847480 9.707781 8.645434
v 1.678813 10.269377 8.348513
v 1.242004 11.018172 8.203564
v 1.242003 11.204931 8.183842
v 1.242003 12.325481 8.009747
v 1.242004 12.591225 7.705845
v 2.130731 12.828179 6.881188
v 1.242004 13.149426 6.071313
v 1.242004 13.785599 5.591880
v 1.242004 14.094162 3.832415
v 1.126940 13.648917 3.271250
v 0.436553 14.107386 2.199396
v 0.321488 17.157051 2.161504
v 0.321488 18.319254 2.264237
v 0.321488 18.362509 1.629545
v 0.321488 17.214724 1.315248
v 0.436553 14.183234 1.086477
v 1.126940 13.749513 0.543563
v 1.242004 13.739749 0.325020
v 1.242004 14.079444 -0.526703
v 1.242004 16.796251 -0.917351
v 1.242004 17.362160 -0.195847
v 1.242004 17.456463 -0.093760
v 1.242004 17.976503 -0.621450
v 1.242004 18.464123 -3.353603
v 1.242004 18.580631 -7.196556
v 1.242004 18.588831 -7.778117
v 1.242004 18.586617 -7.715625
v 1.242004 18.437281 -7.345499
v 1.242004 17.620913 -7.374403
v 1.242004 17.385736 -7.784225
v 1.242004 16.713606 -8.027076
v 1.242004 16.579428 -8.193316
v 0.445936 16.514065 -8.601857
v 1.242004 15.877993 -9.180520
v 1.242004 12.453743 -10.201253
v 1.242004 12.013760 -9.554299
v 3.760759 15.571249 0.205730
v 3.027805 13.760044 0.466163
v 2.297008 15.570888 0.203220
v 3.027805 17.382456 -0.054703
v -3.760759 15.571249 0.205730
v -3.027805 17.382456 -0.054703
v -2.297008 15.570888 0.203220
v -3.027805 13.760044 0.466163
v 3.576981 14.228727 0.511506
v 3.576981 16.945536 0.120856
v 2.474316 14.228727 0.511506
v 2.474316 16.945536 0.120856
v -3.576981 16.945536 0.120856
v -3.576981 14.228727 0.511506
v -2.474316 16.945536 0.120857
v -2.474316 14.228727 0.511506
v 3.576981 16.930187 -8.582087
v 3.576981 13.509276 -8.582087
v 2.474316 16.930187 -8.582087
v 2.474316 13.509276 -8.582087
v -3.576981 13.509276 -8.582087
v -3.576981 16.930187 -8.582087
v -2.474316 13.509276 -8.582087
v -2.474316 16.930187 -8.582087
v 2.673964 8.122817 0.762617
v 2.673964 7.778270 2.913173
v 2.673964 11.031110 0.456123
v 2.673964 8.482288 5.381291
v 2.673964 9.377909 7.504803
v 2.673964 10.984251 8.124418
v 2.673964 13.404937 0.828569
v 2.673964 13.529492 3.356489
v 2.673964 13.116560 5.763286
v 2.673964 12.404466 7.734861
v -2.673964 7.778270 2.913173
v -2.673964 8.122817 0.762617
v -2.673964 11.031110 0.456123
v -2.673964 9.377909 7.504803
v -2.673964 8.482288 5.381291
v -2.673964 10.984251 8.124418
v -2.673964 12.404466 7.734861
v -2.673964 13.116560 5.763286
v -2.673964 13.529492 3.356489
v -2.673964 13.404937 0.828569
v -1.891999 10.830973 8.163124
v 0.135397 11.018172 8.064150
v -1.398848 9.707781 8.756965
v 0.064943 9.520582 8.855939
v 1.937131 10.830973 8.163124
v 1.420495 9.707781 8.756965
v -0.129819 16.579428 -8.193316
v -1.992825 16.579428 -8.193316
v -0.129819 16.448702 -9.010397
v -1.992825 16.448702 -9.010398
v -0.368083 8.048716 10.362240
v -0.004661 8.625617 10.465302
v -0.395971 9.219584 10.191936
v -0.679351 8.634150 10.277088
v -0.332743 18.319254 2.264237
v -0.008441 18.452005 1.978598
v -0.332743 18.362509 1.629545
v -0.573859 18.340881 1.946891
v -1.061475 12.290906 -7.816655
v 0.135397 11.614473 -7.816655
v -1.061475 11.001451 -7.816655
v -1.992977 11.614473 -7.816655
v -1.061475 7.693284 0.762617
v 0.135397 7.684833 1.682100
v -1.061475 7.778270 2.913173
v -2.085599 7.684833 1.682100
v 3.044449 9.434753 3.041946
v 2.951828 8.113171 1.701257
v 2.951828 9.410221 0.781774
v 3.044449 11.001391 1.830020
v -2.951828 8.113171 1.701257
v -3.044449 9.434753 3.041946
v -3.044449 11.001391 1.830020
v -2.951828 9.410221 0.781774
v -1.061475 17.976503 -0.621450
v 0.135397 18.253941 -1.711255
v -1.061475 18.464123 -3.353603
v -2.175138 18.253941 -1.711255
v 3.578599 9.421958 0.082011
v 3.578599 8.166023 -1.019569
v 3.760759 9.735613 -2.822641
v 3.760759 11.041015 -1.066064
v -1.061475 7.706989 0.088929
v -2.175138 7.739653 -1.012652
v -1.061475 8.149054 -2.781136
v 0.135397 7.739653 -1.012652
v -3.578599 9.421958 0.082011
v -3.760759 11.041015 -1.066064
v -3.760759 9.735613 -2.822641
v -3.578599 8.166023 -1.019569
v -1.061475 14.079444 -0.526703
v 0.135397 15.418996 -0.853129
v -1.061475 16.796251 -0.917351
v -1.992977 15.437847 -0.722027
v 2.474316 14.149638 -1.160708
v 2.290538 15.487609 -3.078044
v 2.474316 16.938723 -1.477502
v 2.290538 15.563399 -0.183009
v -1.061475 12.453743 -10.201253
v -1.992977 14.165868 -9.690887
v -1.061436 15.856205 -9.316699
v 0.135397 14.144081 -9.827068
v -2.474316 14.149638 -1.160708
v -2.290538 15.563399 -0.183009
v -2.474316 16.938723 -1.477502
v -2.290538 15.487609 -3.078044
v -1.061475 12.826177 -8.016839
v -1.992977 12.487336 -8.617388
v -1.061475 12.148495 -9.217935
v 0.135397 12.487336 -8.617388
v -2.303478 15.107063 -7.931777
v -2.303478 16.480347 -8.021958
v -2.303478 14.431050 -8.622506
v -2.303478 13.057766 -8.532326
v -1.061475 17.385736 -7.784225
v 0.135397 17.050777 -7.936896
v -1.061475 16.713606 -8.027076
v -1.992977 17.050776 -7.936896
v 2.303478 15.107063 -7.931777
v 2.038110 13.057766 -8.532326
v 2.303478 14.431050 -8.622506
v 2.038110 16.480347 -8.021958
v -1.061475 17.456463 -0.093760
v 0.135397 17.682817 -0.180807
v -2.175138 17.682817 -0.180807
v 3.347895 17.509867 -1.552920
v 3.288915 17.946943 -3.292835
v 3.347895 18.147644 -1.688635
v 3.347895 17.719301 -0.540800
v -1.061475 17.620913 -7.374403
v -1.992977 18.029097 -7.359950
v -1.061475 18.437281 -7.345499
v 0.135397 18.026884 -7.297460
v -3.347895 17.509867 -1.552920
v -3.347895 17.719301 -0.540800
v -3.347895 18.147644 -1.688635
v -3.288915 17.946943 -3.292835
v -1.061475 8.482288 5.381291
v 0.135397 8.870703 6.569130
v -1.061475 9.157230 7.445378
v -2.085599 8.870703 6.569130
v -3.044449 9.767926 5.513131
v -2.951828 9.141330 6.612670
v -2.951828 10.089895 7.667193
v -3.044449 10.989151 6.869381
v -1.061475 12.591225 7.705845
v 0.135397 12.828179 6.881188
v -1.061475 13.149426 6.071313
v -2.085599 12.828179 6.881188
v 2.951828 9.141330 6.612670
v 3.044449 9.767926 5.513131
v 3.044449 10.989151 6.869381
v 2.951828 10.089895 7.667193
v 3.578599 9.603931 -5.155958
v 3.578599 11.347168 -7.156669
v 3.760759 11.670913 -5.202453
v 2.474316 13.798575 -5.264543
v 2.290538 15.257085 -7.289490
v 2.474316 16.939713 -5.386011
v 3.347895 17.599834 -5.411959
v 3.347895 18.035847 -7.205306
v 3.347895 18.419439 -5.446175
v 0.135397 18.556042 -5.451878
v -1.061475 18.580631 -7.196556
v -2.175138 18.556042 -5.451878
v -3.347895 17.599834 -5.411959
v -3.347895 18.419439 -5.446175
v -3.347895 18.035847 -7.205306
v -2.474316 13.798575 -5.264543
v -2.474316 16.939713 -5.386011
v -2.290538 15.257085 -7.289490
v -3.760759 11.670913 -5.202453
v -3.578599 11.347167 -7.156669
v -3.578599 9.603931 -5.155958
v -2.175138 9.290157 -5.149041
v -1.061475 10.420372 -7.149752
v 0.135397 9.290157 -5.149041
v -1.061475 13.785599 5.591880
v 0.135397 14.024174 4.726931
v -1.061475 14.094162 3.832415
v -1.992977 13.939880 4.712148
v -2.951828 8.454975 4.187424
v -3.044449 10.982861 4.409131
v 0.135397 8.081116 4.154438
v -2.085599 8.081116 4.154438
v 2.951828 8.454975 4.187424
v 3.044449 10.982861 4.409131
v -1.061475 11.204931 8.183842
v 0.135397 11.765206 8.096794
v -1.061475 12.325481 8.009747
v -1.992978 11.765206 8.096794
v -3.044449 12.085062 5.704129
v -2.951828 11.806892 7.797427
v -2.951828 12.604122 6.885721
v -3.044449 12.310365 3.263604
v -2.951828 13.065098 4.584875
v -2.951828 13.338877 1.932088
v -2.951828 12.430187 0.814750
v -3.578599 12.438537 0.070104
v -3.576981 13.368018 -1.102919
v -3.760759 12.433811 -2.894084
v -3.576981 13.090714 -5.239308
v -3.578599 12.648535 -7.168576
v -1.061475 12.875713 -7.816655
v 0.135397 12.685479 -7.816655
v -1.992977 12.685479 -7.816655
v 3.760759 12.433811 -2.894083
v 3.578599 12.648535 -7.168576
v 3.576981 13.090714 -5.239308
v 3.578599 12.438537 0.070104
v 3.576981 13.368018 -1.102919
v 3.044449 12.310365 3.263604
v 2.951828 12.430187 0.814750
v 2.951828 13.338877 1.932088
v 3.044449 12.085062 5.704129
v 2.951828 13.065098 4.584875
v 2.951828 12.604122 6.885721
v 2.951828 11.806892 7.797427
v 2.396100 9.414232 0.456122
v 2.303478 8.125634 0.456122
v 2.303478 9.414232 0.456122
v -1.061474 7.696101 0.456122
v -1.992977 7.696102 0.456122
v -2.396100 9.414232 0.456122
v -2.303478 9.414232 0.456122
v -2.303478 8.125634 0.456122
v -0.970383 13.749513 0.543563
v 0.135397 13.758600 0.456122
v -1.061475 13.739749 0.325020
v -1.992977 13.430321 0.456122
v -2.303478 16.142897 -8.197199
v -2.303478 17.524010 -7.841898
v -2.303478 14.318381 -8.737629
v -2.303478 12.719203 -9.047813
v -1.992977 12.826177 -8.016839
v 2.303478 15.219732 -7.816656
v 2.038110 13.509276 -7.816655
v 2.303478 18.042372 -7.734894
v 2.303478 18.044584 -7.797386
v -1.061475 18.586617 -7.715625
v -1.061474 18.588831 -7.778117
v -2.303478 18.042372 -7.734894
v -2.303478 18.044584 -7.797386
v -2.396100 12.445482 0.456122
v -2.303478 12.445482 0.456122
v 0.135397 12.939124 -7.816655
v 2.396100 12.445482 0.456122
v 2.303478 12.445482 0.456122
v 2.038110 13.430321 0.456122
v 2.485639 9.414232 0.456122
v -2.485639 9.414232 0.456122
v 2.303478 15.550955 0.064587
v 2.303478 13.883122 0.391014
v 2.038110 16.928209 0.000364
v -2.303478 15.550955 0.064587
v -1.992977 16.928209 0.000364
v -2.303478 13.883122 0.391014
v -1.061475 17.362160 -0.195846
v 0.135397 17.381010 -0.064744
v 2.038110 11.614473 -7.816655
v 2.303478 12.290906 -7.816655
v 2.485639 11.614473 -7.816655
v 2.038110 11.001451 -7.816655
v 2.303478 13.445865 -7.816655
v 2.485639 18.044584 -7.797385
v -2.303478 17.066250 -7.811838
v -2.485639 18.044584 -7.797385
v -2.303478 13.445865 -7.816655
v -2.303478 15.219732 -7.816656
v -1.992977 11.001451 -7.816655
v -2.485639 11.614473 -7.816655
v -2.303478 12.290906 -7.816655
v 0.135397 10.797111 -7.816655
v -2.485639 12.445482 0.456122
v -2.485639 12.685479 -7.816655
v 2.038110 12.685479 -7.816655
v 2.485639 12.685479 -7.816655
v 2.485639 12.445482 0.456122
v 2.038110 7.696102 0.456122
v 3.032118 8.136522 0.088929
v 3.032118 11.031110 0.456123
v 2.220270 7.739653 -1.012652
v 3.032118 8.149054 -2.781136
v 2.220270 18.253941 -1.711255
v 3.032118 17.976503 -0.621450
v 3.522228 18.253941 -1.711255
v 3.032118 18.464123 -3.353603
v 2.220270 17.682817 -0.180807
v 3.522228 17.682817 -0.180807
v 2.220270 9.290157 -5.149041
v 3.032118 10.624712 -7.149752
v 3.032118 12.290906 -7.816655
v 3.032118 18.444571 -7.201373
v 3.522228 18.044584 -7.797385
v 3.032119 17.500340 -7.816656
v 2.220270 18.556042 -5.451878
v 3.522228 18.556042 -5.451878
v 3.032119 12.939124 -7.816656
v -3.032118 11.031110 0.456123
v -3.032118 8.136522 0.088929
v -3.032118 8.149054 -2.781136
v -3.032118 17.976503 -0.621450
v -3.522228 17.682817 -0.180807
v -3.032118 18.464123 -3.353603
v -3.522228 18.253941 -1.711255
v -3.032118 18.444571 -7.201373
v -3.522228 18.556042 -5.451878
v -3.032119 17.500340 -7.816656
v -3.522228 18.044584 -7.797385
v -3.032118 10.624712 -7.149752
v -3.032118 12.290906 -7.816655
v -3.032119 12.939124 -7.816656
v -0.970383 13.648917 3.271250
v 0.063478 13.591884 2.718796
v -0.423834 14.107386 2.199396
v -1.283418 13.608180 2.479682
v 2.189944 13.657068 1.900015
v 1.304578 13.705957 1.044999
v 0.860387 14.145310 1.642936
v 1.304578 13.608180 2.479682
v -1.283418 13.705957 1.044999
v -0.423834 14.183235 1.086477
v 0.063478 13.722253 0.805885
v -0.351892 8.625617 10.465302
v -0.332743 18.452005 1.978598
v -1.061474 11.614473 -7.816656
v -1.061474 7.684833 1.682100
v 3.044449 9.398185 1.758730
v -3.044449 9.398185 1.758730
v -1.061474 18.253941 -1.711255
v 3.760759 9.445133 -1.040322
v -1.061474 7.739652 -1.012651
v -3.760759 9.445133 -1.040322
v -1.061474 15.418996 -0.853130
v 2.290538 15.544180 -1.319105
v -1.061474 14.144081 -9.827068
v -2.290538 15.544180 -1.319104
v -1.061474 12.487336 -8.617388
v -2.303478 14.769056 -8.277143
v -1.061474 17.050777 -7.936897
v 2.303478 14.769056 -8.277143
v -1.061474 17.682817 -0.180807
v 3.288915 17.828756 -1.620778
v -1.061474 18.026884 -7.297461
v -3.288915 17.828756 -1.620777
v -1.061474 8.870703 6.569129
v -3.044449 9.953212 6.743292
v -1.061474 12.828179 6.881188
v 3.044449 9.953212 6.743292
v 3.760759 10.545253 -5.176711
v 2.290538 15.369143 -5.325277
v 3.288915 18.009638 -5.429068
v -1.061474 18.556042 -5.451878
v -3.288915 18.009638 -5.429068
v -2.290538 15.369143 -5.325277
v -3.760759 10.545253 -5.176711
v -1.061474 9.290157 -5.149041
v -1.061474 14.024174 4.726931
v -3.044449 9.576553 4.286381
v -1.061474 8.081116 4.154438
v 3.044449 9.576553 4.286381
v -1.061475 11.765206 8.096795
v -3.044449 11.931950 6.899322
v -3.044449 12.210909 4.513496
v -3.044449 12.384303 1.890633
v -3.760759 12.417702 -1.087950
v -3.760759 12.537700 -5.224339
v -1.061474 12.685479 -7.816656
v 3.760759 12.537700 -5.224339
v 3.760759 12.417702 -1.087950
v 3.044449 12.384303 1.890633
v 3.044449 12.210909 4.513496
v 3.044449 11.931950 6.899322
v -1.061474 13.758600 0.456123
v -2.303478 17.050777 -7.936897
v -2.303478 12.487336 -8.617388
v -1.061474 12.939124 -7.816656
v -1.061474 17.381010 -0.064744
v 2.303478 11.614473 -7.816656
v -2.303478 11.614473 -7.816656
v -1.061474 10.797111 -7.816656
v -2.303478 12.685479 -7.816656
v 2.303478 12.685479 -7.816656
v -2.303478 7.696101 0.456123
v 2.303478 7.696101 0.456123
v 3.032119 9.414232 0.456123
v 3.032119 7.739652 -1.012652
v 3.032119 18.253941 -1.711255
v 3.032119 17.682817 -0.180807
v 3.032119 9.290157 -5.149041
v 3.032119 11.614473 -7.816656
v 3.032119 18.044584 -7.797386
v 3.032119 18.556042 -5.451878
v 3.032119 12.685479 -7.816656
v 3.032119 12.445482 0.456123
v -3.032119 9.414232 0.456123
v -3.032119 7.739652 -1.012651
v -3.032119 17.682817 -0.180807
v -3.032119 18.253941 -1.711255
v -3.032119 18.556042 -5.451878
v -3.032119 18.044584 -7.797385
v -3.032119 11.614473 -7.816656
v -3.032119 9.290157 -5.149041
v -3.032119 12.445482 0.456123
v -3.032119 12.685479 -7.816656
v -0.697109 13.591884 2.718796
v 1.478855 13.657068 1.762341
v -0.697109 13.722253 0.805885
v -1.478855 13.657068 1.762341
v -0.332743 15.581200 2.074984
v 0.654231 15.610036 1.651857
v -0.332743 15.638873 1.228730
v -0.654231 15.610036 1.651857
v -0.332743 17.978668 2.274896
v 0.654231 18.007505 1.851769
v -0.332743 18.036341 1.428641
v -0.654231 18.007505 1.851769
v -1.061474 9.252739 7.737461
v 2.303478 10.135456 7.975160
v -2.303478 10.135456 7.975160
v -0.771450 8.559963 8.325994
v 1.773333 9.414670 8.467373
v -0.883002 10.269377 8.311336
v -1.773333 9.414670 8.467373
v -0.970377 8.659751 9.712444
v -0.528210 9.458777 9.662348
v 0.970377 8.659751 9.712444
v -0.416658 7.860724 9.762541
v 3.025649 13.684790 -1.107909
v 3.025649 17.403570 -1.530301
v 3.025649 15.604457 0.436674
v 3.025649 13.275052 -5.244298
v 3.025649 15.219732 -8.582088
v 3.025649 17.463236 -5.406256
v -3.025649 13.684790 -1.107909
v -3.025649 15.604457 0.436674
v -3.025649 17.403570 -1.530301
v -3.025649 13.275052 -5.244298
v -3.025649 17.463236 -5.406256
v -3.025649 15.219732 -8.582088
v -1.061474 13.683196 -0.068288
v 2.303478 15.494401 -0.328720
v -1.061474 17.305605 -0.589153
v -2.303478 15.494401 -0.328720
v -1.061474 12.035548 -9.418120
v 2.303478 14.318381 -8.737629
v -1.061474 11.948398 -9.962839
v -2.303478 14.231231 -9.282349
v -1.061170 16.514065 -8.601858
v 2.303478 14.231231 -9.282349
v -1.061474 17.491489 -7.566693
v -2.303478 18.035734 -7.547423
v -1.061474 18.579979 -7.528153
v 2.303478 18.035734 -7.547424
v 3.760759 15.219732 -8.199372
v 3.025648 17.500340 -8.199372
v 2.290538 15.219732 -8.199372
v 3.025649 12.939124 -8.199372
v -3.760759 15.219732 -8.199372
v -3.025648 12.939124 -8.199372
v -2.290538 15.219732 -8.199372
v -3.025649 17.500340 -8.199372
v -1.061474 13.481291 5.840776
v 2.303478 13.687000 4.667799
v -1.061474 13.892710 3.494823
v -2.303478 13.687000 4.667799
v 2.303477 11.765206 8.096795
v -1.061475 12.512240 7.980731
v -2.303478 11.765206 8.096795
v 1.242004 12.487336 -8.617388
v 1.242004 12.939124 -7.816656
v 1.242004 12.685479 -7.816656
v 1.242004 11.614473 -7.816656
v 1.242004 10.797111 -7.816656
v 1.242004 9.290157 -5.149041
v 1.242004 7.739652 -1.012651
v 1.242004 7.684833 1.682100
v 1.242004 8.081116 4.154438
v 1.242004 8.870703 6.569129
v 1.242004 9.252739 7.737461
v 0.875652 8.559963 8.325994
v 0.427488 7.860724 9.762541
v 0.345677 8.625617 10.465302
v 0.568398 9.458777 9.662348
v 1.016562 10.269377 8.311336
v 1.242003 11.765206 8.096795
v 1.242004 12.512240 7.980731
v 1.242004 12.828179 6.881188
v 1.242004 13.481291 5.840776
v 1.242004 14.024174 4.726931
v 1.242004 13.892710 3.494823
v 0.781746 13.591884 2.718796
v 0.321488 15.581200 2.074984
v 0.321488 17.978668 2.274896
v 0.321488 18.452005 1.978598
v 0.321488 18.036341 1.428641
v 0.321488 15.638873 1.228730
v 0.781746 13.722253 0.805885
v 1.242004 13.758600 0.456123
v 1.242004 13.683196 -0.068288
v 1.242004 15.418996 -0.853130
v 1.242004 17.305605 -0.589153
v 1.242004 17.381010 -0.064744
v 1.242004 17.682817 -0.180807
v 1.242004 18.253941 -1.711255
v 1.242004 18.556042 -5.451878
v 1.242004 18.579979 -7.528153
v 1.242004 18.026884 -7.297461
v 1.242004 17.491489 -7.566693
v 1.242004 17.050777 -7.936897
v 1.242004 16.601215 -8.057137
v 1.242004 16.514065 -8.601858
v 1.242004 14.144081 -9.827068
v 1.242004 11.948398 -9.962839
v 1.242004 12.035548 -9.418120
v 3.760759 15.587131 0.316181
v 3.025648 13.775926 0.576614
v 2.290538 15.587131 0.316181
v 3.025649 17.398336 0.055748
v -3.760759 15.587131 0.316181
v -3.025648 17.398336 0.055748
v -2.290538 15.587131 0.316181
v -3.025649 13.775926 0.576614
v 3.760759 15.219732 -8.582088
v 3.025648 17.500340 -8.582088
v 2.290538 15.219732 -8.582088
v 3.025649 12.939124 -8.582088
v -3.760759 15.219732 -8.582088
v -3.025648 12.939124 -8.582088
v -2.290538 15.219732 -8.582088
v -3.025649 17.500340 -8.582088
v 2.673964 7.684833 1.682100
v 2.673964 9.414232 0.456123
v 2.673964 8.870703 6.569129
v 2.673964 10.135456 7.975160
v 2.673964 8.081116 4.154438
v 2.673964 12.445482 0.456123
v 2.673964 13.657068 1.945907
v 2.673964 13.349827 4.608668
v 2.673964 12.828179 6.881188
v 2.673964 11.765206 8.096795
v -2.673964 7.684833 1.682100
v -2.673964 9.414232 0.456123
v -2.673964 8.870703 6.569129
v -2.673964 10.135456 7.975160
v -2.673964 8.081116 4.154438
v -2.673964 11.765206 8.096795
v -2.673964 12.828179 6.881188
v -2.673964 13.349827 4.608668
v -2.673964 13.657068 1.945907
v -2.673964 12.445482 0.456123
v -1.061474 11.018172 8.064150
v -1.899564 10.269377 8.460045
v -0.704529 9.520582 8.855938
v 1.242004 11.018172 8.064150
v 0.791120 9.520582 8.855938
v 1.899564 10.269377 8.460044
v 0.180682 16.514065 -8.601858
v -1.061322 16.426914 -9.146577
v -2.303326 16.514065 -8.601858
vt 0.377778 0.395833
vt 0.381250 0.359375
vt 0.381250 0.500000
vt 0.376563 0.500000
vt 0.384722 0.395833
vt 0.385938 0.500000
vt 0.384722 0.604167
vt 0.381250 0.640625
vt 0.377778 0.604167
vt 0.387500 0.312500
vt 0.393750 0.312500
vt 0.393750 0.500000
vt 0.389063 0.500000
vt 0.400000 0.312500
vt 0.398437 0.500000
vt 0.400000 0.687500
vt 0.393750 0.687500
vt 0.387500 0.687500
vt 0.402778 0.395833
vt 0.406250 0.359375
vt 0.406250 0.500000
vt 0.401562 0.500000
vt 0.409722 0.395833
vt 0.410937 0.500000
vt 0.409722 0.604167
vt 0.406250 0.640625
vt 0.402778 0.604167
vt 0.412500 0.312500
vt 0.418750 0.312500
vt 0.418750 0.500000
vt 0.414062 0.500000
vt 0.425000 0.312500
vt 0.423437 0.500000
vt 0.425000 0.687500
vt 0.418750 0.687500
vt 0.412500 0.687500
vt 0.427778 0.395833
vt 0.431250 0.359375
vt 0.431250 0.500000
vt 0.426562 0.500000
vt 0.434722 0.395833
vt 0.435937 0.500000
vt 0.434722 0.604167
vt 0.431250 0.640625
vt 0.427778 0.604167
vt 0.437500 0.312500
vt 0.443750 0.312500
vt 0.443750 0.500000
vt 0.439062 0.500000
vt 0.450000 0.312500
vt 0.448437 0.500000
vt 0.450000 0.687500
vt 0.443750 0.687500
vt 0.437500 0.687500
vt 0.452778 0.395833
vt 0.456250 0.359375
vt 0.456250 0.500000
vt 0.451562 0.500000
vt 0.459722 0.395833
vt 0.460937 0.500000
vt 0.459722 0.604167
vt 0.456250 0.640625
vt 0.452778 0.604167
vt 0.462500 0.312500
vt 0.468750 0.312500
vt 0.468750 0.500000
vt 0.464062 0.500000
vt 0.475000 0.312500
vt 0.473437 0.500000
vt 0.475000 0.687500
vt 0.468750 0.687500
vt 0.462500 0.687500
vt 0.477778 0.395833
vt 0.481250 0.359375
vt 0.481250 0.500000
vt 0.476562 0.500000
vt 0.484722 0.395833
vt 0.485937 0.500000
vt 0.484722 0.604167
vt 0.481250 0.640625
vt 0.477778 0.604167
vt 0.487500 0.312500
vt 0.493750 0.312500
vt 0.493750 0.500000
vt 0.489062 0.500000
vt 0.500000 0.312500
vt 0.498437 0.500000
vt 0.500000 0.687500
vt 0.493750 0.687500
vt 0.487500 0.687500
vt 0.502778 0.395833
vt 0.506250 0.359375
vt 0.506250 0.500000
vt 0.501562 0.500000
vt 0.509722 0.395833
vt 0.510937 0.500000
vt 0.509722 0.604167
vt 0.506250 0.640625
vt 0.502778 0.604167
vt 0.512500 0.312500
vt 0.518750 0.312500
vt 0.518750 0.500000
vt 0.514062 0.500000
vt 0.525000 0.312500
vt 0.523437 0.500000
vt 0.525000 0.687500
vt 0.518750 0.687500
vt 0.512500 0.687500
vt 0.527778 0.395833
vt 0.531250 0.359375
vt 0.531250 0.500000
vt 0.526562 0.500000
vt 0.534722 0.395833
vt 0.535937 0.500000
vt 0.534722 0.604167
vt 0.531250 0.640625
vt 0.527778 0.604167
vt 0.537500 0.312500
vt 0.543750 0.312500
vt 0.543750 0.500000
vt 0.539062 0.500000
vt 0.550000 0.312500
vt 0.548437 0.500000
vt 0.550000 0.687500
vt 0.543750 0.687500
vt 0.537500 0.687500
vt 0.552778 0.395833
vt 0.556250 0.359375
vt 0.556250 0.500000
vt 0.551562 0.500000
vt 0.559722 0.395833
vt 0.560937 0.500000
vt 0.559722 0.604167
vt 0.556250 0.640625
vt 0.552778 0.604167
vt 0.562500 0.312500
vt 0.568750 0.312500
vt 0.568750 0.500000
vt 0.564062 0.500000
vt 0.575000 0.312500
vt 0.573437 0.500000
vt 0.575000 0.687500
vt 0.568750 0.687500
vt 0.562500 0.687500
vt 0.577778 0.395833
vt 0.581250 0.359375
vt 0.581250 0.500000
vt 0.576562 0.500000
vt 0.584722 0.395833
vt 0.585937 0.500000
vt 0.584722 0.604167
vt 0.581250 0.640625
vt 0.577778 0.604167
vt 0.587500 0.312500
vt 0.593750 0.312500
vt 0.593750 0.500000
vt 0.589062 0.500000
vt 0.600000 0.312500
vt 0.598437 0.500000
vt 0.600000 0.687500
vt 0.593750 0.687500
vt 0.587500 0.687500
vt 0.602778 0.395833
vt 0.606250 0.359375
vt 0.606250 0.500000
vt 0.601562 0.500000
vt 0.609722 0.395833
vt 0.610937 0.500000
vt 0.609722 0.604167
vt 0.606250 0.640625
vt 0.602778 0.604167
vt 0.612500 0.312500
vt 0.618750 0.312500
vt 0.618750 0.500000
vt 0.614062 0.500000
vt 0.625000 0.312500
vt 0.625000 0.500000
vt 0.625000 0.687500
vt 0.618750 0.687500
vt 0.612500 0.687500
vt 0.611824 0.075005
vt 0.626047 0.092026
vt 0.591671 0.109542
vt 0.572707 0.103425
vt 0.631456 0.113537
vt 0.585473 0.128478
vt 0.500000 0.156250
vt 0.581245 0.044426
vt 0.600031 0.056219
vt 0.572750 0.083500
vt 0.552825 0.083543
vt 0.542713 0.024794
vt 0.564224 0.030203
vt 0.546709 0.064579
vt 0.527772 0.070777
vt 0.500000 0.018029
vt 0.522130 0.016526
vt 0.516095 0.054632
vt 0.500000 0.066379
vt 0.457287 0.024794
vt 0.477870 0.016526
vt 0.483905 0.054632
vt 0.472228 0.070777
vt 0.418755 0.044426
vt 0.435776 0.030203
vt 0.453292 0.064579
vt 0.447175 0.083543
vt 0.388177 0.075005
vt 0.399969 0.056219
vt 0.427250 0.083500
vt 0.427293 0.103425
vt 0.368544 0.113537
vt 0.373953 0.092026
vt 0.408329 0.109542
vt 0.414527 0.128478
vt 0.361779 0.156250
vt 0.360276 0.134120
vt 0.398382 0.140155
vt 0.410129 0.156250
vt 0.368544 0.198963
vt 0.360276 0.178380
vt 0.398382 0.172345
vt 0.414527 0.184022
vt 0.388177 0.237495
vt 0.373953 0.220474
vt 0.408329 0.202958
vt 0.427293 0.209075
vt 0.418755 0.268073
vt 0.399969 0.256281
vt 0.427250 0.229000
vt 0.447175 0.228957
vt 0.457287 0.287706
vt 0.435776 0.282297
vt 0.453292 0.247921
vt 0.472228 0.241723
vt 0.500000 0.294471
vt 0.477870 0.295974
vt 0.483905 0.257868
vt 0.500000 0.246121
vt 0.542713 0.287706
vt 0.522130 0.295974
vt 0.516095 0.257868
vt 0.527772 0.241723
vt 0.581245 0.268073
vt 0.564224 0.282297
vt 0.546708 0.247921
vt 0.552825 0.228957
vt 0.611823 0.237495
vt 0.600031 0.256281
vt 0.572750 0.229000
vt 0.572707 0.209075
vt 0.631456 0.198963
vt 0.626047 0.220474
vt 0.591671 0.202958
vt 0.585473 0.184022
vt 0.638221 0.156250
vt 0.639724 0.178380
vt 0.601618 0.172345
vt 0.589871 0.156250
vt 0.639724 0.134120
vt 0.601618 0.140155
vt 0.648603 0.892034
vt 0.637506 0.913813
vt 0.591671 0.890458
vt 0.585473 0.871522
vt 0.626409 0.935591
vt 0.572707 0.896575
vt 0.500000 0.843750
vt 0.609125 0.952875
vt 0.572750 0.916500
vt 0.591841 0.970159
vt 0.552825 0.916457
vt 0.570063 0.981256
vt 0.546708 0.935421
vt 0.548284 0.992353
vt 0.527772 0.929223
vt 0.524142 0.996176
vt 0.516095 0.945368
vt 0.500000 1.000000
vt 0.500000 0.933621
vt 0.475858 0.996176
vt 0.483905 0.945368
vt 0.451716 0.992353
vt 0.472228 0.929223
vt 0.429937 0.981256
vt 0.453292 0.935421
vt 0.408159 0.970159
vt 0.447175 0.916457
vt 0.390875 0.952875
vt 0.427250 0.916500
vt 0.373591 0.935591
vt 0.427293 0.896575
vt 0.362494 0.913813
vt 0.408329 0.890458
vt 0.351397 0.892034
vt 0.414527 0.871522
vt 0.347574 0.867892
vt 0.398382 0.859845
vt 0.343750 0.843750
vt 0.410129 0.843750
vt 0.347574 0.819608
vt 0.398382 0.827655
vt 0.351397 0.795466
vt 0.414527 0.815978
vt 0.362494 0.773687
vt 0.408329 0.797042
vt 0.373591 0.751909
vt 0.427293 0.790925
vt 0.390875 0.734625
vt 0.427250 0.771000
vt 0.408159 0.717341
vt 0.447175 0.771043
vt 0.429937 0.706244
vt 0.453292 0.752079
vt 0.451716 0.695147
vt 0.472228 0.758277
vt 0.475858 0.691324
vt 0.483905 0.742132
vt 0.500000 0.687500
vt 0.500000 0.753879
vt 0.524142 0.691324
vt 0.516095 0.742132
vt 0.548284 0.695147
vt 0.527772 0.758277
vt 0.570063 0.706244
vt 0.546709 0.752079
vt 0.591842 0.717341
vt 0.552825 0.771043
vt 0.609125 0.734625
vt 0.572750 0.771000
vt 0.626409 0.751908
vt 0.572707 0.790925
vt 0.637506 0.773687
vt 0.591671 0.797042
vt 0.648603 0.795466
vt 0.585473 0.815978
vt 0.652426 0.819608
vt 0.601618 0.827655
vt 0.656250 0.843750
vt 0.589871 0.843750
vt 0.652426 0.867892
vt 0.601618 0.859845
vt 0.626409 0.064408
vt 0.637506 0.086187
vt 0.624862 0.065532
vt 0.648603 0.107966
vt 0.646784 0.108557
vt 0.646784 0.108557
vt 0.637506 0.086187
vt 0.624862 0.065532
vt 0.591842 0.029841
vt 0.609125 0.047125
vt 0.609125 0.047125
vt 0.590718 0.031388
vt 0.609125 0.047125
vt 0.590718 0.031388
vt 0.548284 0.007647
vt 0.570063 0.018744
vt 0.547693 0.009466
vt 0.570063 0.018744
vt 0.547693 0.009466
vt 0.500000 -0.000000
vt 0.524142 0.003824
vt 0.524142 0.003824
vt 0.500000 0.001912
vt 0.524142 0.003824
vt 0.500000 0.001912
vt 0.451716 0.007647
vt 0.475858 0.003824
vt 0.452307 0.009466
vt 0.475858 0.003824
vt 0.452307 0.009466
vt 0.408159 0.029841
vt 0.429937 0.018744
vt 0.429937 0.018744
vt 0.409282 0.031388
vt 0.429937 0.018744
vt 0.409282 0.031388
vt 0.373591 0.064409
vt 0.390875 0.047125
vt 0.375138 0.065532
vt 0.390875 0.047125
vt 0.375138 0.065532
vt 0.351397 0.107966
vt 0.362494 0.086187
vt 0.362494 0.086187
vt 0.353216 0.108557
vt 0.362494 0.086187
vt 0.353216 0.108557
vt 0.343750 0.156250
vt 0.347574 0.132108
vt 0.345662 0.156250
vt 0.347574 0.132108
vt 0.345662 0.156250
vt 0.351397 0.204534
vt 0.347574 0.180392
vt 0.347574 0.180392
vt 0.353216 0.203943
vt 0.347574 0.180392
vt 0.353216 0.203943
vt 0.373591 0.248091
vt 0.362494 0.226313
vt 0.375138 0.246968
vt 0.362494 0.226313
vt 0.375138 0.246968
vt 0.408159 0.282659
vt 0.390875 0.265375
vt 0.390875 0.265375
vt 0.409282 0.281112
vt 0.390875 0.265375
vt 0.409282 0.281112
vt 0.451716 0.304853
vt 0.429937 0.293756
vt 0.452307 0.303034
vt 0.429937 0.293756
vt 0.452307 0.303034
vt 0.500000 0.312500
vt 0.475858 0.308676
vt 0.475858 0.308676
vt 0.500000 0.310588
vt 0.475858 0.308676
vt 0.500000 0.310588
vt 0.548284 0.304853
vt 0.524142 0.308676
vt 0.547693 0.303034
vt 0.524142 0.308676
vt 0.547693 0.303034
vt 0.591841 0.282659
vt 0.570063 0.293756
vt 0.570063 0.293756
vt 0.590718 0.281112
vt 0.570063 0.293756
vt 0.590718 0.281112
vt 0.626409 0.248091
vt 0.609125 0.265375
vt 0.624862 0.246968
vt 0.609125 0.265375
vt 0.624862 0.246968
vt 0.648603 0.204534
vt 0.637506 0.226313
vt 0.637506 0.226313
vt 0.646784 0.203943
vt 0.637506 0.226313
vt 0.646784 0.203943
vt 0.656250 0.156250
vt 0.652426 0.180392
vt 0.654338 0.156250
vt 0.652426 0.180392
vt 0.654338 0.156250
vt 0.652426 0.132108
vt 0.652426 0.132108
vt 0.652426 0.132108
vt 0.637506 0.086187
vt 0.624862 0.065532
vt 0.646784 0.108557
vt 0.646784 0.108557
vt 0.637506 0.086187
vt 0.624862 0.065532
vt 0.609125 0.047125
vt 0.590718 0.031388
vt 0.609125 0.047125
vt 0.590718 0.031388
vt 0.570063 0.018744
vt 0.547693 0.009466
vt 0.570063 0.018744
vt 0.547693 0.009466
vt 0.524142 0.003824
vt 0.500000 0.001912
vt 0.524142 0.003824
vt 0.500000 0.001912
vt 0.475858 0.003824
vt 0.452307 0.009466
vt 0.475858 0.003824
vt 0.452307 0.009466
vt 0.429937 0.018744
vt 0.409282 0.031388
vt 0.429937 0.018744
vt 0.409282 0.031388
vt 0.390875 0.047125
vt 0.375138 0.065532
vt 0.390875 0.047125
vt 0.375138 0.065532
vt 0.362494 0.086187
vt 0.353216 0.108557
vt 0.362494 0.086187
vt 0.353216 0.108557
vt 0.347574 0.132108
vt 0.345662 0.156250
vt 0.347574 0.132108
vt 0.345662 0.156250
vt 0.347574 0.180392
vt 0.353216 0.203943
vt 0.347574 0.180392
vt 0.353216 0.203943
vt 0.362494 0.226313
vt 0.375138 0.246968
vt 0.362494 0.226313
vt 0.375138 0.246968
vt 0.390875 0.265375
vt 0.409282 0.281112
vt 0.390875 0.265375
vt 0.409282 0.281112
vt 0.429937 0.293756
vt 0.452307 0.303034
vt 0.429937 0.293756
vt 0.452307 0.303034
vt 0.475858 0.308676
vt 0.500000 0.310588
vt 0.475858 0.308676
vt 0.500000 0.310588
vt 0.524142 0.308676
vt 0.547693 0.303034
vt 0.524142 0.308676
vt 0.547693 0.303034
vt 0.570063 0.293756
vt 0.590718 0.281112
vt 0.570063 0.293756
vt 0.590718 0.281112
vt 0.609125 0.265375
vt 0.624862 0.246968
vt 0.609125 0.265375
vt 0.624862 0.246968
vt 0.637506 0.226313
vt 0.646784 0.203943
vt 0.637506 0.226313
vt 0.646784 0.203943
vt 0.652426 0.180392
vt 0.654338 0.156250
vt 0.652426 0.180392
vt 0.654338 0.156250
vt 0.652426 0.132108
vt 0.652426 0.132108
vt 0.375000 0.312500
vt 0.381250 0.312500
vt 0.381250 0.312500
vt 0.376563 0.359375
vt 0.385938 0.359375
vt 0.387500 0.500000
vt 0.385937 0.640625
vt 0.381250 0.687500
vt 0.381250 0.687500
vt 0.375000 0.687500
vt 0.376563 0.640625
vt 0.375000 0.500000
vt 0.375000 0.500000
vt 0.406250 0.312500
vt 0.406250 0.312500
vt 0.401562 0.359375
vt 0.410937 0.359375
vt 0.412500 0.500000
vt 0.410937 0.640625
vt 0.406250 0.687500
vt 0.406250 0.687500
vt 0.401562 0.640625
vt 0.400000 0.500000
vt 0.431250 0.312500
vt 0.431250 0.312500
vt 0.426562 0.359375
vt 0.435937 0.359375
vt 0.437500 0.500000
vt 0.435937 0.640625
vt 0.431250 0.687500
vt 0.431250 0.687500
vt 0.426562 0.640625
vt 0.425000 0.500000
vt 0.456250 0.312500
vt 0.456250 0.312500
vt 0.451562 0.359375
vt 0.460937 0.359375
vt 0.462500 0.500000
vt 0.460937 0.640625
vt 0.456250 0.687500
vt 0.456250 0.687500
vt 0.451562 0.640625
vt 0.450000 0.500000
vt 0.481250 0.312500
vt 0.481250 0.312500
vt 0.476562 0.359375
vt 0.485937 0.359375
vt 0.487500 0.500000
vt 0.485937 0.640625
vt 0.481250 0.687500
vt 0.481250 0.687500
vt 0.476562 0.640625
vt 0.475000 0.500000
vt 0.506250 0.312500
vt 0.506250 0.312500
vt 0.501562 0.359375
vt 0.510937 0.359375
vt 0.512500 0.500000
vt 0.510937 0.640625
vt 0.506250 0.687500
vt 0.506250 0.687500
vt 0.501562 0.640625
vt 0.500000 0.500000
vt 0.531250 0.312500
vt 0.531250 0.312500
vt 0.526562 0.359375
vt 0.535937 0.359375
vt 0.537500 0.500000
vt 0.535937 0.640625
vt 0.531250 0.687500
vt 0.531250 0.687500
vt 0.526562 0.640625
vt 0.525000 0.500000
vt 0.556250 0.312500
vt 0.556250 0.312500
vt 0.551562 0.359375
vt 0.560937 0.359375
vt 0.562500 0.500000
vt 0.560937 0.640625
vt 0.556250 0.687500
vt 0.556250 0.687500
vt 0.551562 0.640625
vt 0.550000 0.500000
vt 0.581250 0.312500
vt 0.581250 0.312500
vt 0.576562 0.359375
vt 0.585937 0.359375
vt 0.587500 0.500000
vt 0.585937 0.640625
vt 0.581250 0.687500
vt 0.581250 0.687500
vt 0.576562 0.640625
vt 0.575000 0.500000
vt 0.606250 0.312500
vt 0.606250 0.312500
vt 0.601562 0.359375
vt 0.610937 0.359375
vt 0.612500 0.500000
vt 0.610937 0.640625
vt 0.606250 0.687500
vt 0.606250 0.687500
vt 0.601562 0.640625
vt 0.600000 0.500000
vt 0.637506 0.086187
vt 0.624862 0.065532
vt 0.646784 0.108557
vt 0.646784 0.108557
vt 0.637506 0.086187
vt 0.624862 0.065532
vt 0.609125 0.047125
vt 0.590718 0.031388
vt 0.609125 0.047125
vt 0.590718 0.031388
vt 0.570063 0.018744
vt 0.547693 0.009466
vt 0.570063 0.018744
vt 0.547693 0.009466
vt 0.524142 0.003824
vt 0.500000 0.001912
vt 0.524142 0.003824
vt 0.500000 0.001912
vt 0.475858 0.003824
vt 0.452307 0.009466
vt 0.475858 0.003824
vt 0.452307 0.009466
vt 0.429937 0.018744
vt 0.409282 0.031388
vt 0.429937 0.018744
vt 0.409282 0.031388
vt 0.390875 0.047125
vt 0.375138 0.065532
vt 0.390875 0.047125
vt 0.375138 0.065532
vt 0.362494 0.086187
vt 0.353216 0.108557
vt 0.362494 0.086187
vt 0.353216 0.108557
vt 0.347574 0.132108
vt 0.345662 0.156250
vt 0.347574 0.132108
vt 0.345662 0.156250
vt 0.347574 0.180392
vt 0.353216 0.203943
vt 0.347574 0.180392
vt 0.353216 0.203943
vt 0.362494 0.226313
vt 0.375138 0.246968
vt 0.362494 0.226313
vt 0.375138 0.246968
vt 0.390875 0.265375
vt 0.409282 0.281112
vt 0.390875 0.265375
vt 0.409282 0.281112
vt 0.429937 0.293756
vt 0.452307 0.303034
vt 0.429937 0.293756
vt 0.452307 0.303034
vt 0.475858 0.308676
vt 0.500000 0.310588
vt 0.475858 0.308676
vt 0.500000 0.310588
vt 0.524142 0.308676
vt 0.547693 0.303034
vt 0.524142 0.308676
vt 0.547693 0.303034
vt 0.570063 0.293756
vt 0.590718 0.281112
vt 0.570063 0.293756
vt 0.590718 0.281112
vt 0.609125 0.265375
vt 0.624862 0.246968
vt 0.609125 0.265375
vt 0.624862 0.246968
vt 0.637506 0.226313
vt 0.646784 0.203943
vt 0.637506 0.226313
vt 0.646784 0.203943
vt 0.652426 0.180392
vt 0.654338 0.156250
vt 0.652426 0.180392
vt 0.654338 0.156250
vt 0.652426 0.132108
vt 0.652426 0.132108
vt 0.637506 0.086187
vt 0.624862 0.065532
vt 0.646784 0.108557
vt 0.609125 0.047125
vt 0.590718 0.031388
vt 0.570063 0.018744
vt 0.547693 0.009466
vt 0.524142 0.003824
vt 0.500000 0.001912
vt 0.475858 0.003824
vt 0.452307 0.009466
vt 0.429937 0.018744
vt 0.409282 0.031388
vt 0.390875 0.047125
vt 0.375138 0.065532
vt 0.362494 0.086187
vt 0.353216 0.108557
vt 0.347574 0.132108
vt 0.345662 0.156250
vt 0.347574 0.180392
vt 0.353216 0.203943
vt 0.362494 0.226313
vt 0.375138 0.246968
vt 0.390875 0.265375
vt 0.409282 0.281112
vt 0.429937 0.293756
vt 0.452307 0.303034
vt 0.475858 0.308676
vt 0.500000 0.310588
vt 0.524142 0.308676
vt 0.547693 0.303034
vt 0.570063 0.293756
vt 0.590718 0.281112
vt 0.609125 0.265375
vt 0.624862 0.246968
vt 0.637506 0.226313
vt 0.646784 0.203943
vt 0.652426 0.180392
vt 0.654338 0.156250
vt 0.652426 0.132108
vt 0.375000 0.312500
vt 0.381250 0.312500
vt 0.381250 0.500000
vt 0.375000 0.500000
vt 0.387500 0.312500
vt 0.385938 0.500000
vt 0.387500 0.687500
vt 0.381250 0.687500
vt 0.375000 0.687500
vt 0.390278 0.395833
vt 0.393750 0.359375
vt 0.393750 0.500000
vt 0.389063 0.500000
vt 0.397222 0.395833
vt 0.398437 0.500000
vt 0.397222 0.604167
vt 0.393750 0.640625
vt 0.390278 0.604167
vt 0.400000 0.312500
vt 0.406250 0.312500
vt 0.406250 0.500000
vt 0.401562 0.500000
vt 0.412500 0.312500
vt 0.410937 0.500000
vt 0.412500 0.687500
vt 0.406250 0.687500
vt 0.400000 0.687500
vt 0.415278 0.395833
vt 0.418750 0.359375
vt 0.418750 0.500000
vt 0.414062 0.500000
vt 0.422222 0.395833
vt 0.423437 0.500000
vt 0.422222 0.604167
vt 0.418750 0.640625
vt 0.415278 0.604167
vt 0.425000 0.312500
vt 0.431250 0.312500
vt 0.431250 0.500000
vt 0.426562 0.500000
vt 0.437500 0.312500
vt 0.435937 0.500000
vt 0.437500 0.687500
vt 0.431250 0.687500
vt 0.425000 0.687500
vt 0.440278 0.395833
vt 0.443750 0.359375
vt 0.443750 0.500000
vt 0.439062 0.500000
vt 0.447222 0.395833
vt 0.448437 0.500000
vt 0.447222 0.604167
vt 0.443750 0.640625
vt 0.440278 0.604167
vt 0.450000 0.312500
vt 0.456250 0.312500
vt 0.456250 0.500000
vt 0.451562 0.500000
vt 0.462500 0.312500
vt 0.460937 0.500000
vt 0.462500 0.687500
vt 0.456250 0.687500
vt 0.450000 0.687500
vt 0.465278 0.395833
vt 0.468750 0.359375
vt 0.468750 0.500000
vt 0.464062 0.500000
vt 0.472222 0.395833
vt 0.473437 0.500000
vt 0.472222 0.604167
vt 0.468750 0.640625
vt 0.465278 0.604167
vt 0.475000 0.312500
vt 0.481250 0.312500
vt 0.481250 0.500000
vt 0.476562 0.500000
vt 0.487500 0.312500
vt 0.485937 0.500000
vt 0.487500 0.687500
vt 0.481250 0.687500
vt 0.475000 0.687500
vt 0.490278 0.395833
vt 0.493750 0.359375
vt 0.493750 0.500000
vt 0.489062 0.500000
vt 0.497222 0.395833
vt 0.498437 0.500000
vt 0.497222 0.604167
vt 0.493750 0.640625
vt 0.490278 0.604167
vt 0.500000 0.312500
vt 0.506250 0.312500
vt 0.506250 0.500000
vt 0.501562 0.500000
vt 0.512500 0.312500
vt 0.510937 0.500000
vt 0.512500 0.687500
vt 0.506250 0.687500
vt 0.500000 0.687500
vt 0.515278 0.395833
vt 0.518750 0.359375
vt 0.518750 0.500000
vt 0.514062 0.500000
vt 0.522222 0.395833
vt 0.523437 0.500000
vt 0.522222 0.604167
vt 0.518750 0.640625
vt 0.515278 0.604167
vt 0.525000 0.312500
vt 0.531250 0.312500
vt 0.531250 0.500000
vt 0.526562 0.500000
vt 0.537500 0.312500
vt 0.535937 0.500000
vt 0.537500 0.687500
vt 0.531250 0.687500
vt 0.525000 0.687500
vt 0.540278 0.395833
vt 0.543750 0.359375
vt 0.543750 0.500000
vt 0.539062 0.500000
vt 0.547222 0.395833
vt 0.548437 0.500000
vt 0.547222 0.604167
vt 0.543750 0.640625
vt 0.540278 0.604167
vt 0.550000 0.312500
vt 0.556250 0.312500
vt 0.556250 0.500000
vt 0.551562 0.500000
vt 0.562500 0.312500
vt 0.560937 0.500000
vt 0.562500 0.687500
vt 0.556250 0.687500
vt 0.550000 0.687500
vt 0.565278 0.395833
vt 0.568750 0.359375
vt 0.568750 0.500000
vt 0.564062 0.500000
vt 0.572222 0.395833
vt 0.573437 0.500000
vt 0.572222 0.604167
vt 0.568750 0.640625
vt 0.565278 0.604167
vt 0.575000 0.312500
vt 0.581250 0.312500
vt 0.581250 0.500000
vt 0.576562 0.500000
vt 0.587500 0.312500
vt 0.585937 0.500000
vt 0.587500 0.687500
vt 0.581250 0.687500
vt 0.575000 0.687500
vt 0.590278 0.395833
vt 0.593750 0.359375
vt 0.593750 0.500000
vt 0.589062 0.500000
vt 0.597222 0.395833
vt 0.598437 0.500000
vt 0.597222 0.604167
vt 0.593750 0.640625
vt 0.590278 0.604167
vt 0.600000 0.312500
vt 0.606250 0.312500
vt 0.606250 0.500000
vt 0.601562 0.500000
vt 0.612500 0.312500
vt 0.610937 0.500000
vt 0.612500 0.687500
vt 0.606250 0.687500
vt 0.600000 0.687500
vt 0.615278 0.395833
vt 0.618750 0.359375
vt 0.618750 0.500000
vt 0.614062 0.500000
vt 0.622222 0.395833
vt 0.623437 0.500000
vt 0.622222 0.604167
vt 0.618750 0.640625
vt 0.615278 0.604167
vt 0.626409 0.064408
vt 0.637506 0.086187
vt 0.591671 0.109542
vt 0.572707 0.103425
vt 0.648603 0.107966
vt 0.585473 0.128478
vt 0.500000 0.156250
vt 0.591842 0.029841
vt 0.609125 0.047125
vt 0.572750 0.083500
vt 0.552825 0.083543
vt 0.548284 0.007647
vt 0.570063 0.018744
vt 0.546709 0.064579
vt 0.527772 0.070777
vt 0.500000 -0.000000
vt 0.524142 0.003824
vt 0.516095 0.054632
vt 0.500000 0.066379
vt 0.451716 0.007647
vt 0.475858 0.003824
vt 0.483905 0.054632
vt 0.472228 0.070777
vt 0.408159 0.029841
vt 0.429937 0.018744
vt 0.453292 0.064579
vt 0.447175 0.083543
vt 0.373591 0.064409
vt 0.390875 0.047125
vt 0.427250 0.083500
vt 0.427293 0.103425
vt 0.351397 0.107966
vt 0.362494 0.086187
vt 0.408329 0.109542
vt 0.414527 0.128478
vt 0.343750 0.156250
vt 0.347574 0.132108
vt 0.398382 0.140155
vt 0.410129 0.156250
vt 0.351397 0.204534
vt 0.347574 0.180392
vt 0.398382 0.172345
vt 0.414527 0.184022
vt 0.373591 0.248091
vt 0.362494 0.226313
vt 0.408329 0.202958
vt 0.427293 0.209075
vt 0.408159 0.282659
vt 0.390875 0.265375
vt 0.427250 0.229000
vt 0.447175 0.228957
vt 0.451716 0.304853
vt 0.429937 0.293756
vt 0.453292 0.247921
vt 0.472228 0.241723
vt 0.500000 0.312500
vt 0.475858 0.308676
vt 0.483905 0.257868
vt 0.500000 0.246121
vt 0.548284 0.304853
vt 0.524142 0.308676
vt 0.516095 0.257868
vt 0.527772 0.241723
vt 0.591841 0.282659
vt 0.570063 0.293756
vt 0.546708 0.247921
vt 0.552825 0.228957
vt 0.626409 0.248091
vt 0.609125 0.265375
vt 0.572750 0.229000
vt 0.572707 0.209075
vt 0.648603 0.204534
vt 0.637506 0.226313
vt 0.591671 0.202958
vt 0.585473 0.184022
vt 0.656250 0.156250
vt 0.652426 0.180392
vt 0.601618 0.172345
vt 0.589871 0.156250
vt 0.652426 0.132108
vt 0.601618 0.140155
vt 0.631456 0.886463
vt 0.626047 0.907974
vt 0.591671 0.890458
vt 0.585473 0.871522
vt 0.611823 0.924995
vt 0.572707 0.896575
vt 0.500000 0.843750
vt 0.600031 0.943781
vt 0.572750 0.916500
vt 0.581245 0.955574
vt 0.552825 0.916457
vt 0.564224 0.969797
vt 0.546708 0.935421
vt 0.542713 0.975206
vt 0.527772 0.929223
vt 0.522130 0.983474
vt 0.516095 0.945368
vt 0.500000 0.981971
vt 0.500000 0.933621
vt 0.477870 0.983474
vt 0.483905 0.945368
vt 0.457287 0.975206
vt 0.472228 0.929223
vt 0.435776 0.969797
vt 0.453292 0.935421
vt 0.418755 0.955573
vt 0.447175 0.916457
vt 0.399969 0.943781
vt 0.427250 0.916500
vt 0.388177 0.924995
vt 0.427293 0.896575
vt 0.373953 0.907974
vt 0.408329 0.890458
vt 0.368544 0.886463
vt 0.414527 0.871522
vt 0.360276 0.865880
vt 0.398382 0.859845
vt 0.361779 0.843750
vt 0.410129 0.843750
vt 0.360276 0.821620
vt 0.398382 0.827655
vt 0.368544 0.801037
vt 0.414527 0.815978
vt 0.373953 0.779526
vt 0.408329 0.797042
vt 0.388177 0.762505
vt 0.427293 0.790925
vt 0.399969 0.743719
vt 0.427250 0.771000
vt 0.418755 0.731927
vt 0.447175 0.771043
vt 0.435776 0.717703
vt 0.453292 0.752079
vt 0.457287 0.712294
vt 0.472228 0.758277
vt 0.477870 0.704026
vt 0.483905 0.742132
vt 0.500000 0.705528
vt 0.500000 0.753879
vt 0.522130 0.704026
vt 0.516095 0.742132
vt 0.542713 0.712294
vt 0.527772 0.758277
vt 0.564224 0.717703
vt 0.546709 0.752079
vt 0.581245 0.731926
vt 0.552825 0.771043
vt 0.600031 0.743719
vt 0.572750 0.771000
vt 0.611824 0.762505
vt 0.572707 0.790925
vt 0.626047 0.779526
vt 0.591671 0.797042
vt 0.631456 0.801037
vt 0.585473 0.815978
vt 0.639724 0.821620
vt 0.601618 0.827655
vt 0.638221 0.843750
vt 0.589871 0.843750
vt 0.639724 0.865880
vt 0.601618 0.859845
vt 0.648603 0.892034
vt 0.637506 0.913813
vt 0.637506 0.913813
vt 0.646784 0.891443
vt 0.626409 0.935591
vt 0.624862 0.934468
vt 0.624862 0.934468
vt 0.637506 0.913813
vt 0.646784 0.891443
vt 0.609125 0.952875
vt 0.609125 0.952875
vt 0.591841 0.970159
vt 0.590718 0.968612
vt 0.590718 0.968612
vt 0.609125 0.952875
vt 0.570063 0.981256
vt 0.570063 0.981256
vt 0.548284 0.992353
vt 0.547693 0.990534
vt 0.547693 0.990534
vt 0.570063 0.981256
vt 0.524142 0.996176
vt 0.524142 0.996176
vt 0.500000 1.000000
vt 0.500000 0.998088
vt 0.500000 0.998088
vt 0.524142 0.996176
vt 0.475858 0.996176
vt 0.475858 0.996176
vt 0.451716 0.992353
vt 0.452307 0.990534
vt 0.452307 0.990534
vt 0.475858 0.996176
vt 0.429937 0.981256
vt 0.429937 0.981256
vt 0.408159 0.970159
vt 0.409282 0.968612
vt 0.409282 0.968612
vt 0.429937 0.981256
vt 0.390875 0.952875
vt 0.390875 0.952875
vt 0.373591 0.935591
vt 0.375138 0.934468
vt 0.375138 0.934468
vt 0.390875 0.952875
vt 0.362494 0.913813
vt 0.362494 0.913813
vt 0.351397 0.892034
vt 0.353216 0.891443
vt 0.353216 0.891443
vt 0.362494 0.913813
vt 0.347574 0.867892
vt 0.347574 0.867892
vt 0.343750 0.843750
vt 0.345662 0.843750
vt 0.345662 0.843750
vt 0.347574 0.867892
vt 0.347574 0.819608
vt 0.347574 0.819608
vt 0.351397 0.795466
vt 0.353216 0.796057
vt 0.353216 0.796057
vt 0.347574 0.819608
vt 0.362494 0.773687
vt 0.362494 0.773687
vt 0.373591 0.751909
vt 0.375138 0.753032
vt 0.375138 0.753032
vt 0.362494 0.773687
vt 0.390875 0.734625
vt 0.390875 0.734625
vt 0.408159 0.717341
vt 0.409282 0.718888
vt 0.409282 0.718888
vt 0.390875 0.734625
vt 0.429937 0.706244
vt 0.429937 0.706244
vt 0.451716 0.695147
vt 0.452307 0.696966
vt 0.452307 0.696966
vt 0.429937 0.706244
vt 0.475858 0.691324
vt 0.475858 0.691324
vt 0.500000 0.687500
vt 0.500000 0.689412
vt 0.500000 0.689412
vt 0.475858 0.691324
vt 0.524142 0.691324
vt 0.524142 0.691324
vt 0.548284 0.695147
vt 0.547693 0.696966
vt 0.547693 0.696966
vt 0.524142 0.691324
vt 0.570063 0.706244
vt 0.570063 0.706244
vt 0.591842 0.717341
vt 0.590718 0.718888
vt 0.590718 0.718888
vt 0.570063 0.706244
vt 0.609125 0.734625
vt 0.609125 0.734625
vt 0.626409 0.751908
vt 0.624862 0.753032
vt 0.624862 0.753032
vt 0.609125 0.734625
vt 0.637506 0.773687
vt 0.637506 0.773687
vt 0.648603 0.795466
vt 0.646784 0.796057
vt 0.646784 0.796057
vt 0.637506 0.773687
vt 0.652426 0.819608
vt 0.652426 0.819608
vt 0.656250 0.843750
vt 0.654338 0.843750
vt 0.654338 0.843750
vt 0.652426 0.819608
vt 0.652426 0.867892
vt 0.652426 0.867892
vt 0.652426 0.867892
vt 0.393750 0.312500
vt 0.393750 0.312500
vt 0.389063 0.359375
vt 0.398437 0.359375
vt 0.400000 0.500000
vt 0.398437 0.640625
vt 0.393750 0.687500
vt 0.393750 0.687500
vt 0.389062 0.640625
vt 0.387500 0.500000
vt 0.418750 0.312500
vt 0.418750 0.312500
vt 0.414062 0.359375
vt 0.423437 0.359375
vt 0.425000 0.500000
vt 0.423437 0.640625
vt 0.418750 0.687500
vt 0.418750 0.687500
vt 0.414062 0.640625
vt 0.412500 0.500000
vt 0.443750 0.312500
vt 0.443750 0.312500
vt 0.439062 0.359375
vt 0.448437 0.359375
vt 0.450000 0.500000
vt 0.448437 0.640625
vt 0.443750 0.687500
vt 0.443750 0.687500
vt 0.439062 0.640625
vt 0.437500 0.500000
vt 0.468750 0.312500
vt 0.468750 0.312500
vt 0.464062 0.359375
vt 0.473437 0.359375
vt 0.475000 0.500000
vt 0.473437 0.640625
vt 0.468750 0.687500
vt 0.468750 0.687500
vt 0.464062 0.640625
vt 0.462500 0.500000
vt 0.493750 0.312500
vt 0.493750 0.312500
vt 0.489062 0.359375
vt 0.498437 0.359375
vt 0.500000 0.500000
vt 0.498437 0.640625
vt 0.493750 0.687500
vt 0.493750 0.687500
vt 0.489062 0.640625
vt 0.487500 0.500000
vt 0.518750 0.312500
vt 0.518750 0.312500
vt 0.514062 0.359375
vt 0.523437 0.359375
vt 0.525000 0.500000
vt 0.523437 0.640625
vt 0.518750 0.687500
vt 0.518750 0.687500
vt 0.514062 0.640625
vt 0.512500 0.500000
vt 0.543750 0.312500
vt 0.543750 0.312500
vt 0.539062 0.359375
vt 0.548437 0.359375
vt 0.550000 0.500000
vt 0.548437 0.640625
vt 0.543750 0.687500
vt 0.543750 0.687500
vt 0.539062 0.640625
vt 0.537500 0.500000
vt 0.568750 0.312500
vt 0.568750 0.312500
vt 0.564062 0.359375
vt 0.573437 0.359375
vt 0.575000 0.500000
vt 0.573437 0.640625
vt 0.568750 0.687500
vt 0.568750 0.687500
vt 0.564062 0.640625
vt 0.562500 0.500000
vt 0.593750 0.312500
vt 0.593750 0.312500
vt 0.589062 0.359375
vt 0.598437 0.359375
vt 0.600000 0.500000
vt 0.598437 0.640625
vt 0.593750 0.687500
vt 0.593750 0.687500
vt 0.589062 0.640625
vt 0.587500 0.500000
vt 0.618750 0.312500
vt 0.618750 0.312500
vt 0.614062 0.359375
vt 0.625000 0.312500
vt 0.623437 0.359375
vt 0.625000 0.500000
vt 0.625000 0.500000
vt 0.625000 0.687500
vt 0.623437 0.640625
vt 0.618750 0.687500
vt 0.618750 0.687500
vt 0.614062 0.640625
vt 0.612500 0.500000
vt 0.637506 0.913813
vt 0.646784 0.891443
vt 0.624862 0.934468
vt 0.624862 0.934468
vt 0.637506 0.913813
vt 0.646784 0.891443
vt 0.609125 0.952875
vt 0.590718 0.968612
vt 0.590718 0.968612
vt 0.609125 0.952875
vt 0.570063 0.981256
vt 0.547693 0.990534
vt 0.547693 0.990534
vt 0.570063 0.981256
vt 0.524142 0.996176
vt 0.500000 0.998088
vt 0.500000 0.998088
vt 0.524142 0.996176
vt 0.475858 0.996176
vt 0.452307 0.990534
vt 0.452307 0.990534
vt 0.475858 0.996176
vt 0.429937 0.981256
vt 0.409282 0.968612
vt 0.409282 0.968612
vt 0.429937 0.981256
vt 0.390875 0.952875
vt 0.375138 0.934468
vt 0.375138 0.934468
vt 0.390875 0.952875
vt 0.362494 0.913813
vt 0.353216 0.891443
vt 0.353216 0.891443
vt 0.362494 0.913813
vt 0.347574 0.867892
vt 0.345662 0.843750
vt 0.345662 0.843750
vt 0.347574 0.867892
vt 0.347574 0.819608
vt 0.353216 0.796057
vt 0.353216 0.796057
vt 0.347574 0.819608
vt 0.362494 0.773687
vt 0.375138 0.753032
vt 0.375138 0.753032
vt 0.362494 0.773687
vt 0.390875 0.734625
vt 0.409282 0.718888
vt 0.409282 0.718888
vt 0.390875 0.734625
vt 0.429937 0.706244
vt 0.452307 0.696966
vt 0.452307 0.696966
vt 0.429937 0.706244
vt 0.475858 0.691324
vt 0.500000 0.689412
vt 0.500000 0.689412
vt 0.475858 0.691324
vt 0.524142 0.691324
vt 0.547693 0.696966
vt 0.547693 0.696966
vt 0.524142 0.691324
vt 0.570063 0.706244
vt 0.590718 0.718888
vt 0.590718 0.718888
vt 0.570063 0.706244
vt 0.609125 0.734625
vt 0.624862 0.753032
vt 0.624862 0.753032
vt 0.609125 0.734625
vt 0.637506 0.773687
vt 0.646784 0.796057
vt 0.646784 0.796057
vt 0.637506 0.773687
vt 0.652426 0.819608
vt 0.654338 0.843750
vt 0.654338 0.843750
vt 0.652426 0.819608
vt 0.652426 0.867892
vt 0.652426 0.867892
vt 0.637506 0.913813
vt 0.646784 0.891443
vt 0.624862 0.934468
vt 0.609125 0.952875
vt 0.590718 0.968612
vt 0.570063 0.981256
vt 0.547693 0.990534
vt 0.524142 0.996176
vt 0.500000 0.998088
vt 0.475858 0.996176
vt 0.452307 0.990534
vt 0.429937 0.981256
vt 0.409282 0.968612
vt 0.390875 0.952875
vt 0.375138 0.934468
vt 0.362494 0.913813
vt 0.353216 0.891443
vt 0.347574 0.867892
vt 0.345662 0.843750
vt 0.347574 0.819608
vt 0.353216 0.796057
vt 0.362494 0.773687
vt 0.375138 0.753032
vt 0.390875 0.734625
vt 0.409282 0.718888
vt 0.429937 0.706244
vt 0.452307 0.696966
vt 0.475858 0.691324
vt 0.500000 0.689412
vt 0.524142 0.691324
vt 0.547693 0.696966
vt 0.570063 0.706244
vt 0.590718 0.718888
vt 0.609125 0.734625
vt 0.624862 0.753032
vt 0.637506 0.773687
vt 0.646784 0.796057
vt 0.652426 0.819608
vt 0.654338 0.843750
vt 0.652426 0.867892
vt 0.375000 0.312500
vt 0.381250 0.312500
vt 0.381250 0.500000
vt 0.375000 0.500000
vt 0.387500 0.312500
vt 0.385938 0.500000
vt 0.387500 0.687500
vt 0.381250 0.687500
vt 0.375000 0.687500
vt 0.390278 0.395833
vt 0.393750 0.359375
vt 0.393750 0.500000
vt 0.389063 0.500000
vt 0.397222 0.395833
vt 0.398437 0.500000
vt 0.397222 0.604167
vt 0.393750 0.640625
vt 0.390278 0.604167
vt 0.400000 0.312500
vt 0.406250 0.312500
vt 0.406250 0.500000
vt 0.401562 0.500000
vt 0.412500 0.312500
vt 0.410937 0.500000
vt 0.412500 0.687500
vt 0.406250 0.687500
vt 0.400000 0.687500
vt 0.415278 0.395833
vt 0.418750 0.359375
vt 0.418750 0.500000
vt 0.414062 0.500000
vt 0.422222 0.395833
vt 0.423437 0.500000
vt 0.422222 0.604167
vt 0.418750 0.640625
vt 0.415278 0.604167
vt 0.425000 0.312500
vt 0.431250 0.312500
vt 0.431250 0.500000
vt 0.426562 0.500000
vt 0.437500 0.312500
vt 0.435937 0.500000
vt 0.437500 0.687500
vt 0.431250 0.687500
vt 0.425000 0.687500
vt 0.440278 0.395833
vt 0.443750 0.359375
vt 0.443750 0.500000
vt 0.439062 0.500000
vt 0.447222 0.395833
vt 0.448437 0.500000
vt 0.447222 0.604167
vt 0.443750 0.640625
vt 0.440278 0.604167
vt 0.450000 0.312500
vt 0.456250 0.312500
vt 0.456250 0.500000
vt 0.451562 0.500000
vt 0.462500 0.312500
vt 0.460937 0.500000
vt 0.462500 0.687500
vt 0.456250 0.687500
vt 0.450000 0.687500
vt 0.465278 0.395833
vt 0.468750 0.359375
vt 0.468750 0.500000
vt 0.464062 0.500000
vt 0.472222 0.395833
vt 0.473437 0.500000
vt 0.472222 0.604167
vt 0.468750 0.640625
vt 0.465278 0.604167
vt 0.475000 0.312500
vt 0.481250 0.312500
vt 0.481250 0.500000
vt 0.476562 0.500000
vt 0.487500 0.312500
vt 0.485937 0.500000
vt 0.487500 0.687500
vt 0.481250 0.687500
vt 0.475000 0.687500
vt 0.490278 0.395833
vt 0.493750 0.359375
vt 0.493750 0.500000
vt 0.489062 0.500000
vt 0.497222 0.395833
vt 0.498437 0.500000
vt 0.497222 0.604167
vt 0.493750 0.640625
vt 0.490278 0.604167
vt 0.500000 0.312500
vt 0.506250 0.312500
vt 0.506250 0.500000
vt 0.501562 0.500000
vt 0.512500 0.312500
vt 0.510937 0.500000
vt 0.512500 0.687500
vt 0.506250 0.687500
vt 0.500000 0.687500
vt 0.515278 0.395833
vt 0.518750 0.359375
vt 0.518750 0.500000
vt 0.514062 0.500000
vt 0.522222 0.395833
vt 0.523437 0.500000
vt 0.522222 0.604167
vt 0.518750 0.640625
vt 0.515278 0.604167
vt 0.525000 0.312500
vt 0.531250 0.312500
vt 0.531250 0.500000
vt 0.526562 0.500000
vt 0.537500 0.312500
vt 0.535937 0.500000
vt 0.537500 0.687500
vt 0.531250 0.687500
vt 0.525000 0.687500
vt 0.540278 0.395833
vt 0.543750 0.359375
vt 0.543750 0.500000
vt 0.539062 0.500000
vt 0.547222 0.395833
vt 0.548437 0.500000
vt 0.547222 0.604167
vt 0.543750 0.640625
vt 0.540278 0.604167
vt 0.550000 0.312500
vt 0.556250 0.312500
vt 0.556250 0.500000
vt 0.551562 0.500000
vt 0.562500 0.312500
vt 0.560937 0.500000
vt 0.562500 0.687500
vt 0.556250 0.687500
vt 0.550000 0.687500
vt 0.565278 0.395833
vt 0.568750 0.359375
vt 0.568750 0.500000
vt 0.564062 0.500000
vt 0.572222 0.395833
vt 0.573437 0.500000
vt 0.572222 0.604167
vt 0.568750 0.640625
vt 0.565278 0.604167
vt 0.575000 0.312500
vt 0.581250 0.312500
vt 0.581250 0.500000
vt 0.576562 0.500000
vt 0.587500 0.312500
vt 0.585937 0.500000
vt 0.587500 0.687500
vt 0.581250 0.687500
vt 0.575000 0.687500
vt 0.590278 0.395833
vt 0.593750 0.359375
vt 0.593750 0.500000
vt 0.589062 0.500000
vt 0.597222 0.395833
vt 0.598437 0.500000
vt 0.597222 0.604167
vt 0.593750 0.640625
vt 0.590278 0.604167
vt 0.600000 0.312500
vt 0.606250 0.312500
vt 0.606250 0.500000
vt 0.601562 0.500000
vt 0.612500 0.312500
vt 0.610937 0.500000
vt 0.612500 0.687500
vt 0.606250 0.687500
vt 0.600000 0.687500
vt 0.615278 0.395833
vt 0.618750 0.359375
vt 0.618750 0.500000
vt 0.614062 0.500000
vt 0.622222 0.395833
vt 0.623437 0.500000
vt 0.622222 0.604167
vt 0.618750 0.640625
vt 0.615278 0.604167
vt 0.626409 0.064408
vt 0.637506 0.086187
vt 0.591671 0.109542
vt 0.572707 0.103425
vt 0.648603 0.107966
vt 0.585473 0.128478
vt 0.500000 0.156250
vt 0.591842 0.029841
vt 0.609125 0.047125
vt 0.572750 0.083500
vt 0.552825 0.083543
vt 0.548284 0.007647
vt 0.570063 0.018744
vt 0.546709 0.064579
vt 0.527772 0.070777
vt 0.500000 -0.000000
vt 0.524142 0.003824
vt 0.516095 0.054632
vt 0.500000 0.066379
vt 0.451716 0.007647
vt 0.475858 0.003824
vt 0.483905 0.054632
vt 0.472228 0.070777
vt 0.408159 0.029841
vt 0.429937 0.018744
vt 0.453292 0.064579
vt 0.447175 0.083543
vt 0.373591 0.064409
vt 0.390875 0.047125
vt 0.427250 0.083500
vt 0.427293 0.103425
vt 0.351397 0.107966
vt 0.362494 0.086187
vt 0.408329 0.109542
vt 0.414527 0.128478
vt 0.343750 0.156250
vt 0.347574 0.132108
vt 0.398382 0.140155
vt 0.410129 0.156250
vt 0.351397 0.204534
vt 0.347574 0.180392
vt 0.398382 0.172345
vt 0.414527 0.184022
vt 0.373591 0.248091
vt 0.362494 0.226313
vt 0.408329 0.202958
vt 0.427293 0.209075
vt 0.408159 0.282659
vt 0.390875 0.265375
vt 0.427250 0.229000
vt 0.447175 0.228957
vt 0.451716 0.304853
vt 0.429937 0.293756
vt 0.453292 0.247921
vt 0.472228 0.241723
vt 0.500000 0.312500
vt 0.475858 0.308676
vt 0.483905 0.257868
vt 0.500000 0.246121
vt 0.548284 0.304853
vt 0.524142 0.308676
vt 0.516095 0.257868
vt 0.527772 0.241723
vt 0.591841 0.282659
vt 0.570063 0.293756
vt 0.546708 0.247921
vt 0.552825 0.228957
vt 0.626409 0.248091
vt 0.609125 0.265375
vt 0.572750 0.229000
vt 0.572707 0.209075
vt 0.648603 0.204534
vt 0.637506 0.226313
vt 0.591671 0.202958
vt 0.585473 0.184022
vt 0.656250 0.156250
vt 0.652426 0.180392
vt 0.601618 0.172345
vt 0.589871 0.156250
vt 0.652426 0.132108
vt 0.601618 0.140155
vt 0.631456 0.886463
vt 0.626047 0.907974
vt 0.591671 0.890458
vt 0.585473 0.871522
vt 0.611823 0.924995
vt 0.572707 0.896575
vt 0.500000 0.843750
vt 0.600031 0.943781
vt 0.572750 0.916500
vt 0.581245 0.955574
vt 0.552825 0.916457
vt 0.564224 0.969797
vt 0.546708 0.935421
vt 0.542713 0.975206
vt 0.527772 0.929223
vt 0.522130 0.983474
vt 0.516095 0.945368
vt 0.500000 0.981971
vt 0.500000 0.933621
vt 0.477870 0.983474
vt 0.483905 0.945368
vt 0.457287 0.975206
vt 0.472228 0.929223
vt 0.435776 0.969797
vt 0.453292 0.935421
vt 0.418755 0.955573
vt 0.447175 0.916457
vt 0.399969 0.943781
vt 0.427250 0.916500
vt 0.388177 0.924995
vt 0.427293 0.896575
vt 0.373953 0.907974
vt 0.408329 0.890458
vt 0.368544 0.886463
vt 0.414527 0.871522
vt 0.360276 0.865880
vt 0.398382 0.859845
vt 0.361779 0.843750
vt 0.410129 0.843750
vt 0.360276 0.821620
vt 0.398382 0.827655
vt 0.368544 0.801037
vt 0.414527 0.815978
vt 0.373953 0.779526
vt 0.408329 0.797042
vt 0.388177 0.762505
vt 0.427293 0.790925
vt 0.399969 0.743719
vt 0.427250 0.771000
vt 0.418755 0.731927
vt 0.447175 0.771043
vt 0.435776 0.717703
vt 0.453292 0.752079
vt 0.457287 0.712294
vt 0.472228 0.758277
vt 0.477870 0.704026
vt 0.483905 0.742132
vt 0.500000 0.705528
vt 0.500000 0.753879
vt 0.522130 0.704026
vt 0.516095 0.742132
vt 0.542713 0.712294
vt 0.527772 0.758277
vt 0.564224 0.717703
vt 0.546709 0.752079
vt 0.581245 0.731926
vt 0.552825 0.771043
vt 0.600031 0.743719
vt 0.572750 0.771000
vt 0.611824 0.762505
vt 0.572707 0.790925
vt 0.626047 0.779526
vt 0.591671 0.797042
vt 0.631456 0.801037
vt 0.585473 0.815978
vt 0.639724 0.821620
vt 0.601618 0.827655
vt 0.638221 0.843750
vt 0.589871 0.843750
vt 0.639724 0.865880
vt 0.601618 0.859845
vt 0.648603 0.892034
vt 0.637506 0.913813
vt 0.637506 0.913813
vt 0.646784 0.891443
vt 0.626409 0.935591
vt 0.624862 0.934468
vt 0.624862 0.934468
vt 0.637506 0.913813
vt 0.646784 0.891443
vt 0.609125 0.952875
vt 0.609125 0.952875
vt 0.591841 0.970159
vt 0.590718 0.968612
vt 0.590718 0.968612
vt 0.609125 0.952875
vt 0.570063 0.981256
vt 0.570063 0.981256
vt 0.548284 0.992353
vt 0.547693 0.990534
vt 0.547693 0.990534
vt 0.570063 0.981256
vt 0.524142 0.996176
vt 0.524142 0.996176
vt 0.500000 1.000000
vt 0.500000 0.998088
vt 0.500000 0.998088
vt 0.524142 0.996176
vt 0.475858 0.996176
vt 0.475858 0.996176
vt 0.451716 0.992353
vt 0.452307 0.990534
vt 0.452307 0.990534
vt 0.475858 0.996176
vt 0.429937 0.981256
vt 0.429937 0.981256
vt 0.408159 0.970159
vt 0.409282 0.968612
vt 0.409282 0.968612
vt 0.429937 0.981256
vt 0.390875 0.952875
vt 0.390875 0.952875
vt 0.373591 0.935591
vt 0.375138 0.934468
vt 0.375138 0.934468
vt 0.390875 0.952875
vt 0.362494 0.913813
vt 0.362494 0.913813
vt 0.351397 0.892034
vt 0.353216 0.891443
vt 0.353216 0.891443
vt 0.362494 0.913813
vt 0.347574 0.867892
vt 0.347574 0.867892
vt 0.343750 0.843750
vt 0.345662 0.843750
vt 0.345662 0.843750
vt 0.347574 0.867892
vt 0.347574 0.819608
vt 0.347574 0.819608
vt 0.351397 0.795466
vt 0.353216 0.796057
vt 0.353216 0.796057
vt 0.347574 0.819608
vt 0.362494 0.773687
vt 0.362494 0.773687
vt 0.373591 0.751909
vt 0.370817 0.757353
vt 0.368659 0.761588
vt 0.362494 0.773687
vt 0.381273 0.744227
vt 0.390875 0.734625
vt 0.390875 0.734625
vt 0.377912 0.747588
vt 0.400477 0.725023
vt 0.403838 0.721662
vt 0.408878 0.718331
vt 0.390875 0.734625
vt 0.374581 0.752628
vt 0.408159 0.717341
vt 0.429937 0.706244
vt 0.429937 0.706244
vt 0.413603 0.714567
vt 0.451716 0.695147
vt 0.452307 0.696966
vt 0.452307 0.696966
vt 0.429937 0.706244
vt 0.417838 0.712409
vt 0.475858 0.691324
vt 0.475858 0.691324
vt 0.500000 0.687500
vt 0.500000 0.689412
vt 0.500000 0.689412
vt 0.475858 0.691324
vt 0.524142 0.691324
vt 0.524142 0.691324
vt 0.548284 0.695147
vt 0.547693 0.696966
vt 0.547693 0.696966
vt 0.524142 0.691324
vt 0.570063 0.706244
vt 0.570063 0.706244
vt 0.591842 0.717341
vt 0.590718 0.718888
vt 0.590718 0.718888
vt 0.570063 0.706244
vt 0.609125 0.734625
vt 0.609125 0.734625
vt 0.626409 0.751908
vt 0.624862 0.753032
vt 0.624862 0.753032
vt 0.609125 0.734625
vt 0.637506 0.773687
vt 0.637506 0.773687
vt 0.648603 0.795466
vt 0.646784 0.796057
vt 0.646784 0.796057
vt 0.637506 0.773687
vt 0.652426 0.819608
vt 0.652426 0.819608
vt 0.656250 0.843750
vt 0.654338 0.843750
vt 0.654338 0.843750
vt 0.652426 0.819608
vt 0.652426 0.867892
vt 0.652426 0.867892
vt 0.652426 0.867892
vt 0.393750 0.312500
vt 0.393750 0.312500
vt 0.389063 0.359375
vt 0.398437 0.359375
vt 0.400000 0.500000
vt 0.398437 0.640625
vt 0.393750 0.687500
vt 0.393750 0.687500
vt 0.389062 0.640625
vt 0.387500 0.500000
vt 0.418750 0.312500
vt 0.418750 0.312500
vt 0.414062 0.359375
vt 0.423437 0.359375
vt 0.425000 0.500000
vt 0.423437 0.640625
vt 0.418750 0.687500
vt 0.418750 0.687500
vt 0.414062 0.640625
vt 0.412500 0.500000
vt 0.443750 0.312500
vt 0.443750 0.312500
vt 0.439062 0.359375
vt 0.448437 0.359375
vt 0.450000 0.500000
vt 0.448437 0.640625
vt 0.443750 0.687500
vt 0.443750 0.687500
vt 0.439062 0.640625
vt 0.437500 0.500000
vt 0.468750 0.312500
vt 0.468750 0.312500
vt 0.464062 0.359375
vt 0.473437 0.359375
vt 0.475000 0.500000
vt 0.473437 0.640625
vt 0.468750 0.687500
vt 0.468750 0.687500
vt 0.464062 0.640625
vt 0.462500 0.500000
vt 0.493750 0.312500
vt 0.493750 0.312500
vt 0.489062 0.359375
vt 0.498437 0.359375
vt 0.500000 0.500000
vt 0.498437 0.640625
vt 0.493750 0.687500
vt 0.493750 0.687500
vt 0.489062 0.640625
vt 0.487500 0.500000
vt 0.518750 0.312500
vt 0.518750 0.312500
vt 0.514062 0.359375
vt 0.523437 0.359375
vt 0.525000 0.500000
vt 0.523437 0.640625
vt 0.518750 0.687500
vt 0.518750 0.687500
vt 0.514062 0.640625
vt 0.512500 0.500000
vt 0.543750 0.312500
vt 0.543750 0.312500
vt 0.539062 0.359375
vt 0.548437 0.359375
vt 0.550000 0.500000
vt 0.548437 0.640625
vt 0.543750 0.687500
vt 0.543750 0.687500
vt 0.539062 0.640625
vt 0.537500 0.500000
vt 0.568750 0.312500
vt 0.568750 0.312500
vt 0.564062 0.359375
vt 0.573437 0.359375
vt 0.575000 0.500000
vt 0.573437 0.640625
vt 0.568750 0.687500
vt 0.568750 0.687500
vt 0.564062 0.640625
vt 0.562500 0.500000
vt 0.593750 0.312500
vt 0.593750 0.312500
vt 0.589062 0.359375
vt 0.598437 0.359375
vt 0.600000 0.500000
vt 0.598437 0.640625
vt 0.593750 0.687500
vt 0.593750 0.687500
vt 0.589062 0.640625
vt 0.587500 0.500000
vt 0.618750 0.312500
vt 0.618750 0.312500
vt 0.614062 0.359375
vt 0.625000 0.312500
vt 0.623437 0.359375
vt 0.625000 0.500000
vt 0.625000 0.500000
vt 0.625000 0.687500
vt 0.623437 0.640625
vt 0.618750 0.687500
vt 0.618750 0.687500
vt 0.614062 0.640625
vt 0.612500 0.500000
vt 0.637506 0.913813
vt 0.646784 0.891443
vt 0.624862 0.934468
vt 0.624862 0.934468
vt 0.637506 0.913813
vt 0.646784 0.891443
vt 0.609125 0.952875
vt 0.590718 0.968612
vt 0.590718 0.968612
vt 0.609125 0.952875
vt 0.570063 0.981256
vt 0.547693 0.990534
vt 0.547693 0.990534
vt 0.570063 0.981256
vt 0.524142 0.996176
vt 0.500000 0.998088
vt 0.500000 0.998088
vt 0.524142 0.996176
vt 0.475858 0.996176
vt 0.452307 0.990534
vt 0.452307 0.990534
vt 0.475858 0.996176
vt 0.429937 0.981256
vt 0.409282 0.968612
vt 0.409282 0.968612
vt 0.429937 0.981256
vt 0.390875 0.952875
vt 0.375138 0.934468
vt 0.375138 0.934468
vt 0.390875 0.952875
vt 0.362494 0.913813
vt 0.353216 0.891443
vt 0.353216 0.891443
vt 0.362494 0.913813
vt 0.347574 0.867892
vt 0.345662 0.843750
vt 0.345662 0.843750
vt 0.347574 0.867892
vt 0.347574 0.819608
vt 0.353216 0.796057
vt 0.353216 0.796057
vt 0.347574 0.819608
vt 0.362494 0.773687
vt 0.370817 0.757353
vt 0.362494 0.773687
vt 0.429937 0.706244
vt 0.413603 0.714567
vt 0.452307 0.696966
vt 0.452307 0.696966
vt 0.429937 0.706244
vt 0.475858 0.691324
vt 0.500000 0.689412
vt 0.500000 0.689412
vt 0.475858 0.691324
vt 0.524142 0.691324
vt 0.547693 0.696966
vt 0.547693 0.696966
vt 0.524142 0.691324
vt 0.570063 0.706244
vt 0.590718 0.718888
vt 0.590718 0.718888
vt 0.570063 0.706244
vt 0.609125 0.734625
vt 0.624862 0.753032
vt 0.624862 0.753032
vt 0.609125 0.734625
vt 0.637506 0.773687
vt 0.646784 0.796057
vt 0.646784 0.796057
vt 0.637506 0.773687
vt 0.652426 0.819608
vt 0.654338 0.843750
vt 0.654338 0.843750
vt 0.652426 0.819608
vt 0.652426 0.867892
vt 0.652426 0.867892
vt 0.390875 0.734625
vt 0.390875 0.734625
vt 0.377912 0.747588
vt 0.403838 0.721662
vt 0.408159 0.717341
vt 0.373591 0.751909
vt 0.637506 0.913813
vt 0.646784 0.891443
vt 0.624862 0.934468
vt 0.609125 0.952875
vt 0.590718 0.968612
vt 0.570063 0.981256
vt 0.547693 0.990534
vt 0.524142 0.996176
vt 0.500000 0.998088
vt 0.475858 0.996176
vt 0.452307 0.990534
vt 0.429937 0.981256
vt 0.409282 0.968612
vt 0.390875 0.952875
vt 0.375138 0.934468
vt 0.362494 0.913813
vt 0.353216 0.891443
vt 0.347574 0.867892
vt 0.345662 0.843750
vt 0.347574 0.819608
vt 0.353216 0.796057
vt 0.362494 0.773687
vt 0.375138 0.753032
vt 0.390875 0.734625
vt 0.409282 0.718888
vt 0.429937 0.706244
vt 0.452307 0.696966
vt 0.475858 0.691324
vt 0.500000 0.689412
vt 0.524142 0.691324
vt 0.547693 0.696966
vt 0.570063 0.706244
vt 0.590718 0.718888
vt 0.609125 0.734625
vt 0.624862 0.753032
vt 0.637506 0.773687
vt 0.646784 0.796057
vt 0.652426 0.819608
vt 0.654338 0.843750
vt 0.652426 0.867892
vt 0.377778 0.395833
vt 0.381250 0.359375
vt 0.381250 0.500000
vt 0.376563 0.500000
vt 0.384722 0.395833
vt 0.385938 0.500000
vt 0.384722 0.604167
vt 0.381250 0.640625
vt 0.377778 0.604167
vt 0.387500 0.312500
vt 0.393750 0.312500
vt 0.393750 0.500000
vt 0.389063 0.500000
vt 0.400000 0.312500
vt 0.398437 0.500000
vt 0.400000 0.687500
vt 0.393750 0.687500
vt 0.387500 0.687500
vt 0.402778 0.395833
vt 0.406250 0.359375
vt 0.406250 0.500000
vt 0.401562 0.500000
vt 0.409722 0.395833
vt 0.410937 0.500000
vt 0.409722 0.604167
vt 0.406250 0.640625
vt 0.402778 0.604167
vt 0.412500 0.312500
vt 0.418750 0.312500
vt 0.418750 0.500000
vt 0.414062 0.500000
vt 0.425000 0.312500
vt 0.423437 0.500000
vt 0.425000 0.687500
vt 0.418750 0.687500
vt 0.412500 0.687500
vt 0.427778 0.395833
vt 0.431250 0.359375
vt 0.431250 0.500000
vt 0.426562 0.500000
vt 0.434722 0.395833
vt 0.435937 0.500000
vt 0.434722 0.604167
vt 0.431250 0.640625
vt 0.427778 0.604167
vt 0.437500 0.312500
vt 0.443750 0.312500
vt 0.443750 0.500000
vt 0.439062 0.500000
vt 0.450000 0.312500
vt 0.448437 0.500000
vt 0.450000 0.687500
vt 0.443750 0.687500
vt 0.437500 0.687500
vt 0.452778 0.395833
vt 0.456250 0.359375
vt 0.456250 0.500000
vt 0.451562 0.500000
vt 0.459722 0.395833
vt 0.460937 0.500000
vt 0.459722 0.604167
vt 0.456250 0.640625
vt 0.452778 0.604167
vt 0.462500 0.312500
vt 0.468750 0.312500
vt 0.468750 0.500000
vt 0.464062 0.500000
vt 0.475000 0.312500
vt 0.473437 0.500000
vt 0.475000 0.687500
vt 0.468750 0.687500
vt 0.462500 0.687500
vt 0.477778 0.395833
vt 0.481250 0.359375
vt 0.481250 0.500000
vt 0.476562 0.500000
vt 0.484722 0.395833
vt 0.485937 0.500000
vt 0.484722 0.604167
vt 0.481250 0.640625
vt 0.477778 0.604167
vt 0.487500 0.312500
vt 0.493750 0.312500
vt 0.493750 0.500000
vt 0.489062 0.500000
vt 0.500000 0.312500
vt 0.498437 0.500000
vt 0.500000 0.687500
vt 0.493750 0.687500
vt 0.487500 0.687500
vt 0.502778 0.395833
vt 0.506250 0.359375
vt 0.506250 0.500000
vt 0.501562 0.500000
vt 0.509722 0.395833
vt 0.510937 0.500000
vt 0.509722 0.604167
vt 0.506250 0.640625
vt 0.502778 0.604167
vt 0.512500 0.312500
vt 0.518750 0.312500
vt 0.518750 0.500000
vt 0.514062 0.500000
vt 0.525000 0.312500
vt 0.523437 0.500000
vt 0.525000 0.687500
vt 0.518750 0.687500
vt 0.512500 0.687500
vt 0.527778 0.395833
vt 0.531250 0.359375
vt 0.531250 0.500000
vt 0.526562 0.500000
vt 0.534722 0.395833
vt 0.535937 0.500000
vt 0.534722 0.604167
vt 0.531250 0.640625
vt 0.527778 0.604167
vt 0.537500 0.312500
vt 0.543750 0.312500
vt 0.543750 0.500000
vt 0.539062 0.500000
vt 0.550000 0.312500
vt 0.548437 0.500000
vt 0.550000 0.687500
vt 0.543750 0.687500
vt 0.537500 0.687500
vt 0.552778 0.395833
vt 0.556250 0.359375
vt 0.556250 0.500000
vt 0.551562 0.500000
vt 0.559722 0.395833
vt 0.560937 0.500000
vt 0.559722 0.604167
vt 0.556250 0.640625
vt 0.552778 0.604167
vt 0.562500 0.312500
vt 0.568750 0.312500
vt 0.568750 0.500000
vt 0.564062 0.500000
vt 0.575000 0.312500
vt 0.573437 0.500000
vt 0.575000 0.687500
vt 0.568750 0.687500
vt 0.562500 0.687500
vt 0.577778 0.395833
vt 0.581250 0.359375
vt 0.581250 0.500000
vt 0.576562 0.500000
vt 0.584722 0.395833
vt 0.585937 0.500000
vt 0.584722 0.604167
vt 0.581250 0.640625
vt 0.577778 0.604167
vt 0.587500 0.312500
vt 0.593750 0.312500
vt 0.593750 0.500000
vt 0.589062 0.500000
vt 0.600000 0.312500
vt 0.598437 0.500000
vt 0.600000 0.687500
vt 0.593750 0.687500
vt 0.587500 0.687500
vt 0.602778 0.395833
vt 0.606250 0.359375
vt 0.606250 0.500000
vt 0.601562 0.500000
vt 0.609722 0.395833
vt 0.610937 0.500000
vt 0.609722 0.604167
vt 0.606250 0.640625
vt 0.602778 0.604167
vt 0.612500 0.312500
vt 0.618750 0.312500
vt 0.618750 0.500000
vt 0.614062 0.500000
vt 0.625000 0.312500
vt 0.625000 0.500000
vt 0.625000 0.687500
vt 0.618750 0.687500
vt 0.612500 0.687500
vt 0.611824 0.075005
vt 0.626047 0.092026
vt 0.591671 0.109542
vt 0.572707 0.103425
vt 0.631456 0.113537
vt 0.585473 0.128478
vt 0.500000 0.156250
vt 0.581245 0.044426
vt 0.600031 0.056219
vt 0.572750 0.083500
vt 0.552825 0.083543
vt 0.542713 0.024794
vt 0.564224 0.030203
vt 0.546709 0.064579
vt 0.527772 0.070777
vt 0.500000 0.018029
vt 0.522130 0.016526
vt 0.516095 0.054632
vt 0.500000 0.066379
vt 0.457287 0.024794
vt 0.477870 0.016526
vt 0.483905 0.054632
vt 0.472228 0.070777
vt 0.418755 0.044426
vt 0.435776 0.030203
vt 0.453292 0.064579
vt 0.447175 0.083543
vt 0.388177 0.075005
vt 0.399969 0.056219
vt 0.427250 0.083500
vt 0.427293 0.103425
vt 0.368544 0.113537
vt 0.373953 0.092026
vt 0.408329 0.109542
vt 0.414527 0.128478
vt 0.361779 0.156250
vt 0.360276 0.134120
vt 0.398382 0.140155
vt 0.410129 0.156250
vt 0.368544 0.198963
vt 0.360276 0.178380
vt 0.398382 0.172345
vt 0.414527 0.184022
vt 0.388177 0.237495
vt 0.373953 0.220474
vt 0.408329 0.202958
vt 0.427293 0.209075
vt 0.418755 0.268073
vt 0.399969 0.256281
vt 0.427250 0.229000
vt 0.447175 0.228957
vt 0.457287 0.287706
vt 0.435776 0.282297
vt 0.453292 0.247921
vt 0.472228 0.241723
vt 0.500000 0.294471
vt 0.477870 0.295974
vt 0.483905 0.257868
vt 0.500000 0.246121
vt 0.542713 0.287706
vt 0.522130 0.295974
vt 0.516095 0.257868
vt 0.527772 0.241723
vt 0.581245 0.268073
vt 0.564224 0.282297
vt 0.546708 0.247921
vt 0.552825 0.228957
vt 0.611823 0.237495
vt 0.600031 0.256281
vt 0.572750 0.229000
vt 0.572707 0.209075
vt 0.631456 0.198963
vt 0.626047 0.220474
vt 0.591671 0.202958
vt 0.585473 0.184022
vt 0.638221 0.156250
vt 0.639724 0.178380
vt 0.601618 0.172345
vt 0.589871 0.156250
vt 0.639724 0.134120
vt 0.601618 0.140155
vt 0.648603 0.892034
vt 0.637506 0.913813
vt 0.591671 0.890458
vt 0.585473 0.871522
vt 0.626409 0.935591
vt 0.572707 0.896575
vt 0.500000 0.843750
vt 0.609125 0.952875
vt 0.572750 0.916500
vt 0.591841 0.970159
vt 0.552825 0.916457
vt 0.570063 0.981256
vt 0.546708 0.935421
vt 0.548284 0.992353
vt 0.527772 0.929223
vt 0.524142 0.996176
vt 0.516095 0.945368
vt 0.500000 1.000000
vt 0.500000 0.933621
vt 0.475858 0.996176
vt 0.483905 0.945368
vt 0.451716 0.992353
vt 0.472228 0.929223
vt 0.429937 0.981256
vt 0.453292 0.935421
vt 0.408159 0.970159
vt 0.447175 0.916457
vt 0.390875 0.952875
vt 0.427250 0.916500
vt 0.373591 0.935591
vt 0.427293 0.896575
vt 0.362494 0.913813
vt 0.408329 0.890458
vt 0.351397 0.892034
vt 0.414527 0.871522
vt 0.347574 0.867892
vt 0.398382 0.859845
vt 0.343750 0.843750
vt 0.410129 0.843750
vt 0.347574 0.819608
vt 0.398382 0.827655
vt 0.351397 0.795466
vt 0.414527 0.815978
vt 0.362494 0.773687
vt 0.408329 0.797042
vt 0.373591 0.751909
vt 0.427293 0.790925
vt 0.390875 0.734625
vt 0.427250 0.771000
vt 0.408159 0.717341
vt 0.447175 0.771043
vt 0.429937 0.706244
vt 0.453292 0.752079
vt 0.451716 0.695147
vt 0.472228 0.758277
vt 0.475858 0.691324
vt 0.483905 0.742132
vt 0.500000 0.687500
vt 0.500000 0.753879
vt 0.524142 0.691324
vt 0.516095 0.742132
vt 0.548284 0.695147
vt 0.527772 0.758277
vt 0.570063 0.706244
vt 0.546709 0.752079
vt 0.591842 0.717341
vt 0.552825 0.771043
vt 0.609125 0.734625
vt 0.572750 0.771000
vt 0.626409 0.751908
vt 0.572707 0.790925
vt 0.637506 0.773687
vt 0.591671 0.797042
vt 0.648603 0.795466
vt 0.585473 0.815978
vt 0.652426 0.819608
vt 0.601618 0.827655
vt 0.656250 0.843750
vt 0.589871 0.843750
vt 0.652426 0.867892
vt 0.601618 0.859845
vt 0.626409 0.064408
vt 0.637506 0.086187
vt 0.624862 0.065532
vt 0.648603 0.107966
vt 0.646784 0.108557
vt 0.646784 0.108557
vt 0.637506 0.086187
vt 0.624862 0.065532
vt 0.591842 0.029841
vt 0.609125 0.047125
vt 0.609125 0.047125
vt 0.590718 0.031388
vt 0.609125 0.047125
vt 0.590718 0.031388
vt 0.548284 0.007647
vt 0.570063 0.018744
vt 0.547693 0.009466
vt 0.570063 0.018744
vt 0.547693 0.009466
vt 0.500000 -0.000000
vt 0.524142 0.003824
vt 0.524142 0.003824
vt 0.500000 0.001912
vt 0.524142 0.003824
vt 0.500000 0.001912
vt 0.451716 0.007647
vt 0.475858 0.003824
vt 0.452307 0.009466
vt 0.475858 0.003824
vt 0.452307 0.009466
vt 0.408159 0.029841
vt 0.429937 0.018744
vt 0.429937 0.018744
vt 0.409282 0.031388
vt 0.429937 0.018744
vt 0.409282 0.031388
vt 0.373591 0.064409
vt 0.390875 0.047125
vt 0.375138 0.065532
vt 0.390875 0.047125
vt 0.375138 0.065532
vt 0.351397 0.107966
vt 0.362494 0.086187
vt 0.362494 0.086187
vt 0.353216 0.108557
vt 0.362494 0.086187
vt 0.353216 0.108557
vt 0.343750 0.156250
vt 0.347574 0.132108
vt 0.345662 0.156250
vt 0.347574 0.132108
vt 0.345662 0.156250
vt 0.351397 0.204534
vt 0.347574 0.180392
vt 0.347574 0.180392
vt 0.353216 0.203943
vt 0.347574 0.180392
vt 0.353216 0.203943
vt 0.373591 0.248091
vt 0.362494 0.226313
vt 0.375138 0.246968
vt 0.362494 0.226313
vt 0.375138 0.246968
vt 0.408159 0.282659
vt 0.390875 0.265375
vt 0.390875 0.265375
vt 0.409282 0.281112
vt 0.390875 0.265375
vt 0.409282 0.281112
vt 0.451716 0.304853
vt 0.429937 0.293756
vt 0.452307 0.303034
vt 0.429937 0.293756
vt 0.452307 0.303034
vt 0.500000 0.312500
vt 0.475858 0.308676
vt 0.475858 0.308676
vt 0.500000 0.310588
vt 0.475858 0.308676
vt 0.500000 0.310588
vt 0.548284 0.304853
vt 0.524142 0.308676
vt 0.547693 0.303034
vt 0.524142 0.308676
vt 0.547693 0.303034
vt 0.591841 0.282659
vt 0.570063 0.293756
vt 0.570063 0.293756
vt 0.590718 0.281112
vt 0.570063 0.293756
vt 0.590718 0.281112
vt 0.626409 0.248091
vt 0.609125 0.265375
vt 0.624862 0.246968
vt 0.609125 0.265375
vt 0.624862 0.246968
vt 0.648603 0.204534
vt 0.637506 0.226313
vt 0.637506 0.226313
vt 0.646784 0.203943
vt 0.637506 0.226313
vt 0.646784 0.203943
vt 0.656250 0.156250
vt 0.652426 0.180392
vt 0.654338 0.156250
vt 0.652426 0.180392
vt 0.654338 0.156250
vt 0.652426 0.132108
vt 0.652426 0.132108
vt 0.652426 0.132108
vt 0.637506 0.086187
vt 0.624862 0.065532
vt 0.646784 0.108557
vt 0.646784 0.108557
vt 0.637506 0.086187
vt 0.624862 0.065532
vt 0.609125 0.047125
vt 0.590718 0.031388
vt 0.609125 0.047125
vt 0.590718 0.031388
vt 0.570063 0.018744
vt 0.547693 0.009466
vt 0.570063 0.018744
vt 0.547693 0.009466
vt 0.524142 0.003824
vt 0.500000 0.001912
vt 0.524142 0.003824
vt 0.500000 0.001912
vt 0.475858 0.003824
vt 0.452307 0.009466
vt 0.475858 0.003824
vt 0.452307 0.009466
vt 0.429937 0.018744
vt 0.409282 0.031388
vt 0.429937 0.018744
vt 0.409282 0.031388
vt 0.390875 0.047125
vt 0.375138 0.065532
vt 0.390875 0.047125
vt 0.375138 0.065532
vt 0.362494 0.086187
vt 0.353216 0.108557
vt 0.362494 0.086187
vt 0.353216 0.108557
vt 0.347574 0.132108
vt 0.345662 0.156250
vt 0.347574 0.132108
vt 0.345662 0.156250
vt 0.347574 0.180392
vt 0.353216 0.203943
vt 0.347574 0.180392
vt 0.353216 0.203943
vt 0.362494 0.226313
vt 0.375138 0.246968
vt 0.362494 0.226313
vt 0.375138 0.246968
vt 0.390875 0.265375
vt 0.409282 0.281112
vt 0.390875 0.265375
vt 0.409282 0.281112
vt 0.429937 0.293756
vt 0.452307 0.303034
vt 0.429937 0.293756
vt 0.452307 0.303034
vt 0.475858 0.308676
vt 0.500000 0.310588
vt 0.475858 0.308676
vt 0.500000 0.310588
vt 0.524142 0.308676
vt 0.547693 0.303034
vt 0.524142 0.308676
vt 0.547693 0.303034
vt 0.570063 0.293756
vt 0.590718 0.281112
vt 0.570063 0.293756
vt 0.590718 0.281112
vt 0.609125 0.265375
vt 0.624862 0.246968
vt 0.609125 0.265375
vt 0.624862 0.246968
vt 0.637506 0.226313
vt 0.646784 0.203943
vt 0.637506 0.226313
vt 0.646784 0.203943
vt 0.652426 0.180392
vt 0.654338 0.156250
vt 0.652426 0.180392
vt 0.654338 0.156250
vt 0.652426 0.132108
vt 0.652426 0.132108
vt 0.375000 0.312500
vt 0.381250 0.312500
vt 0.381250 0.312500
vt 0.376563 0.359375
vt 0.385938 0.359375
vt 0.387500 0.500000
vt 0.385937 0.640625
vt 0.381250 0.687500
vt 0.381250 0.687500
vt 0.375000 0.687500
vt 0.376563 0.640625
vt 0.375000 0.500000
vt 0.375000 0.500000
vt 0.406250 0.312500
vt 0.406250 0.312500
vt 0.401562 0.359375
vt 0.410937 0.359375
vt 0.412500 0.500000
vt 0.410937 0.640625
vt 0.406250 0.687500
vt 0.406250 0.687500
vt 0.401562 0.640625
vt 0.400000 0.500000
vt 0.431250 0.312500
vt 0.431250 0.312500
vt 0.426562 0.359375
vt 0.435937 0.359375
vt 0.437500 0.500000
vt 0.435937 0.640625
vt 0.431250 0.687500
vt 0.431250 0.687500
vt 0.426562 0.640625
vt 0.425000 0.500000
vt 0.456250 0.312500
vt 0.456250 0.312500
vt 0.451562 0.359375
vt 0.460937 0.359375
vt 0.462500 0.500000
vt 0.460937 0.640625
vt 0.456250 0.687500
vt 0.456250 0.687500
vt 0.451562 0.640625
vt 0.450000 0.500000
vt 0.481250 0.312500
vt 0.481250 0.312500
vt 0.476562 0.359375
vt 0.485937 0.359375
vt 0.487500 0.500000
vt 0.485937 0.640625
vt 0.481250 0.687500
vt 0.481250 0.687500
vt 0.476562 0.640625
vt 0.475000 0.500000
vt 0.506250 0.312500
vt 0.506250 0.312500
vt 0.501562 0.359375
vt 0.510937 0.359375
vt 0.512500 0.500000
vt 0.510937 0.640625
vt 0.506250 0.687500
vt 0.506250 0.687500
vt 0.501562 0.640625
vt 0.500000 0.500000
vt 0.531250 0.312500
vt 0.531250 0.312500
vt 0.526562 0.359375
vt 0.535937 0.359375
vt 0.537500 0.500000
vt 0.535937 0.640625
vt 0.531250 0.687500
vt 0.531250 0.687500
vt 0.526562 0.640625
vt 0.525000 0.500000
vt 0.556250 0.312500
vt 0.556250 0.312500
vt 0.551562 0.359375
vt 0.560937 0.359375
vt 0.562500 0.500000
vt 0.560937 0.640625
vt 0.556250 0.687500
vt 0.556250 0.687500
vt 0.551562 0.640625
vt 0.550000 0.500000
vt 0.581250 0.312500
vt 0.581250 0.312500
vt 0.576562 0.359375
vt 0.585937 0.359375
vt 0.587500 0.500000
vt 0.585937 0.640625
vt 0.581250 0.687500
vt 0.581250 0.687500
vt 0.576562 0.640625
vt 0.575000 0.500000
vt 0.606250 0.312500
vt 0.606250 0.312500
vt 0.601562 0.359375
vt 0.610937 0.359375
vt 0.612500 0.500000
vt 0.610937 0.640625
vt 0.606250 0.687500
vt 0.606250 0.687500
vt 0.601562 0.640625
vt 0.600000 0.500000
vt 0.637506 0.086187
vt 0.624862 0.065532
vt 0.646784 0.108557
vt 0.646784 0.108557
vt 0.637506 0.086187
vt 0.624862 0.065532
vt 0.609125 0.047125
vt 0.590718 0.031388
vt 0.609125 0.047125
vt 0.590718 0.031388
vt 0.570063 0.018744
vt 0.547693 0.009466
vt 0.570063 0.018744
vt 0.547693 0.009466
vt 0.524142 0.003824
vt 0.500000 0.001912
vt 0.524142 0.003824
vt 0.500000 0.001912
vt 0.475858 0.003824
vt 0.452307 0.009466
vt 0.475858 0.003824
vt 0.452307 0.009466
vt 0.429937 0.018744
vt 0.409282 0.031388
vt 0.429937 0.018744
vt 0.409282 0.031388
vt 0.390875 0.047125
vt 0.375138 0.065532
vt 0.390875 0.047125
vt 0.375138 0.065532
vt 0.362494 0.086187
vt 0.353216 0.108557
vt 0.362494 0.086187
vt 0.353216 0.108557
vt 0.347574 0.132108
vt 0.345662 0.156250
vt 0.347574 0.132108
vt 0.345662 0.156250
vt 0.347574 0.180392
vt 0.353216 0.203943
vt 0.347574 0.180392
vt 0.353216 0.203943
vt 0.362494 0.226313
vt 0.375138 0.246968
vt 0.362494 0.226313
vt 0.375138 0.246968
vt 0.390875 0.265375
vt 0.409282 0.281112
vt 0.390875 0.265375
vt 0.409282 0.281112
vt 0.429937 0.293756
vt 0.452307 0.303034
vt 0.429937 0.293756
vt 0.452307 0.303034
vt 0.475858 0.308676
vt 0.500000 0.310588
vt 0.475858 0.308676
vt 0.500000 0.310588
vt 0.524142 0.308676
vt 0.547693 0.303034
vt 0.524142 0.308676
vt 0.547693 0.303034
vt 0.570063 0.293756
vt 0.590718 0.281112
vt 0.570063 0.293756
vt 0.590718 0.281112
vt 0.609125 0.265375
vt 0.624862 0.246968
vt 0.609125 0.265375
vt 0.624862 0.246968
vt 0.637506 0.226313
vt 0.646784 0.203943
vt 0.637506 0.226313
vt 0.646784 0.203943
vt 0.652426 0.180392
vt 0.654338 0.156250
vt 0.652426 0.180392
vt 0.654338 0.156250
vt 0.652426 0.132108
vt 0.652426 0.132108
vt 0.637506 0.086187
vt 0.624862 0.065532
vt 0.646784 0.108557
vt 0.609125 0.047125
vt 0.590718 0.031388
vt 0.570063 0.018744
vt 0.547693 0.009466
vt 0.524142 0.003824
vt 0.500000 0.001912
vt 0.475858 0.003824
vt 0.452307 0.009466
vt 0.429937 0.018744
vt 0.409282 0.031388
vt 0.390875 0.047125
vt 0.375138 0.065532
vt 0.362494 0.086187
vt 0.353216 0.108557
vt 0.347574 0.132108
vt 0.345662 0.156250
vt 0.347574 0.180392
vt 0.353216 0.203943
vt 0.362494 0.226313
vt 0.375138 0.246968
vt 0.390875 0.265375
vt 0.409282 0.281112
vt 0.429937 0.293756
vt 0.452307 0.303034
vt 0.475858 0.308676
vt 0.500000 0.310588
vt 0.524142 0.308676
vt 0.547693 0.303034
vt 0.570063 0.293756
vt 0.590718 0.281112
vt 0.609125 0.265375
vt 0.624862 0.246968
vt 0.637506 0.226313
vt 0.646784 0.203943
vt 0.652426 0.180392
vt 0.654338 0.156250
vt 0.652426 0.132108
vt 0.406008 0.032275
vt 0.444768 0.018155
vt 0.444768 0.072619
vt 0.392442 0.072619
vt 0.510902 0.018155
vt 0.510902 0.072619
vt 0.510902 0.127083
vt 0.444768 0.127083
vt 0.406008 0.112963
vt 0.406008 0.423005
vt 0.444768 0.413380
vt 0.444768 0.450503
vt 0.392442 0.450503
vt 0.510902 0.413380
vt 0.510902 0.450503
vt 0.510902 0.487626
vt 0.444768 0.487626
vt 0.406008 0.478001
vt 0.392442 0.609821
vt 0.444768 0.609821
vt 0.444768 0.677381
vt 0.392442 0.677381
vt 0.510902 0.609821
vt 0.510902 0.677381
vt 0.510902 0.731845
vt 0.444768 0.731845
vt 0.406008 0.717725
vt 0.375000 0.750000
vt 0.444768 0.762374
vt 0.444768 0.799497
vt 0.375000 0.799497
vt 0.510902 0.762374
vt 0.510902 0.799497
vt 0.510902 0.846363
vt 0.444768 0.846363
vt 0.375000 0.848994
vt 0.778637 0.140179
vt 0.778637 0.072619
vt 0.825503 0.072619
vt 0.825503 0.140179
vt 0.776006 0.000000
vt 0.825503 0.018155
vt 0.853001 0.032275
vt 0.862626 0.072619
vt 0.875000 0.145238
vt 0.125000 0.000000
vt 0.174497 0.000000
vt 0.174497 0.072619
vt 0.125000 0.072619
vt 0.223994 0.000000
vt 0.221363 0.072619
vt 0.221363 0.140179
vt 0.174497 0.140179
vt 0.125000 0.145238
vt 0.375000 0.500000
vt 0.444768 0.500000
vt 0.444768 0.500000
vt 0.375000 0.500000
vt 0.510902 0.500000
vt 0.510902 0.500000
vt 0.510902 0.500000
vt 0.444768 0.500000
vt 0.375000 0.500000
vt 0.625000 0.604762
vt 0.625000 0.677381
vt 0.625000 0.677381
vt 0.625000 0.609821
vt 0.625000 0.717725
vt 0.625000 0.731845
vt 0.625000 0.750000
vt 0.625000 0.677381
vt 0.625000 0.609821
vt 0.510902 0.750000
vt 0.444768 0.750000
vt 0.444768 0.750000
vt 0.510902 0.750000
vt 0.375000 0.750000
vt 0.375000 0.750000
vt 0.375000 0.750000
vt 0.444768 0.750000
vt 0.510902 0.750000
vt 0.375000 0.750000
vt 0.375000 0.677381
vt 0.375000 0.677381
vt 0.375000 0.750000
vt 0.375000 0.604762
vt 0.375000 0.609821
vt 0.375000 0.609821
vt 0.375000 0.677381
vt 0.375000 0.750000
vt 0.406008 0.500000
vt 0.444768 0.500000
vt 0.444768 0.500000
vt 0.392442 0.500000
vt 0.510902 0.500000
vt 0.510902 0.500000
vt 0.510902 0.500000
vt 0.444768 0.500000
vt 0.406008 0.500000
vt 0.625000 0.500000
vt 0.625000 0.500000
vt 0.625000 0.500000
vt 0.625000 0.500000
vt 0.625000 0.500000
vt 0.625000 0.500000
vt 0.625000 0.500000
vt 0.625000 0.500000
vt 0.625000 0.500000
vt 0.510902 0.500000
vt 0.444768 0.500000
vt 0.444768 0.500000
vt 0.510902 0.500000
vt 0.406008 0.500000
vt 0.392442 0.500000
vt 0.392442 0.500000
vt 0.444768 0.500000
vt 0.512210 0.500000
vt 0.375000 0.500000
vt 0.375000 0.500000
vt 0.375000 0.500000
vt 0.375000 0.500000
vt 0.375000 0.500000
vt 0.375000 0.500000
vt 0.375000 0.500000
vt 0.375000 0.500000
vt 0.375000 0.500000
vt 0.510902 0.500000
vt 0.444768 0.500000
vt 0.444768 0.500000
vt 0.510902 0.500000
vt 0.406008 0.500000
vt 0.392442 0.500000
vt 0.386163 0.500000
vt 0.444768 0.500000
vt 0.510902 0.500000
vt 0.382752 0.505820
vt 0.375000 0.500000
vt 0.375000 0.500000
vt 0.375000 0.500000
vt 0.375000 0.500000
vt 0.375000 0.500000
vt 0.375000 0.500000
vt 0.375000 0.500000
vt 0.375000 0.500000
vt 0.386163 0.500000
vt 0.444768 0.500000
vt 0.444768 0.500000
vt 0.392442 0.500000
vt 0.510902 0.500000
vt 0.510902 0.500000
vt 0.510902 0.500000
vt 0.444768 0.500000
vt 0.386163 0.500000
vt 0.618863 0.500000
vt 0.625000 0.500000
vt 0.625000 0.500000
vt 0.611192 0.500000
vt 0.611192 0.500000
vt 0.611192 0.500000
vt 0.611192 0.500000
vt 0.625000 0.500000
vt 0.611192 0.500000
vt 0.375000 0.500000
vt 0.444768 0.500000
vt 0.444768 0.500000
vt 0.375000 0.500000
vt 0.510902 0.500000
vt 0.510902 0.500000
vt 0.625000 0.500000
vt 0.625000 0.500000
vt 0.625000 0.500000
vt 0.625000 0.500000
vt 0.625000 0.500000
vt 0.625000 0.500000
vt 0.625000 0.500000
vt 0.625000 0.500000
vt 0.625000 0.500000
vt 0.510902 0.500000
vt 0.444768 0.500000
vt 0.444768 0.500000
vt 0.510902 0.500000
vt 0.406008 0.500000
vt 0.392442 0.500000
vt 0.406008 0.500000
vt 0.444768 0.500000
vt 0.510902 0.500000
vt 0.375000 0.500000
vt 0.375000 0.500000
vt 0.375000 0.500000
vt 0.375000 0.500000
vt 0.375000 0.500000
vt 0.375000 0.500000
vt 0.375000 0.500000
vt 0.375000 0.500000
vt 0.375000 0.500000
vt 0.375000 0.926937
vt 0.444768 0.926327
vt 0.444768 0.963468
vt 0.375000 0.963468
vt 0.510902 0.926327
vt 0.510902 0.963468
vt 0.514536 1.000000
vt 0.444768 1.000000
vt 0.375000 1.000000
vt 0.301327 0.140179
vt 0.301327 0.072619
vt 0.338468 0.072619
vt 0.338468 0.140179
vt 0.301937 0.000000
vt 0.338468 0.000000
vt 0.375000 0.000000
vt 0.375000 0.072619
vt 0.375000 0.145238
vt 0.375000 0.250000
vt 0.444768 0.259133
vt 0.444768 0.286532
vt 0.375000 0.286532
vt 0.510902 0.259133
vt 0.510902 0.286532
vt 0.510902 0.313930
vt 0.444768 0.313930
vt 0.375000 0.323063
vt 0.625000 0.000000
vt 0.661532 0.000000
vt 0.661532 0.072619
vt 0.625000 0.072619
vt 0.698063 0.000000
vt 0.698673 0.072619
vt 0.698673 0.140179
vt 0.661532 0.140179
vt 0.625000 0.145238
vt 0.625000 0.677381
vt 0.625000 0.609821
vt 0.625000 0.750000
vt 0.625000 0.750000
vt 0.625000 0.677381
vt 0.625000 0.604762
vt 0.625000 0.500000
vt 0.625000 0.500000
vt 0.625000 0.500000
vt 0.625000 0.500000
vt 0.625000 0.500000
vt 0.625000 0.500000
vt 0.625000 0.500000
vt 0.625000 0.500000
vt 0.625000 0.500000
vt 0.625000 0.500000
vt 0.625000 0.500000
vt 0.625000 0.500000
vt 0.444768 0.500000
vt 0.375000 0.500000
vt 0.510902 0.500000
vt 0.510902 0.500000
vt 0.444768 0.500000
vt 0.375000 0.500000
vt 0.375000 0.500000
vt 0.375000 0.500000
vt 0.375000 0.500000
vt 0.375000 0.500000
vt 0.375000 0.500000
vt 0.375000 0.500000
vt 0.375000 0.500000
vt 0.375000 0.500000
vt 0.375000 0.500000
vt 0.375000 0.500000
vt 0.375000 0.500000
vt 0.375000 0.500000
vt 0.375000 0.677381
vt 0.375000 0.750000
vt 0.375000 0.609821
vt 0.375000 0.604762
vt 0.375000 0.677381
vt 0.375000 0.750000
vt 0.444768 0.750000
vt 0.510902 0.750000
vt 0.375000 0.750000
vt 0.375000 0.750000
vt 0.444768 0.750000
vt 0.510902 0.750000
vt 0.406008 0.340384
vt 0.444768 0.332806
vt 0.444768 0.362034
vt 0.392442 0.362034
vt 0.510902 0.332806
vt 0.510902 0.362034
vt 0.510902 0.391263
vt 0.444768 0.391263
vt 0.406008 0.383685
vt 0.262966 0.072619
vt 0.262966 0.140179
vt 0.262966 0.000000
vt 0.444768 0.887966
vt 0.375000 0.887966
vt 0.510902 0.887966
vt 0.737034 0.072619
vt 0.737034 0.140179
vt 0.737034 0.000000
vt 0.406008 0.168519
vt 0.444768 0.158333
vt 0.444768 0.197619
vt 0.392442 0.197619
vt 0.510902 0.158333
vt 0.510902 0.197619
vt 0.510902 0.236905
vt 0.444768 0.236905
vt 0.406008 0.226720
vt 0.301937 0.250000
vt 0.301327 0.197619
vt 0.338468 0.197619
vt 0.338468 0.250000
vt 0.375000 0.197619
vt 0.375000 0.250000
vt 0.223994 0.250000
vt 0.221363 0.197619
vt 0.262966 0.197619
vt 0.262966 0.250000
vt 0.174497 0.197619
vt 0.125000 0.197619
vt 0.174497 0.250000
vt 0.125000 0.250000
vt 0.375000 0.552381
vt 0.375000 0.552381
vt 0.375000 0.552381
vt 0.375000 0.500000
vt 0.375000 0.500000
vt 0.375000 0.500000
vt 0.375000 0.552381
vt 0.375000 0.552381
vt 0.375000 0.513095
vt 0.375000 0.500000
vt 0.444768 0.513095
vt 0.444768 0.552381
vt 0.392442 0.552381
vt 0.510902 0.513095
vt 0.510902 0.552381
vt 0.625000 0.500000
vt 0.625000 0.552381
vt 0.625000 0.552381
vt 0.625000 0.500000
vt 0.625000 0.552381
vt 0.625000 0.500000
vt 0.625000 0.500000
vt 0.625000 0.552381
vt 0.625000 0.552381
vt 0.625000 0.513095
vt 0.776006 0.250000
vt 0.778637 0.197619
vt 0.825503 0.197619
vt 0.825503 0.250000
vt 0.875000 0.197619
vt 0.875000 0.250000
vt 0.698063 0.250000
vt 0.698673 0.197619
vt 0.737034 0.197619
vt 0.737034 0.250000
vt 0.661532 0.197619
vt 0.625000 0.197619
vt 0.661532 0.250000
vt 0.625000 0.250000
vt 0.625000 0.604762
vt 0.625000 0.677381
vt 0.625000 0.677381
vt 0.625000 0.609821
vt 0.625000 0.750000
vt 0.625000 0.731845
vt 0.625000 0.717725
vt 0.444768 0.750000
vt 0.406008 0.750000
vt 0.392442 0.750000
vt 0.510902 0.750000
vt 0.375000 0.677381
vt 0.375000 0.677381
vt 0.375000 0.731845
vt 0.375000 0.604762
vt 0.375000 0.609821
vt 0.375000 0.717725
vt 0.375000 0.500000
vt 0.444768 0.500000
vt 0.444768 0.500000
vt 0.392442 0.513095
vt 0.510902 0.500000
vt 0.510902 0.500000
vt 0.510902 0.500000
vt 0.444768 0.500000
vt 0.382752 0.505820
vt 0.375000 0.500000
vt 0.375000 0.500000
vt 0.375000 0.500000
vt 0.375000 0.500000
vt 0.375000 0.500000
vt 0.375000 0.500000
vt 0.392442 0.500000
vt 0.625000 0.500000
vt 0.611192 0.500000
vt 0.625000 0.500000
vt 0.616163 0.508381
vt 0.625000 0.500000
vt 0.625000 0.500000
vt 0.611192 0.500000
vt 0.611192 0.500000
vt 0.510902 0.500000
vt 0.444768 0.500000
vt 0.444768 0.500000
vt 0.510902 0.500000
vt 0.392442 0.500000
vt 0.392442 0.500000
vt 0.375000 0.500000
vt 0.375000 0.500000
vt 0.375000 0.552381
vt 0.375000 0.552381
vt 0.444768 0.500000
vt 0.510902 0.500000
vt 0.625000 0.500000
vt 0.625000 0.552381
vt 0.625000 0.552381
vt 0.611192 0.513095
vt 0.618863 0.505820
vt 0.625000 0.677381
vt 0.618863 0.741931
vt 0.625000 0.677381
vt 0.625000 0.604762
vt 0.375000 0.677381
vt 0.375000 0.604762
vt 0.375000 0.677381
vt 0.611192 0.500000
vt 0.625000 0.500000
vt 0.625000 0.500000
vt 0.611192 0.500000
vt 0.625000 0.513095
vt 0.625000 0.500000
vt 0.625000 0.500000
vt 0.375000 0.500000
vt 0.375000 0.500000
vt 0.375000 0.513095
vt 0.392442 0.500000
vt 0.392442 0.500000
vt 0.375000 0.500000
vt 0.444768 0.500000
vt 0.444768 0.500000
vt 0.510902 0.500000
vt 0.510902 0.500000
vt 0.600452 0.717725
vt 0.611192 0.677381
vt 0.625000 0.677381
vt 0.611192 0.731845
vt 0.611192 0.609821
vt 0.625000 0.609821
vt 0.625000 0.604762
vt 0.625000 0.677381
vt 0.625000 0.750000
vt 0.625000 0.513095
vt 0.625000 0.500000
vt 0.625000 0.500000
vt 0.625000 0.500000
vt 0.625000 0.500000
vt 0.625000 0.500000
vt 0.625000 0.500000
vt 0.444768 0.500000
vt 0.375000 0.500000
vt 0.375000 0.500000
vt 0.375000 0.500000
vt 0.375000 0.500000
vt 0.375000 0.500000
vt 0.375000 0.513095
vt 0.375000 0.500000
vt 0.375000 0.677381
vt 0.375000 0.609821
vt 0.392442 0.731845
vt 0.375000 0.677381
vt 0.375000 0.604762
vt 0.444768 0.750000
vt 0.510902 0.750000
vt 0.375000 0.552381
vt 0.375000 0.552381
vt 0.375000 0.552381
vt 0.375000 0.552381
vt 0.611192 0.552381
vt 0.625000 0.552381
vt 0.625000 0.552381
vt 0.625000 0.552381
vt 0.625000 0.552381
vt 0.444768 0.750000
vt 0.375000 0.750000
vt 0.611192 0.750000
vt 0.625000 0.750000
vt 0.625000 0.677381
vt 0.625000 0.604762
vt 0.625000 0.731845
vt 0.611192 0.750000
vt 0.625000 0.750000
vt 0.625000 0.750000
vt 0.625000 0.750000
vt 0.375000 0.750000
vt 0.375000 0.750000
vt 0.375000 0.750000
vt 0.375000 0.750000
vt 0.375000 0.750000
vt 0.375000 0.750000
vt 0.375000 0.750000
vt 0.375000 0.750000
vt 0.375000 0.750000
vt 0.625000 0.500000
vt 0.625000 0.500000
vt 0.625000 0.500000
vt 0.625000 0.500000
vt 0.625000 0.500000
vt 0.625000 0.500000
vt 0.625000 0.500000
vt 0.625000 0.500000
vt 0.625000 0.500000
vt 0.375000 0.500000
vt 0.375000 0.500000
vt 0.375000 0.500000
vt 0.375000 0.500000
vt 0.375000 0.500000
vt 0.375000 0.500000
vt 0.375000 0.500000
vt 0.375000 0.500000
vt 0.375000 0.500000
vt 0.625000 0.500000
vt 0.625000 0.500000
vt 0.625000 0.500000
vt 0.625000 0.500000
vt 0.625000 0.500000
vt 0.625000 0.500000
vt 0.625000 0.500000
vt 0.625000 0.500000
vt 0.625000 0.500000
vt 0.375000 0.500000
vt 0.375000 0.500000
vt 0.375000 0.500000
vt 0.375000 0.500000
vt 0.375000 0.500000
vt 0.375000 0.500000
vt 0.375000 0.500000
vt 0.375000 0.500000
vt 0.375000 0.500000
vt 0.375000 0.500000
vt 0.375000 0.500000
vt 0.375000 0.500000
vt 0.375000 0.500000
vt 0.375000 0.500000
vt 0.375000 0.500000
vt 0.625000 0.750000
vt 0.625000 0.750000
vt 0.625000 0.750000
vt 0.625000 0.750000
vt 0.625000 0.750000
vt 0.625000 0.750000
vt 0.625000 0.750000
vt 0.625000 0.750000
vt 0.625000 0.750000
vt 0.625000 0.750000
vt 0.625000 0.677381
vt 0.625000 0.677381
vt 0.625000 0.750000
vt 0.625000 0.604762
vt 0.625000 0.604762
vt 0.625000 0.604762
vt 0.625000 0.677381
vt 0.625000 0.750000
vt 0.625000 0.500000
vt 0.625000 0.500000
vt 0.625000 0.500000
vt 0.625000 0.500000
vt 0.625000 0.500000
vt 0.625000 0.500000
vt 0.625000 0.500000
vt 0.625000 0.500000
vt 0.625000 0.500000
vt 0.625000 0.500000
vt 0.625000 0.500000
vt 0.625000 0.500000
vt 0.625000 0.500000
vt 0.625000 0.500000
vt 0.625000 0.500000
vt 0.625000 0.500000
vt 0.625000 0.500000
vt 0.625000 0.500000
vt 0.375000 0.500000
vt 0.375000 0.500000
vt 0.375000 0.500000
vt 0.375000 0.500000
vt 0.375000 0.500000
vt 0.375000 0.500000
vt 0.375000 0.500000
vt 0.375000 0.500000
vt 0.375000 0.500000
vt 0.375000 0.500000
vt 0.375000 0.500000
vt 0.375000 0.500000
vt 0.375000 0.500000
vt 0.375000 0.500000
vt 0.375000 0.500000
vt 0.375000 0.500000
vt 0.375000 0.500000
vt 0.375000 0.500000
vt 0.375000 0.500000
vt 0.375000 0.500000
vt 0.375000 0.500000
vt 0.375000 0.604762
vt 0.375000 0.677381
vt 0.375000 0.677381
vt 0.375000 0.604762
vt 0.375000 0.750000
vt 0.375000 0.750000
vt 0.375000 0.750000
vt 0.375000 0.677381
vt 0.375000 0.604762
vt 0.375000 0.604762
vt 0.375000 0.552381
vt 0.375000 0.552381
vt 0.375000 0.604762
vt 0.375000 0.500000
vt 0.375000 0.500000
vt 0.375000 0.500000
vt 0.375000 0.552381
vt 0.375000 0.604762
vt 0.375000 0.500000
vt 0.375000 0.552381
vt 0.375000 0.552381
vt 0.375000 0.500000
vt 0.375000 0.604762
vt 0.375000 0.604762
vt 0.375000 0.604762
vt 0.375000 0.552381
vt 0.375000 0.500000
vt 0.625000 0.604762
vt 0.625000 0.552381
vt 0.625000 0.552381
vt 0.625000 0.604762
vt 0.625000 0.500000
vt 0.625000 0.500000
vt 0.625000 0.500000
vt 0.625000 0.552381
vt 0.625000 0.604762
vt 0.625000 0.500000
vt 0.625000 0.552381
vt 0.625000 0.552381
vt 0.625000 0.500000
vt 0.625000 0.604762
vt 0.625000 0.604762
vt 0.625000 0.604762
vt 0.625000 0.552381
vt 0.625000 0.500000
vt 0.375000 0.401006
vt 0.444768 0.401006
vt 0.444768 0.401006
vt 0.392442 0.413380
vt 0.510902 0.401006
vt 0.510902 0.401006
vt 0.510902 0.401006
vt 0.444768 0.401006
vt 0.392442 0.413380
vt 0.625000 0.401006
vt 0.625000 0.450503
vt 0.625000 0.450503
vt 0.611192 0.413380
vt 0.611192 0.487626
vt 0.611192 0.487626
vt 0.625000 0.450503
vt 0.611192 0.413380
vt 0.444768 0.500000
vt 0.510902 0.500000
vt 0.392442 0.487626
vt 0.392442 0.487626
vt 0.444768 0.500000
vt 0.510902 0.500000
vt 0.375000 0.450503
vt 0.375000 0.450503
vt 0.375000 0.450503
vt 0.444768 0.401006
vt 0.392442 0.413380
vt 0.510902 0.401006
vt 0.510902 0.401006
vt 0.444768 0.401006
vt 0.392442 0.413380
vt 0.625000 0.450503
vt 0.611192 0.413380
vt 0.611192 0.487626
vt 0.611192 0.487626
vt 0.625000 0.450503
vt 0.611192 0.413380
vt 0.444768 0.500000
vt 0.510902 0.500000
vt 0.392442 0.487626
vt 0.392442 0.487626
vt 0.444768 0.500000
vt 0.510902 0.500000
vt 0.375000 0.450503
vt 0.375000 0.450503
vt 0.444768 0.401006
vt 0.392442 0.413380
vt 0.510902 0.401006
vt 0.625000 0.450503
vt 0.611192 0.413380
vt 0.611192 0.487626
vt 0.600452 0.478001
vt 0.611192 0.450503
vt 0.600452 0.423005
vt 0.444768 0.500000
vt 0.510902 0.500000
vt 0.392442 0.487626
vt 0.375000 0.450503
vt 0.375000 0.000000
vt 0.444768 0.000000
vt 0.444768 0.000000
vt 0.392442 0.018155
vt 0.514536 0.000000
vt 0.510902 0.000000
vt 0.510902 0.000000
vt 0.444768 0.000000
vt 0.392442 0.018155
vt 0.625000 0.000000
vt 0.625000 0.072619
vt 0.625000 0.072619
vt 0.611192 0.018155
vt 0.625000 0.145238
vt 0.611192 0.127083
vt 0.616163 0.133619
vt 0.625000 0.072619
vt 0.611192 0.018155
vt 0.444768 0.145238
vt 0.375000 0.145238
vt 0.392442 0.127083
vt 0.386163 0.133619
vt 0.375000 0.072619
vt 0.375000 0.072619
vt 0.375000 0.072619
vt 0.444768 0.000000
vt 0.392442 0.018155
vt 0.510902 0.000000
vt 0.510902 0.000000
vt 0.444768 0.000000
vt 0.392442 0.018155
vt 0.625000 0.072619
vt 0.611192 0.018155
vt 0.625000 0.127083
vt 0.616163 0.133619
vt 0.625000 0.072619
vt 0.611192 0.018155
vt 0.510902 0.145238
vt 0.444768 0.145238
vt 0.444768 0.145238
vt 0.510902 0.145238
vt 0.406008 0.145238
vt 0.392442 0.145238
vt 0.406008 0.145238
vt 0.444768 0.145238
vt 0.510902 0.145238
vt 0.375000 0.072619
vt 0.375000 0.127083
vt 0.375000 0.072619
vt 0.386163 0.133619
vt 0.375000 0.072619
vt 0.392442 0.127083
vt 0.392442 0.018155
vt 0.510902 0.145238
vt 0.444768 0.145238
vt 0.444768 0.145238
vt 0.510902 0.145238
vt 0.625000 0.072619
vt 0.611192 0.018155
vt 0.611192 0.127083
vt 0.600452 0.112963
vt 0.611192 0.072619
vt 0.600452 0.032275
vt 0.444768 0.000000
vt 0.510902 0.000000
vt 0.625000 0.500000
vt 0.625000 0.500000
vt 0.625000 0.500000
vt 0.625000 0.500000
vt 0.625000 0.500000
vt 0.625000 0.500000
vt 0.625000 0.500000
vt 0.625000 0.500000
vt 0.625000 0.500000
vt 0.625000 0.500000
vt 0.625000 0.500000
vt 0.625000 0.500000
vt 0.625000 0.500000
vt 0.625000 0.500000
vt 0.625000 0.500000
vt 0.625000 0.500000
vt 0.625000 0.500000
vt 0.625000 0.500000
vt 0.375000 0.500000
vt 0.375000 0.500000
vt 0.375000 0.500000
vt 0.375000 0.500000
vt 0.375000 0.500000
vt 0.375000 0.500000
vt 0.375000 0.500000
vt 0.375000 0.500000
vt 0.375000 0.500000
vt 0.375000 0.500000
vt 0.375000 0.500000
vt 0.375000 0.500000
vt 0.375000 0.500000
vt 0.375000 0.500000
vt 0.375000 0.500000
vt 0.375000 0.500000
vt 0.375000 0.500000
vt 0.375000 0.500000
vt 0.375000 0.500000
vt 0.375000 0.500000
vt 0.375000 0.500000
vt 0.375000 0.500000
vt 0.375000 0.500000
vt 0.375000 0.500000
vt 0.375000 0.500000
vt 0.375000 0.500000
vt 0.625000 0.500000
vt 0.625000 0.500000
vt 0.625000 0.500000
vt 0.625000 0.500000
vt 0.625000 0.500000
vt 0.625000 0.500000
vt 0.625000 0.500000
vt 0.625000 0.500000
vt 0.625000 0.500000
vt 0.625000 0.500000
vt 0.625000 0.500000
vt 0.625000 0.500000
vt 0.625000 0.500000
vt 0.625000 0.500000
vt 0.625000 0.500000
vt 0.625000 0.500000
vt 0.625000 0.500000
vt 0.625000 0.500000
vt 0.625000 0.500000
vt 0.625000 0.500000
vt 0.625000 0.500000
vt 0.625000 0.500000
vt 0.625000 0.500000
vt 0.625000 0.500000
vt 0.625000 0.500000
vt 0.625000 0.500000
vt 0.375000 0.500000
vt 0.375000 0.500000
vt 0.375000 0.500000
vt 0.375000 0.500000
vt 0.375000 0.500000
vt 0.375000 0.500000
vt 0.375000 0.500000
vt 0.375000 0.500000
vt 0.375000 0.500000
vt 0.375000 0.500000
vt 0.375000 0.500000
vt 0.375000 0.500000
vt 0.375000 0.500000
vt 0.375000 0.500000
vt 0.375000 0.500000
vt 0.375000 0.500000
vt 0.375000 0.500000
vt 0.375000 0.500000
vt 0.444768 0.500000
vt 0.392442 0.500000
vt 0.510902 0.500000
vt 0.625000 0.500000
vt 0.611192 0.500000
vt 0.611192 0.500000
vt 0.600452 0.500000
vt 0.611192 0.500000
vt 0.600452 0.500000
vt 0.444768 0.500000
vt 0.510902 0.500000
vt 0.392442 0.500000
vt 0.375000 0.500000
vt 0.625000 0.500000
vt 0.625000 0.500000
vt 0.625000 0.500000
vt 0.625000 0.500000
vt 0.625000 0.500000
vt 0.375000 0.500000
vt 0.375000 0.500000
vt 0.375000 0.500000
vt 0.375000 0.500000
vt 0.375000 0.500000
vt 0.375000 0.500000
vt 0.375000 0.500000
vt 0.375000 0.500000
vt 0.625000 0.500000
vt 0.625000 0.500000
vt 0.625000 0.500000
vt 0.625000 0.500000
vt 0.625000 0.500000
vt 0.625000 0.500000
vt 0.625000 0.500000
vt 0.625000 0.500000
vt 0.625000 0.500000
vt 0.625000 0.500000
vt 0.625000 0.500000
vt 0.625000 0.500000
vt 0.375000 0.500000
vt 0.375000 0.500000
vt 0.375000 0.500000
vt 0.375000 0.500000
vt 0.375000 0.500000
vt 0.510902 0.500000
vt 0.510902 0.500000
vt 0.444768 0.500000
vt 0.444768 0.500000
vt 0.392442 0.500000
vt 0.392442 0.500000
vt 0.392442 0.500000
vt 0.375000 0.500000
vt 0.386163 0.500000
vt 0.375000 0.500000
vt 0.444768 0.500000
vt 0.510902 0.500000
vt 0.512210 0.500000
vt 0.625000 0.500000
vt 0.611192 0.500000
vt 0.611192 0.500000
vt 0.611192 0.500000
vt 0.625000 0.500000
vt 0.611192 0.500000
vt 0.444768 0.500000
vt 0.510902 0.500000
vt 0.392442 0.500000
vt 0.375000 0.500000
vt 0.375000 0.500000
vt 0.406008 0.500000
vt 0.444768 0.500000
vt 0.444768 0.500000
vt 0.392442 0.500000
vt 0.483528 0.500000
vt 0.497094 0.500000
vt 0.483528 0.500000
vt 0.444768 0.500000
vt 0.406008 0.500000
vt 0.625000 0.500000
vt 0.611192 0.500000
vt 0.611192 0.500000
vt 0.600452 0.500000
vt 0.611192 0.500000
vt 0.600452 0.500000
vt 0.444768 0.500000
vt 0.510902 0.500000
vt 0.392442 0.500000
vt 0.375000 0.500000
vt 0.392442 0.500000
vt 0.444768 0.500000
vt 0.510902 0.500000
vt 0.625000 0.500000
vt 0.611192 0.500000
vt 0.611192 0.500000
vt 0.600452 0.500000
vt 0.611192 0.500000
vt 0.600452 0.500000
vt 0.375000 0.500000
vt 0.375000 0.500000
vt 0.375000 0.500000
vt 0.375000 0.500000
vt 0.375000 0.500000
vt 0.375000 0.500000
vt 0.375000 0.500000
vt 0.375000 0.500000
vt 0.375000 0.500000
vt 0.375000 0.500000
vt 0.375000 0.500000
vt 0.375000 0.500000
vt 0.375000 0.500000
vt 0.375000 0.500000
vt 0.375000 0.500000
vt 0.375000 0.500000
vt 0.375000 0.500000
vt 0.375000 0.500000
vt 0.375000 0.500000
vt 0.375000 0.500000
vt 0.375000 0.500000
vt 0.375000 0.500000
vt 0.375000 0.500000
vt 0.375000 0.500000
vt 0.375000 0.500000
vt 0.375000 0.500000
vt 0.375000 0.500000
vt 0.375000 0.500000
vt 0.375000 0.500000
vt 0.375000 0.500000
vt 0.375000 0.500000
vt 0.375000 0.500000
vt 0.375000 0.500000
vt 0.375000 0.500000
vt 0.375000 0.500000
vt 0.444768 0.323063
vt 0.392442 0.332806
vt 0.510902 0.323063
vt 0.625000 0.323063
vt 0.625000 0.362034
vt 0.625000 0.362034
vt 0.611192 0.332806
vt 0.611192 0.391263
vt 0.600452 0.383685
vt 0.611192 0.362034
vt 0.600452 0.340384
vt 0.444768 0.401006
vt 0.510902 0.401006
vt 0.392442 0.391263
vt 0.375000 0.362034
vt 0.375000 0.362034
vt 0.392442 0.158333
vt 0.444768 0.145238
vt 0.510902 0.145238
vt 0.625000 0.197619
vt 0.625000 0.197619
vt 0.611192 0.158333
vt 0.625000 0.250000
vt 0.611192 0.236905
vt 0.600452 0.226720
vt 0.611192 0.197619
vt 0.600452 0.168519
vt 0.444768 0.250000
vt 0.510902 0.250000
vt 0.392442 0.236905
vt 0.375000 0.197619
vt 0.375000 0.197619
vt 0.569768 0.500000
vt 0.569768 0.500000
vt 0.569768 0.500000
vt 0.569768 0.500000
vt 0.569768 0.513095
vt 0.569768 0.552381
vt 0.569768 0.609821
vt 0.569768 0.677381
vt 0.569768 0.731845
vt 0.569768 0.750000
vt 0.569768 0.750000
vt 0.569768 0.750000
vt 0.569768 0.750000
vt 0.625000 0.750000
vt 0.569768 0.750000
vt 0.569768 0.750000
vt 0.600452 0.750000
vt 0.569768 0.750000
vt 0.569768 0.762374
vt 0.569768 0.750000
vt 0.569768 0.799497
vt 0.569768 0.846363
vt 0.625000 0.799497
vt 0.625000 0.848994
vt 0.569768 0.887966
vt 0.569768 0.926327
vt 0.625000 0.887966
vt 0.625000 0.926937
vt 0.569768 0.963468
vt 0.569768 1.000000
vt 0.625000 0.963468
vt 0.625000 1.000000
vt 0.569768 0.000000
vt 0.569768 0.000000
vt 0.569768 0.000000
vt 0.569768 0.000000
vt 0.569768 0.000000
vt 0.569768 0.000000
vt 0.569768 0.018155
vt 0.569768 0.072619
vt 0.569768 0.127083
vt 0.569768 0.145238
vt 0.569768 0.145238
vt 0.600452 0.145238
vt 0.569768 0.145238
vt 0.569768 0.145238
vt 0.611192 0.145238
vt 0.569768 0.145238
vt 0.600452 0.145238
vt 0.569768 0.145238
vt 0.569768 0.145238
vt 0.569768 0.158333
vt 0.569768 0.197619
vt 0.569768 0.236905
vt 0.569768 0.259133
vt 0.569768 0.250000
vt 0.569768 0.286532
vt 0.569768 0.313930
vt 0.625000 0.286532
vt 0.569768 0.323063
vt 0.569768 0.332806
vt 0.569768 0.362034
vt 0.569768 0.391263
vt 0.569768 0.401006
vt 0.569768 0.401006
vt 0.569768 0.401006
vt 0.569768 0.401006
vt 0.569768 0.401006
vt 0.569768 0.401006
vt 0.569768 0.401006
vt 0.569768 0.413380
vt 0.569768 0.450503
vt 0.569768 0.487626
vt 0.569768 0.500000
vt 0.569768 0.500000
vt 0.569768 0.500000
vt 0.569768 0.500000
vt 0.569768 0.500000
vt 0.569768 0.500000
vt 0.569768 0.500000
vt 0.569768 0.500000
vt 0.569768 0.500000
vt 0.569768 0.500000
vt 0.569768 0.500000
vt 0.569768 0.500000
vt 0.569768 0.500000
vt 0.569768 0.500000
vt 0.569768 0.500000
vt 0.569768 0.500000
vt 0.569768 0.500000
vt 0.569768 0.500000
vt 0.625000 0.500000
vt 0.625000 0.500000
vt 0.569768 0.500000
vt 0.569768 0.500000
vt 0.625000 0.500000
vt 0.625000 0.500000
vt 0.569768 0.500000
vt 0.569768 0.500000
vt 0.625000 0.500000
vt 0.569768 0.500000
vt 0.569768 0.500000
vt 0.569768 0.500000
vt 0.569768 0.500000
vt 0.569768 0.500000
vt 0.569768 0.500000
vt 0.569768 0.500000
vt 0.569768 0.500000
vt 0.569768 0.500000
vt 0.569768 0.500000
vt 0.569768 0.500000
vt 0.569768 0.500000
vt 0.569768 0.500000
vt 0.528344 0.500000
vt 0.569768 0.500000
vt 0.569768 0.500000
vt 0.569768 0.500000
vt 0.569768 0.500000
vt 0.569768 0.500000
vt 0.569768 0.500000
vt 0.569768 0.500000
vt 0.625000 0.500000
vt 0.625000 0.500000
vt 0.625000 0.500000
vt 0.625000 0.500000
vt 0.625000 0.500000
vt 0.625000 0.500000
vt 0.625000 0.500000
vt 0.625000 0.500000
vt 0.625000 0.500000
vt 0.625000 0.500000
vt 0.625000 0.500000
vt 0.625000 0.500000
vt 0.625000 0.500000
vt 0.625000 0.500000
vt 0.625000 0.500000
vt 0.625000 0.500000
vt 0.625000 0.500000
vt 0.625000 0.500000
vt 0.625000 0.500000
vt 0.625000 0.500000
vt 0.625000 0.500000
vt 0.625000 0.500000
vt 0.625000 0.500000
vt 0.625000 0.500000
vt 0.625000 0.500000
vt 0.625000 0.500000
vt 0.625000 0.500000
vt 0.625000 0.500000
vt 0.625000 0.500000
vt 0.625000 0.500000
vt 0.625000 0.500000
vt 0.625000 0.500000
vt 0.625000 0.500000
vt 0.375000 0.500000
vt 0.375000 0.500000
vt 0.375000 0.500000
vt 0.375000 0.500000
vt 0.375000 0.500000
vt 0.375000 0.500000
vt 0.375000 0.500000
vt 0.375000 0.500000
vt 0.375000 0.500000
vt 0.375000 0.500000
vt 0.375000 0.500000
vt 0.375000 0.500000
vt 0.375000 0.500000
vt 0.375000 0.500000
vt 0.375000 0.500000
vt 0.375000 0.500000
vt 0.776006 0.000000
vt 0.825503 0.000000
vt 0.825503 0.000000
vt 0.776006 0.000000
vt 0.875000 0.000000
vt 0.862626 0.018155
vt 0.875000 0.072619
vt 0.875000 0.072619
vt 0.875000 0.145238
vt 0.875000 0.145238
vt 0.125000 0.000000
vt 0.174497 0.000000
vt 0.174497 0.000000
vt 0.137374 0.018155
vt 0.223994 0.000000
vt 0.223994 0.000000
vt 0.223994 0.000000
vt 0.174497 0.000000
vt 0.125000 0.000000
vt 0.125000 0.145238
vt 0.125000 0.072619
vt 0.125000 0.072619
vt 0.125000 0.145238
vt 0.125000 0.072619
vt 0.125000 0.145238
vt 0.301937 0.000000
vt 0.338468 0.000000
vt 0.338468 0.000000
vt 0.301937 0.000000
vt 0.375000 0.000000
vt 0.375000 0.000000
vt 0.375000 0.000000
vt 0.338468 0.000000
vt 0.301937 0.000000
vt 0.375000 0.000000
vt 0.375000 0.072619
vt 0.375000 0.072619
vt 0.375000 0.000000
vt 0.375000 0.145238
vt 0.375000 0.145238
vt 0.375000 0.145238
vt 0.375000 0.072619
vt 0.375000 0.000000
vt 0.625000 0.000000
vt 0.661532 0.000000
vt 0.661532 0.000000
vt 0.625000 0.000000
vt 0.698063 0.000000
vt 0.698063 0.000000
vt 0.698063 0.000000
vt 0.661532 0.000000
vt 0.625000 0.000000
vt 0.625000 0.145238
vt 0.625000 0.072619
vt 0.625000 0.072619
vt 0.625000 0.145238
vt 0.625000 0.000000
vt 0.625000 0.000000
vt 0.625000 0.000000
vt 0.625000 0.072619
vt 0.625000 0.145238
vt 0.223994 0.000000
vt 0.262966 0.000000
vt 0.262966 0.000000
vt 0.223994 0.000000
vt 0.301937 0.000000
vt 0.301937 0.000000
vt 0.301937 0.000000
vt 0.262966 0.000000
vt 0.223994 0.000000
vt 0.698063 0.000000
vt 0.737034 0.000000
vt 0.737034 0.000000
vt 0.698063 0.000000
vt 0.776006 0.000000
vt 0.776006 0.000000
vt 0.776006 0.000000
vt 0.737034 0.000000
vt 0.698063 0.000000
vt 0.375000 0.145238
vt 0.375000 0.197619
vt 0.375000 0.197619
vt 0.375000 0.145238
vt 0.375000 0.250000
vt 0.375000 0.250000
vt 0.375000 0.250000
vt 0.375000 0.197619
vt 0.375000 0.145238
vt 0.375000 0.250000
vt 0.338468 0.250000
vt 0.338468 0.250000
vt 0.375000 0.250000
vt 0.301937 0.250000
vt 0.301937 0.250000
vt 0.301937 0.250000
vt 0.338468 0.250000
vt 0.375000 0.250000
vt 0.301937 0.250000
vt 0.262966 0.250000
vt 0.262966 0.250000
vt 0.301937 0.250000
vt 0.223994 0.250000
vt 0.221363 0.250000
vt 0.223994 0.250000
vt 0.262966 0.250000
vt 0.301937 0.250000
vt 0.174497 0.250000
vt 0.174497 0.250000
vt 0.125000 0.250000
vt 0.125000 0.250000
vt 0.125000 0.250000
vt 0.174497 0.250000
vt 0.125000 0.250000
vt 0.125000 0.197619
vt 0.125000 0.197619
vt 0.125000 0.250000
vt 0.125000 0.145238
vt 0.125000 0.145238
vt 0.125000 0.145238
vt 0.125000 0.197619
vt 0.125000 0.250000
vt 0.875000 0.145238
vt 0.875000 0.197619
vt 0.875000 0.197619
vt 0.875000 0.145238
vt 0.875000 0.250000
vt 0.862626 0.236905
vt 0.875000 0.250000
vt 0.875000 0.197619
vt 0.875000 0.145238
vt 0.825503 0.250000
vt 0.825503 0.250000
vt 0.776006 0.250000
vt 0.778637 0.250000
vt 0.776006 0.250000
vt 0.825503 0.250000
vt 0.737034 0.250000
vt 0.737034 0.250000
vt 0.698063 0.250000
vt 0.698673 0.250000
vt 0.698063 0.250000
vt 0.737034 0.250000
vt 0.661532 0.250000
vt 0.661532 0.250000
vt 0.625000 0.250000
vt 0.634133 0.236905
vt 0.625000 0.250000
vt 0.661532 0.250000
vt 0.625000 0.197619
vt 0.625000 0.197619
vt 0.625000 0.145238
vt 0.625000 0.145238
vt 0.625000 0.145238
vt 0.625000 0.197619
vt 0.444768 0.145238
vt 0.510902 0.145238
vt 0.392442 0.145238
vt 0.375000 0.145238
vt 0.392442 0.145238
vt 0.444768 0.145238
vt 0.510902 0.145238
vt 0.569768 0.145238
vt 0.611192 0.145238
vt 0.569768 0.145238
vt 0.611192 0.145238
vt 0.625000 0.145238
vt 0.392442 0.500000
vt 0.497094 0.500000
vt 0.444768 0.500000
vt 0.514536 0.500000
vt 0.497094 0.500000
vt 0.444768 0.500000
vt 0.392442 0.500000
vt 0.375000 0.500000
vn 0.040240 -0.819307 -0.571941
vn 0.110297 -0.885571 -0.451220
vn 0.000000 -0.891007 -0.453990
vn 0.000000 -0.819470 -0.573122
vn 0.110297 -0.885571 -0.451220
vn 0.040240 -0.944288 -0.326652
vn 0.000000 -0.945338 -0.326091
vn 0.000000 -0.891007 -0.453990
vn 0.000000 -0.891007 -0.453990
vn 0.000000 -0.945338 -0.326091
vn -0.040240 -0.944288 -0.326652
vn -0.110297 -0.885571 -0.451220
vn 0.000000 -0.819470 -0.573122
vn 0.000000 -0.891007 -0.453990
vn -0.110297 -0.885571 -0.451220
vn -0.040240 -0.819307 -0.571941
vn 0.046001 -0.802989 -0.594216
vn -0.006383 -0.707092 -0.707093
vn 0.128620 -0.701233 -0.701234
vn 0.124075 -0.723885 -0.678672
vn -0.006383 -0.707092 -0.707093
vn 0.046002 -0.594215 -0.802989
vn 0.124075 -0.678671 -0.723886
vn 0.128620 -0.701233 -0.701234
vn 0.128620 -0.701233 -0.701234
vn 0.124075 -0.678671 -0.723886
vn 0.851117 -0.456007 -0.260112
vn 0.588608 -0.571638 -0.571639
vn 0.124075 -0.723885 -0.678672
vn 0.128620 -0.701233 -0.701234
vn 0.588608 -0.571638 -0.571639
vn 0.851117 -0.260112 -0.456007
vn 0.040240 -0.326654 -0.944287
vn 0.110296 -0.451221 -0.885570
vn 0.000000 -0.453991 -0.891006
vn 0.000000 -0.326093 -0.945338
vn 0.110296 -0.451221 -0.885570
vn 0.040240 -0.571942 -0.819307
vn 0.000000 -0.573122 -0.819470
vn 0.000000 -0.453991 -0.891006
vn 0.000000 -0.453991 -0.891006
vn 0.000000 -0.573122 -0.819470
vn -0.040240 -0.571942 -0.819307
vn -0.110296 -0.451221 -0.885570
vn 0.000000 -0.326093 -0.945338
vn 0.000000 -0.453991 -0.891006
vn -0.110296 -0.451221 -0.885570
vn -0.040240 -0.326655 -0.944287
vn 0.046002 -0.300360 -0.952716
vn -0.006383 -0.156431 -0.987668
vn 0.128620 -0.155135 -0.979485
vn 0.124074 -0.186722 -0.974546
vn -0.006383 -0.156431 -0.987668
vn 0.046003 -0.008745 -0.998903
vn 0.124075 -0.123566 -0.984549
vn 0.128620 -0.155135 -0.979485
vn 0.128620 -0.155135 -0.979485
vn 0.124075 -0.123566 -0.984549
vn 0.851117 -0.216027 -0.478469
vn 0.588608 -0.126464 -0.798466
vn 0.124074 -0.186722 -0.974546
vn 0.128620 -0.155135 -0.979485
vn 0.588608 -0.126464 -0.798466
vn 0.851117 0.057600 -0.521807
vn 0.040240 0.290770 -0.955947
vn 0.110297 0.155480 -0.981662
vn 0.000000 0.156434 -0.987688
vn 0.000000 0.291842 -0.956467
vn 0.110297 0.155480 -0.981662
vn 0.040240 0.018865 -0.999012
vn 0.000000 0.018006 -0.999838
vn 0.000000 0.156434 -0.987688
vn 0.000000 0.156434 -0.987688
vn 0.000000 0.018006 -0.999838
vn -0.040240 0.018865 -0.999012
vn -0.110297 0.155480 -0.981662
vn 0.000000 0.291842 -0.956467
vn 0.000000 0.156434 -0.987688
vn -0.110297 0.155480 -0.981662
vn -0.040240 0.290770 -0.955947
vn 0.046002 0.316995 -0.947311
vn -0.006383 0.453981 -0.890988
vn 0.128620 0.450219 -0.883606
vn 0.124075 0.421761 -0.898178
vn -0.006383 0.453981 -0.890988
vn 0.046002 0.580065 -0.813270
vn 0.124075 0.478735 -0.869148
vn 0.128620 0.450219 -0.883606
vn 0.128620 0.450219 -0.883606
vn 0.124075 0.478735 -0.869148
vn 0.851116 0.106467 -0.514068
vn 0.588608 0.367014 -0.720306
vn 0.124075 0.421761 -0.898178
vn 0.128620 0.450219 -0.883606
vn 0.588608 0.367014 -0.720306
vn 0.851116 0.353310 -0.388295
vn 0.040240 0.797129 -0.602467
vn 0.110296 0.702793 -0.702792
vn 0.000000 0.707107 -0.707107
vn 0.000000 0.798302 -0.602257
vn 0.110296 0.702793 -0.702792
vn 0.040240 0.602468 -0.797128
vn 0.000000 0.602258 -0.798301
vn 0.000000 0.707107 -0.707107
vn 0.000000 0.707107 -0.707107
vn 0.000000 0.602258 -0.798301
vn -0.040240 0.602468 -0.797128
vn -0.110297 0.702793 -0.702792
vn 0.000000 0.798302 -0.602257
vn 0.000000 0.707107 -0.707107
vn -0.110297 0.702793 -0.702792
vn -0.040240 0.797129 -0.602467
vn 0.046002 0.813270 -0.580065
vn -0.006383 0.890988 -0.453981
vn 0.128620 0.883606 -0.450220
vn 0.124074 0.869148 -0.478735
vn -0.006383 0.890988 -0.453981
vn 0.046002 0.947311 -0.316995
vn 0.124074 0.898178 -0.421761
vn 0.128620 0.883606 -0.450220
vn 0.128620 0.883606 -0.450220
vn 0.124074 0.898178 -0.421761
vn 0.851116 0.388295 -0.353310
vn 0.588608 0.720306 -0.367014
vn 0.124074 0.869148 -0.478735
vn 0.128620 0.883606 -0.450220
vn 0.588608 0.720306 -0.367014
vn 0.851116 0.514068 -0.106467
vn 0.040240 0.999012 -0.018866
vn 0.110296 0.981662 -0.155480
vn 0.000000 0.987688 -0.156435
vn 0.000000 0.999838 -0.018007
vn 0.110296 0.981662 -0.155480
vn 0.040240 0.955947 -0.290770
vn 0.000000 0.956467 -0.291842
vn 0.000000 0.987688 -0.156435
vn 0.000000 0.987688 -0.156435
vn 0.000000 0.956467 -0.291842
vn -0.040240 0.955947 -0.290770
vn -0.110296 0.981662 -0.155481
vn 0.000000 0.999838 -0.018007
vn 0.000000 0.987688 -0.156435
vn -0.110296 0.981662 -0.155481
vn -0.040240 0.999012 -0.018866
vn 0.046002 0.998903 0.008745
vn -0.006383 0.987668 0.156431
vn 0.128620 0.979485 0.155135
vn 0.124075 0.984549 0.123567
vn -0.006383 0.987668 0.156431
vn 0.046002 0.952716 0.300361
vn 0.124074 0.974546 0.186723
vn 0.128620 0.979485 0.155135
vn 0.128620 0.979485 0.155135
vn 0.124074 0.974546 0.186723
vn 0.851116 0.521808 -0.057599
vn 0.588608 0.798466 0.126464
vn 0.124075 0.984549 0.123567
vn 0.128620 0.979485 0.155135
vn 0.588608 0.798466 0.126464
vn 0.851117 0.478469 0.216028
vn 0.040240 0.819306 0.571942
vn 0.110297 0.885570 0.451221
vn 0.000000 0.891006 0.453991
vn 0.000000 0.819470 0.573123
vn 0.110297 0.885570 0.451221
vn 0.040240 0.944287 0.326654
vn 0.000000 0.945338 0.326092
vn 0.000000 0.891006 0.453991
vn 0.000000 0.891006 0.453991
vn 0.000000 0.945338 0.326092
vn -0.040240 0.944287 0.326654
vn -0.110297 0.885570 0.451221
vn 0.000000 0.819470 0.573123
vn 0.000000 0.891006 0.453991
vn -0.110297 0.885570 0.451221
vn -0.040240 0.819306 0.571942
vn 0.046002 0.802989 0.594215
vn -0.006383 0.707093 0.707092
vn 0.128620 0.701234 0.701233
vn 0.124075 0.723886 0.678671
vn -0.006383 0.707093 0.707092
vn 0.046002 0.594216 0.802989
vn 0.124075 0.678671 0.723886
vn 0.128620 0.701234 0.701233
vn 0.128620 0.701234 0.701233
vn 0.124075 0.678671 0.723886
vn 0.851117 0.456007 0.260112
vn 0.588608 0.571639 0.571638
vn 0.124075 0.723886 0.678671
vn 0.128620 0.701234 0.701233
vn 0.588608 0.571639 0.571638
vn 0.851117 0.260112 0.456007
vn 0.040240 0.326654 0.944287
vn 0.110297 0.451220 0.885570
vn 0.000000 0.453990 0.891007
vn 0.000000 0.326092 0.945338
vn 0.110297 0.451220 0.885570
vn 0.040240 0.571941 0.819307
vn 0.000000 0.573121 0.819471
vn 0.000000 0.453990 0.891007
vn 0.000000 0.453990 0.891007
vn 0.000000 0.573121 0.819471
vn -0.040240 0.571941 0.819307
vn -0.110297 0.451220 0.885570
vn 0.000000 0.326092 0.945338
vn 0.000000 0.453990 0.891007
vn -0.110297 0.451220 0.885570
vn -0.040240 0.326654 0.944287
vn 0.046002 0.300360 0.952716
vn -0.006383 0.156431 0.987668
vn 0.128620 0.155135 0.979485
vn 0.124074 0.186723 0.974546
vn -0.006383 0.156431 0.987668
vn 0.046002 0.008746 0.998903
vn 0.124074 0.123567 0.984549
vn 0.128620 0.155135 0.979485
vn 0.128620 0.155135 0.979485
vn 0.124074 0.123567 0.984549
vn 0.851116 0.216028 0.478469
vn 0.588608 0.126465 0.798466
vn 0.124074 0.186723 0.974546
vn 0.128620 0.155135 0.979485
vn 0.588608 0.126465 0.798466
vn 0.851117 -0.057600 0.521807
vn 0.040240 -0.290770 0.955946
vn 0.110297 -0.155480 0.981662
vn 0.000000 -0.156435 0.987688
vn 0.000000 -0.291842 0.956466
vn 0.110297 -0.155480 0.981662
vn 0.040240 -0.018866 0.999012
vn 0.000000 -0.018007 0.999838
vn 0.000000 -0.156435 0.987688
vn 0.000000 -0.156435 0.987688
vn 0.000000 -0.018007 0.999838
vn -0.040240 -0.018866 0.999012
vn -0.110297 -0.155480 0.981662
vn 0.000000 -0.291842 0.956466
vn 0.000000 -0.156435 0.987688
vn -0.110297 -0.155480 0.981662
vn -0.040240 -0.290770 0.955947
vn 0.046002 -0.316995 0.947311
vn -0.006383 -0.453981 0.890989
vn 0.128620 -0.450219 0.883606
vn 0.124074 -0.421762 0.898177
vn -0.006383 -0.453981 0.890989
vn 0.046002 -0.580065 0.813270
vn 0.124075 -0.478735 0.869148
vn 0.128620 -0.450219 0.883606
vn 0.128620 -0.450219 0.883606
vn 0.124075 -0.478735 0.869148
vn 0.851116 -0.106467 0.514068
vn 0.588608 -0.367014 0.720307
vn 0.124074 -0.421762 0.898177
vn 0.128620 -0.450219 0.883606
vn 0.588608 -0.367014 0.720307
vn 0.851116 -0.353310 0.388295
vn 0.040240 -0.797130 0.602466
vn 0.110296 -0.702793 0.702792
vn 0.000000 -0.707108 0.707106
vn 0.000000 -0.798303 0.602256
vn 0.110296 -0.702793 0.702792
vn 0.040240 -0.602468 0.797128
vn 0.000000 -0.602258 0.798301
vn 0.000000 -0.707108 0.707106
vn 0.000000 -0.707108 0.707106
vn 0.000000 -0.602258 0.798301
vn -0.040240 -0.602468 0.797128
vn -0.110296 -0.702794 0.702792
vn 0.000000 -0.798303 0.602256
vn 0.000000 -0.707108 0.707106
vn -0.110296 -0.702794 0.702792
vn -0.040240 -0.797129 0.602466
vn 0.046002 -0.813270 0.580065
vn -0.006383 -0.890988 0.453981
vn 0.128620 -0.883606 0.450220
vn 0.124074 -0.869148 0.478736
vn -0.006383 -0.890988 0.453981
vn 0.046002 -0.947311 0.316996
vn 0.124075 -0.898177 0.421762
vn 0.128620 -0.883606 0.450220
vn 0.128620 -0.883606 0.450220
vn 0.124075 -0.898177 0.421762
vn 0.851116 -0.388295 0.353310
vn 0.588608 -0.720306 0.367015
vn 0.124074 -0.869148 0.478736
vn 0.128620 -0.883606 0.450220
vn 0.588608 -0.720306 0.367015
vn 0.851116 -0.514068 0.106467
vn 0.040240 -0.999012 0.018867
vn 0.110296 -0.981662 0.155481
vn 0.000000 -0.987688 0.156435
vn 0.000000 -0.999838 0.018008
vn 0.110296 -0.981662 0.155481
vn 0.040240 -0.955947 0.290770
vn 0.000000 -0.956467 0.291842
vn 0.000000 -0.987688 0.156435
vn 0.000000 -0.987688 0.156435
vn 0.000000 -0.956467 0.291842
vn -0.040240 -0.955947 0.290770
vn -0.110297 -0.981662 0.155481
vn 0.000000 -0.999838 0.018008
vn 0.000000 -0.987688 0.156435
vn -0.110297 -0.981662 0.155481
vn -0.040240 -0.999012 0.018867
vn 0.046001 -0.998903 -0.008745
vn -0.006383 -0.987668 -0.156430
vn 0.128620 -0.979485 -0.155134
vn 0.124075 -0.984549 -0.123566
vn -0.006383 -0.987668 -0.156430
vn 0.046002 -0.952716 -0.300359
vn 0.124075 -0.974546 -0.186721
vn 0.128620 -0.979485 -0.155134
vn 0.128620 -0.979485 -0.155134
vn 0.124075 -0.974546 -0.186721
vn 0.851117 -0.521807 0.057600
vn 0.588608 -0.798466 -0.126464
vn 0.124075 -0.984549 -0.123566
vn 0.128620 -0.979485 -0.155134
vn 0.588608 -0.798466 -0.126464
vn 0.851117 -0.478469 -0.216027
vn -0.974624 -0.181097 -0.131575
vn -0.968433 -0.222106 -0.113169
vn -0.999112 -0.037552 -0.019133
vn -0.999901 -0.011367 -0.008259
vn -0.974624 -0.212893 -0.069173
vn -0.999901 -0.013363 -0.004342
vn -0.999112 -0.037552 -0.019133
vn -0.968433 -0.222106 -0.113169
vn -1.000000 0.000000 0.000000
vn -0.999901 -0.011367 -0.008259
vn -0.999112 -0.037552 -0.019133
vn -0.999901 -0.013363 -0.004342
vn -0.974624 -0.131575 -0.181097
vn -0.968433 -0.176264 -0.176264
vn -0.999112 -0.029801 -0.029801
vn -0.999901 -0.008259 -0.011367
vn -0.974624 -0.181097 -0.131575
vn -0.999901 -0.011367 -0.008259
vn -0.999112 -0.029801 -0.029801
vn -0.968433 -0.176264 -0.176264
vn -1.000000 0.000000 0.000000
vn -0.999901 -0.008259 -0.011367
vn -0.999112 -0.029801 -0.029801
vn -0.999901 -0.011367 -0.008259
vn -0.974624 -0.069173 -0.212892
vn -0.968433 -0.113169 -0.222106
vn -0.999111 -0.019134 -0.037552
vn -0.999901 -0.004342 -0.013363
vn -0.974624 -0.131575 -0.181097
vn -0.999901 -0.008259 -0.011367
vn -0.999111 -0.019134 -0.037552
vn -0.968433 -0.113169 -0.222106
vn -1.000000 0.000000 0.000000
vn -0.999901 -0.004342 -0.013363
vn -0.999111 -0.019134 -0.037552
vn -0.999901 -0.008259 -0.011367
vn -0.974624 0.000000 -0.223848
vn -0.968433 -0.038995 -0.246206
vn -0.999112 -0.006593 -0.041626
vn -0.999901 0.000000 -0.014050
vn -0.974624 -0.069173 -0.212892
vn -0.999901 -0.004342 -0.013363
vn -0.999112 -0.006593 -0.041626
vn -0.968433 -0.038995 -0.246206
vn -1.000000 0.000000 0.000000
vn -0.999901 0.000000 -0.014050
vn -0.999112 -0.006593 -0.041626
vn -0.999901 -0.004342 -0.013363
vn -0.974624 0.069173 -0.212892
vn -0.968433 0.038995 -0.246206
vn -0.999112 0.006593 -0.041626
vn -0.999901 0.004342 -0.013363
vn -0.974624 0.000000 -0.223848
vn -0.999901 0.000000 -0.014050
vn -0.999112 0.006593 -0.041626
vn -0.968433 0.038995 -0.246206
vn -1.000000 0.000000 0.000000
vn -0.999901 0.004342 -0.013363
vn -0.999112 0.006593 -0.041626
vn -0.999901 0.000000 -0.014050
vn -0.974624 0.131575 -0.181097
vn -0.968433 0.113169 -0.222106
vn -0.999111 0.019133 -0.037552
vn -0.999901 0.008259 -0.011367
vn -0.974624 0.069173 -0.212892
vn -0.999901 0.004342 -0.013363
vn -0.999111 0.019133 -0.037552
vn -0.968433 0.113169 -0.222106
vn -1.000000 0.000000 0.000000
vn -0.999901 0.008259 -0.011367
vn -0.999111 0.019133 -0.037552
vn -0.999901 0.004342 -0.013363
vn -0.974624 0.181097 -0.131575
vn -0.968433 0.176264 -0.176264
vn -0.999112 0.029801 -0.029801
vn -0.999901 0.011367 -0.008259
vn -0.974624 0.131575 -0.181097
vn -0.999901 0.008259 -0.011367
vn -0.999112 0.029801 -0.029801
vn -0.968433 0.176264 -0.176264
vn -1.000000 0.000000 0.000000
vn -0.999901 0.011367 -0.008259
vn -0.999112 0.029801 -0.029801
vn -0.999901 0.008259 -0.011367
vn -0.974624 0.212893 -0.069173
vn -0.968433 0.222106 -0.113169
vn -0.999111 0.037552 -0.019134
vn -0.999901 0.013363 -0.004342
vn -0.974624 0.181097 -0.131575
vn -0.999901 0.011367 -0.008259
vn -0.999111 0.037552 -0.019134
vn -0.968433 0.222106 -0.113169
vn -1.000000 0.000000 0.000000
vn -0.999901 0.013363 -0.004342
vn -0.999111 0.037552 -0.019134
vn -0.999901 0.011367 -0.008259
vn -0.974624 0.223848 0.000000
vn -0.968433 0.246206 -0.038995
vn -0.999112 0.041626 -0.006593
vn -0.999901 0.014050 0.000000
vn -0.974624 0.212893 -0.069173
vn -0.999901 0.013363 -0.004342
vn -0.999112 0.041626 -0.006593
vn -0.968433 0.246206 -0.038995
vn -1.000000 0.000000 0.000000
vn -0.999901 0.014050 0.000000
vn -0.999112 0.041626 -0.006593
vn -0.999901 0.013363 -0.004342
vn -0.974624 0.212892 0.069173
vn -0.968433 0.246207 0.038995
vn -0.999112 0.041626 0.006593
vn -0.999901 0.013363 0.004342
vn -0.974624 0.223848 0.000000
vn -0.999901 0.014050 0.000000
vn -0.999112 0.041626 0.006593
vn -0.968433 0.246207 0.038995
vn -1.000000 0.000000 0.000000
vn -0.999901 0.013363 0.004342
vn -0.999112 0.041626 0.006593
vn -0.999901 0.014050 0.000000
vn -0.974624 0.181097 0.131575
vn -0.968433 0.222106 0.113169
vn -0.999112 0.037552 0.019133
vn -0.999901 0.011367 0.008259
vn -0.974624 0.212892 0.069173
vn -0.999901 0.013363 0.004342
vn -0.999112 0.037552 0.019133
vn -0.968433 0.222106 0.113169
vn -1.000000 0.000000 0.000000
vn -0.999901 0.011367 0.008259
vn -0.999112 0.037552 0.019133
vn -0.999901 0.013363 0.004342
vn -0.974624 0.131575 0.181097
vn -0.968433 0.176264 0.176264
vn -0.999112 0.029801 0.029801
vn -0.999901 0.008259 0.011367
vn -0.974624 0.181097 0.131575
vn -0.999901 0.011367 0.008259
vn -0.999112 0.029801 0.029801
vn -0.968433 0.176264 0.176264
vn -1.000000 0.000000 0.000000
vn -0.999901 0.008259 0.011367
vn -0.999112 0.029801 0.029801
vn -0.999901 0.011367 0.008259
vn -0.974624 0.069173 0.212893
vn -0.968433 0.113169 0.222106
vn -0.999111 0.019133 0.037552
vn -0.999901 0.004342 0.013363
vn -0.974624 0.131575 0.181097
vn -0.999901 0.008259 0.011367
vn -0.999111 0.019133 0.037552
vn -0.968433 0.113169 0.222106
vn -1.000000 0.000000 0.000000
vn -0.999901 0.004342 0.013363
vn -0.999111 0.019133 0.037552
vn -0.999901 0.008259 0.011367
vn -0.974624 0.000000 0.223848
vn -0.968433 0.038995 0.246207
vn -0.999112 0.006593 0.041626
vn -0.999901 0.000000 0.014050
vn -0.974624 0.069173 0.212893
vn -0.999901 0.004342 0.013363
vn -0.999112 0.006593 0.041626
vn -0.968433 0.038995 0.246207
vn -1.000000 0.000000 0.000000
vn -0.999901 0.000000 0.014050
vn -0.999112 0.006593 0.041626
vn -0.999901 0.004342 0.013363
vn -0.974624 -0.069173 0.212893
vn -0.968433 -0.038995 0.246207
vn -0.999112 -0.006593 0.041626
vn -0.999901 -0.004342 0.013363
vn -0.974624 0.000000 0.223848
vn -0.999901 0.000000 0.014050
vn -0.999112 -0.006593 0.041626
vn -0.968433 -0.038995 0.246207
vn -1.000000 0.000000 0.000000
vn -0.999901 -0.004342 0.013363
vn -0.999112 -0.006593 0.041626
vn -0.999901 0.000000 0.014050
vn -0.974624 -0.131575 0.181097
vn -0.968433 -0.113169 0.222106
vn -0.999111 -0.019133 0.037552
vn -0.999901 -0.008259 0.011367
vn -0.974624 -0.069173 0.212893
vn -0.999901 -0.004342 0.013363
vn -0.999111 -0.019133 0.037552
vn -0.968433 -0.113169 0.222106
vn -1.000000 0.000000 0.000000
vn -0.999901 -0.008259 0.011367
vn -0.999111 -0.019133 0.037552
vn -0.999901 -0.004342 0.013363
vn -0.974624 -0.181097 0.131575
vn -0.968433 -0.176264 0.176264
vn -0.999112 -0.029801 0.029801
vn -0.999901 -0.011367 0.008259
vn -0.974624 -0.131575 0.181097
vn -0.999901 -0.008259 0.011367
vn -0.999112 -0.029801 0.029801
vn -0.968433 -0.176264 0.176264
vn -1.000000 0.000000 0.000000
vn -0.999901 -0.011367 0.008259
vn -0.999112 -0.029801 0.029801
vn -0.999901 -0.008259 0.011367
vn -0.974624 -0.212893 0.069173
vn -0.968433 -0.222106 0.113169
vn -0.999111 -0.037552 0.019134
vn -0.999901 -0.013363 0.004342
vn -0.974624 -0.181097 0.131575
vn -0.999901 -0.011367 0.008259
vn -0.999111 -0.037552 0.019134
vn -0.968433 -0.222106 0.113169
vn -1.000000 0.000000 0.000000
vn -0.999901 -0.013363 0.004342
vn -0.999111 -0.037552 0.019134
vn -0.999901 -0.011367 0.008259
vn -0.974624 -0.223848 0.000000
vn -0.968433 -0.246207 0.038995
vn -0.999112 -0.041626 0.006593
vn -0.999901 -0.014050 0.000000
vn -0.974624 -0.212893 0.069173
vn -0.999901 -0.013363 0.004342
vn -0.999112 -0.041626 0.006593
vn -0.968433 -0.246207 0.038995
vn -1.000000 0.000000 0.000000
vn -0.999901 -0.014050 0.000000
vn -0.999112 -0.041626 0.006593
vn -0.999901 -0.013363 0.004342
vn -0.974624 -0.212893 -0.069173
vn -0.968433 -0.246206 -0.038995
vn -0.999112 -0.041626 -0.006593
vn -0.999901 -0.013363 -0.004342
vn -0.974624 -0.223848 0.000000
vn -0.999901 -0.014050 0.000000
vn -0.999112 -0.041626 -0.006593
vn -0.968433 -0.246206 -0.038995
vn -1.000000 0.000000 0.000000
vn -0.999901 -0.013363 -0.004342
vn -0.999112 -0.041626 -0.006593
vn -0.999901 -0.014050 0.000000
vn 0.851117 -0.521807 0.057600
vn 0.990216 -0.124333 -0.063351
vn 0.998748 -0.044577 -0.022713
vn 0.998596 -0.048257 0.021871
vn 0.851117 -0.260112 -0.456007
vn 0.998596 -0.010671 -0.051896
vn 0.998748 -0.044577 -0.022713
vn 0.990216 -0.124333 -0.063351
vn 1.000000 0.000000 0.000000
vn 0.998596 -0.048257 0.021871
vn 0.998748 -0.044577 -0.022713
vn 0.998596 -0.010671 -0.051896
vn 0.851117 -0.260112 -0.456007
vn 0.588608 -0.571638 -0.571639
vn 0.987913 -0.109609 -0.109610
vn 0.998596 -0.010671 -0.051896
vn 0.851117 -0.456007 -0.260112
vn 0.998596 -0.051896 -0.010671
vn 0.987913 -0.109609 -0.109610
vn 0.588608 -0.571638 -0.571639
vn 1.000000 0.000000 0.000000
vn 0.998596 -0.010671 -0.051896
vn 0.987913 -0.109609 -0.109610
vn 0.998596 -0.051896 -0.010671
vn 0.851117 -0.456007 -0.260112
vn 0.990216 -0.063351 -0.124333
vn 0.998748 -0.022713 -0.044577
vn 0.998596 -0.051896 -0.010671
vn 0.851117 0.057600 -0.521807
vn 0.998596 0.021870 -0.048257
vn 0.998748 -0.022713 -0.044577
vn 0.990216 -0.063351 -0.124333
vn 1.000000 0.000000 0.000000
vn 0.998596 -0.051896 -0.010671
vn 0.998748 -0.022713 -0.044577
vn 0.998596 0.021870 -0.048257
vn 0.851117 0.057600 -0.521807
vn 0.588608 -0.126464 -0.798466
vn 0.987913 -0.024249 -0.153103
vn 0.998596 0.021870 -0.048257
vn 0.851117 -0.216027 -0.478469
vn 0.998596 -0.035712 -0.039137
vn 0.987913 -0.024249 -0.153103
vn 0.588608 -0.126464 -0.798466
vn 1.000000 0.000000 0.000000
vn 0.998596 0.021870 -0.048257
vn 0.987913 -0.024249 -0.153103
vn 0.998596 -0.035712 -0.039137
vn 0.851117 -0.216027 -0.478469
vn 0.990216 0.021829 -0.137825
vn 0.998748 0.007826 -0.049414
vn 0.998596 -0.035712 -0.039137
vn 0.851116 0.353310 -0.388295
vn 0.998596 0.046058 -0.026186
vn 0.998748 0.007826 -0.049414
vn 0.990216 0.021829 -0.137825
vn 1.000000 0.000000 0.000000
vn 0.998596 -0.035712 -0.039137
vn 0.998748 0.007826 -0.049414
vn 0.998596 0.046058 -0.026186
vn 0.851116 0.353310 -0.388295
vn 0.588608 0.367014 -0.720306
vn 0.987913 0.070374 -0.138116
vn 0.998596 0.046058 -0.026186
vn 0.851116 0.106467 -0.514068
vn 0.998596 -0.005888 -0.052653
vn 0.987913 0.070374 -0.138116
vn 0.588608 0.367014 -0.720306
vn 1.000000 0.000000 0.000000
vn 0.998596 0.046058 -0.026186
vn 0.987913 0.070374 -0.138116
vn 0.998596 -0.005888 -0.052653
vn 0.851116 0.106467 -0.514068
vn 0.990216 0.098671 -0.098671
vn 0.998748 0.035376 -0.035376
vn 0.998596 -0.005888 -0.052653
vn 0.851116 0.514068 -0.106467
vn 0.998596 0.052653 0.005888
vn 0.998748 0.035376 -0.035376
vn 0.990216 0.098671 -0.098671
vn 1.000000 0.000000 0.000000
vn 0.998596 -0.005888 -0.052653
vn 0.998748 0.035376 -0.035376
vn 0.998596 0.052653 0.005888
vn 0.851116 0.514068 -0.106467
vn 0.588608 0.720306 -0.367014
vn 0.987913 0.138116 -0.070374
vn 0.998596 0.052653 0.005888
vn 0.851116 0.388295 -0.353310
vn 0.998596 0.026185 -0.046058
vn 0.987913 0.138116 -0.070374
vn 0.588608 0.720306 -0.367014
vn 1.000000 0.000000 0.000000
vn 0.998596 0.052653 0.005888
vn 0.987913 0.138116 -0.070374
vn 0.998596 0.026185 -0.046058
vn 0.851116 0.388295 -0.353310
vn 0.990216 0.137825 -0.021829
vn 0.998748 0.049414 -0.007826
vn 0.998596 0.026185 -0.046058
vn 0.851117 0.478469 0.216028
vn 0.998596 0.039137 0.035712
vn 0.998748 0.049414 -0.007826
vn 0.990216 0.137825 -0.021829
vn 1.000000 0.000000 0.000000
vn 0.998596 0.026185 -0.046058
vn 0.998748 0.049414 -0.007826
vn 0.998596 0.039137 0.035712
vn 0.851117 0.478469 0.216028
vn 0.588608 0.798466 0.126464
vn 0.987913 0.153103 0.024249
vn 0.998596 0.039137 0.035712
vn 0.851116 0.521808 -0.057599
vn 0.998596 0.048257 -0.021870
vn 0.987913 0.153103 0.024249
vn 0.588608 0.798466 0.126464
vn 1.000000 0.000000 0.000000
vn 0.998596 0.039137 0.035712
vn 0.987913 0.153103 0.024249
vn 0.998596 0.048257 -0.021870
vn 0.851116 0.521808 -0.057599
vn 0.990216 0.124333 0.063351
vn 0.998748 0.044577 0.022713
vn 0.998596 0.048257 -0.021870
vn 0.851117 0.260112 0.456007
vn 0.998596 0.010671 0.051896
vn 0.998748 0.044577 0.022713
vn 0.990216 0.124333 0.063351
vn 1.000000 0.000000 0.000000
vn 0.998596 0.048257 -0.021870
vn 0.998748 0.044577 0.022713
vn 0.998596 0.010671 0.051896
vn 0.851117 0.260112 0.456007
vn 0.588608 0.571639 0.571638
vn 0.987913 0.109610 0.109609
vn 0.998596 0.010671 0.051896
vn 0.851117 0.456007 0.260112
vn 0.998596 0.051896 0.010671
vn 0.987913 0.109610 0.109609
vn 0.588608 0.571639 0.571638
vn 1.000000 0.000000 0.000000
vn 0.998596 0.010671 0.051896
vn 0.987913 0.109610 0.109609
vn 0.998596 0.051896 0.010671
vn 0.851117 0.456007 0.260112
vn 0.990216 0.063351 0.124333
vn 0.998748 0.022713 0.044577
vn 0.998596 0.051896 0.010671
vn 0.851117 -0.057600 0.521807
vn 0.998595 -0.021870 0.048257
vn 0.998748 0.022713 0.044577
vn 0.990216 0.063351 0.124333
vn 1.000000 0.000000 0.000000
vn 0.998596 0.051896 0.010671
vn 0.998748 0.022713 0.044577
vn 0.998595 -0.021870 0.048257
vn 0.851117 -0.057600 0.521807
vn 0.588608 0.126465 0.798466
vn 0.987913 0.024249 0.153103
vn 0.998595 -0.021870 0.048257
vn 0.851116 0.216028 0.478469
vn 0.998596 0.035712 0.039137
vn 0.987913 0.024249 0.153103
vn 0.588608 0.126465 0.798466
vn 1.000000 0.000000 0.000000
vn 0.998595 -0.021870 0.048257
vn 0.987913 0.024249 0.153103
vn 0.998596 0.035712 0.039137
vn 0.851116 0.216028 0.478469
vn 0.990216 -0.021829 0.137824
vn 0.998748 -0.007826 0.049413
vn 0.998596 0.035712 0.039137
vn 0.851116 -0.353310 0.388295
vn 0.998596 -0.046058 0.026185
vn 0.998748 -0.007826 0.049413
vn 0.990216 -0.021829 0.137824
vn 1.000000 0.000000 0.000000
vn 0.998596 0.035712 0.039137
vn 0.998748 -0.007826 0.049413
vn 0.998596 -0.046058 0.026185
vn 0.851116 -0.353310 0.388295
vn 0.588608 -0.367014 0.720307
vn 0.987913 -0.070374 0.138116
vn 0.998596 -0.046058 0.026185
vn 0.851116 -0.106467 0.514068
vn 0.998596 0.005888 0.052653
vn 0.987913 -0.070374 0.138116
vn 0.588608 -0.367014 0.720307
vn 1.000000 0.000000 0.000000
vn 0.998596 -0.046058 0.026185
vn 0.987913 -0.070374 0.138116
vn 0.998596 0.005888 0.052653
vn 0.851116 -0.106467 0.514068
vn 0.990216 -0.098671 0.098671
vn 0.998748 -0.035376 0.035376
vn 0.998596 0.005888 0.052653
vn 0.851116 -0.514068 0.106467
vn 0.998596 -0.052653 -0.005888
vn 0.998748 -0.035376 0.035376
vn 0.990216 -0.098671 0.098671
vn 1.000000 0.000000 0.000000
vn 0.998596 0.005888 0.052653
vn 0.998748 -0.035376 0.035376
vn 0.998596 -0.052653 -0.005888
vn 0.851116 -0.514068 0.106467
vn 0.588608 -0.720306 0.367015
vn 0.987913 -0.138116 0.070374
vn 0.998596 -0.052653 -0.005888
vn 0.851116 -0.388295 0.353310
vn 0.998596 -0.026185 0.046058
vn 0.987913 -0.138116 0.070374
vn 0.588608 -0.720306 0.367015
vn 1.000000 0.000000 0.000000
vn 0.998596 -0.052653 -0.005888
vn 0.987913 -0.138116 0.070374
vn 0.998596 -0.026185 0.046058
vn 0.851116 -0.388295 0.353310
vn 0.990216 -0.137824 0.021829
vn 0.998748 -0.049413 0.007826
vn 0.998596 -0.026185 0.046058
vn 0.851117 -0.478469 -0.216027
vn 0.998596 -0.039137 -0.035712
vn 0.998748 -0.049413 0.007826
vn 0.990216 -0.137824 0.021829
vn 1.000000 0.000000 0.000000
vn 0.998596 -0.026185 0.046058
vn 0.998748 -0.049413 0.007826
vn 0.998596 -0.039137 -0.035712
vn 0.851117 -0.478469 -0.216027
vn 0.588608 -0.798466 -0.126464
vn 0.987913 -0.153103 -0.024249
vn 0.998596 -0.039137 -0.035712
vn 0.851117 -0.521807 0.057600
vn 0.998596 -0.048257 0.021871
vn 0.987913 -0.153103 -0.024249
vn 0.588608 -0.798466 -0.126464
vn 1.000000 0.000000 0.000000
vn 0.998596 -0.039137 -0.035712
vn 0.987913 -0.153103 -0.024249
vn 0.998596 -0.048257 0.021871
vn 0.046001 -0.802989 -0.594216
vn -0.361774 -0.830656 -0.423239
vn -0.399580 -0.714387 -0.574445
vn -0.361774 -0.830656 -0.423239
vn 0.046002 -0.952716 -0.300359
vn -0.399580 -0.884642 -0.240300
vn -0.361774 -0.830656 -0.423239
vn -0.399580 -0.884642 -0.240300
vn -0.678074 0.698920 0.227434
vn -0.675314 0.657145 0.334832
vn -0.399580 -0.714387 -0.574445
vn -0.361774 -0.830656 -0.423239
vn -0.675314 0.657145 0.334832
vn -0.678075 0.594812 0.431755
vn 0.046002 -0.594215 -0.802989
vn -0.006383 -0.707092 -0.707093
vn -0.269488 -0.680946 -0.680947
vn -0.399580 -0.574444 -0.714388
vn -0.006383 -0.707092 -0.707093
vn 0.046001 -0.802989 -0.594216
vn -0.399580 -0.714387 -0.574445
vn -0.269488 -0.680946 -0.680947
vn -0.269488 -0.680946 -0.680947
vn -0.399580 -0.714387 -0.574445
vn -0.678075 0.594812 0.431755
vn -0.680656 0.518028 0.518029
vn -0.399580 -0.574444 -0.714388
vn -0.269488 -0.680946 -0.680947
vn -0.680656 0.518028 0.518029
vn -0.678074 0.431755 0.594813
vn 0.046002 -0.300360 -0.952716
vn -0.361778 -0.423240 -0.830653
vn -0.399580 -0.240301 -0.884642
vn -0.361778 -0.423240 -0.830653
vn 0.046002 -0.594215 -0.802989
vn -0.399580 -0.574444 -0.714388
vn -0.361778 -0.423240 -0.830653
vn -0.399580 -0.574444 -0.714388
vn -0.678074 0.431755 0.594813
vn -0.675314 0.334832 0.657145
vn -0.399580 -0.240301 -0.884642
vn -0.361778 -0.423240 -0.830653
vn -0.675314 0.334832 0.657145
vn -0.678074 0.227434 0.698920
vn 0.046003 -0.008745 -0.998903
vn -0.006383 -0.156431 -0.987668
vn -0.269488 -0.150646 -0.951148
vn -0.399581 -0.044828 -0.915601
vn -0.006383 -0.156431 -0.987668
vn 0.046002 -0.300360 -0.952716
vn -0.399580 -0.240301 -0.884642
vn -0.269488 -0.150646 -0.951148
vn -0.269488 -0.150646 -0.951148
vn -0.399580 -0.240301 -0.884642
vn -0.678074 0.227434 0.698920
vn -0.680655 0.114604 0.723585
vn -0.399581 -0.044828 -0.915601
vn -0.269488 -0.150646 -0.951148
vn -0.680655 0.114604 0.723585
vn -0.678074 -0.000325 0.734994
vn 0.046002 0.316995 -0.947311
vn -0.361772 0.145839 -0.920789
vn -0.399580 0.325571 -0.856936
vn -0.361772 0.145839 -0.920789
vn 0.046003 -0.008745 -0.998903
vn -0.399581 -0.044828 -0.915601
vn -0.361772 0.145839 -0.920789
vn -0.399581 -0.044828 -0.915601
vn -0.678074 -0.000325 0.734994
vn -0.675313 -0.115375 0.728451
vn -0.399580 0.325571 -0.856936
vn -0.361772 0.145839 -0.920789
vn -0.675313 -0.115375 0.728451
vn -0.678073 -0.226817 0.699122
vn 0.046002 0.580065 -0.813270
vn -0.006383 0.453981 -0.890988
vn -0.269488 0.437194 -0.858043
vn -0.399581 0.501909 -0.767087
vn -0.006383 0.453981 -0.890988
vn 0.046002 0.316995 -0.947311
vn -0.399580 0.325571 -0.856936
vn -0.269488 0.437194 -0.858043
vn -0.269488 0.437194 -0.858043
vn -0.399580 0.325571 -0.856936
vn -0.678073 -0.226817 0.699122
vn -0.680655 -0.332595 0.652755
vn -0.399581 0.501909 -0.767087
vn -0.269488 0.437194 -0.858043
vn -0.680655 -0.332595 0.652755
vn -0.678074 -0.432281 0.594431
vn 0.046002 0.813270 -0.580065
vn -0.361776 0.659212 -0.659210
vn -0.399580 0.767087 -0.501910
vn -0.361776 0.659212 -0.659210
vn 0.046002 0.580065 -0.813270
vn -0.399581 0.501909 -0.767087
vn -0.361776 0.659212 -0.659210
vn -0.399581 0.501909 -0.767087
vn -0.678074 -0.432281 0.594431
vn -0.675313 -0.521513 0.521513
vn -0.399580 0.767087 -0.501910
vn -0.361776 0.659212 -0.659210
vn -0.675313 -0.521513 0.521513
vn -0.678074 -0.594432 0.432281
vn 0.046002 0.947311 -0.316995
vn -0.006383 0.890988 -0.453981
vn -0.269488 0.858043 -0.437195
vn -0.399579 0.856936 -0.325572
vn -0.006383 0.890988 -0.453981
vn 0.046002 0.813270 -0.580065
vn -0.399580 0.767087 -0.501910
vn -0.269488 0.858043 -0.437195
vn -0.269488 0.858043 -0.437195
vn -0.399580 0.767087 -0.501910
vn -0.678074 -0.594432 0.432281
vn -0.680654 -0.652755 0.332596
vn -0.399579 0.856936 -0.325572
vn -0.269488 0.858043 -0.437195
vn -0.680654 -0.652755 0.332596
vn -0.678074 -0.699121 0.226817
vn 0.046002 0.998903 0.008745
vn -0.361773 0.920789 -0.145838
vn -0.399580 0.915602 0.044829
vn -0.361773 0.920789 -0.145838
vn 0.046002 0.947311 -0.316995
vn -0.399579 0.856936 -0.325572
vn -0.361773 0.920789 -0.145838
vn -0.399579 0.856936 -0.325572
vn -0.678074 -0.699121 0.226817
vn -0.675313 -0.728451 0.115375
vn -0.399580 0.915602 0.044829
vn -0.361773 0.920789 -0.145838
vn -0.675313 -0.728451 0.115375
vn -0.678073 -0.734994 0.000325
vn 0.046002 0.952716 0.300361
vn -0.006383 0.987668 0.156431
vn -0.269488 0.951148 0.150647
vn -0.399578 0.884643 0.240302
vn -0.006383 0.987668 0.156431
vn 0.046002 0.998903 0.008745
vn -0.399580 0.915602 0.044829
vn -0.269488 0.951148 0.150647
vn -0.269488 0.951148 0.150647
vn -0.399580 0.915602 0.044829
vn -0.678073 -0.734994 0.000325
vn -0.680655 -0.723585 -0.114604
vn -0.399578 0.884643 0.240302
vn -0.269488 0.951148 0.150647
vn -0.680655 -0.723585 -0.114604
vn -0.678073 -0.698921 -0.227435
vn 0.046002 0.802989 0.594215
vn -0.361771 0.830656 0.423241
vn -0.399580 0.714388 0.574444
vn -0.361771 0.830656 0.423241
vn 0.046002 0.952716 0.300361
vn -0.399578 0.884643 0.240302
vn -0.361771 0.830656 0.423241
vn -0.399578 0.884643 0.240302
vn -0.678073 -0.698921 -0.227435
vn -0.675313 -0.657145 -0.334832
vn -0.399580 0.714388 0.574444
vn -0.361771 0.830656 0.423241
vn -0.675313 -0.657145 -0.334832
vn -0.678074 -0.594813 -0.431756
vn 0.046002 0.594216 0.802989
vn -0.006383 0.707093 0.707092
vn -0.269489 0.680947 0.680946
vn -0.399581 0.574444 0.714387
vn -0.006383 0.707093 0.707092
vn 0.046002 0.802989 0.594215
vn -0.399580 0.714388 0.574444
vn -0.269489 0.680947 0.680946
vn -0.269489 0.680947 0.680946
vn -0.399580 0.714388 0.574444
vn -0.678074 -0.594813 -0.431756
vn -0.680655 -0.518030 -0.518029
vn -0.399581 0.574444 0.714387
vn -0.269489 0.680947 0.680946
vn -0.680655 -0.518030 -0.518029
vn -0.678074 -0.431755 -0.594813
vn 0.046002 0.300360 0.952716
vn -0.361776 0.423238 0.830655
vn -0.399580 0.240302 0.884642
vn -0.361776 0.423238 0.830655
vn 0.046002 0.594216 0.802989
vn -0.399581 0.574444 0.714387
vn -0.361776 0.423238 0.830655
vn -0.399581 0.574444 0.714387
vn -0.678074 -0.431755 -0.594813
vn -0.675313 -0.334832 -0.657145
vn -0.399580 0.240302 0.884642
vn -0.361776 0.423238 0.830655
vn -0.675313 -0.334832 -0.657145
vn -0.678073 -0.227434 -0.698921
vn 0.046002 0.008746 0.998903
vn -0.006383 0.156431 0.987668
vn -0.269488 0.150647 0.951148
vn -0.399581 0.044829 0.915601
vn -0.006383 0.156431 0.987668
vn 0.046002 0.300360 0.952716
vn -0.399580 0.240302 0.884642
vn -0.269488 0.150647 0.951148
vn -0.269488 0.150647 0.951148
vn -0.399580 0.240302 0.884642
vn -0.678073 -0.227434 -0.698921
vn -0.680655 -0.114605 -0.723585
vn -0.399581 0.044829 0.915601
vn -0.269488 0.150647 0.951148
vn -0.680655 -0.114605 -0.723585
vn -0.678074 0.000325 -0.734994
vn 0.046002 -0.316995 0.947311
vn -0.361775 -0.145839 0.920788
vn -0.399580 -0.325572 0.856936
vn -0.361775 -0.145839 0.920788
vn 0.046002 0.008746 0.998903
vn -0.399581 0.044829 0.915601
vn -0.361775 -0.145839 0.920788
vn -0.399581 0.044829 0.915601
vn -0.678074 0.000325 -0.734994
vn -0.675313 0.115375 -0.728451
vn -0.399580 -0.325572 0.856936
vn -0.361775 -0.145839 0.920788
vn -0.675313 0.115375 -0.728451
vn -0.678074 0.226817 -0.699121
vn 0.046002 -0.580065 0.813270
vn -0.006383 -0.453981 0.890989
vn -0.269489 -0.437194 0.858042
vn -0.399582 -0.501909 0.767086
vn -0.006383 -0.453981 0.890989
vn 0.046002 -0.316995 0.947311
vn -0.399580 -0.325572 0.856936
vn -0.269489 -0.437194 0.858042
vn -0.269489 -0.437194 0.858042
vn -0.399580 -0.325572 0.856936
vn -0.678074 0.226817 -0.699121
vn -0.680655 0.332595 -0.652755
vn -0.399582 -0.501909 0.767086
vn -0.269489 -0.437194 0.858042
vn -0.680655 0.332595 -0.652755
vn -0.678073 0.432281 -0.594432
vn 0.046002 -0.813270 0.580065
vn -0.361777 -0.659211 0.659211
vn -0.399582 -0.767087 0.501909
vn -0.361777 -0.659211 0.659211
vn 0.046002 -0.580065 0.813270
vn -0.399582 -0.501909 0.767086
vn -0.361777 -0.659211 0.659211
vn -0.399582 -0.501909 0.767086
vn -0.678073 0.432281 -0.594432
vn -0.675313 0.521514 -0.521513
vn -0.399582 -0.767087 0.501909
vn -0.361777 -0.659211 0.659211
vn -0.675313 0.521514 -0.521513
vn -0.678074 0.594432 -0.432281
vn 0.046002 -0.947311 0.316996
vn -0.006383 -0.890988 0.453981
vn -0.269488 -0.858043 0.437194
vn -0.399580 -0.856936 0.325572
vn -0.006383 -0.890988 0.453981
vn 0.046002 -0.813270 0.580065
vn -0.399582 -0.767087 0.501909
vn -0.269488 -0.858043 0.437194
vn -0.269488 -0.858043 0.437194
vn -0.399582 -0.767087 0.501909
vn -0.678074 0.594432 -0.432281
vn -0.680654 0.652756 -0.332596
vn -0.399580 -0.856936 0.325572
vn -0.269488 -0.858043 0.437194
vn -0.680654 0.652756 -0.332596
vn -0.678072 0.699122 -0.226817
vn 0.046001 -0.998903 -0.008745
vn -0.361777 -0.920787 0.145840
vn -0.399582 -0.915601 -0.044828
vn -0.361777 -0.920787 0.145840
vn 0.046002 -0.947311 0.316996
vn -0.399580 -0.856936 0.325572
vn -0.361777 -0.920787 0.145840
vn -0.399580 -0.856936 0.325572
vn -0.678072 0.699122 -0.226817
vn -0.675312 0.728452 -0.115376
vn -0.399582 -0.915601 -0.044828
vn -0.361777 -0.920787 0.145840
vn -0.675312 0.728452 -0.115376
vn -0.678074 0.734994 -0.000326
vn 0.046002 -0.952716 -0.300359
vn -0.006383 -0.987668 -0.156430
vn -0.269489 -0.951147 -0.150646
vn -0.399580 -0.884642 -0.240300
vn -0.006383 -0.987668 -0.156430
vn 0.046001 -0.998903 -0.008745
vn -0.399582 -0.915601 -0.044828
vn -0.269489 -0.951147 -0.150646
vn -0.269489 -0.951147 -0.150646
vn -0.399582 -0.915601 -0.044828
vn -0.678074 0.734994 -0.000326
vn -0.680655 0.723585 0.114603
vn -0.399580 -0.884642 -0.240300
vn -0.269489 -0.951147 -0.150646
vn -0.680655 0.723585 0.114603
vn -0.678074 0.698920 0.227434
vn -0.678075 0.594812 0.431755
vn -0.675314 0.657145 0.334832
vn -0.680656 0.652754 0.332595
vn -0.680684 0.592667 0.430598
vn -0.675314 0.657145 0.334832
vn -0.678074 0.698920 0.227434
vn -0.680683 0.696723 0.226378
vn -0.680656 0.652754 0.332595
vn -0.680656 0.652754 0.332595
vn -0.680683 0.696723 0.226378
vn -0.680683 0.696724 0.226379
vn -0.680655 0.652755 0.332595
vn -0.680684 0.592667 0.430598
vn -0.680656 0.652754 0.332595
vn -0.680655 0.652755 0.332595
vn -0.680683 0.592668 0.430599
vn -0.678074 0.431755 0.594813
vn -0.680656 0.518028 0.518029
vn -0.680656 0.518028 0.518029
vn -0.680684 0.430598 0.592668
vn -0.680656 0.518028 0.518029
vn -0.678075 0.594812 0.431755
vn -0.680684 0.592667 0.430598
vn -0.680656 0.518028 0.518029
vn -0.680656 0.518028 0.518029
vn -0.680684 0.592667 0.430598
vn -0.680683 0.592668 0.430599
vn -0.680655 0.518029 0.518029
vn -0.680684 0.430598 0.592668
vn -0.680656 0.518028 0.518029
vn -0.680655 0.518029 0.518029
vn -0.680683 0.430599 0.592668
vn -0.678074 0.227434 0.698920
vn -0.675314 0.334832 0.657145
vn -0.680655 0.332595 0.652755
vn -0.680683 0.226379 0.696723
vn -0.675314 0.334832 0.657145
vn -0.678074 0.431755 0.594813
vn -0.680684 0.430598 0.592668
vn -0.680655 0.332595 0.652755
vn -0.680655 0.332595 0.652755
vn -0.680684 0.430598 0.592668
vn -0.680683 0.430599 0.592668
vn -0.680655 0.332596 0.652755
vn -0.680683 0.226379 0.696723
vn -0.680655 0.332595 0.652755
vn -0.680655 0.332596 0.652755
vn -0.680683 0.226379 0.696724
vn -0.678074 -0.000325 0.734994
vn -0.680655 0.114604 0.723585
vn -0.680655 0.114604 0.723585
vn -0.680682 0.000000 0.732579
vn -0.680655 0.114604 0.723585
vn -0.678074 0.227434 0.698920
vn -0.680683 0.226379 0.696723
vn -0.680655 0.114604 0.723585
vn -0.680655 0.114604 0.723585
vn -0.680683 0.226379 0.696723
vn -0.680683 0.226379 0.696724
vn -0.680655 0.114604 0.723585
vn -0.680682 0.000000 0.732579
vn -0.680655 0.114604 0.723585
vn -0.680655 0.114604 0.723585
vn -0.680683 0.000000 0.732578
vn -0.678073 -0.226817 0.699122
vn -0.675313 -0.115375 0.728451
vn -0.680655 -0.114604 0.723585
vn -0.680683 -0.226379 0.696723
vn -0.675313 -0.115375 0.728451
vn -0.678074 -0.000325 0.734994
vn -0.680682 0.000000 0.732579
vn -0.680655 -0.114604 0.723585
vn -0.680655 -0.114604 0.723585
vn -0.680682 0.000000 0.732579
vn -0.680683 0.000000 0.732578
vn -0.680654 -0.114605 0.723585
vn -0.680683 -0.226379 0.696723
vn -0.680655 -0.114604 0.723585
vn -0.680654 -0.114605 0.723585
vn -0.680683 -0.226379 0.696723
vn -0.678074 -0.432281 0.594431
vn -0.680655 -0.332595 0.652755
vn -0.680655 -0.332595 0.652755
vn -0.680683 -0.430599 0.592668
vn -0.680655 -0.332595 0.652755
vn -0.678073 -0.226817 0.699122
vn -0.680683 -0.226379 0.696723
vn -0.680655 -0.332595 0.652755
vn -0.680655 -0.332595 0.652755
vn -0.680683 -0.226379 0.696723
vn -0.680683 -0.226379 0.696723
vn -0.680655 -0.332595 0.652755
vn -0.680683 -0.430599 0.592668
vn -0.680655 -0.332595 0.652755
vn -0.680655 -0.332595 0.652755
vn -0.680683 -0.430599 0.592668
vn -0.678074 -0.594432 0.432281
vn -0.675313 -0.521513 0.521513
vn -0.680655 -0.518030 0.518029
vn -0.680682 -0.592668 0.430599
vn -0.675313 -0.521513 0.521513
vn -0.678074 -0.432281 0.594431
vn -0.680683 -0.430599 0.592668
vn -0.680655 -0.518030 0.518029
vn -0.680655 -0.518030 0.518029
vn -0.680683 -0.430599 0.592668
vn -0.680683 -0.430599 0.592668
vn -0.680655 -0.518030 0.518029
vn -0.680682 -0.592668 0.430599
vn -0.680655 -0.518030 0.518029
vn -0.680655 -0.518030 0.518029
vn -0.680682 -0.592669 0.430599
vn -0.678074 -0.699121 0.226817
vn -0.680654 -0.652755 0.332596
vn -0.680654 -0.652756 0.332596
vn -0.680682 -0.696724 0.226379
vn -0.680654 -0.652755 0.332596
vn -0.678074 -0.594432 0.432281
vn -0.680682 -0.592668 0.430599
vn -0.680654 -0.652756 0.332596
vn -0.680654 -0.652756 0.332596
vn -0.680682 -0.592668 0.430599
vn -0.680682 -0.592669 0.430599
vn -0.680654 -0.652755 0.332596
vn -0.680682 -0.696724 0.226379
vn -0.680654 -0.652756 0.332596
vn -0.680654 -0.652755 0.332596
vn -0.680682 -0.696724 0.226379
vn -0.678073 -0.734994 0.000325
vn -0.675313 -0.728451 0.115375
vn -0.680654 -0.723586 0.114605
vn -0.680682 -0.732579 0.000000
vn -0.675313 -0.728451 0.115375
vn -0.678074 -0.699121 0.226817
vn -0.680682 -0.696724 0.226379
vn -0.680654 -0.723586 0.114605
vn -0.680654 -0.723586 0.114605
vn -0.680682 -0.696724 0.226379
vn -0.680682 -0.696724 0.226379
vn -0.680654 -0.723586 0.114605
vn -0.680682 -0.732579 0.000000
vn -0.680654 -0.723586 0.114605
vn -0.680654 -0.723586 0.114605
vn -0.680682 -0.732579 0.000000
vn -0.678073 -0.698921 -0.227435
vn -0.680655 -0.723585 -0.114604
vn -0.680654 -0.723585 -0.114604
vn -0.680683 -0.696723 -0.226379
vn -0.680655 -0.723585 -0.114604
vn -0.678073 -0.734994 0.000325
vn -0.680682 -0.732579 0.000000
vn -0.680654 -0.723585 -0.114604
vn -0.680654 -0.723585 -0.114604
vn -0.680682 -0.732579 0.000000
vn -0.680682 -0.732579 0.000000
vn -0.680654 -0.723585 -0.114605
vn -0.680683 -0.696723 -0.226379
vn -0.680654 -0.723585 -0.114604
vn -0.680654 -0.723585 -0.114605
vn -0.680682 -0.696724 -0.226380
vn -0.678074 -0.594813 -0.431756
vn -0.675313 -0.657145 -0.334832
vn -0.680654 -0.652755 -0.332596
vn -0.680682 -0.592669 -0.430599
vn -0.675313 -0.657145 -0.334832
vn -0.678073 -0.698921 -0.227435
vn -0.680683 -0.696723 -0.226379
vn -0.680654 -0.652755 -0.332596
vn -0.680654 -0.652755 -0.332596
vn -0.680683 -0.696723 -0.226379
vn -0.680682 -0.696724 -0.226380
vn -0.680654 -0.652756 -0.332596
vn -0.680682 -0.592669 -0.430599
vn -0.680654 -0.652755 -0.332596
vn -0.680654 -0.652756 -0.332596
vn -0.680682 -0.592669 -0.430599
vn -0.678074 -0.431755 -0.594813
vn -0.680655 -0.518030 -0.518029
vn -0.680654 -0.518030 -0.518030
vn -0.680683 -0.430598 -0.592669
vn -0.680655 -0.518030 -0.518029
vn -0.678074 -0.594813 -0.431756
vn -0.680682 -0.592669 -0.430599
vn -0.680654 -0.518030 -0.518030
vn -0.680654 -0.518030 -0.518030
vn -0.680682 -0.592669 -0.430599
vn -0.680682 -0.592669 -0.430599
vn -0.680655 -0.518030 -0.518029
vn -0.680683 -0.430598 -0.592669
vn -0.680654 -0.518030 -0.518030
vn -0.680655 -0.518030 -0.518029
vn -0.680683 -0.430598 -0.592668
vn -0.678073 -0.227434 -0.698921
vn -0.675313 -0.334832 -0.657145
vn -0.680655 -0.332595 -0.652755
vn -0.680683 -0.226379 -0.696723
vn -0.675313 -0.334832 -0.657145
vn -0.678074 -0.431755 -0.594813
vn -0.680683 -0.430598 -0.592669
vn -0.680655 -0.332595 -0.652755
vn -0.680655 -0.332595 -0.652755
vn -0.680683 -0.430598 -0.592669
vn -0.680683 -0.430598 -0.592668
vn -0.680655 -0.332595 -0.652755
vn -0.680683 -0.226379 -0.696723
vn -0.680655 -0.332595 -0.652755
vn -0.680655 -0.332595 -0.652755
vn -0.680683 -0.226379 -0.696723
vn -0.678074 0.000325 -0.734994
vn -0.680655 -0.114605 -0.723585
vn -0.680655 -0.114604 -0.723585
vn -0.680683 0.000000 -0.732578
vn -0.680655 -0.114605 -0.723585
vn -0.678073 -0.227434 -0.698921
vn -0.680683 -0.226379 -0.696723
vn -0.680655 -0.114604 -0.723585
vn -0.680655 -0.114604 -0.723585
vn -0.680683 -0.226379 -0.696723
vn -0.680683 -0.226379 -0.696723
vn -0.680655 -0.114605 -0.723584
vn -0.680683 0.000000 -0.732578
vn -0.680655 -0.114604 -0.723585
vn -0.680655 -0.114605 -0.723584
vn -0.680683 0.000000 -0.732578
vn -0.678074 0.226817 -0.699121
vn -0.675313 0.115375 -0.728451
vn -0.680655 0.114605 -0.723585
vn -0.680683 0.226379 -0.696723
vn -0.675313 0.115375 -0.728451
vn -0.678074 0.000325 -0.734994
vn -0.680683 0.000000 -0.732578
vn -0.680655 0.114605 -0.723585
vn -0.680655 0.114605 -0.723585
vn -0.680683 0.000000 -0.732578
vn -0.680683 0.000000 -0.732578
vn -0.680655 0.114605 -0.723585
vn -0.680683 0.226379 -0.696723
vn -0.680655 0.114605 -0.723585
vn -0.680655 0.114605 -0.723585
vn -0.680683 0.226379 -0.696723
vn -0.678073 0.432281 -0.594432
vn -0.680655 0.332595 -0.652755
vn -0.680655 0.332595 -0.652755
vn -0.680682 0.430599 -0.592668
vn -0.680655 0.332595 -0.652755
vn -0.678074 0.226817 -0.699121
vn -0.680683 0.226379 -0.696723
vn -0.680655 0.332595 -0.652755
vn -0.680655 0.332595 -0.652755
vn -0.680683 0.226379 -0.696723
vn -0.680683 0.226379 -0.696723
vn -0.680655 0.332595 -0.652755
vn -0.680682 0.430599 -0.592668
vn -0.680655 0.332595 -0.652755
vn -0.680655 0.332595 -0.652755
vn -0.680683 0.430599 -0.592668
vn -0.678074 0.594432 -0.432281
vn -0.675313 0.521514 -0.521513
vn -0.680654 0.518030 -0.518029
vn -0.680682 0.592669 -0.430599
vn -0.675313 0.521514 -0.521513
vn -0.678073 0.432281 -0.594432
vn -0.680682 0.430599 -0.592668
vn -0.680654 0.518030 -0.518029
vn -0.680654 0.518030 -0.518029
vn -0.680682 0.430599 -0.592668
vn -0.680683 0.430599 -0.592668
vn -0.680655 0.518030 -0.518029
vn -0.680682 0.592669 -0.430599
vn -0.680654 0.518030 -0.518029
vn -0.680655 0.518030 -0.518029
vn -0.680682 0.592669 -0.430599
vn -0.678072 0.699122 -0.226817
vn -0.680654 0.652756 -0.332596
vn -0.680654 0.652756 -0.332596
vn -0.680682 0.696724 -0.226380
vn -0.680654 0.652756 -0.332596
vn -0.678074 0.594432 -0.432281
vn -0.680682 0.592669 -0.430599
vn -0.680654 0.652756 -0.332596
vn -0.680654 0.652756 -0.332596
vn -0.680682 0.592669 -0.430599
vn -0.680682 0.592669 -0.430599
vn -0.680654 0.652756 -0.332596
vn -0.680682 0.696724 -0.226380
vn -0.680654 0.652756 -0.332596
vn -0.680654 0.652756 -0.332596
vn -0.680682 0.696724 -0.226379
vn -0.678074 0.734994 -0.000326
vn -0.675312 0.728452 -0.115376
vn -0.680654 0.723585 -0.114605
vn -0.680682 0.732579 -0.000001
vn -0.675312 0.728452 -0.115376
vn -0.678072 0.699122 -0.226817
vn -0.680682 0.696724 -0.226380
vn -0.680654 0.723585 -0.114605
vn -0.680654 0.723585 -0.114605
vn -0.680682 0.696724 -0.226380
vn -0.680682 0.696724 -0.226379
vn -0.680654 0.723585 -0.114605
vn -0.680682 0.732579 -0.000001
vn -0.680654 0.723585 -0.114605
vn -0.680654 0.723585 -0.114605
vn -0.680682 0.732579 -0.000001
vn -0.678074 0.698920 0.227434
vn -0.680655 0.723585 0.114603
vn -0.680655 0.723585 0.114603
vn -0.680683 0.696723 0.226378
vn -0.680655 0.723585 0.114603
vn -0.678074 0.734994 -0.000326
vn -0.680682 0.732579 -0.000001
vn -0.680655 0.723585 0.114603
vn -0.680655 0.723585 0.114603
vn -0.680682 0.732579 -0.000001
vn -0.680682 0.732579 -0.000001
vn -0.680654 0.723586 0.114604
vn -0.680683 0.696723 0.226378
vn -0.680655 0.723585 0.114603
vn -0.680654 0.723586 0.114604
vn -0.680683 0.696724 0.226379
vn 0.046002 -0.952716 -0.300359
vn -0.361774 -0.830656 -0.423239
vn 0.339287 -0.838155 -0.427061
vn 0.098041 -0.807859 -0.581164
vn -0.361774 -0.830656 -0.423239
vn 0.046001 -0.802989 -0.594216
vn 0.098041 -0.945020 -0.311971
vn 0.339287 -0.838155 -0.427061
vn 0.339287 -0.838155 -0.427061
vn 0.098041 -0.945020 -0.311971
vn 0.040240 -0.944288 -0.326652
vn 0.110297 -0.885571 -0.451220
vn 0.098041 -0.807859 -0.581164
vn 0.339287 -0.838155 -0.427061
vn 0.110297 -0.885571 -0.451220
vn 0.040240 -0.819307 -0.571941
vn 0.046001 -0.802989 -0.594216
vn 0.124075 -0.723885 -0.678672
vn 0.063309 -0.897640 -0.436158
vn 0.098041 -0.945020 -0.311971
vn 0.124075 -0.723885 -0.678672
vn 0.851117 -0.260112 -0.456007
vn 0.147856 -0.709599 -0.688918
vn 0.063309 -0.897640 -0.436158
vn 0.063309 -0.897640 -0.436158
vn 0.147856 -0.709599 -0.688918
vn -0.040240 -0.944288 -0.326652
vn 0.000000 -0.945338 -0.326091
vn 0.098041 -0.945020 -0.311971
vn 0.063309 -0.897640 -0.436158
vn 0.000000 -0.945338 -0.326091
vn 0.040240 -0.944288 -0.326652
vn 0.851117 -0.260112 -0.456007
vn 0.990216 -0.124333 -0.063351
vn 0.781417 -0.555997 -0.283294
vn 0.147856 -0.709599 -0.688918
vn 0.990216 -0.124333 -0.063351
vn 0.851117 -0.521807 0.057600
vn 0.147856 -0.974438 -0.169141
vn 0.781417 -0.555997 -0.283294
vn 0.781417 -0.555997 -0.283294
vn 0.147856 -0.974438 -0.169141
vn -0.040240 -0.819307 -0.571941
vn -0.110297 -0.885571 -0.451220
vn 0.147856 -0.709599 -0.688918
vn 0.781417 -0.555997 -0.283294
vn -0.110297 -0.885571 -0.451220
vn -0.040240 -0.944288 -0.326652
vn 0.851117 -0.521807 0.057600
vn 0.124075 -0.974546 -0.186721
vn 0.063309 -0.880480 -0.469837
vn 0.147856 -0.974438 -0.169141
vn 0.124075 -0.974546 -0.186721
vn 0.046002 -0.952716 -0.300359
vn 0.098041 -0.807859 -0.581164
vn 0.063309 -0.880480 -0.469837
vn 0.063309 -0.880480 -0.469837
vn 0.098041 -0.807859 -0.581164
vn 0.040240 -0.819307 -0.571941
vn 0.000000 -0.819470 -0.573122
vn 0.147856 -0.974438 -0.169141
vn 0.063309 -0.880480 -0.469837
vn 0.000000 -0.819470 -0.573122
vn -0.040240 -0.819307 -0.571941
vn 0.046002 -0.594215 -0.802989
vn -0.361778 -0.423240 -0.830653
vn 0.339285 -0.427062 -0.838155
vn 0.098040 -0.311973 -0.945019
vn -0.361778 -0.423240 -0.830653
vn 0.046002 -0.300360 -0.952716
vn 0.098040 -0.581163 -0.807860
vn 0.339285 -0.427062 -0.838155
vn 0.339285 -0.427062 -0.838155
vn 0.098040 -0.581163 -0.807860
vn 0.040240 -0.571942 -0.819307
vn 0.110296 -0.451221 -0.885570
vn 0.098040 -0.311973 -0.945019
vn 0.339285 -0.427062 -0.838155
vn 0.110296 -0.451221 -0.885570
vn 0.040240 -0.326654 -0.944287
vn 0.046002 -0.300360 -0.952716
vn 0.124074 -0.186722 -0.974546
vn 0.063309 -0.469836 -0.880481
vn 0.098040 -0.581163 -0.807860
vn 0.124074 -0.186722 -0.974546
vn 0.851117 0.057600 -0.521807
vn 0.147857 -0.169141 -0.974438
vn 0.063309 -0.469836 -0.880481
vn 0.063309 -0.469836 -0.880481
vn 0.147857 -0.169141 -0.974438
vn -0.040240 -0.571942 -0.819307
vn 0.000000 -0.573122 -0.819470
vn 0.098040 -0.581163 -0.807860
vn 0.063309 -0.469836 -0.880481
vn 0.000000 -0.573122 -0.819470
vn 0.040240 -0.571942 -0.819307
vn 0.851117 0.057600 -0.521807
vn 0.990216 -0.063351 -0.124333
vn 0.781417 -0.283295 -0.555997
vn 0.147857 -0.169141 -0.974438
vn 0.990216 -0.063351 -0.124333
vn 0.851117 -0.456007 -0.260112
vn 0.147857 -0.688918 -0.709598
vn 0.781417 -0.283295 -0.555997
vn 0.781417 -0.283295 -0.555997
vn 0.147857 -0.688918 -0.709598
vn -0.040240 -0.326655 -0.944287
vn -0.110296 -0.451221 -0.885570
vn 0.147857 -0.169141 -0.974438
vn 0.781417 -0.283295 -0.555997
vn -0.110296 -0.451221 -0.885570
vn -0.040240 -0.571942 -0.819307
vn 0.851117 -0.456007 -0.260112
vn 0.124075 -0.678671 -0.723886
vn 0.063309 -0.436160 -0.897639
vn 0.147857 -0.688918 -0.709598
vn 0.124075 -0.678671 -0.723886
vn 0.046002 -0.594215 -0.802989
vn 0.098040 -0.311973 -0.945019
vn 0.063309 -0.436160 -0.897639
vn 0.063309 -0.436160 -0.897639
vn 0.098040 -0.311973 -0.945019
vn 0.040240 -0.326654 -0.944287
vn 0.000000 -0.326093 -0.945338
vn 0.147857 -0.688918 -0.709598
vn 0.063309 -0.436160 -0.897639
vn 0.000000 -0.326093 -0.945338
vn -0.040240 -0.326655 -0.944287
vn 0.046003 -0.008745 -0.998903
vn -0.361772 0.145839 -0.920789
vn 0.339288 0.147156 -0.929101
vn 0.098041 0.303080 -0.947909
vn -0.361772 0.145839 -0.920789
vn 0.046002 0.316995 -0.947311
vn 0.098041 0.004675 -0.995171
vn 0.339288 0.147156 -0.929101
vn 0.339288 0.147156 -0.929101
vn 0.098041 0.004675 -0.995171
vn 0.040240 0.018865 -0.999012
vn 0.110297 0.155480 -0.981662
vn 0.098041 0.303080 -0.947909
vn 0.339288 0.147156 -0.929101
vn 0.110297 0.155480 -0.981662
vn 0.040240 0.290770 -0.955947
vn 0.046002 0.316995 -0.947311
vn 0.124075 0.421761 -0.898178
vn 0.063309 0.137424 -0.988487
vn 0.098041 0.004675 -0.995171
vn 0.124075 0.421761 -0.898178
vn 0.851116 0.353310 -0.388295
vn 0.147856 0.435920 -0.887757
vn 0.063309 0.137424 -0.988487
vn 0.063309 0.137424 -0.988487
vn 0.147856 0.435920 -0.887757
vn -0.040240 0.018865 -0.999012
vn 0.000000 0.018006 -0.999838
vn 0.098041 0.004675 -0.995171
vn 0.063309 0.137424 -0.988487
vn 0.000000 0.018006 -0.999838
vn 0.040240 0.018865 -0.999012
vn 0.851116 0.353310 -0.388295
vn 0.990216 0.021829 -0.137825
vn 0.781416 0.097617 -0.616328
vn 0.147856 0.435920 -0.887757
vn 0.990216 0.021829 -0.137825
vn 0.851117 -0.216027 -0.478469
vn 0.147856 -0.140252 -0.979014
vn 0.781416 0.097617 -0.616328
vn 0.781416 0.097617 -0.616328
vn 0.147856 -0.140252 -0.979014
vn -0.040240 0.290770 -0.955947
vn -0.110297 0.155480 -0.981662
vn 0.147856 0.435920 -0.887757
vn 0.781416 0.097617 -0.616328
vn -0.110297 0.155480 -0.981662
vn -0.040240 0.018865 -0.999012
vn 0.851117 -0.216027 -0.478469
vn 0.124075 -0.123566 -0.984549
vn 0.063309 0.174762 -0.982573
vn 0.147856 -0.140252 -0.979014
vn 0.124075 -0.123566 -0.984549
vn 0.046003 -0.008745 -0.998903
vn 0.098041 0.303080 -0.947909
vn 0.063309 0.174762 -0.982573
vn 0.063309 0.174762 -0.982573
vn 0.098041 0.303080 -0.947909
vn 0.040240 0.290770 -0.955947
vn 0.000000 0.291842 -0.956467
vn 0.147856 -0.140252 -0.979014
vn 0.063309 0.174762 -0.982573
vn 0.000000 0.291842 -0.956467
vn -0.040240 0.290770 -0.955947
vn 0.046002 0.580065 -0.813270
vn -0.361776 0.659212 -0.659210
vn 0.339288 0.665164 -0.665162
vn 0.098041 0.802363 -0.588729
vn -0.361776 0.659212 -0.659210
vn 0.046002 0.813270 -0.580065
vn 0.098040 0.588731 -0.802362
vn 0.339288 0.665164 -0.665162
vn 0.339288 0.665164 -0.665162
vn 0.098040 0.588731 -0.802362
vn 0.040240 0.602468 -0.797128
vn 0.110296 0.702793 -0.702792
vn 0.098041 0.802363 -0.588729
vn 0.339288 0.665164 -0.665162
vn 0.110296 0.702793 -0.702792
vn 0.040240 0.797129 -0.602467
vn 0.046002 0.813270 -0.580065
vn 0.124074 0.869148 -0.478735
vn 0.063309 0.692198 -0.718926
vn 0.098040 0.588731 -0.802362
vn 0.124074 0.869148 -0.478735
vn 0.851116 0.514068 -0.106467
vn 0.147856 0.874478 -0.461981
vn 0.063309 0.692198 -0.718926
vn 0.063309 0.692198 -0.718926
vn 0.147856 0.874478 -0.461981
vn -0.040240 0.602468 -0.797128
vn 0.000000 0.602258 -0.798301
vn 0.098040 0.588731 -0.802362
vn 0.063309 0.692198 -0.718926
vn 0.000000 0.602258 -0.798301
vn 0.040240 0.602468 -0.797128
vn 0.851116 0.514068 -0.106467
vn 0.990216 0.098671 -0.098671
vn 0.781416 0.441242 -0.441242
vn 0.147856 0.874478 -0.461981
vn 0.990216 0.098671 -0.098671
vn 0.851116 0.106467 -0.514068
vn 0.147856 0.461982 -0.874478
vn 0.781416 0.441242 -0.441242
vn 0.781416 0.441242 -0.441242
vn 0.147856 0.461982 -0.874478
vn -0.040240 0.797129 -0.602467
vn -0.110297 0.702793 -0.702792
vn 0.147856 0.874478 -0.461981
vn 0.781416 0.441242 -0.441242
vn -0.110297 0.702793 -0.702792
vn -0.040240 0.602468 -0.797128
vn 0.851116 0.106467 -0.514068
vn 0.124075 0.478735 -0.869148
vn 0.063309 0.718927 -0.692196
vn 0.147856 0.461982 -0.874478
vn 0.124075 0.478735 -0.869148
vn 0.046002 0.580065 -0.813270
vn 0.098041 0.802363 -0.588729
vn 0.063309 0.718927 -0.692196
vn 0.063309 0.718927 -0.692196
vn 0.098041 0.802363 -0.588729
vn 0.040240 0.797129 -0.602467
vn 0.000000 0.798302 -0.602257
vn 0.147856 0.461982 -0.874478
vn 0.063309 0.718927 -0.692196
vn 0.000000 0.798302 -0.602257
vn -0.040240 0.797129 -0.602467
vn 0.046002 0.947311 -0.316995
vn -0.361773 0.920789 -0.145838
vn 0.339287 0.929102 -0.147155
vn 0.098041 0.995171 -0.004675
vn -0.361773 0.920789 -0.145838
vn 0.046002 0.998903 0.008745
vn 0.098040 0.947909 -0.303077
vn 0.339287 0.929102 -0.147155
vn 0.339287 0.929102 -0.147155
vn 0.098040 0.947909 -0.303077
vn 0.040240 0.955947 -0.290770
vn 0.110296 0.981662 -0.155480
vn 0.098041 0.995171 -0.004675
vn 0.339287 0.929102 -0.147155
vn 0.110296 0.981662 -0.155480
vn 0.040240 0.999012 -0.018866
vn 0.046002 0.998903 0.008745
vn 0.124075 0.984549 0.123567
vn 0.063309 0.982574 -0.174758
vn 0.098040 0.947909 -0.303077
vn 0.124075 0.984549 0.123567
vn 0.851117 0.478469 0.216028
vn 0.147857 0.979013 0.140255
vn 0.063309 0.982574 -0.174758
vn 0.063309 0.982574 -0.174758
vn 0.147857 0.979013 0.140255
vn -0.040240 0.955947 -0.290770
vn 0.000000 0.956467 -0.291842
vn 0.098040 0.947909 -0.303077
vn 0.063309 0.982574 -0.174758
vn 0.000000 0.956467 -0.291842
vn 0.040240 0.955947 -0.290770
vn 0.851117 0.478469 0.216028
vn 0.990216 0.137825 -0.021829
vn 0.781417 0.616327 -0.097616
vn 0.147857 0.979013 0.140255
vn 0.990216 0.137825 -0.021829
vn 0.851116 0.388295 -0.353310
vn 0.147856 0.887757 -0.435920
vn 0.781417 0.616327 -0.097616
vn 0.781417 0.616327 -0.097616
vn 0.147856 0.887757 -0.435920
vn -0.040240 0.999012 -0.018866
vn -0.110296 0.981662 -0.155481
vn 0.147857 0.979013 0.140255
vn 0.781417 0.616327 -0.097616
vn -0.110296 0.981662 -0.155481
vn -0.040240 0.955947 -0.290770
vn 0.851116 0.388295 -0.353310
vn 0.124074 0.898178 -0.421761
vn 0.063309 0.988487 -0.137423
vn 0.147856 0.887757 -0.435920
vn 0.124074 0.898178 -0.421761
vn 0.046002 0.947311 -0.316995
vn 0.098041 0.995171 -0.004675
vn 0.063309 0.988487 -0.137423
vn 0.063309 0.988487 -0.137423
vn 0.098041 0.995171 -0.004675
vn 0.040240 0.999012 -0.018866
vn 0.000000 0.999838 -0.018007
vn 0.147856 0.887757 -0.435920
vn 0.063309 0.988487 -0.137423
vn 0.000000 0.999838 -0.018007
vn -0.040240 0.999012 -0.018866
vn 0.046002 0.952716 0.300361
vn -0.361771 0.830656 0.423241
vn 0.339288 0.838154 0.427061
vn 0.098041 0.807859 0.581164
vn -0.361771 0.830656 0.423241
vn 0.046002 0.802989 0.594215
vn 0.098040 0.945019 0.311972
vn 0.339288 0.838154 0.427061
vn 0.339288 0.838154 0.427061
vn 0.098040 0.945019 0.311972
vn 0.040240 0.944287 0.326654
vn 0.110297 0.885570 0.451221
vn 0.098041 0.807859 0.581164
vn 0.339288 0.838154 0.427061
vn 0.110297 0.885570 0.451221
vn 0.040240 0.819306 0.571942
vn 0.046002 0.802989 0.594215
vn 0.124075 0.723886 0.678671
vn 0.063309 0.897640 0.436158
vn 0.098040 0.945019 0.311972
vn 0.124075 0.723886 0.678671
vn 0.851117 0.260112 0.456007
vn 0.147856 0.709599 0.688918
vn 0.063309 0.897640 0.436158
vn 0.063309 0.897640 0.436158
vn 0.147856 0.709599 0.688918
vn -0.040240 0.944287 0.326654
vn 0.000000 0.945338 0.326092
vn 0.098040 0.945019 0.311972
vn 0.063309 0.897640 0.436158
vn 0.000000 0.945338 0.326092
vn 0.040240 0.944287 0.326654
vn 0.851117 0.260112 0.456007
vn 0.990216 0.124333 0.063351
vn 0.781416 0.555997 0.283295
vn 0.147856 0.709599 0.688918
vn 0.990216 0.124333 0.063351
vn 0.851116 0.521808 -0.057599
vn 0.147856 0.974438 0.169143
vn 0.781416 0.555997 0.283295
vn 0.781416 0.555997 0.283295
vn 0.147856 0.974438 0.169143
vn -0.040240 0.819306 0.571942
vn -0.110297 0.885570 0.451221
vn 0.147856 0.709599 0.688918
vn 0.781416 0.555997 0.283295
vn -0.110297 0.885570 0.451221
vn -0.040240 0.944287 0.326654
vn 0.851116 0.521808 -0.057599
vn 0.124074 0.974546 0.186723
vn 0.063309 0.880479 0.469839
vn 0.147856 0.974438 0.169143
vn 0.124074 0.974546 0.186723
vn 0.046002 0.952716 0.300361
vn 0.098041 0.807859 0.581164
vn 0.063309 0.880479 0.469839
vn 0.063309 0.880479 0.469839
vn 0.098041 0.807859 0.581164
vn 0.040240 0.819306 0.571942
vn 0.000000 0.819470 0.573123
vn 0.147856 0.974438 0.169143
vn 0.063309 0.880479 0.469839
vn 0.000000 0.819470 0.573123
vn -0.040240 0.819306 0.571942
vn 0.046002 0.594216 0.802989
vn -0.361776 0.423238 0.830655
vn 0.339288 0.427060 0.838155
vn 0.098041 0.311970 0.945020
vn -0.361776 0.423238 0.830655
vn 0.046002 0.300360 0.952716
vn 0.098041 0.581165 0.807859
vn 0.339288 0.427060 0.838155
vn 0.339288 0.427060 0.838155
vn 0.098041 0.581165 0.807859
vn 0.040240 0.571941 0.819307
vn 0.110297 0.451220 0.885570
vn 0.098041 0.311970 0.945020
vn 0.339288 0.427060 0.838155
vn 0.110297 0.451220 0.885570
vn 0.040240 0.326654 0.944287
vn 0.046002 0.300360 0.952716
vn 0.124074 0.186723 0.974546
vn 0.063309 0.469839 0.880479
vn 0.098041 0.581165 0.807859
vn 0.124074 0.186723 0.974546
vn 0.851117 -0.057600 0.521807
vn 0.147856 0.169143 0.974438
vn 0.063309 0.469839 0.880479
vn 0.063309 0.469839 0.880479
vn 0.147856 0.169143 0.974438
vn -0.040240 0.571941 0.819307
vn 0.000000 0.573121 0.819471
vn 0.098041 0.581165 0.807859
vn 0.063309 0.469839 0.880479
vn 0.000000 0.573121 0.819471
vn 0.040240 0.571941 0.819307
vn 0.851117 -0.057600 0.521807
vn 0.990216 0.063351 0.124333
vn 0.781416 0.283295 0.555998
vn 0.147856 0.169143 0.974438
vn 0.990216 0.063351 0.124333
vn 0.851117 0.456007 0.260112
vn 0.147856 0.688917 0.709600
vn 0.781416 0.283295 0.555998
vn 0.781416 0.283295 0.555998
vn 0.147856 0.688917 0.709600
vn -0.040240 0.326654 0.944287
vn -0.110297 0.451220 0.885570
vn 0.147856 0.169143 0.974438
vn 0.781416 0.283295 0.555998
vn -0.110297 0.451220 0.885570
vn -0.040240 0.571941 0.819307
vn 0.851117 0.456007 0.260112
vn 0.124075 0.678671 0.723886
vn 0.063309 0.436156 0.897641
vn 0.147856 0.688917 0.709600
vn 0.124075 0.678671 0.723886
vn 0.046002 0.594216 0.802989
vn 0.098041 0.311970 0.945020
vn 0.063309 0.436156 0.897641
vn 0.063309 0.436156 0.897641
vn 0.098041 0.311970 0.945020
vn 0.040240 0.326654 0.944287
vn 0.000000 0.326092 0.945338
vn 0.147856 0.688917 0.709600
vn 0.063309 0.436156 0.897641
vn 0.000000 0.326092 0.945338
vn -0.040240 0.326654 0.944287
vn 0.046002 0.008746 0.998903
vn -0.361775 -0.145839 0.920788
vn 0.339288 -0.147155 0.929101
vn 0.098041 -0.303078 0.947909
vn -0.361775 -0.145839 0.920788
vn 0.046002 -0.316995 0.947311
vn 0.098041 -0.004675 0.995171
vn 0.339288 -0.147155 0.929101
vn 0.339288 -0.147155 0.929101
vn 0.098041 -0.004675 0.995171
vn 0.040240 -0.018866 0.999012
vn 0.110297 -0.155480 0.981662
vn 0.098041 -0.303078 0.947909
vn 0.339288 -0.147155 0.929101
vn 0.110297 -0.155480 0.981662
vn 0.040240 -0.290770 0.955946
vn 0.046002 -0.316995 0.947311
vn 0.124074 -0.421762 0.898177
vn 0.063309 -0.137426 0.988487
vn 0.098041 -0.004675 0.995171
vn 0.124074 -0.421762 0.898177
vn 0.851116 -0.353310 0.388295
vn 0.147856 -0.435922 0.887756
vn 0.063309 -0.137426 0.988487
vn 0.063309 -0.137426 0.988487
vn 0.147856 -0.435922 0.887756
vn -0.040240 -0.018866 0.999012
vn 0.000000 -0.018007 0.999838
vn 0.098041 -0.004675 0.995171
vn 0.063309 -0.137426 0.988487
vn 0.000000 -0.018007 0.999838
vn 0.040240 -0.018866 0.999012
vn 0.851116 -0.353310 0.388295
vn 0.990216 -0.021829 0.137824
vn 0.781416 -0.097617 0.616328
vn 0.147856 -0.435922 0.887756
vn 0.990216 -0.021829 0.137824
vn 0.851116 0.216028 0.478469
vn 0.147856 0.140254 0.979014
vn 0.781416 -0.097617 0.616328
vn 0.781416 -0.097617 0.616328
vn 0.147856 0.140254 0.979014
vn -0.040240 -0.290770 0.955947
vn -0.110297 -0.155480 0.981662
vn 0.147856 -0.435922 0.887756
vn 0.781416 -0.097617 0.616328
vn -0.110297 -0.155480 0.981662
vn -0.040240 -0.018866 0.999012
vn 0.851116 0.216028 0.478469
vn 0.124074 0.123567 0.984549
vn 0.063309 -0.174761 0.982573
vn 0.147856 0.140254 0.979014
vn 0.124074 0.123567 0.984549
vn 0.046002 0.008746 0.998903
vn 0.098041 -0.303078 0.947909
vn 0.063309 -0.174761 0.982573
vn 0.063309 -0.174761 0.982573
vn 0.098041 -0.303078 0.947909
vn 0.040240 -0.290770 0.955946
vn 0.000000 -0.291842 0.956466
vn 0.147856 0.140254 0.979014
vn 0.063309 -0.174761 0.982573
vn 0.000000 -0.291842 0.956466
vn -0.040240 -0.290770 0.955947
vn 0.046002 -0.580065 0.813270
vn -0.361777 -0.659211 0.659211
vn 0.339287 -0.665163 0.665163
vn 0.098041 -0.802362 0.588730
vn -0.361777 -0.659211 0.659211
vn 0.046002 -0.813270 0.580065
vn 0.098041 -0.588730 0.802363
vn 0.339287 -0.665163 0.665163
vn 0.339287 -0.665163 0.665163
vn 0.098041 -0.588730 0.802363
vn 0.040240 -0.602468 0.797128
vn 0.110296 -0.702793 0.702792
vn 0.098041 -0.802362 0.588730
vn 0.339287 -0.665163 0.665163
vn 0.110296 -0.702793 0.702792
vn 0.040240 -0.797130 0.602466
vn 0.046002 -0.813270 0.580065
vn 0.124074 -0.869148 0.478736
vn 0.063309 -0.692197 0.718926
vn 0.098041 -0.588730 0.802363
vn 0.124074 -0.869148 0.478736
vn 0.851116 -0.514068 0.106467
vn 0.147856 -0.874478 0.461981
vn 0.063309 -0.692197 0.718926
vn 0.063309 -0.692197 0.718926
vn 0.147856 -0.874478 0.461981
vn -0.040240 -0.602468 0.797128
vn 0.000000 -0.602258 0.798301
vn 0.098041 -0.588730 0.802363
vn 0.063309 -0.692197 0.718926
vn 0.000000 -0.602258 0.798301
vn 0.040240 -0.602468 0.797128
vn 0.851116 -0.514068 0.106467
vn 0.990216 -0.098671 0.098671
vn 0.781416 -0.441242 0.441241
vn 0.147856 -0.874478 0.461981
vn 0.990216 -0.098671 0.098671
vn 0.851116 -0.106467 0.514068
vn 0.147856 -0.461981 0.874478
vn 0.781416 -0.441242 0.441241
vn 0.781416 -0.441242 0.441241
vn 0.147856 -0.461981 0.874478
vn -0.040240 -0.797129 0.602466
vn -0.110296 -0.702794 0.702792
vn 0.147856 -0.874478 0.461981
vn 0.781416 -0.441242 0.441241
vn -0.110296 -0.702794 0.702792
vn -0.040240 -0.602468 0.797128
vn 0.851116 -0.106467 0.514068
vn 0.124075 -0.478735 0.869148
vn 0.063309 -0.718925 0.692198
vn 0.147856 -0.461981 0.874478
vn 0.124075 -0.478735 0.869148
vn 0.046002 -0.580065 0.813270
vn 0.098041 -0.802362 0.588730
vn 0.063309 -0.718925 0.692198
vn 0.063309 -0.718925 0.692198
vn 0.098041 -0.802362 0.588730
vn 0.040240 -0.797130 0.602466
vn 0.000000 -0.798303 0.602256
vn 0.147856 -0.461981 0.874478
vn 0.063309 -0.718925 0.692198
vn 0.000000 -0.798303 0.602256
vn -0.040240 -0.797129 0.602466
vn 0.046002 -0.947311 0.316996
vn -0.361777 -0.920787 0.145840
vn 0.339286 -0.929102 0.147156
vn 0.098041 -0.995171 0.004677
vn -0.361777 -0.920787 0.145840
vn 0.046001 -0.998903 -0.008745
vn 0.098040 -0.947909 0.303079
vn 0.339286 -0.929102 0.147156
vn 0.339286 -0.929102 0.147156
vn 0.098040 -0.947909 0.303079
vn 0.040240 -0.955947 0.290770
vn 0.110296 -0.981662 0.155481
vn 0.098041 -0.995171 0.004677
vn 0.339286 -0.929102 0.147156
vn 0.110296 -0.981662 0.155481
vn 0.040240 -0.999012 0.018867
vn 0.046001 -0.998903 -0.008745
vn 0.124075 -0.984549 -0.123566
vn 0.063309 -0.982573 0.174761
vn 0.098040 -0.947909 0.303079
vn 0.124075 -0.984549 -0.123566
vn 0.851117 -0.478469 -0.216027
vn 0.147856 -0.979014 -0.140253
vn 0.063309 -0.982573 0.174761
vn 0.063309 -0.982573 0.174761
vn 0.147856 -0.979014 -0.140253
vn -0.040240 -0.955947 0.290770
vn 0.000000 -0.956467 0.291842
vn 0.098040 -0.947909 0.303079
vn 0.063309 -0.982573 0.174761
vn 0.000000 -0.956467 0.291842
vn 0.040240 -0.955947 0.290770
vn 0.851117 -0.478469 -0.216027
vn 0.990216 -0.137824 0.021829
vn 0.781416 -0.616328 0.097617
vn 0.147856 -0.979014 -0.140253
vn 0.990216 -0.137824 0.021829
vn 0.851116 -0.388295 0.353310
vn 0.147856 -0.887755 0.435923
vn 0.781416 -0.616328 0.097617
vn 0.781416 -0.616328 0.097617
vn 0.147856 -0.887755 0.435923
vn -0.040240 -0.999012 0.018867
vn -0.110297 -0.981662 0.155481
vn 0.147856 -0.979014 -0.140253
vn 0.781416 -0.616328 0.097617
vn -0.110297 -0.981662 0.155481
vn -0.040240 -0.955947 0.290770
vn 0.851116 -0.388295 0.353310
vn 0.124075 -0.898177 0.421762
vn 0.063309 -0.988487 0.137427
vn 0.147856 -0.887755 0.435923
vn 0.124075 -0.898177 0.421762
vn 0.046002 -0.947311 0.316996
vn 0.098041 -0.995171 0.004677
vn 0.063309 -0.988487 0.137427
vn 0.063309 -0.988487 0.137427
vn 0.098041 -0.995171 0.004677
vn 0.040240 -0.999012 0.018867
vn 0.000000 -0.999838 0.018008
vn 0.147856 -0.887755 0.435923
vn 0.063309 -0.988487 0.137427
vn 0.000000 -0.999838 0.018008
vn -0.040240 -0.999012 0.018867
vn -0.680683 0.592668 0.430599
vn -0.680655 0.652755 0.332595
vn -0.999566 0.026248 0.013374
vn -0.999560 0.023995 0.017433
vn -0.680655 0.652755 0.332595
vn -0.680683 0.696724 0.226379
vn -0.999560 0.028207 0.009165
vn -0.999566 0.026248 0.013374
vn -0.999566 0.026248 0.013374
vn -0.999560 0.028207 0.009165
vn 0.000000 -0.951057 -0.309016
vn 0.000000 -0.891006 -0.453991
vn -0.999560 0.023995 0.017433
vn -0.999566 0.026248 0.013374
vn 0.000000 -0.891006 -0.453991
vn 0.000000 -0.809016 -0.587786
vn -0.680683 0.430599 0.592668
vn -0.680655 0.518029 0.518029
vn -0.999566 0.020831 0.020831
vn -0.999560 0.017433 0.023995
vn -0.680655 0.518029 0.518029
vn -0.680683 0.592668 0.430599
vn -0.999560 0.023995 0.017433
vn -0.999566 0.020831 0.020831
vn -0.999566 0.020831 0.020831
vn -0.999560 0.023995 0.017433
vn 0.000000 -0.809016 -0.587786
vn 0.000000 -0.707106 -0.707107
vn -0.999560 0.017433 0.023995
vn -0.999566 0.020831 0.020831
vn 0.000000 -0.707106 -0.707107
vn 0.000000 -0.587785 -0.809017
vn -0.680683 0.226379 0.696724
vn -0.680655 0.332596 0.652755
vn -0.999566 0.013374 0.026249
vn -0.999560 0.009165 0.028208
vn -0.680655 0.332596 0.652755
vn -0.680683 0.430599 0.592668
vn -0.999560 0.017433 0.023995
vn -0.999566 0.013374 0.026249
vn -0.999566 0.013374 0.026249
vn -0.999560 0.017433 0.023995
vn 0.000000 -0.587785 -0.809017
vn 0.000000 -0.453991 -0.891006
vn -0.999560 0.009165 0.028208
vn -0.999566 0.013374 0.026249
vn 0.000000 -0.453991 -0.891006
vn 0.000000 -0.309017 -0.951056
vn -0.680683 0.000000 0.732578
vn -0.680655 0.114604 0.723585
vn -0.999566 0.004608 0.029096
vn -0.999560 0.000000 0.029659
vn -0.680655 0.114604 0.723585
vn -0.680683 0.226379 0.696724
vn -0.999560 0.009165 0.028208
vn -0.999566 0.004608 0.029096
vn -0.999566 0.004608 0.029096
vn -0.999560 0.009165 0.028208
vn 0.000000 -0.309017 -0.951056
vn 0.000000 -0.156434 -0.987688
vn -0.999560 0.000000 0.029659
vn -0.999566 0.004608 0.029096
vn 0.000000 -0.156434 -0.987688
vn 0.000000 0.000000 -1.000000
vn -0.680683 -0.226379 0.696723
vn -0.680654 -0.114605 0.723585
vn -0.999566 -0.004608 0.029097
vn -0.999560 -0.009165 0.028208
vn -0.680654 -0.114605 0.723585
vn -0.680683 0.000000 0.732578
vn -0.999560 0.000000 0.029659
vn -0.999566 -0.004608 0.029097
vn -0.999566 -0.004608 0.029097
vn -0.999560 0.000000 0.029659
vn 0.000000 0.000000 -1.000000
vn 0.000000 0.156434 -0.987688
vn -0.999560 -0.009165 0.028208
vn -0.999566 -0.004608 0.029097
vn 0.000000 0.156434 -0.987688
vn 0.000000 0.309017 -0.951056
vn -0.680683 -0.430599 0.592668
vn -0.680655 -0.332595 0.652755
vn -0.999566 -0.013374 0.026249
vn -0.999560 -0.017433 0.023995
vn -0.680655 -0.332595 0.652755
vn -0.680683 -0.226379 0.696723
vn -0.999560 -0.009165 0.028208
vn -0.999566 -0.013374 0.026249
vn -0.999566 -0.013374 0.026249
vn -0.999560 -0.009165 0.028208
vn 0.000000 0.309017 -0.951056
vn 0.000000 0.453991 -0.891006
vn -0.999560 -0.017433 0.023995
vn -0.999566 -0.013374 0.026249
vn 0.000000 0.453991 -0.891006
vn 0.000000 0.587785 -0.809017
vn -0.680682 -0.592669 0.430599
vn -0.680655 -0.518030 0.518029
vn -0.999566 -0.020831 0.020831
vn -0.999560 -0.023995 0.017433
vn -0.680655 -0.518030 0.518029
vn -0.680683 -0.430599 0.592668
vn -0.999560 -0.017433 0.023995
vn -0.999566 -0.020831 0.020831
vn -0.999566 -0.020831 0.020831
vn -0.999560 -0.017433 0.023995
vn 0.000000 0.587785 -0.809017
vn 0.000000 0.707107 -0.707107
vn -0.999560 -0.023995 0.017433
vn -0.999566 -0.020831 0.020831
vn 0.000000 0.707107 -0.707107
vn 0.000000 0.809017 -0.587786
vn -0.680682 -0.696724 0.226379
vn -0.680654 -0.652755 0.332596
vn -0.999566 -0.026248 0.013374
vn -0.999560 -0.028208 0.009166
vn -0.680654 -0.652755 0.332596
vn -0.680682 -0.592669 0.430599
vn -0.999560 -0.023995 0.017433
vn -0.999566 -0.026248 0.013374
vn -0.999566 -0.026248 0.013374
vn -0.999560 -0.023995 0.017433
vn 0.000000 0.809017 -0.587786
vn 0.000000 0.891006 -0.453991
vn -0.999560 -0.028208 0.009166
vn -0.999566 -0.026248 0.013374
vn 0.000000 0.891006 -0.453991
vn 0.000000 0.951056 -0.309017
vn -0.680682 -0.732579 0.000000
vn -0.680654 -0.723586 0.114605
vn -0.999566 -0.029097 0.004609
vn -0.999560 -0.029659 0.000000
vn -0.680654 -0.723586 0.114605
vn -0.680682 -0.696724 0.226379
vn -0.999560 -0.028208 0.009166
vn -0.999566 -0.029097 0.004609
vn -0.999566 -0.029097 0.004609
vn -0.999560 -0.028208 0.009166
vn 0.000000 0.951056 -0.309017
vn 0.000000 0.987688 -0.156434
vn -0.999560 -0.029659 0.000000
vn -0.999566 -0.029097 0.004609
vn 0.000000 0.987688 -0.156434
vn 0.000000 1.000000 0.000000
vn -0.680682 -0.696724 -0.226380
vn -0.680654 -0.723585 -0.114605
vn -0.999566 -0.029097 -0.004609
vn -0.999560 -0.028208 -0.009166
vn -0.680654 -0.723585 -0.114605
vn -0.680682 -0.732579 0.000000
vn -0.999560 -0.029659 0.000000
vn -0.999566 -0.029097 -0.004609
vn -0.999566 -0.029097 -0.004609
vn -0.999560 -0.029659 0.000000
vn 0.000000 1.000000 0.000000
vn 0.000000 0.987688 0.156434
vn -0.999560 -0.028208 -0.009166
vn -0.999566 -0.029097 -0.004609
vn 0.000000 0.987688 0.156434
vn 0.000000 0.951056 0.309017
vn -0.680682 -0.592669 -0.430599
vn -0.680654 -0.652756 -0.332596
vn -0.999566 -0.026249 -0.013374
vn -0.999560 -0.023995 -0.017433
vn -0.680654 -0.652756 -0.332596
vn -0.680682 -0.696724 -0.226380
vn -0.999560 -0.028208 -0.009166
vn -0.999566 -0.026249 -0.013374
vn -0.999566 -0.026249 -0.013374
vn -0.999560 -0.028208 -0.009166
vn 0.000000 0.951056 0.309017
vn 0.000000 0.891006 0.453991
vn -0.999560 -0.023995 -0.017433
vn -0.999566 -0.026249 -0.013374
vn 0.000000 0.891006 0.453991
vn 0.000000 0.809017 0.587786
vn -0.680683 -0.430598 -0.592668
vn -0.680655 -0.518030 -0.518029
vn -0.999566 -0.020831 -0.020831
vn -0.999560 -0.017434 -0.023995
vn -0.680655 -0.518030 -0.518029
vn -0.680682 -0.592669 -0.430599
vn -0.999560 -0.023995 -0.017433
vn -0.999566 -0.020831 -0.020831
vn -0.999566 -0.020831 -0.020831
vn -0.999560 -0.023995 -0.017433
vn 0.000000 0.809017 0.587786
vn 0.000000 0.707106 0.707107
vn -0.999560 -0.017434 -0.023995
vn -0.999566 -0.020831 -0.020831
vn 0.000000 0.707106 0.707107
vn 0.000000 0.587785 0.809017
vn -0.680683 -0.226379 -0.696723
vn -0.680655 -0.332595 -0.652755
vn -0.999566 -0.013374 -0.026249
vn -0.999560 -0.009165 -0.028208
vn -0.680655 -0.332595 -0.652755
vn -0.680683 -0.430598 -0.592668
vn -0.999560 -0.017434 -0.023995
vn -0.999566 -0.013374 -0.026249
vn -0.999566 -0.013374 -0.026249
vn -0.999560 -0.017434 -0.023995
vn 0.000000 0.587785 0.809017
vn 0.000000 0.453990 0.891007
vn -0.999560 -0.009165 -0.028208
vn -0.999566 -0.013374 -0.026249
vn 0.000000 0.453990 0.891007
vn 0.000000 0.309017 0.951056
vn -0.680683 0.000000 -0.732578
vn -0.680655 -0.114605 -0.723584
vn -0.999566 -0.004608 -0.029097
vn -0.999560 0.000000 -0.029659
vn -0.680655 -0.114605 -0.723584
vn -0.680683 -0.226379 -0.696723
vn -0.999560 -0.009165 -0.028208
vn -0.999566 -0.004608 -0.029097
vn -0.999566 -0.004608 -0.029097
vn -0.999560 -0.009165 -0.028208
vn 0.000000 0.309017 0.951056
vn 0.000000 0.156435 0.987688
vn -0.999560 0.000000 -0.029659
vn -0.999566 -0.004608 -0.029097
vn 0.000000 0.156435 0.987688
vn 0.000000 0.000000 1.000000
vn -0.680683 0.226379 -0.696723
vn -0.680655 0.114605 -0.723585
vn -0.999566 0.004608 -0.029097
vn -0.999560 0.009165 -0.028208
vn -0.680655 0.114605 -0.723585
vn -0.680683 0.000000 -0.732578
vn -0.999560 0.000000 -0.029659
vn -0.999566 0.004608 -0.029097
vn -0.999566 0.004608 -0.029097
vn -0.999560 0.000000 -0.029659
vn 0.000000 0.000000 1.000000
vn 0.000000 -0.156435 0.987688
vn -0.999560 0.009165 -0.028208
vn -0.999566 0.004608 -0.029097
vn 0.000000 -0.156435 0.987688
vn 0.000000 -0.309017 0.951056
vn -0.680683 0.430599 -0.592668
vn -0.680655 0.332595 -0.652755
vn -0.999566 0.013374 -0.026248
vn -0.999560 0.017434 -0.023995
vn -0.680655 0.332595 -0.652755
vn -0.680683 0.226379 -0.696723
vn -0.999560 0.009165 -0.028208
vn -0.999566 0.013374 -0.026248
vn -0.999566 0.013374 -0.026248
vn -0.999560 0.009165 -0.028208
vn 0.000000 -0.309017 0.951056
vn 0.000000 -0.453990 0.891007
vn -0.999560 0.017434 -0.023995
vn -0.999566 0.013374 -0.026248
vn 0.000000 -0.453990 0.891007
vn 0.000000 -0.587785 0.809017
vn -0.680682 0.592669 -0.430599
vn -0.680655 0.518030 -0.518029
vn -0.999566 0.020831 -0.020830
vn -0.999560 0.023995 -0.017433
vn -0.680655 0.518030 -0.518029
vn -0.680683 0.430599 -0.592668
vn -0.999560 0.017434 -0.023995
vn -0.999566 0.020831 -0.020830
vn -0.999566 0.020831 -0.020830
vn -0.999560 0.017434 -0.023995
vn 0.000000 -0.587785 0.809017
vn 0.000000 -0.707107 0.707107
vn -0.999560 0.023995 -0.017433
vn -0.999566 0.020831 -0.020830
vn 0.000000 -0.707107 0.707107
vn 0.000000 -0.809017 0.587786
vn -0.680682 0.696724 -0.226379
vn -0.680654 0.652756 -0.332596
vn -0.999566 0.026249 -0.013374
vn -0.999560 0.028208 -0.009165
vn -0.680654 0.652756 -0.332596
vn -0.680682 0.592669 -0.430599
vn -0.999560 0.023995 -0.017433
vn -0.999566 0.026249 -0.013374
vn -0.999566 0.026249 -0.013374
vn -0.999560 0.023995 -0.017433
vn 0.000000 -0.809017 0.587786
vn 0.000000 -0.891006 0.453991
vn -0.999560 0.028208 -0.009165
vn -0.999566 0.026249 -0.013374
vn 0.000000 -0.891006 0.453991
vn 0.000000 -0.951056 0.309017
vn -0.680682 0.732579 -0.000001
vn -0.680654 0.723585 -0.114605
vn -0.999566 0.029097 -0.004609
vn -0.999560 0.029659 0.000000
vn -0.680654 0.723585 -0.114605
vn -0.680682 0.696724 -0.226379
vn -0.999560 0.028208 -0.009165
vn -0.999566 0.029097 -0.004609
vn -0.999566 0.029097 -0.004609
vn -0.999560 0.028208 -0.009165
vn 0.000000 -0.951056 0.309017
vn 0.000000 -0.987688 0.156434
vn -0.999560 0.029659 0.000000
vn -0.999566 0.029097 -0.004609
vn 0.000000 -0.987688 0.156434
vn 0.000000 -1.000000 0.000001
vn -0.680683 0.696724 0.226379
vn -0.680654 0.723586 0.114604
vn -0.999566 0.029096 0.004608
vn -0.999560 0.028207 0.009165
vn -0.680654 0.723586 0.114604
vn -0.680682 0.732579 -0.000001
vn -0.999560 0.029659 0.000000
vn -0.999566 0.029096 0.004608
vn -0.999566 0.029096 0.004608
vn -0.999560 0.029659 0.000000
vn 0.000000 -1.000000 0.000001
vn 0.000000 -0.987689 -0.156433
vn -0.999560 0.028207 0.009165
vn -0.999566 0.029096 0.004608
vn 0.000000 -0.987689 -0.156433
vn 0.000000 -0.951057 -0.309016
vn 0.000000 -0.809016 -0.587786
vn 0.000000 -0.891006 -0.453991
vn -0.607804 -0.707537 -0.360508
vn -0.604874 -0.644237 -0.468066
vn 0.000000 -0.891006 -0.453991
vn 0.000000 -0.951057 -0.309016
vn -0.604873 -0.757347 -0.246076
vn -0.607804 -0.707537 -0.360508
vn -0.607804 -0.707537 -0.360508
vn -0.604873 -0.757347 -0.246076
vn -0.974624 -0.212893 -0.069173
vn -0.968433 -0.222106 -0.113169
vn -0.604874 -0.644237 -0.468066
vn -0.607804 -0.707537 -0.360508
vn -0.968433 -0.222106 -0.113169
vn -0.974624 -0.181097 -0.131575
vn 0.000000 -0.587785 -0.809017
vn 0.000000 -0.707106 -0.707107
vn -0.607804 -0.561504 -0.561504
vn -0.604873 -0.468066 -0.644238
vn 0.000000 -0.707106 -0.707107
vn 0.000000 -0.809016 -0.587786
vn -0.604874 -0.644237 -0.468066
vn -0.607804 -0.561504 -0.561504
vn -0.607804 -0.561504 -0.561504
vn -0.604874 -0.644237 -0.468066
vn -0.974624 -0.181097 -0.131575
vn -0.968433 -0.176264 -0.176264
vn -0.604873 -0.468066 -0.644238
vn -0.607804 -0.561504 -0.561504
vn -0.968433 -0.176264 -0.176264
vn -0.974624 -0.131575 -0.181097
vn 0.000000 -0.309017 -0.951056
vn 0.000000 -0.453991 -0.891006
vn -0.607804 -0.360509 -0.707536
vn -0.604873 -0.246077 -0.757347
vn 0.000000 -0.453991 -0.891006
vn 0.000000 -0.587785 -0.809017
vn -0.604873 -0.468066 -0.644238
vn -0.607804 -0.360509 -0.707536
vn -0.607804 -0.360509 -0.707536
vn -0.604873 -0.468066 -0.644238
vn -0.974624 -0.131575 -0.181097
vn -0.968433 -0.113169 -0.222106
vn -0.604873 -0.246077 -0.757347
vn -0.607804 -0.360509 -0.707536
vn -0.968433 -0.113169 -0.222106
vn -0.974624 -0.069173 -0.212892
vn 0.000000 0.000000 -1.000000
vn 0.000000 -0.156434 -0.987688
vn -0.607804 -0.124222 -0.784310
vn -0.604873 0.000000 -0.796322
vn 0.000000 -0.156434 -0.987688
vn 0.000000 -0.309017 -0.951056
vn -0.604873 -0.246077 -0.757347
vn -0.607804 -0.124222 -0.784310
vn -0.607804 -0.124222 -0.784310
vn -0.604873 -0.246077 -0.757347
vn -0.974624 -0.069173 -0.212892
vn -0.968433 -0.038995 -0.246206
vn -0.604873 0.000000 -0.796322
vn -0.607804 -0.124222 -0.784310
vn -0.968433 -0.038995 -0.246206
vn -0.974624 0.000000 -0.223848
vn 0.000000 0.309017 -0.951056
vn 0.000000 0.156434 -0.987688
vn -0.607804 0.124223 -0.784311
vn -0.604873 0.246077 -0.757347
vn 0.000000 0.156434 -0.987688
vn 0.000000 0.000000 -1.000000
vn -0.604873 0.000000 -0.796322
vn -0.607804 0.124223 -0.784311
vn -0.607804 0.124223 -0.784311
vn -0.604873 0.000000 -0.796322
vn -0.974624 0.000000 -0.223848
vn -0.968433 0.038995 -0.246206
vn -0.604873 0.246077 -0.757347
vn -0.607804 0.124223 -0.784311
vn -0.968433 0.038995 -0.246206
vn -0.974624 0.069173 -0.212892
vn 0.000000 0.587785 -0.809017
vn 0.000000 0.453991 -0.891006
vn -0.607804 0.360508 -0.707537
vn -0.604873 0.468066 -0.644238
vn 0.000000 0.453991 -0.891006
vn 0.000000 0.309017 -0.951056
vn -0.604873 0.246077 -0.757347
vn -0.607804 0.360508 -0.707537
vn -0.607804 0.360508 -0.707537
vn -0.604873 0.246077 -0.757347
vn -0.974624 0.069173 -0.212892
vn -0.968433 0.113169 -0.222106
vn -0.604873 0.468066 -0.644238
vn -0.607804 0.360508 -0.707537
vn -0.968433 0.113169 -0.222106
vn -0.974624 0.131575 -0.181097
vn 0.000000 0.809017 -0.587786
vn 0.000000 0.707107 -0.707107
vn -0.607804 0.561504 -0.561504
vn -0.604874 0.644238 -0.468066
vn 0.000000 0.707107 -0.707107
vn 0.000000 0.587785 -0.809017
vn -0.604873 0.468066 -0.644238
vn -0.607804 0.561504 -0.561504
vn -0.607804 0.561504 -0.561504
vn -0.604873 0.468066 -0.644238
vn -0.974624 0.131575 -0.181097
vn -0.968433 0.176264 -0.176264
vn -0.604874 0.644238 -0.468066
vn -0.607804 0.561504 -0.561504
vn -0.968433 0.176264 -0.176264
vn -0.974624 0.181097 -0.131575
vn 0.000000 0.951056 -0.309017
vn 0.000000 0.891006 -0.453991
vn -0.607804 0.707536 -0.360508
vn -0.604873 0.757347 -0.246077
vn 0.000000 0.891006 -0.453991
vn 0.000000 0.809017 -0.587786
vn -0.604874 0.644238 -0.468066
vn -0.607804 0.707536 -0.360508
vn -0.607804 0.707536 -0.360508
vn -0.604874 0.644238 -0.468066
vn -0.974624 0.181097 -0.131575
vn -0.968433 0.222106 -0.113169
vn -0.604873 0.757347 -0.246077
vn -0.607804 0.707536 -0.360508
vn -0.968433 0.222106 -0.113169
vn -0.974624 0.212893 -0.069173
vn 0.000000 1.000000 0.000000
vn 0.000000 0.987688 -0.156434
vn -0.607804 0.784310 -0.124222
vn -0.604873 0.796322 0.000000
vn 0.000000 0.987688 -0.156434
vn 0.000000 0.951056 -0.309017
vn -0.604873 0.757347 -0.246077
vn -0.607804 0.784310 -0.124222
vn -0.607804 0.784310 -0.124222
vn -0.604873 0.757347 -0.246077
vn -0.974624 0.212893 -0.069173
vn -0.968433 0.246206 -0.038995
vn -0.604873 0.796322 0.000000
vn -0.607804 0.784310 -0.124222
vn -0.968433 0.246206 -0.038995
vn -0.974624 0.223848 0.000000
vn 0.000000 0.951056 0.309017
vn 0.000000 0.987688 0.156434
vn -0.607804 0.784310 0.124222
vn -0.604874 0.757347 0.246077
vn 0.000000 0.987688 0.156434
vn 0.000000 1.000000 0.000000
vn -0.604873 0.796322 0.000000
vn -0.607804 0.784310 0.124222
vn -0.607804 0.784310 0.124222
vn -0.604873 0.796322 0.000000
vn -0.974624 0.223848 0.000000
vn -0.968433 0.246207 0.038995
vn -0.604874 0.757347 0.246077
vn -0.607804 0.784310 0.124222
vn -0.968433 0.246207 0.038995
vn -0.974624 0.212892 0.069173
vn 0.000000 0.809017 0.587786
vn 0.000000 0.891006 0.453991
vn -0.607804 0.707536 0.360509
vn -0.604873 0.644238 0.468067
vn 0.000000 0.891006 0.453991
vn 0.000000 0.951056 0.309017
vn -0.604874 0.757347 0.246077
vn -0.607804 0.707536 0.360509
vn -0.607804 0.707536 0.360509
vn -0.604874 0.757347 0.246077
vn -0.974624 0.212892 0.069173
vn -0.968433 0.222106 0.113169
vn -0.604873 0.644238 0.468067
vn -0.607804 0.707536 0.360509
vn -0.968433 0.222106 0.113169
vn -0.974624 0.181097 0.131575
vn 0.000000 0.587785 0.809017
vn 0.000000 0.707106 0.707107
vn -0.607804 0.561504 0.561504
vn -0.604873 0.468066 0.644238
vn 0.000000 0.707106 0.707107
vn 0.000000 0.809017 0.587786
vn -0.604873 0.644238 0.468067
vn -0.607804 0.561504 0.561504
vn -0.607804 0.561504 0.561504
vn -0.604873 0.644238 0.468067
vn -0.974624 0.181097 0.131575
vn -0.968433 0.176264 0.176264
vn -0.604873 0.468066 0.644238
vn -0.607804 0.561504 0.561504
vn -0.968433 0.176264 0.176264
vn -0.974624 0.131575 0.181097
vn 0.000000 0.309017 0.951056
vn 0.000000 0.453990 0.891007
vn -0.607804 0.360508 0.707537
vn -0.604873 0.246077 0.757347
vn 0.000000 0.453990 0.891007
vn 0.000000 0.587785 0.809017
vn -0.604873 0.468066 0.644238
vn -0.607804 0.360508 0.707537
vn -0.607804 0.360508 0.707537
vn -0.604873 0.468066 0.644238
vn -0.974624 0.131575 0.181097
vn -0.968433 0.113169 0.222106
vn -0.604873 0.246077 0.757347
vn -0.607804 0.360508 0.707537
vn -0.968433 0.113169 0.222106
vn -0.974624 0.069173 0.212893
vn 0.000000 0.000000 1.000000
vn 0.000000 0.156435 0.987688
vn -0.607804 0.124223 0.784311
vn -0.604873 0.000000 0.796322
vn 0.000000 0.156435 0.987688
vn 0.000000 0.309017 0.951056
vn -0.604873 0.246077 0.757347
vn -0.607804 0.124223 0.784311
vn -0.607804 0.124223 0.784311
vn -0.604873 0.246077 0.757347
vn -0.974624 0.069173 0.212893
vn -0.968433 0.038995 0.246207
vn -0.604873 0.000000 0.796322
vn -0.607804 0.124223 0.784311
vn -0.968433 0.038995 0.246207
vn -0.974624 0.000000 0.223848
vn 0.000000 -0.309017 0.951056
vn 0.000000 -0.156435 0.987688
vn -0.607804 -0.124223 0.784310
vn -0.604873 -0.246077 0.757347
vn 0.000000 -0.156435 0.987688
vn 0.000000 0.000000 1.000000
vn -0.604873 0.000000 0.796322
vn -0.607804 -0.124223 0.784310
vn -0.607804 -0.124223 0.784310
vn -0.604873 0.000000 0.796322
vn -0.974624 0.000000 0.223848
vn -0.968433 -0.038995 0.246207
vn -0.604873 -0.246077 0.757347
vn -0.607804 -0.124223 0.784310
vn -0.968433 -0.038995 0.246207
vn -0.974624 -0.069173 0.212893
vn 0.000000 -0.587785 0.809017
vn 0.000000 -0.453990 0.891007
vn -0.607804 -0.360508 0.707537
vn -0.604873 -0.468066 0.644238
vn 0.000000 -0.453990 0.891007
vn 0.000000 -0.309017 0.951056
vn -0.604873 -0.246077 0.757347
vn -0.607804 -0.360508 0.707537
vn -0.607804 -0.360508 0.707537
vn -0.604873 -0.246077 0.757347
vn -0.974624 -0.069173 0.212893
vn -0.968433 -0.113169 0.222106
vn -0.604873 -0.468066 0.644238
vn -0.607804 -0.360508 0.707537
vn -0.968433 -0.113169 0.222106
vn -0.974624 -0.131575 0.181097
vn 0.000000 -0.809017 0.587786
vn 0.000000 -0.707107 0.707107
vn -0.607804 -0.561505 0.561504
vn -0.604873 -0.644238 0.468067
vn 0.000000 -0.707107 0.707107
vn 0.000000 -0.587785 0.809017
vn -0.604873 -0.468066 0.644238
vn -0.607804 -0.561505 0.561504
vn -0.607804 -0.561505 0.561504
vn -0.604873 -0.468066 0.644238
vn -0.974624 -0.131575 0.181097
vn -0.968433 -0.176264 0.176264
vn -0.604873 -0.644238 0.468067
vn -0.607804 -0.561505 0.561504
vn -0.968433 -0.176264 0.176264
vn -0.974624 -0.181097 0.131575
vn 0.000000 -0.951056 0.309017
vn 0.000000 -0.891006 0.453991
vn -0.607804 -0.707537 0.360508
vn -0.604873 -0.757347 0.246077
vn 0.000000 -0.891006 0.453991
vn 0.000000 -0.809017 0.587786
vn -0.604873 -0.644238 0.468067
vn -0.607804 -0.707537 0.360508
vn -0.607804 -0.707537 0.360508
vn -0.604873 -0.644238 0.468067
vn -0.974624 -0.181097 0.131575
vn -0.968433 -0.222106 0.113169
vn -0.604873 -0.757347 0.246077
vn -0.607804 -0.707537 0.360508
vn -0.968433 -0.222106 0.113169
vn -0.974624 -0.212893 0.069173
vn 0.000000 -1.000000 0.000001
vn 0.000000 -0.987688 0.156434
vn -0.607804 -0.784310 0.124223
vn -0.604873 -0.796322 0.000001
vn 0.000000 -0.987688 0.156434
vn 0.000000 -0.951056 0.309017
vn -0.604873 -0.757347 0.246077
vn -0.607804 -0.784310 0.124223
vn -0.607804 -0.784310 0.124223
vn -0.604873 -0.757347 0.246077
vn -0.974624 -0.212893 0.069173
vn -0.968433 -0.246207 0.038995
vn -0.604873 -0.796322 0.000001
vn -0.607804 -0.784310 0.124223
vn -0.968433 -0.246207 0.038995
vn -0.974624 -0.223848 0.000000
vn 0.000000 -0.951057 -0.309016
vn 0.000000 -0.987689 -0.156433
vn -0.607804 -0.784311 -0.124221
vn -0.604873 -0.757347 -0.246076
vn 0.000000 -0.987689 -0.156433
vn 0.000000 -1.000000 0.000001
vn -0.604873 -0.796322 0.000001
vn -0.607804 -0.784311 -0.124221
vn -0.607804 -0.784311 -0.124221
vn -0.604873 -0.796322 0.000001
vn -0.974624 -0.223848 0.000000
vn -0.968433 -0.246206 -0.038995
vn -0.604873 -0.757347 -0.246076
vn -0.607804 -0.784311 -0.124221
vn -0.968433 -0.246206 -0.038995
vn -0.974624 -0.212893 -0.069173
vn 0.205625 0.880250 -0.427644
vn 0.205625 0.880250 -0.427644
vn 0.205625 0.880250 -0.427644
vn 0.205625 0.880250 -0.427644
vn 0.491348 0.776034 -0.395408
vn 0.803019 0.567540 -0.181820
vn 0.087442 0.769734 -0.632347
vn 0.087709 0.887573 -0.452240
vn 0.087709 0.887573 -0.452240
vn 0.087442 0.769734 -0.632347
vn -0.184570 0.721655 -0.667195
vn -0.095503 0.886934 -0.451915
vn 0.087442 0.964018 -0.251043
vn 0.087709 0.887573 -0.452240
vn -0.095503 0.886934 -0.451915
vn -0.184570 0.963950 -0.191663
vn -0.083481 0.409694 -0.908395
vn -0.239570 0.686515 -0.686515
vn 0.000000 0.707107 -0.707107
vn 0.000000 0.410217 -0.911988
vn -0.239570 0.686515 -0.686515
vn -0.083481 0.908395 -0.409694
vn 0.000000 0.911988 -0.410217
vn 0.000000 0.707107 -0.707107
vn 0.000000 0.707107 -0.707107
vn 0.000000 0.911988 -0.410217
vn 0.083481 0.908395 -0.409695
vn 0.239570 0.686515 -0.686515
vn 0.000000 0.410217 -0.911988
vn 0.000000 0.707107 -0.707107
vn 0.239570 0.686515 -0.686515
vn 0.083481 0.409694 -0.908395
vn 0.803019 0.181820 -0.567540
vn 0.491348 0.395409 -0.776034
vn 0.087709 0.452241 -0.887573
vn 0.087442 0.632347 -0.769734
vn 0.491348 0.395409 -0.776034
vn 0.803019 0.352277 -0.480688
vn 0.087442 0.251043 -0.964018
vn 0.087709 0.452241 -0.887573
vn 0.087709 0.452241 -0.887573
vn 0.087442 0.251043 -0.964018
vn -0.184570 0.191664 -0.963950
vn -0.095503 0.451915 -0.886934
vn 0.087442 0.632347 -0.769734
vn 0.087709 0.452241 -0.887573
vn -0.095503 0.451915 -0.886934
vn -0.184571 0.667194 -0.721655
vn -0.083481 -0.202491 -0.975719
vn -0.239570 0.151879 -0.958926
vn 0.000000 0.156434 -0.987688
vn 0.000000 -0.204180 -0.978933
vn -0.239570 0.151879 -0.958926
vn -0.083481 0.494094 -0.865391
vn 0.000000 0.496693 -0.867926
vn 0.000000 0.156434 -0.987688
vn 0.000000 0.156434 -0.987688
vn 0.000000 0.496693 -0.867926
vn 0.083481 0.494094 -0.865391
vn 0.239570 0.151879 -0.958926
vn 0.000000 -0.204180 -0.978933
vn 0.000000 0.156434 -0.987688
vn 0.239570 0.151879 -0.958926
vn 0.083481 -0.202491 -0.975719
vn 0.803019 -0.186496 -0.566021
vn 0.491348 -0.136249 -0.860240
vn 0.087709 -0.155831 -0.983882
vn 0.087442 0.059141 -0.994412
vn 0.491348 -0.136249 -0.860240
vn 0.803019 0.002458 -0.595948
vn 0.087442 -0.363536 -0.927467
vn 0.087709 -0.155831 -0.983882
vn 0.087709 -0.155831 -0.983882
vn 0.087442 -0.363536 -0.927467
vn -0.184571 -0.411535 -0.892509
vn -0.095503 -0.155719 -0.983174
vn 0.087442 0.059141 -0.994412
vn 0.087709 -0.155831 -0.983882
vn -0.095503 -0.155719 -0.983174
vn -0.184571 0.115594 -0.975998
vn -0.083480 -0.737333 -0.670352
vn -0.239570 -0.440771 -0.865059
vn 0.000000 -0.453991 -0.891006
vn 0.000000 -0.740588 -0.671959
vn -0.239570 -0.440771 -0.865059
vn -0.083480 -0.108935 -0.990537
vn 0.000000 -0.108322 -0.994116
vn 0.000000 -0.453991 -0.891006
vn 0.000000 -0.453991 -0.891006
vn 0.000000 -0.108322 -0.994116
vn 0.083480 -0.108935 -0.990537
vn 0.239570 -0.440771 -0.865059
vn 0.000000 -0.740588 -0.671959
vn 0.000000 -0.453991 -0.891006
vn 0.239570 -0.440771 -0.865059
vn 0.083480 -0.737333 -0.670352
vn 0.803019 -0.483577 -0.348301
vn 0.491348 -0.615864 -0.615864
vn 0.087709 -0.704382 -0.704381
vn 0.087442 -0.536655 -0.839259
vn 0.491348 -0.615864 -0.615864
vn 0.803019 -0.348302 -0.483577
vn 0.087442 -0.839259 -0.536654
vn 0.087709 -0.704382 -0.704381
vn 0.087709 -0.704382 -0.704381
vn 0.087442 -0.839259 -0.536654
vn -0.184572 -0.857543 -0.480160
vn -0.095503 -0.703875 -0.703874
vn 0.087442 -0.536655 -0.839259
vn 0.087709 -0.704382 -0.704381
vn -0.095503 -0.703875 -0.703874
vn -0.184571 -0.480160 -0.857543
vn -0.083481 -0.990537 -0.108934
vn -0.239570 -0.865059 -0.440770
vn 0.000000 -0.891006 -0.453991
vn 0.000000 -0.994116 -0.108321
vn -0.239570 -0.865059 -0.440770
vn -0.083481 -0.670352 -0.737333
vn 0.000000 -0.671960 -0.740588
vn 0.000000 -0.891006 -0.453991
vn 0.000000 -0.891006 -0.453991
vn 0.000000 -0.671960 -0.740588
vn 0.083481 -0.670352 -0.737332
vn 0.239570 -0.865059 -0.440770
vn 0.000000 -0.994116 -0.108321
vn 0.000000 -0.891006 -0.453991
vn 0.239570 -0.865059 -0.440770
vn 0.083481 -0.990537 -0.108934
vn 0.803019 -0.595948 0.002458
vn 0.491348 -0.860240 -0.136248
vn 0.087709 -0.983882 -0.155831
vn 0.087442 -0.927467 -0.363536
vn 0.491348 -0.860240 -0.136248
vn 0.803019 -0.566021 -0.186495
vn 0.087442 -0.994412 0.059142
vn 0.087709 -0.983882 -0.155831
vn 0.087709 -0.983882 -0.155831
vn 0.087442 -0.994412 0.059142
vn -0.184571 -0.975998 0.115594
vn -0.095503 -0.983174 -0.155719
vn 0.087442 -0.927467 -0.363536
vn 0.087709 -0.983882 -0.155831
vn -0.095503 -0.983174 -0.155719
vn -0.184572 -0.892509 -0.411535
vn -0.083481 -0.865391 0.494095
vn -0.239571 -0.958926 0.151879
vn 0.000000 -0.987688 0.156434
vn 0.000000 -0.867926 0.496694
vn -0.239571 -0.958926 0.151879
vn -0.083481 -0.975719 -0.202493
vn 0.000000 -0.978933 -0.204181
vn 0.000000 -0.987688 0.156434
vn 0.000000 -0.987688 0.156434
vn 0.000000 -0.978933 -0.204181
vn 0.083481 -0.975719 -0.202492
vn 0.239570 -0.958926 0.151879
vn 0.000000 -0.867926 0.496694
vn 0.000000 -0.987688 0.156434
vn 0.239570 -0.958926 0.151879
vn 0.083481 -0.865391 0.494095
vn 0.803019 -0.480688 0.352278
vn 0.491348 -0.776034 0.395409
vn 0.087709 -0.887573 0.452241
vn 0.087442 -0.964018 0.251043
vn 0.491348 -0.776034 0.395409
vn 0.803019 -0.567540 0.181821
vn 0.087442 -0.769735 0.632346
vn 0.087709 -0.887573 0.452241
vn 0.087709 -0.887573 0.452241
vn 0.087442 -0.769735 0.632346
vn -0.184572 -0.721656 0.667193
vn -0.095503 -0.886934 0.451915
vn 0.087442 -0.964018 0.251043
vn 0.087709 -0.887573 0.452241
vn -0.095503 -0.886934 0.451915
vn -0.184571 -0.963950 0.191664
vn -0.083480 -0.409697 0.908394
vn -0.239569 -0.686515 0.686515
vn 0.000000 -0.707107 0.707107
vn 0.000000 -0.410220 0.911987
vn -0.239569 -0.686515 0.686515
vn -0.083480 -0.908394 0.409697
vn 0.000000 -0.911987 0.410219
vn 0.000000 -0.707107 0.707107
vn 0.000000 -0.707107 0.707107
vn 0.000000 -0.911987 0.410219
vn 0.083480 -0.908394 0.409697
vn 0.239569 -0.686515 0.686516
vn 0.000000 -0.410220 0.911987
vn 0.000000 -0.707107 0.707107
vn 0.239569 -0.686515 0.686516
vn 0.083480 -0.409697 0.908394
vn 0.803019 -0.181820 0.567540
vn 0.491348 -0.395408 0.776035
vn 0.087709 -0.452240 0.887573
vn 0.087442 -0.632345 0.769736
vn 0.491348 -0.395408 0.776035
vn 0.803019 -0.352278 0.480688
vn 0.087442 -0.251042 0.964019
vn 0.087709 -0.452240 0.887573
vn 0.087709 -0.452240 0.887573
vn 0.087442 -0.251042 0.964019
vn -0.184569 -0.191662 0.963950
vn -0.095503 -0.451914 0.886934
vn 0.087442 -0.632345 0.769736
vn 0.087709 -0.452240 0.887573
vn -0.095503 -0.451914 0.886934
vn -0.184571 -0.667192 0.721656
vn -0.083481 0.202491 0.975720
vn -0.239570 -0.151880 0.958926
vn 0.000000 -0.156436 0.987688
vn 0.000000 0.204179 0.978934
vn -0.239570 -0.151880 0.958926
vn -0.083480 -0.494096 0.865390
vn 0.000000 -0.496695 0.867925
vn 0.000000 -0.156436 0.987688
vn 0.000000 -0.156436 0.987688
vn 0.000000 -0.496695 0.867925
vn 0.083480 -0.494096 0.865390
vn 0.239570 -0.151881 0.958926
vn 0.000000 0.204179 0.978934
vn 0.000000 -0.156436 0.987688
vn 0.239570 -0.151881 0.958926
vn 0.083481 0.202491 0.975720
vn 0.803019 0.186496 0.566021
vn 0.491348 0.136250 0.860240
vn 0.087709 0.155833 0.983882
vn 0.087442 -0.059140 0.994413
vn 0.491348 0.136250 0.860240
vn 0.803019 -0.002458 0.595948
vn 0.087442 0.363537 0.927467
vn 0.087709 0.155833 0.983882
vn 0.087709 0.155833 0.983882
vn 0.087442 0.363537 0.927467
vn -0.184570 0.411536 0.892509
vn -0.095503 0.155721 0.983174
vn 0.087442 -0.059140 0.994413
vn 0.087709 0.155833 0.983882
vn -0.095503 0.155721 0.983174
vn -0.184570 -0.115593 0.975998
vn -0.083480 0.737331 0.670353
vn -0.239569 0.440770 0.865060
vn 0.000000 0.453990 0.891007
vn 0.000000 0.740587 0.671961
vn -0.239569 0.440770 0.865060
vn -0.083480 0.108934 0.990537
vn 0.000000 0.108322 0.994116
vn 0.000000 0.453990 0.891007
vn 0.000000 0.453990 0.891007
vn 0.000000 0.108322 0.994116
vn 0.083480 0.108935 0.990537
vn 0.239569 0.440770 0.865060
vn 0.000000 0.740587 0.671961
vn 0.000000 0.453990 0.891007
vn 0.239569 0.440770 0.865060
vn 0.083480 0.737331 0.670353
vn 0.803019 0.483578 0.348301
vn 0.491348 0.615865 0.615864
vn 0.087709 0.704382 0.704381
vn 0.087442 0.536656 0.839258
vn 0.491348 0.615865 0.615864
vn 0.803019 0.348301 0.483577
vn 0.087442 0.839259 0.536654
vn 0.087709 0.704382 0.704381
vn 0.087709 0.704382 0.704381
vn 0.087442 0.839259 0.536654
vn -0.184570 0.857544 0.480159
vn -0.095503 0.703875 0.703874
vn 0.087442 0.536656 0.839258
vn 0.087709 0.704382 0.704381
vn -0.095503 0.703875 0.703874
vn -0.184570 0.480161 0.857543
vn -0.083481 0.990538 0.108933
vn -0.239570 0.865059 0.440771
vn 0.000000 0.891006 0.453991
vn 0.000000 0.994116 0.108320
vn -0.239570 0.865059 0.440771
vn -0.083480 0.670352 0.737332
vn 0.000000 0.671960 0.740588
vn 0.000000 0.891006 0.453991
vn 0.000000 0.891006 0.453991
vn 0.000000 0.671960 0.740588
vn 0.083480 0.670352 0.737332
vn 0.239570 0.865059 0.440770
vn 0.000000 0.994116 0.108320
vn 0.000000 0.891006 0.453991
vn 0.239570 0.865059 0.440770
vn 0.083481 0.990537 0.108933
vn 0.803019 0.595948 -0.002457
vn 0.491348 0.860240 0.136249
vn 0.087709 0.983882 0.155832
vn 0.087442 0.927467 0.363538
vn 0.491348 0.860240 0.136249
vn 0.803019 0.566020 0.186496
vn 0.087442 0.994412 -0.059141
vn 0.087709 0.983882 0.155832
vn 0.087709 0.983882 0.155832
vn 0.087442 0.994412 -0.059141
vn -0.184571 0.975998 -0.115593
vn -0.095503 0.983174 0.155720
vn 0.087442 0.927467 0.363538
vn 0.087709 0.983882 0.155832
vn -0.095503 0.983174 0.155720
vn -0.184571 0.892508 0.411537
vn -0.083481 0.865392 -0.494093
vn -0.239570 0.958926 -0.151878
vn 0.000000 0.987689 -0.156433
vn 0.000000 0.867927 -0.496692
vn -0.239570 0.958926 -0.151878
vn -0.083481 0.975719 0.202492
vn 0.000000 0.978933 0.204181
vn 0.000000 0.987689 -0.156433
vn 0.000000 0.987689 -0.156433
vn 0.000000 0.978933 0.204181
vn 0.083481 0.975719 0.202492
vn 0.239570 0.958926 -0.151878
vn 0.000000 0.867927 -0.496692
vn 0.000000 0.987689 -0.156433
vn 0.239570 0.958926 -0.151878
vn 0.083481 0.865392 -0.494093
vn 0.803019 0.567540 -0.181820
vn 0.491348 0.776034 -0.395408
vn 0.981474 0.170711 -0.086981
vn 0.997892 0.064477 0.007397
vn 0.803019 0.480687 -0.352278
vn 0.997892 0.031914 -0.056511
vn 0.981474 0.170711 -0.086981
vn 0.491348 0.776034 -0.395408
vn 1.000000 0.000000 0.000000
vn 0.997892 0.064477 0.007397
vn 0.981474 0.170711 -0.086981
vn 0.997892 0.031914 -0.056511
vn 0.803019 0.181820 -0.567540
vn 0.984596 0.123635 -0.123635
vn 0.998232 0.042025 -0.042025
vn 0.997892 -0.007397 -0.064478
vn 0.803019 0.567540 -0.181820
vn 0.997892 0.064477 0.007397
vn 0.998232 0.042025 -0.042025
vn 0.984596 0.123635 -0.123635
vn 1.000000 0.000000 0.000000
vn 0.997892 -0.007397 -0.064478
vn 0.998232 0.042025 -0.042025
vn 0.997892 0.064477 0.007397
vn 0.803019 0.352277 -0.480688
vn 0.491348 0.395409 -0.776034
vn 0.981474 0.086981 -0.170711
vn 0.997892 0.056511 -0.031914
vn 0.803019 0.181820 -0.567540
vn 0.997892 -0.007397 -0.064478
vn 0.981474 0.086981 -0.170711
vn 0.491348 0.395409 -0.776034
vn 1.000000 0.000000 0.000000
vn 0.997892 0.056511 -0.031914
vn 0.981474 0.086981 -0.170711
vn 0.997892 -0.007397 -0.064478
vn 0.803019 -0.186496 -0.566021
vn 0.984596 0.027352 -0.172694
vn 0.998232 0.009297 -0.058701
vn 0.997892 -0.043883 -0.047815
vn 0.803019 0.352277 -0.480688
vn 0.997892 0.056511 -0.031914
vn 0.998232 0.009297 -0.058701
vn 0.984596 0.027352 -0.172694
vn 1.000000 0.000000 0.000000
vn 0.997892 -0.043883 -0.047815
vn 0.998232 0.009297 -0.058701
vn 0.997892 0.056511 -0.031914
vn 0.803019 0.002458 -0.595948
vn 0.491348 -0.136249 -0.860240
vn 0.981474 -0.029972 -0.189235
vn 0.997892 0.026960 -0.059036
vn 0.803019 -0.186496 -0.566021
vn 0.997892 -0.043883 -0.047815
vn 0.981474 -0.029972 -0.189235
vn 0.491348 -0.136249 -0.860240
vn 1.000000 0.000000 0.000000
vn 0.997892 0.026960 -0.059036
vn 0.981474 -0.029972 -0.189235
vn 0.997892 -0.043883 -0.047815
vn 0.803019 -0.483577 -0.348301
vn 0.984596 -0.079379 -0.155789
vn 0.998232 -0.026982 -0.052955
vn 0.997892 -0.063608 -0.012889
vn 0.803019 0.002458 -0.595948
vn 0.997892 0.026960 -0.059036
vn 0.998232 -0.026982 -0.052955
vn 0.984596 -0.079379 -0.155789
vn 1.000000 0.000000 0.000000
vn 0.997892 -0.063608 -0.012889
vn 0.998232 -0.026982 -0.052955
vn 0.997892 0.026960 -0.059036
vn 0.803019 -0.348302 -0.483577
vn 0.491348 -0.615864 -0.615864
vn 0.981474 -0.135477 -0.135477
vn 0.997892 -0.012889 -0.063608
vn 0.803019 -0.483577 -0.348301
vn 0.997892 -0.063608 -0.012889
vn 0.981474 -0.135477 -0.135477
vn 0.491348 -0.615864 -0.615864
vn 1.000000 0.000000 0.000000
vn 0.997892 -0.012889 -0.063608
vn 0.981474 -0.135477 -0.135477
vn 0.997892 -0.063608 -0.012889
vn 0.803019 -0.595948 0.002458
vn 0.984596 -0.155789 -0.079379
vn 0.998232 -0.052955 -0.026982
vn 0.997892 -0.059036 0.026960
vn 0.803019 -0.348302 -0.483577
vn 0.997892 -0.012889 -0.063608
vn 0.998232 -0.052955 -0.026982
vn 0.984596 -0.155789 -0.079379
vn 1.000000 0.000000 0.000000
vn 0.997892 -0.059036 0.026960
vn 0.998232 -0.052955 -0.026982
vn 0.997892 -0.012889 -0.063608
vn 0.803019 -0.566021 -0.186495
vn 0.491348 -0.860240 -0.136248
vn 0.981474 -0.189235 -0.029972
vn 0.997892 -0.047815 -0.043883
vn 0.803019 -0.595948 0.002458
vn 0.997892 -0.059036 0.026960
vn 0.981474 -0.189235 -0.029972
vn 0.491348 -0.860240 -0.136248
vn 1.000000 0.000000 0.000000
vn 0.997892 -0.047815 -0.043883
vn 0.981474 -0.189235 -0.029972
vn 0.997892 -0.059036 0.026960
vn 0.803019 -0.480688 0.352278
vn 0.984596 -0.172694 0.027352
vn 0.998232 -0.058701 0.009297
vn 0.997892 -0.031914 0.056511
vn 0.803019 -0.566021 -0.186495
vn 0.997892 -0.047815 -0.043883
vn 0.998232 -0.058701 0.009297
vn 0.984596 -0.172694 0.027352
vn 1.000000 0.000000 0.000000
vn 0.997892 -0.031914 0.056511
vn 0.998232 -0.058701 0.009297
vn 0.997892 -0.047815 -0.043883
vn 0.803019 -0.567540 0.181821
vn 0.491348 -0.776034 0.395409
vn 0.981474 -0.170711 0.086982
vn 0.997892 -0.064478 -0.007397
vn 0.803019 -0.480688 0.352278
vn 0.997892 -0.031914 0.056511
vn 0.981474 -0.170711 0.086982
vn 0.491348 -0.776034 0.395409
vn 1.000000 0.000000 0.000000
vn 0.997892 -0.064478 -0.007397
vn 0.981474 -0.170711 0.086982
vn 0.997892 -0.031914 0.056511
vn 0.803019 -0.181820 0.567540
vn 0.984596 -0.123635 0.123635
vn 0.998232 -0.042025 0.042025
vn 0.997892 0.007397 0.064478
vn 0.803019 -0.567540 0.181821
vn 0.997892 -0.064478 -0.007397
vn 0.998232 -0.042025 0.042025
vn 0.984596 -0.123635 0.123635
vn 1.000000 0.000000 0.000000
vn 0.997892 0.007397 0.064478
vn 0.998232 -0.042025 0.042025
vn 0.997892 -0.064478 -0.007397
vn 0.803019 -0.352278 0.480688
vn 0.491348 -0.395408 0.776035
vn 0.981474 -0.086981 0.170711
vn 0.997892 -0.056511 0.031915
vn 0.803019 -0.181820 0.567540
vn 0.997892 0.007397 0.064478
vn 0.981474 -0.086981 0.170711
vn 0.491348 -0.395408 0.776035
vn 1.000000 0.000000 0.000000
vn 0.997892 -0.056511 0.031915
vn 0.981474 -0.086981 0.170711
vn 0.997892 0.007397 0.064478
vn 0.803019 0.186496 0.566021
vn 0.984596 -0.027352 0.172694
vn 0.998232 -0.009297 0.058701
vn 0.997892 0.043884 0.047815
vn 0.803019 -0.352278 0.480688
vn 0.997892 -0.056511 0.031915
vn 0.998232 -0.009297 0.058701
vn 0.984596 -0.027352 0.172694
vn 1.000000 0.000000 0.000000
vn 0.997892 0.043884 0.047815
vn 0.998232 -0.009297 0.058701
vn 0.997892 -0.056511 0.031915
vn 0.803019 -0.002458 0.595948
vn 0.491348 0.136250 0.860240
vn 0.981474 0.029972 0.189235
vn 0.997892 -0.026960 0.059036
vn 0.803019 0.186496 0.566021
vn 0.997892 0.043884 0.047815
vn 0.981474 0.029972 0.189235
vn 0.491348 0.136250 0.860240
vn 1.000000 0.000000 0.000000
vn 0.997892 -0.026960 0.059036
vn 0.981474 0.029972 0.189235
vn 0.997892 0.043884 0.047815
vn 0.803019 0.483578 0.348301
vn 0.984596 0.079379 0.155789
vn 0.998232 0.026982 0.052955
vn 0.997892 0.063608 0.012889
vn 0.803019 -0.002458 0.595948
vn 0.997892 -0.026960 0.059036
vn 0.998232 0.026982 0.052955
vn 0.984596 0.079379 0.155789
vn 1.000000 0.000000 0.000000
vn 0.997892 0.063608 0.012889
vn 0.998232 0.026982 0.052955
vn 0.997892 -0.026960 0.059036
vn 0.803019 0.348301 0.483577
vn 0.491348 0.615865 0.615864
vn 0.981474 0.135477 0.135477
vn 0.997892 0.012889 0.063608
vn 0.803019 0.483578 0.348301
vn 0.997892 0.063608 0.012889
vn 0.981474 0.135477 0.135477
vn 0.491348 0.615865 0.615864
vn 1.000000 0.000000 0.000000
vn 0.997892 0.012889 0.063608
vn 0.981474 0.135477 0.135477
vn 0.997892 0.063608 0.012889
vn 0.803019 0.595948 -0.002457
vn 0.984596 0.155789 0.079379
vn 0.998232 0.052955 0.026982
vn 0.997892 0.059036 -0.026960
vn 0.803019 0.348301 0.483577
vn 0.997892 0.012889 0.063608
vn 0.998232 0.052955 0.026982
vn 0.984596 0.155789 0.079379
vn 1.000000 0.000000 0.000000
vn 0.997892 0.059036 -0.026960
vn 0.998232 0.052955 0.026982
vn 0.997892 0.012889 0.063608
vn 0.803019 0.566020 0.186496
vn 0.491348 0.860240 0.136249
vn 0.981474 0.189235 0.029972
vn 0.997892 0.047815 0.043884
vn 0.803019 0.595948 -0.002457
vn 0.997892 0.059036 -0.026960
vn 0.981474 0.189235 0.029972
vn 0.491348 0.860240 0.136249
vn 1.000000 0.000000 0.000000
vn 0.997892 0.047815 0.043884
vn 0.981474 0.189235 0.029972
vn 0.997892 0.059036 -0.026960
vn 0.803019 0.480687 -0.352278
vn 0.984596 0.172694 -0.027352
vn 0.998232 0.058701 -0.009297
vn 0.997892 0.031914 -0.056511
vn 0.803019 0.566020 0.186496
vn 0.997892 0.047815 0.043884
vn 0.998232 0.058701 -0.009297
vn 0.984596 0.172694 -0.027352
vn 1.000000 0.000000 0.000000
vn 0.997892 0.031914 -0.056511
vn 0.998232 0.058701 -0.009297
vn 0.997892 0.047815 0.043884
vn -0.952276 0.290300 -0.094323
vn -0.941540 0.300181 -0.152950
vn -0.998278 0.052267 -0.026632
vn -0.999807 0.018671 -0.006066
vn -0.952276 0.246944 -0.179415
vn -0.999807 0.015882 -0.011539
vn -0.998278 0.052267 -0.026632
vn -0.941540 0.300181 -0.152950
vn -1.000000 0.000000 0.000000
vn -0.999807 0.018671 -0.006066
vn -0.998278 0.052267 -0.026632
vn -0.999807 0.015882 -0.011539
vn -0.952276 0.246944 -0.179415
vn -0.941540 0.238225 -0.238225
vn -0.998278 0.041479 -0.041480
vn -0.999807 0.015882 -0.011539
vn -0.952276 0.179415 -0.246944
vn -0.999807 0.011539 -0.015882
vn -0.998278 0.041479 -0.041480
vn -0.941540 0.238225 -0.238225
vn -1.000000 0.000000 0.000000
vn -0.999807 0.015882 -0.011539
vn -0.998278 0.041479 -0.041480
vn -0.999807 0.011539 -0.015882
vn -0.952276 0.179415 -0.246944
vn -0.941540 0.152950 -0.300181
vn -0.998278 0.026632 -0.052267
vn -0.999807 0.011539 -0.015882
vn -0.952276 0.094324 -0.290300
vn -0.999807 0.006066 -0.018671
vn -0.998278 0.026632 -0.052267
vn -0.941540 0.152950 -0.300181
vn -1.000000 0.000000 0.000000
vn -0.999807 0.011539 -0.015882
vn -0.998278 0.026632 -0.052267
vn -0.999807 0.006066 -0.018671
vn -0.952276 0.094324 -0.290300
vn -0.941540 0.052703 -0.332753
vn -0.998278 0.009177 -0.057939
vn -0.999807 0.006066 -0.018671
vn -0.952276 0.000000 -0.305239
vn -0.999807 0.000000 -0.019631
vn -0.998278 0.009177 -0.057939
vn -0.941540 0.052703 -0.332753
vn -1.000000 0.000000 0.000000
vn -0.999807 0.006066 -0.018671
vn -0.998278 0.009177 -0.057939
vn -0.999807 0.000000 -0.019631
vn -0.952276 0.000000 -0.305239
vn -0.941540 -0.052703 -0.332753
vn -0.998278 -0.009177 -0.057939
vn -0.999807 0.000000 -0.019631
vn -0.952276 -0.094324 -0.290300
vn -0.999807 -0.006066 -0.018671
vn -0.998278 -0.009177 -0.057939
vn -0.941540 -0.052703 -0.332753
vn -1.000000 0.000000 0.000000
vn -0.999807 0.000000 -0.019631
vn -0.998278 -0.009177 -0.057939
vn -0.999807 -0.006066 -0.018671
vn -0.952276 -0.094324 -0.290300
vn -0.941540 -0.152950 -0.300181
vn -0.998278 -0.026632 -0.052267
vn -0.999807 -0.006066 -0.018671
vn -0.952276 -0.179415 -0.246943
vn -0.999807 -0.011539 -0.015882
vn -0.998278 -0.026632 -0.052267
vn -0.941540 -0.152950 -0.300181
vn -1.000000 0.000000 0.000000
vn -0.999807 -0.006066 -0.018671
vn -0.998278 -0.026632 -0.052267
vn -0.999807 -0.011539 -0.015882
vn -0.952276 -0.179415 -0.246943
vn -0.941540 -0.238225 -0.238225
vn -0.998278 -0.041480 -0.041479
vn -0.999807 -0.011539 -0.015882
vn -0.952276 -0.246944 -0.179415
vn -0.999807 -0.015882 -0.011539
vn -0.998278 -0.041480 -0.041479
vn -0.941540 -0.238225 -0.238225
vn -1.000000 0.000000 0.000000
vn -0.999807 -0.011539 -0.015882
vn -0.998278 -0.041480 -0.041479
vn -0.999807 -0.015882 -0.011539
vn -0.952276 -0.246944 -0.179415
vn -0.941540 -0.300181 -0.152950
vn -0.998278 -0.052267 -0.026631
vn -0.999807 -0.015882 -0.011539
vn -0.952276 -0.290300 -0.094324
vn -0.999807 -0.018671 -0.006066
vn -0.998278 -0.052267 -0.026631
vn -0.941540 -0.300181 -0.152950
vn -1.000000 0.000000 0.000000
vn -0.999807 -0.015882 -0.011539
vn -0.998278 -0.052267 -0.026631
vn -0.999807 -0.018671 -0.006066
vn -0.952276 -0.290300 -0.094324
vn -0.941540 -0.332754 -0.052703
vn -0.998278 -0.057939 -0.009177
vn -0.999807 -0.018671 -0.006066
vn -0.952276 -0.305239 0.000000
vn -0.999807 -0.019632 0.000000
vn -0.998278 -0.057939 -0.009177
vn -0.941540 -0.332754 -0.052703
vn -1.000000 0.000000 0.000000
vn -0.999807 -0.018671 -0.006066
vn -0.998278 -0.057939 -0.009177
vn -0.999807 -0.019632 0.000000
vn -0.952276 -0.305239 0.000000
vn -0.941540 -0.332754 0.052703
vn -0.998278 -0.057939 0.009177
vn -0.999807 -0.019632 0.000000
vn -0.952276 -0.290300 0.094324
vn -0.999807 -0.018671 0.006067
vn -0.998278 -0.057939 0.009177
vn -0.941540 -0.332754 0.052703
vn -1.000000 0.000000 0.000000
vn -0.999807 -0.019632 0.000000
vn -0.998278 -0.057939 0.009177
vn -0.999807 -0.018671 0.006067
vn -0.952276 -0.290300 0.094324
vn -0.941540 -0.300182 0.152950
vn -0.998278 -0.052267 0.026632
vn -0.999807 -0.018671 0.006067
vn -0.952276 -0.246944 0.179415
vn -0.999807 -0.015882 0.011539
vn -0.998278 -0.052267 0.026632
vn -0.941540 -0.300182 0.152950
vn -1.000000 0.000000 0.000000
vn -0.999807 -0.018671 0.006067
vn -0.998278 -0.052267 0.026632
vn -0.999807 -0.015882 0.011539
vn -0.952276 -0.246944 0.179415
vn -0.941540 -0.238225 0.238225
vn -0.998278 -0.041480 0.041480
vn -0.999807 -0.015882 0.011539
vn -0.952276 -0.179415 0.246944
vn -0.999807 -0.011539 0.015882
vn -0.998278 -0.041480 0.041480
vn -0.941540 -0.238225 0.238225
vn -1.000000 0.000000 0.000000
vn -0.999807 -0.015882 0.011539
vn -0.998278 -0.041480 0.041480
vn -0.999807 -0.011539 0.015882
vn -0.952276 -0.179415 0.246944
vn -0.941540 -0.152950 0.300181
vn -0.998278 -0.026632 0.052267
vn -0.999807 -0.011539 0.015882
vn -0.952276 -0.094324 0.290300
vn -0.999807 -0.006066 0.018671
vn -0.998278 -0.026632 0.052267
vn -0.941540 -0.152950 0.300181
vn -1.000000 0.000000 0.000000
vn -0.999807 -0.011539 0.015882
vn -0.998278 -0.026632 0.052267
vn -0.999807 -0.006066 0.018671
vn -0.952276 -0.094324 0.290300
vn -0.941540 -0.052703 0.332753
vn -0.998278 -0.009177 0.057939
vn -0.999807 -0.006066 0.018671
vn -0.952276 0.000000 0.305240
vn -0.999807 0.000000 0.019632
vn -0.998278 -0.009177 0.057939
vn -0.941540 -0.052703 0.332753
vn -1.000000 0.000000 0.000000
vn -0.999807 -0.006066 0.018671
vn -0.998278 -0.009177 0.057939
vn -0.999807 0.000000 0.019632
vn -0.952276 0.000000 0.305240
vn -0.941540 0.052703 0.332753
vn -0.998278 0.009177 0.057939
vn -0.999807 0.000000 0.019632
vn -0.952276 0.094324 0.290300
vn -0.999807 0.006067 0.018671
vn -0.998278 0.009177 0.057939
vn -0.941540 0.052703 0.332753
vn -1.000000 0.000000 0.000000
vn -0.999807 0.000000 0.019632
vn -0.998278 0.009177 0.057939
vn -0.999807 0.006067 0.018671
vn -0.952276 0.094324 0.290300
vn -0.941540 0.152950 0.300181
vn -0.998278 0.026632 0.052267
vn -0.999807 0.006067 0.018671
vn -0.952276 0.179415 0.246943
vn -0.999807 0.011539 0.015882
vn -0.998278 0.026632 0.052267
vn -0.941540 0.152950 0.300181
vn -1.000000 0.000000 0.000000
vn -0.999807 0.006067 0.018671
vn -0.998278 0.026632 0.052267
vn -0.999807 0.011539 0.015882
vn -0.952276 0.179415 0.246943
vn -0.941540 0.238225 0.238225
vn -0.998278 0.041480 0.041479
vn -0.999807 0.011539 0.015882
vn -0.952276 0.246944 0.179415
vn -0.999807 0.015882 0.011539
vn -0.998278 0.041480 0.041479
vn -0.941540 0.238225 0.238225
vn -1.000000 0.000000 0.000000
vn -0.999807 0.011539 0.015882
vn -0.998278 0.041480 0.041479
vn -0.999807 0.015882 0.011539
vn -0.952276 0.246944 0.179415
vn -0.941540 0.300181 0.152950
vn -0.998278 0.052267 0.026632
vn -0.999807 0.015882 0.011539
vn -0.952276 0.290300 0.094324
vn -0.999807 0.018671 0.006067
vn -0.998278 0.052267 0.026632
vn -0.941540 0.300181 0.152950
vn -1.000000 0.000000 0.000000
vn -0.999807 0.015882 0.011539
vn -0.998278 0.052267 0.026632
vn -0.999807 0.018671 0.006067
vn -0.952276 0.290300 0.094324
vn -0.941540 0.332753 0.052703
vn -0.998278 0.057939 0.009177
vn -0.999807 0.018671 0.006067
vn -0.952276 0.305239 0.000001
vn -0.999807 0.019632 0.000000
vn -0.998278 0.057939 0.009177
vn -0.941540 0.332753 0.052703
vn -1.000000 0.000000 0.000000
vn -0.999807 0.018671 0.006067
vn -0.998278 0.057939 0.009177
vn -0.999807 0.019632 0.000000
vn -0.952276 0.305239 0.000001
vn -0.941540 0.332754 -0.052702
vn -0.998278 0.057939 -0.009176
vn -0.999807 0.019632 0.000000
vn -0.952276 0.290300 -0.094323
vn -0.999807 0.018671 -0.006066
vn -0.998278 0.057939 -0.009176
vn -0.941540 0.332754 -0.052702
vn -1.000000 0.000000 0.000000
vn -0.999807 0.019632 0.000000
vn -0.998278 0.057939 -0.009176
vn -0.999807 0.018671 -0.006066
vn -0.184570 0.963950 -0.191663
vn -0.095503 0.886934 -0.451915
vn -0.992412 -0.109557 0.055822
vn -0.897542 -0.440345 0.022675
vn -0.095503 0.886934 -0.451915
vn -0.184570 0.721655 -0.667195
vn -0.897543 -0.277173 0.342917
vn -0.992412 -0.109557 0.055822
vn -0.992412 -0.109557 0.055822
vn -0.897543 -0.277173 0.342917
vn -0.650697 -0.614317 0.446328
vn -0.650667 -0.676598 0.344743
vn -0.897542 -0.440345 0.022675
vn -0.992412 -0.109557 0.055822
vn -0.650667 -0.676598 0.344743
vn -0.650696 -0.722174 0.234647
vn -0.184570 0.721655 -0.667195
vn 0.835259 0.388807 -0.388809
vn -0.755176 -0.463524 0.463524
vn -0.897543 -0.277173 0.342917
vn 0.835259 0.388807 -0.388809
vn -0.184571 0.667194 -0.721655
vn -0.897543 -0.342916 0.277172
vn -0.755176 -0.463524 0.463524
vn -0.755176 -0.463524 0.463524
vn -0.897543 -0.342916 0.277172
vn -0.650697 -0.446327 0.614317
vn -0.650669 -0.536949 0.536950
vn -0.897543 -0.277173 0.342917
vn -0.755176 -0.463524 0.463524
vn -0.650669 -0.536949 0.536950
vn -0.650697 -0.614317 0.446328
vn -0.184571 0.667194 -0.721655
vn -0.095503 0.451915 -0.886934
vn -0.992412 -0.055822 0.109556
vn -0.897543 -0.342916 0.277172
vn -0.095503 0.451915 -0.886934
vn -0.184570 0.191664 -0.963950
vn -0.897543 -0.022676 0.440344
vn -0.992412 -0.055822 0.109556
vn -0.992412 -0.055822 0.109556
vn -0.897543 -0.022676 0.440344
vn -0.650697 -0.234648 0.722173
vn -0.650668 -0.344743 0.676597
vn -0.897543 -0.342916 0.277172
vn -0.992412 -0.055822 0.109556
vn -0.650668 -0.344743 0.676597
vn -0.650697 -0.446327 0.614317
vn -0.184570 0.191664 -0.963950
vn 0.835256 0.086019 -0.543092
vn -0.755176 -0.102546 0.647451
vn -0.897543 -0.022676 0.440344
vn 0.835256 0.086019 -0.543092
vn -0.184571 0.115594 -0.975998
vn -0.897543 -0.114508 0.425799
vn -0.755176 -0.102546 0.647451
vn -0.755176 -0.102546 0.647451
vn -0.897543 -0.114508 0.425799
vn -0.650697 0.000000 0.759338
vn -0.650668 -0.118790 0.750013
vn -0.897543 -0.022676 0.440344
vn -0.755176 -0.102546 0.647451
vn -0.650668 -0.118790 0.750013
vn -0.650697 -0.234648 0.722173
vn -0.184571 0.115594 -0.975998
vn -0.095503 -0.155719 -0.983174
vn -0.992412 0.019235 0.121444
vn -0.897543 -0.114508 0.425799
vn -0.095503 -0.155719 -0.983174
vn -0.184571 -0.411535 -0.892509
vn -0.897543 0.240482 0.369574
vn -0.992412 0.019235 0.121444
vn -0.992412 0.019235 0.121444
vn -0.897543 0.240482 0.369574
vn -0.650697 0.234648 0.722173
vn -0.650668 0.118790 0.750013
vn -0.897543 -0.114508 0.425799
vn -0.992412 0.019235 0.121444
vn -0.650668 0.118790 0.750013
vn -0.650697 0.000000 0.759338
vn -0.184571 -0.411535 -0.892509
vn 0.835256 -0.249630 -0.489931
vn -0.755176 0.297601 0.584074
vn -0.897543 0.240482 0.369574
vn 0.835256 -0.249630 -0.489931
vn -0.184571 -0.480160 -0.857543
vn -0.897543 0.157640 0.411785
vn -0.755176 0.297601 0.584074
vn -0.755176 0.297601 0.584074
vn -0.897543 0.157640 0.411785
vn -0.650697 0.446328 0.614317
vn -0.650668 0.344744 0.676597
vn -0.897543 0.240482 0.369574
vn -0.755176 0.297601 0.584074
vn -0.650668 0.344744 0.676597
vn -0.650697 0.234648 0.722173
vn -0.184571 -0.480160 -0.857543
vn -0.095503 -0.703875 -0.703874
vn -0.992412 0.086945 0.086944
vn -0.897543 0.157640 0.411785
vn -0.095503 -0.703875 -0.703874
vn -0.184572 -0.857543 -0.480160
vn -0.897543 0.411784 0.157639
vn -0.992412 0.086945 0.086944
vn -0.992412 0.086945 0.086944
vn -0.897543 0.411784 0.157639
vn -0.650697 0.614317 0.446327
vn -0.650668 0.536951 0.536950
vn -0.897543 0.157640 0.411785
vn -0.992412 0.086945 0.086944
vn -0.650668 0.536951 0.536950
vn -0.650697 0.446328 0.614317
vn -0.184572 -0.857543 -0.480160
vn 0.835253 -0.489934 -0.249632
vn -0.755177 0.584073 0.297600
vn -0.897543 0.411784 0.157639
vn 0.835253 -0.489934 -0.249632
vn -0.184572 -0.892509 -0.411535
vn -0.897543 0.369573 0.240482
vn -0.755177 0.584073 0.297600
vn -0.755177 0.584073 0.297600
vn -0.897543 0.369573 0.240482
vn -0.650698 0.722172 0.234648
vn -0.650669 0.676596 0.344743
vn -0.897543 0.411784 0.157639
vn -0.755177 0.584073 0.297600
vn -0.650669 0.676596 0.344743
vn -0.650697 0.614317 0.446327
vn -0.184572 -0.892509 -0.411535
vn -0.095503 -0.983174 -0.155719
vn -0.992412 0.121444 0.019235
vn -0.897543 0.369573 0.240482
vn -0.095503 -0.983174 -0.155719
vn -0.184571 -0.975998 0.115594
vn -0.897543 0.425798 -0.114508
vn -0.992412 0.121444 0.019235
vn -0.992412 0.121444 0.019235
vn -0.897543 0.425798 -0.114508
vn -0.650697 0.759338 0.000000
vn -0.650669 0.750013 0.118791
vn -0.897543 0.369573 0.240482
vn -0.992412 0.121444 0.019235
vn -0.650669 0.750013 0.118791
vn -0.650698 0.722172 0.234648
vn -0.184571 -0.975998 0.115594
vn 0.835256 -0.543091 0.086017
vn -0.755177 0.647451 -0.102546
vn -0.897543 0.425798 -0.114508
vn 0.835256 -0.543091 0.086017
vn -0.184571 -0.963950 0.191664
vn -0.897543 0.440343 -0.022675
vn -0.755177 0.647451 -0.102546
vn -0.755177 0.647451 -0.102546
vn -0.897543 0.440343 -0.022675
vn -0.650697 0.722173 -0.234648
vn -0.650668 0.750013 -0.118791
vn -0.897543 0.425798 -0.114508
vn -0.755177 0.647451 -0.102546
vn -0.650668 0.750013 -0.118791
vn -0.650697 0.759338 0.000000
vn -0.184571 -0.963950 0.191664
vn -0.095503 -0.886934 0.451915
vn -0.992412 0.109556 -0.055822
vn -0.897543 0.440343 -0.022675
vn -0.095503 -0.886934 0.451915
vn -0.184572 -0.721656 0.667193
vn -0.897542 0.277174 -0.342917
vn -0.992412 0.109556 -0.055822
vn -0.992412 0.109556 -0.055822
vn -0.897542 0.277174 -0.342917
vn -0.650696 0.614318 -0.446327
vn -0.650668 0.676597 -0.344743
vn -0.897543 0.440343 -0.022675
vn -0.992412 0.109556 -0.055822
vn -0.650668 0.676597 -0.344743
vn -0.650697 0.722173 -0.234648
vn -0.184572 -0.721656 0.667193
vn 0.835254 -0.388812 0.388814
vn -0.755176 0.463524 -0.463524
vn -0.897542 0.277174 -0.342917
vn 0.835254 -0.388812 0.388814
vn -0.184571 -0.667192 0.721656
vn -0.897543 0.342917 -0.277174
vn -0.755176 0.463524 -0.463524
vn -0.755176 0.463524 -0.463524
vn -0.897543 0.342917 -0.277174
vn -0.650696 0.446328 -0.614317
vn -0.650668 0.536951 -0.536950
vn -0.897542 0.277174 -0.342917
vn -0.755176 0.463524 -0.463524
vn -0.650668 0.536951 -0.536950
vn -0.650696 0.614318 -0.446327
vn -0.184571 -0.667192 0.721656
vn -0.095503 -0.451914 0.886934
vn -0.992412 0.055822 -0.109557
vn -0.897543 0.342917 -0.277174
vn -0.095503 -0.451914 0.886934
vn -0.184569 -0.191662 0.963950
vn -0.897542 0.022676 -0.440345
vn -0.992412 0.055822 -0.109557
vn -0.992412 0.055822 -0.109557
vn -0.897542 0.022676 -0.440345
vn -0.650696 0.234648 -0.722174
vn -0.650667 0.344744 -0.676598
vn -0.897543 0.342917 -0.277174
vn -0.992412 0.055822 -0.109557
vn -0.650667 0.344744 -0.676598
vn -0.650696 0.446328 -0.614317
vn -0.184569 -0.191662 0.963950
vn 0.835257 -0.086017 0.543090
vn -0.755175 0.102547 -0.647452
vn -0.897542 0.022676 -0.440345
vn 0.835257 -0.086017 0.543090
vn -0.184570 -0.115593 0.975998
vn -0.897542 0.114508 -0.425800
vn -0.755175 0.102547 -0.647452
vn -0.755175 0.102547 -0.647452
vn -0.897542 0.114508 -0.425800
vn -0.650696 0.000000 -0.759338
vn -0.650667 0.118791 -0.750014
vn -0.897542 0.022676 -0.440345
vn -0.755175 0.102547 -0.647452
vn -0.650667 0.118791 -0.750014
vn -0.650696 0.234648 -0.722174
vn -0.184570 -0.115593 0.975998
vn -0.095503 0.155721 0.983174
vn -0.992412 -0.019234 -0.121445
vn -0.897542 0.114508 -0.425800
vn -0.095503 0.155721 0.983174
vn -0.184570 0.411536 0.892509
vn -0.897543 -0.240482 -0.369575
vn -0.992412 -0.019234 -0.121445
vn -0.992412 -0.019234 -0.121445
vn -0.897543 -0.240482 -0.369575
vn -0.650696 -0.234649 -0.722174
vn -0.650667 -0.118790 -0.750014
vn -0.897542 0.114508 -0.425800
vn -0.992412 -0.019234 -0.121445
vn -0.650667 -0.118790 -0.750014
vn -0.650696 0.000000 -0.759338
vn -0.184570 0.411536 0.892509
vn 0.835256 0.249634 0.489930
vn -0.755175 -0.297602 -0.584075
vn -0.897543 -0.240482 -0.369575
vn 0.835256 0.249634 0.489930
vn -0.184570 0.480161 0.857543
vn -0.897542 -0.157641 -0.411786
vn -0.755175 -0.297602 -0.584075
vn -0.755175 -0.297602 -0.584075
vn -0.897542 -0.157641 -0.411786
vn -0.650695 -0.446328 -0.614318
vn -0.650667 -0.344744 -0.676598
vn -0.897543 -0.240482 -0.369575
vn -0.755175 -0.297602 -0.584075
vn -0.650667 -0.344744 -0.676598
vn -0.650696 -0.234649 -0.722174
vn -0.184570 0.480161 0.857543
vn -0.095503 0.703875 0.703874
vn -0.992412 -0.086945 -0.086945
vn -0.897542 -0.157641 -0.411786
vn -0.095503 0.703875 0.703874
vn -0.184570 0.857544 0.480159
vn -0.897543 -0.411785 -0.157640
vn -0.992412 -0.086945 -0.086945
vn -0.992412 -0.086945 -0.086945
vn -0.897543 -0.411785 -0.157640
vn -0.650696 -0.614318 -0.446327
vn -0.650667 -0.536952 -0.536951
vn -0.897542 -0.157641 -0.411786
vn -0.992412 -0.086945 -0.086945
vn -0.650667 -0.536952 -0.536951
vn -0.650695 -0.446328 -0.614318
vn -0.184570 0.857544 0.480159
vn 0.835257 0.489927 0.249633
vn -0.755176 -0.584074 -0.297601
vn -0.897543 -0.411785 -0.157640
vn 0.835257 0.489927 0.249633
vn -0.184571 0.892508 0.411537
vn -0.897542 -0.369575 -0.240483
vn -0.755176 -0.584074 -0.297601
vn -0.755176 -0.584074 -0.297601
vn -0.897542 -0.369575 -0.240483
vn -0.650697 -0.722173 -0.234648
vn -0.650668 -0.676597 -0.344743
vn -0.897543 -0.411785 -0.157640
vn -0.755176 -0.584074 -0.297601
vn -0.650668 -0.676597 -0.344743
vn -0.650696 -0.614318 -0.446327
vn -0.184571 0.892508 0.411537
vn -0.095503 0.983174 0.155720
vn -0.992412 -0.121444 -0.019235
vn -0.897542 -0.369575 -0.240483
vn -0.095503 0.983174 0.155720
vn -0.184571 0.975998 -0.115593
vn -0.897543 -0.425799 0.114507
vn -0.992412 -0.121444 -0.019235
vn -0.992412 -0.121444 -0.019235
vn -0.897543 -0.425799 0.114507
vn -0.650697 -0.759337 -0.000001
vn -0.650668 -0.750013 -0.118791
vn -0.897542 -0.369575 -0.240483
vn -0.992412 -0.121444 -0.019235
vn -0.650668 -0.750013 -0.118791
vn -0.650697 -0.722173 -0.234648
vn -0.184571 0.975998 -0.115593
vn 0.835257 0.543090 -0.086016
vn -0.755176 -0.647452 0.102545
vn -0.897543 -0.425799 0.114507
vn 0.835257 0.543090 -0.086016
vn -0.184570 0.963950 -0.191663
vn -0.897542 -0.440345 0.022675
vn -0.755176 -0.647452 0.102545
vn -0.755176 -0.647452 0.102545
vn -0.897542 -0.440345 0.022675
vn -0.650696 -0.722174 0.234647
vn -0.650668 -0.750013 0.118789
vn -0.897543 -0.425799 0.114507
vn -0.755176 -0.647452 0.102545
vn -0.650668 -0.750013 0.118789
vn -0.650697 -0.759337 -0.000001
vn 0.803019 0.567540 -0.181820
vn 0.984596 0.123635 -0.123635
vn 0.384172 0.652844 -0.652845
vn -0.066379 0.518624 -0.852422
vn 0.984596 0.123635 -0.123635
vn 0.803019 0.181820 -0.567540
vn -0.066380 0.852422 -0.518624
vn 0.384172 0.652844 -0.652845
vn 0.384172 0.652844 -0.652845
vn -0.066380 0.852422 -0.518624
vn -0.083481 0.908395 -0.409694
vn -0.239570 0.686515 -0.686515
vn -0.066379 0.518624 -0.852422
vn 0.384172 0.652844 -0.652845
vn -0.239570 0.686515 -0.686515
vn -0.083481 0.409694 -0.908395
vn 0.803019 0.181820 -0.567540
vn 0.087442 0.632347 -0.769734
vn 0.033838 0.984191 -0.173846
vn -0.066380 0.852422 -0.518624
vn 0.087442 0.632347 -0.769734
vn -0.184571 0.667194 -0.721655
vn 0.207008 0.956062 -0.207590
vn 0.033838 0.984191 -0.173846
vn 0.033838 0.984191 -0.173846
vn 0.207008 0.956062 -0.207590
vn 0.083481 0.908395 -0.409695
vn 0.000000 0.911988 -0.410217
vn -0.066380 0.852422 -0.518624
vn 0.033838 0.984191 -0.173846
vn 0.000000 0.911988 -0.410217
vn -0.083481 0.908395 -0.409694
vn -0.184571 0.667194 -0.721655
vn 0.835259 0.388807 -0.388809
vn 0.554314 0.588530 -0.588531
vn 0.207008 0.956062 -0.207590
vn 0.835259 0.388807 -0.388809
vn -0.184570 0.721655 -0.667195
vn 0.207008 0.207589 -0.956062
vn 0.554314 0.588530 -0.588531
vn 0.554314 0.588530 -0.588531
vn 0.207008 0.207589 -0.956062
vn 0.083481 0.409694 -0.908395
vn 0.239570 0.686515 -0.686515
vn 0.207008 0.956062 -0.207590
vn 0.554314 0.588530 -0.588531
vn 0.239570 0.686515 -0.686515
vn 0.083481 0.908395 -0.409695
vn -0.184570 0.721655 -0.667195
vn 0.087442 0.769734 -0.632347
vn 0.033838 0.173846 -0.984191
vn 0.207008 0.207589 -0.956062
vn 0.087442 0.769734 -0.632347
vn 0.803019 0.567540 -0.181820
vn -0.066379 0.518624 -0.852422
vn 0.033838 0.173846 -0.984191
vn 0.033838 0.173846 -0.984191
vn -0.066379 0.518624 -0.852422
vn -0.083481 0.409694 -0.908395
vn 0.000000 0.410217 -0.911988
vn 0.207008 0.207589 -0.956062
vn 0.033838 0.173846 -0.984191
vn 0.000000 0.410217 -0.911988
vn 0.083481 0.409694 -0.908395
vn 0.803019 0.352277 -0.480688
vn 0.984596 0.027352 -0.172694
vn 0.384172 0.144430 -0.911895
vn -0.066379 -0.081466 -0.994463
vn 0.984596 0.027352 -0.172694
vn 0.803019 -0.186496 -0.566021
vn -0.066379 0.384784 -0.920617
vn 0.384172 0.144430 -0.911895
vn 0.384172 0.144430 -0.911895
vn -0.066379 0.384784 -0.920617
vn -0.083481 0.494094 -0.865391
vn -0.239570 0.151879 -0.958926
vn -0.066379 -0.081466 -0.994463
vn 0.384172 0.144430 -0.911895
vn -0.239570 0.151879 -0.958926
vn -0.083481 -0.202491 -0.975719
vn 0.803019 -0.186496 -0.566021
vn 0.087442 0.059141 -0.994412
vn 0.033838 0.694043 -0.719138
vn -0.066379 0.384784 -0.920617
vn 0.087442 0.059141 -0.994412
vn -0.184571 0.115594 -0.975998
vn 0.207008 0.651452 -0.729903
vn 0.033838 0.694043 -0.719138
vn 0.033838 0.694043 -0.719138
vn 0.207008 0.651452 -0.729903
vn 0.083481 0.494094 -0.865391
vn 0.000000 0.496693 -0.867926
vn -0.066379 0.384784 -0.920617
vn 0.033838 0.694043 -0.719138
vn 0.000000 0.496693 -0.867926
vn -0.083481 0.494094 -0.865391
vn -0.184571 0.115594 -0.975998
vn 0.835256 0.086019 -0.543092
vn 0.554313 0.130202 -0.822061
vn 0.207008 0.651452 -0.729903
vn 0.835256 0.086019 -0.543092
vn -0.184570 0.191664 -0.963950
vn 0.207008 -0.394015 -0.895489
vn 0.554313 0.130202 -0.822061
vn 0.554313 0.130202 -0.822061
vn 0.207008 -0.394015 -0.895489
vn 0.083481 -0.202491 -0.975719
vn 0.239570 0.151879 -0.958926
vn 0.207008 0.651452 -0.729903
vn 0.554313 0.130202 -0.822061
vn 0.239570 0.151879 -0.958926
vn 0.083481 0.494094 -0.865391
vn -0.184570 0.191664 -0.963950
vn 0.087442 0.251043 -0.964018
vn 0.033838 -0.437848 -0.898412
vn 0.207008 -0.394015 -0.895489
vn 0.087442 0.251043 -0.964018
vn 0.803019 0.352277 -0.480688
vn -0.066379 -0.081466 -0.994463
vn 0.033838 -0.437848 -0.898412
vn 0.033838 -0.437848 -0.898412
vn -0.066379 -0.081466 -0.994463
vn -0.083481 -0.202491 -0.975719
vn 0.000000 -0.204180 -0.978933
vn 0.207008 -0.394015 -0.895489
vn 0.033838 -0.437848 -0.898412
vn 0.000000 -0.204180 -0.978933
vn 0.083481 -0.202491 -0.975719
vn 0.803019 0.002458 -0.595948
vn 0.984596 -0.079379 -0.155789
vn 0.384172 -0.419152 -0.822632
vn -0.066379 -0.650437 -0.756654
vn 0.984596 -0.079379 -0.155789
vn 0.803019 -0.483577 -0.348301
vn -0.066379 -0.229829 -0.970965
vn 0.384172 -0.419152 -0.822632
vn 0.384172 -0.419152 -0.822632
vn -0.066379 -0.229829 -0.970965
vn -0.083480 -0.108935 -0.990537
vn -0.239570 -0.440771 -0.865059
vn -0.066379 -0.650437 -0.756654
vn 0.384172 -0.419152 -0.822632
vn -0.239570 -0.440771 -0.865059
vn -0.083480 -0.737333 -0.670352
vn 0.803019 -0.483577 -0.348301
vn 0.087442 -0.536655 -0.839259
vn 0.033838 0.138792 -0.989743
vn -0.066379 -0.229829 -0.970965
vn 0.087442 -0.536655 -0.839259
vn -0.184571 -0.480160 -0.857543
vn 0.207008 0.098008 -0.973418
vn 0.033838 0.138792 -0.989743
vn 0.033838 0.138792 -0.989743
vn 0.207008 0.098008 -0.973418
vn 0.083480 -0.108935 -0.990537
vn 0.000000 -0.108322 -0.994116
vn -0.066379 -0.229829 -0.970965
vn 0.033838 0.138792 -0.989743
vn 0.000000 -0.108322 -0.994116
vn -0.083480 -0.108935 -0.990537
vn -0.184571 -0.480160 -0.857543
vn 0.835256 -0.249630 -0.489931
vn 0.554313 -0.377861 -0.741592
vn 0.207008 0.098008 -0.973418
vn 0.835256 -0.249630 -0.489931
vn -0.184571 -0.411535 -0.892509
vn 0.207008 -0.845120 -0.492869
vn 0.554313 -0.377861 -0.741592
vn 0.554313 -0.377861 -0.741592
vn 0.207008 -0.845120 -0.492869
vn 0.083480 -0.737333 -0.670352
vn 0.239570 -0.440771 -0.865059
vn 0.207008 0.098008 -0.973418
vn 0.554313 -0.377861 -0.741592
vn 0.239570 -0.440771 -0.865059
vn 0.083480 -0.108935 -0.990537
vn -0.184571 -0.411535 -0.892509
vn 0.087442 -0.363536 -0.927467
vn 0.033838 -0.882300 -0.469470
vn 0.207008 -0.845120 -0.492869
vn 0.087442 -0.363536 -0.927467
vn 0.803019 0.002458 -0.595948
vn -0.066379 -0.650437 -0.756654
vn 0.033838 -0.882300 -0.469470
vn 0.033838 -0.882300 -0.469470
vn -0.066379 -0.650437 -0.756654
vn -0.083480 -0.737333 -0.670352
vn 0.000000 -0.740588 -0.671959
vn 0.207008 -0.845120 -0.492869
vn 0.033838 -0.882300 -0.469470
vn 0.000000 -0.740588 -0.671959
vn 0.083480 -0.737333 -0.670352
vn 0.803019 -0.348302 -0.483577
vn 0.984596 -0.155789 -0.079379
vn 0.384171 -0.822632 -0.419152
vn -0.066379 -0.970965 -0.229828
vn 0.984596 -0.155789 -0.079379
vn 0.803019 -0.595948 0.002458
vn -0.066379 -0.756654 -0.650437
vn 0.384171 -0.822632 -0.419152
vn 0.384171 -0.822632 -0.419152
vn -0.066379 -0.756654 -0.650437
vn -0.083481 -0.670352 -0.737333
vn -0.239570 -0.865059 -0.440770
vn -0.066379 -0.970965 -0.229828
vn 0.384171 -0.822632 -0.419152
vn -0.239570 -0.865059 -0.440770
vn -0.083481 -0.990537 -0.108934
vn 0.803019 -0.595948 0.002458
vn 0.087442 -0.927467 -0.363536
vn 0.033838 -0.469470 -0.882300
vn -0.066379 -0.756654 -0.650437
vn 0.087442 -0.927467 -0.363536
vn -0.184572 -0.892509 -0.411535
vn 0.207008 -0.492870 -0.845120
vn 0.033838 -0.469470 -0.882300
vn 0.033838 -0.469470 -0.882300
vn 0.207008 -0.492870 -0.845120
vn 0.083481 -0.670352 -0.737332
vn 0.000000 -0.671960 -0.740588
vn -0.066379 -0.756654 -0.650437
vn 0.033838 -0.469470 -0.882300
vn 0.000000 -0.671960 -0.740588
vn -0.083481 -0.670352 -0.737333
vn -0.184572 -0.892509 -0.411535
vn 0.835253 -0.489934 -0.249632
vn 0.554312 -0.741593 -0.377860
vn 0.207008 -0.492870 -0.845120
vn 0.835253 -0.489934 -0.249632
vn -0.184572 -0.857543 -0.480160
vn 0.207008 -0.973418 0.098009
vn 0.554312 -0.741593 -0.377860
vn 0.554312 -0.741593 -0.377860
vn 0.207008 -0.973418 0.098009
vn 0.083481 -0.990537 -0.108934
vn 0.239570 -0.865059 -0.440770
vn 0.207008 -0.492870 -0.845120
vn 0.554312 -0.741593 -0.377860
vn 0.239570 -0.865059 -0.440770
vn 0.083481 -0.670352 -0.737332
vn -0.184572 -0.857543 -0.480160
vn 0.087442 -0.839259 -0.536654
vn 0.033838 -0.989743 0.138793
vn 0.207008 -0.973418 0.098009
vn 0.087442 -0.839259 -0.536654
vn 0.803019 -0.348302 -0.483577
vn -0.066379 -0.970965 -0.229828
vn 0.033838 -0.989743 0.138793
vn 0.033838 -0.989743 0.138793
vn -0.066379 -0.970965 -0.229828
vn -0.083481 -0.990537 -0.108934
vn 0.000000 -0.994116 -0.108321
vn 0.207008 -0.973418 0.098009
vn 0.033838 -0.989743 0.138793
vn 0.000000 -0.994116 -0.108321
vn 0.083481 -0.990537 -0.108934
vn 0.803019 -0.566021 -0.186495
vn 0.984596 -0.172694 0.027352
vn 0.384170 -0.911896 0.144430
vn -0.066380 -0.920615 0.384787
vn 0.984596 -0.172694 0.027352
vn 0.803019 -0.480688 0.352278
vn -0.066380 -0.994463 -0.081468
vn 0.384170 -0.911896 0.144430
vn 0.384170 -0.911896 0.144430
vn -0.066380 -0.994463 -0.081468
vn -0.083481 -0.975719 -0.202493
vn -0.239571 -0.958926 0.151879
vn -0.066380 -0.920615 0.384787
vn 0.384170 -0.911896 0.144430
vn -0.239571 -0.958926 0.151879
vn -0.083481 -0.865391 0.494095
vn 0.803019 -0.480688 0.352278
vn 0.087442 -0.964018 0.251043
vn 0.033838 -0.898411 -0.437850
vn -0.066380 -0.994463 -0.081468
vn 0.087442 -0.964018 0.251043
vn -0.184571 -0.963950 0.191664
vn 0.207008 -0.895488 -0.394016
vn 0.033838 -0.898411 -0.437850
vn 0.033838 -0.898411 -0.437850
vn 0.207008 -0.895488 -0.394016
vn 0.083481 -0.975719 -0.202492
vn 0.000000 -0.978933 -0.204181
vn -0.066380 -0.994463 -0.081468
vn 0.033838 -0.898411 -0.437850
vn 0.000000 -0.978933 -0.204181
vn -0.083481 -0.975719 -0.202493
vn -0.184571 -0.963950 0.191664
vn 0.835256 -0.543091 0.086017
vn 0.554314 -0.822061 0.130201
vn 0.207008 -0.895488 -0.394016
vn 0.835256 -0.543091 0.086017
vn -0.184571 -0.975998 0.115594
vn 0.207008 -0.729902 0.651453
vn 0.554314 -0.822061 0.130201
vn 0.554314 -0.822061 0.130201
vn 0.207008 -0.729902 0.651453
vn 0.083481 -0.865391 0.494095
vn 0.239570 -0.958926 0.151879
vn 0.207008 -0.895488 -0.394016
vn 0.554314 -0.822061 0.130201
vn 0.239570 -0.958926 0.151879
vn 0.083481 -0.975719 -0.202492
vn -0.184571 -0.975998 0.115594
vn 0.087442 -0.994412 0.059142
vn 0.033838 -0.719136 0.694045
vn 0.207008 -0.729902 0.651453
vn 0.087442 -0.994412 0.059142
vn 0.803019 -0.566021 -0.186495
vn -0.066380 -0.920615 0.384787
vn 0.033838 -0.719136 0.694045
vn 0.033838 -0.719136 0.694045
vn -0.066380 -0.920615 0.384787
vn -0.083481 -0.865391 0.494095
vn 0.000000 -0.867926 0.496694
vn 0.207008 -0.729902 0.651453
vn 0.033838 -0.719136 0.694045
vn 0.000000 -0.867926 0.496694
vn 0.083481 -0.865391 0.494095
vn 0.803019 -0.567540 0.181821
vn 0.984596 -0.123635 0.123635
vn 0.384175 -0.652844 0.652844
vn -0.066377 -0.518628 0.852420
vn 0.984596 -0.123635 0.123635
vn 0.803019 -0.181820 0.567540
vn -0.066378 -0.852420 0.518628
vn 0.384175 -0.652844 0.652844
vn 0.384175 -0.652844 0.652844
vn -0.066378 -0.852420 0.518628
vn -0.083480 -0.908394 0.409697
vn -0.239569 -0.686515 0.686515
vn -0.066377 -0.518628 0.852420
vn 0.384175 -0.652844 0.652844
vn -0.239569 -0.686515 0.686515
vn -0.083480 -0.409697 0.908394
vn 0.803019 -0.181820 0.567540
vn 0.087442 -0.632345 0.769736
vn 0.033838 -0.984191 0.173851
vn -0.066378 -0.852420 0.518628
vn 0.087442 -0.632345 0.769736
vn -0.184571 -0.667192 0.721656
vn 0.207007 -0.956061 0.207593
vn 0.033838 -0.984191 0.173851
vn 0.033838 -0.984191 0.173851
vn 0.207007 -0.956061 0.207593
vn 0.083480 -0.908394 0.409697
vn 0.000000 -0.911987 0.410219
vn -0.066378 -0.852420 0.518628
vn 0.033838 -0.984191 0.173851
vn 0.000000 -0.911987 0.410219
vn -0.083480 -0.908394 0.409697
vn -0.184571 -0.667192 0.721656
vn 0.835254 -0.388812 0.388814
vn 0.554311 -0.588532 0.588532
vn 0.207007 -0.956061 0.207593
vn 0.835254 -0.388812 0.388814
vn -0.184572 -0.721656 0.667193
vn 0.207007 -0.207593 0.956061
vn 0.554311 -0.588532 0.588532
vn 0.554311 -0.588532 0.588532
vn 0.207007 -0.207593 0.956061
vn 0.083480 -0.409697 0.908394
vn 0.239569 -0.686515 0.686516
vn 0.207007 -0.956061 0.207593
vn 0.554311 -0.588532 0.588532
vn 0.239569 -0.686515 0.686516
vn 0.083480 -0.908394 0.409697
vn -0.184572 -0.721656 0.667193
vn 0.087442 -0.769735 0.632346
vn 0.033838 -0.173851 0.984190
vn 0.207007 -0.207593 0.956061
vn 0.087442 -0.769735 0.632346
vn 0.803019 -0.567540 0.181821
vn -0.066377 -0.518628 0.852420
vn 0.033838 -0.173851 0.984190
vn 0.033838 -0.173851 0.984190
vn -0.066377 -0.518628 0.852420
vn -0.083480 -0.409697 0.908394
vn 0.000000 -0.410220 0.911987
vn 0.207007 -0.207593 0.956061
vn 0.033838 -0.173851 0.984190
vn 0.000000 -0.410220 0.911987
vn 0.083480 -0.409697 0.908394
vn 0.803019 -0.352278 0.480688
vn 0.984596 -0.027352 0.172694
vn 0.384171 -0.144431 0.911895
vn -0.066380 0.081466 0.994463
vn 0.984596 -0.027352 0.172694
vn 0.803019 0.186496 0.566021
vn -0.066379 -0.384787 0.920616
vn 0.384171 -0.144431 0.911895
vn 0.384171 -0.144431 0.911895
vn -0.066379 -0.384787 0.920616
vn -0.083480 -0.494096 0.865390
vn -0.239570 -0.151880 0.958926
vn -0.066380 0.081466 0.994463
vn 0.384171 -0.144431 0.911895
vn -0.239570 -0.151880 0.958926
vn -0.083481 0.202491 0.975720
vn 0.803019 0.186496 0.566021
vn 0.087442 -0.059140 0.994413
vn 0.033838 -0.694044 0.719137
vn -0.066379 -0.384787 0.920616
vn 0.087442 -0.059140 0.994413
vn -0.184570 -0.115593 0.975998
vn 0.207008 -0.651453 0.729902
vn 0.033838 -0.694044 0.719137
vn 0.033838 -0.694044 0.719137
vn 0.207008 -0.651453 0.729902
vn 0.083480 -0.494096 0.865390
vn 0.000000 -0.496695 0.867925
vn -0.066379 -0.384787 0.920616
vn 0.033838 -0.694044 0.719137
vn 0.000000 -0.496695 0.867925
vn -0.083480 -0.494096 0.865390
vn -0.184570 -0.115593 0.975998
vn 0.835257 -0.086017 0.543090
vn 0.554313 -0.130203 0.822061
vn 0.207008 -0.651453 0.729902
vn 0.835257 -0.086017 0.543090
vn -0.184569 -0.191662 0.963950
vn 0.207008 0.394014 0.895489
vn 0.554313 -0.130203 0.822061
vn 0.554313 -0.130203 0.822061
vn 0.207008 0.394014 0.895489
vn 0.083481 0.202491 0.975720
vn 0.239570 -0.151881 0.958926
vn 0.207008 -0.651453 0.729902
vn 0.554313 -0.130203 0.822061
vn 0.239570 -0.151881 0.958926
vn 0.083480 -0.494096 0.865390
vn -0.184569 -0.191662 0.963950
vn 0.087442 -0.251042 0.964019
vn 0.033838 0.437849 0.898412
vn 0.207008 0.394014 0.895489
vn 0.087442 -0.251042 0.964019
vn 0.803019 -0.352278 0.480688
vn -0.066380 0.081466 0.994463
vn 0.033838 0.437849 0.898412
vn 0.033838 0.437849 0.898412
vn -0.066380 0.081466 0.994463
vn -0.083481 0.202491 0.975720
vn 0.000000 0.204179 0.978934
vn 0.207008 0.394014 0.895489
vn 0.033838 0.437849 0.898412
vn 0.000000 0.204179 0.978934
vn 0.083481 0.202491 0.975720
vn 0.803019 -0.002458 0.595948
vn 0.984596 0.079379 0.155789
vn 0.384174 0.419152 0.822631
vn -0.066378 0.650436 0.756655
vn 0.984596 0.079379 0.155789
vn 0.803019 0.483578 0.348301
vn -0.066378 0.229832 0.970964
vn 0.384174 0.419152 0.822631
vn 0.384174 0.419152 0.822631
vn -0.066378 0.229832 0.970964
vn -0.083480 0.108934 0.990537
vn -0.239569 0.440770 0.865060
vn -0.066378 0.650436 0.756655
vn 0.384174 0.419152 0.822631
vn -0.239569 0.440770 0.865060
vn -0.083480 0.737331 0.670353
vn 0.803019 0.483578 0.348301
vn 0.087442 0.536656 0.839258
vn 0.033838 -0.138791 0.989743
vn -0.066378 0.229832 0.970964
vn 0.087442 0.536656 0.839258
vn -0.184570 0.480161 0.857543
vn 0.207007 -0.098007 0.973418
vn 0.033838 -0.138791 0.989743
vn 0.033838 -0.138791 0.989743
vn 0.207007 -0.098007 0.973418
vn 0.083480 0.108935 0.990537
vn 0.000000 0.108322 0.994116
vn -0.066378 0.229832 0.970964
vn 0.033838 -0.138791 0.989743
vn 0.000000 0.108322 0.994116
vn -0.083480 0.108934 0.990537
vn -0.184570 0.480161 0.857543
vn 0.835256 0.249634 0.489930
vn 0.554311 0.377861 0.741593
vn 0.207007 -0.098007 0.973418
vn 0.835256 0.249634 0.489930
vn -0.184570 0.411536 0.892509
vn 0.207008 0.845119 0.492870
vn 0.554311 0.377861 0.741593
vn 0.554311 0.377861 0.741593
vn 0.207008 0.845119 0.492870
vn 0.083480 0.737331 0.670353
vn 0.239569 0.440770 0.865060
vn 0.207007 -0.098007 0.973418
vn 0.554311 0.377861 0.741593
vn 0.239569 0.440770 0.865060
vn 0.083480 0.108935 0.990537
vn -0.184570 0.411536 0.892509
vn 0.087442 0.363537 0.927467
vn 0.033838 0.882299 0.469471
vn 0.207008 0.845119 0.492870
vn 0.087442 0.363537 0.927467
vn 0.803019 -0.002458 0.595948
vn -0.066378 0.650436 0.756655
vn 0.033838 0.882299 0.469471
vn 0.033838 0.882299 0.469471
vn -0.066378 0.650436 0.756655
vn -0.083480 0.737331 0.670353
vn 0.000000 0.740587 0.671961
vn 0.207008 0.845119 0.492870
vn 0.033838 0.882299 0.469471
vn 0.000000 0.740587 0.671961
vn 0.083480 0.737331 0.670353
vn 0.803019 0.348301 0.483577
vn 0.984596 0.155789 0.079379
vn 0.384171 0.822632 0.419153
vn -0.066380 0.970965 0.229827
vn 0.984596 0.155789 0.079379
vn 0.803019 0.595948 -0.002457
vn -0.066379 0.756653 0.650438
vn 0.384171 0.822632 0.419153
vn 0.384171 0.822632 0.419153
vn -0.066379 0.756653 0.650438
vn -0.083480 0.670352 0.737332
vn -0.239570 0.865059 0.440771
vn -0.066380 0.970965 0.229827
vn 0.384171 0.822632 0.419153
vn -0.239570 0.865059 0.440771
vn -0.083481 0.990538 0.108933
vn 0.803019 0.595948 -0.002457
vn 0.087442 0.927467 0.363538
vn 0.033838 0.469471 0.882299
vn -0.066379 0.756653 0.650438
vn 0.087442 0.927467 0.363538
vn -0.184571 0.892508 0.411537
vn 0.207008 0.492870 0.845120
vn 0.033838 0.469471 0.882299
vn 0.033838 0.469471 0.882299
vn 0.207008 0.492870 0.845120
vn 0.083480 0.670352 0.737332
vn 0.000000 0.671960 0.740588
vn -0.066379 0.756653 0.650438
vn 0.033838 0.469471 0.882299
vn 0.000000 0.671960 0.740588
vn -0.083480 0.670352 0.737332
vn -0.184571 0.892508 0.411537
vn 0.835257 0.489927 0.249633
vn 0.554313 0.741592 0.377860
vn 0.207008 0.492870 0.845120
vn 0.835257 0.489927 0.249633
vn -0.184570 0.857544 0.480159
vn 0.207009 0.973417 -0.098012
vn 0.554313 0.741592 0.377860
vn 0.554313 0.741592 0.377860
vn 0.207009 0.973417 -0.098012
vn 0.083481 0.990537 0.108933
vn 0.239570 0.865059 0.440770
vn 0.207008 0.492870 0.845120
vn 0.554313 0.741592 0.377860
vn 0.239570 0.865059 0.440770
vn 0.083480 0.670352 0.737332
vn -0.184570 0.857544 0.480159
vn 0.087442 0.839259 0.536654
vn 0.033838 0.989743 -0.138797
vn 0.207009 0.973417 -0.098012
vn 0.087442 0.839259 0.536654
vn 0.803019 0.348301 0.483577
vn -0.066380 0.970965 0.229827
vn 0.033838 0.989743 -0.138797
vn 0.033838 0.989743 -0.138797
vn -0.066380 0.970965 0.229827
vn -0.083481 0.990538 0.108933
vn 0.000000 0.994116 0.108320
vn 0.207009 0.973417 -0.098012
vn 0.033838 0.989743 -0.138797
vn 0.000000 0.994116 0.108320
vn 0.083481 0.990537 0.108933
vn 0.803019 0.566020 0.186496
vn 0.984596 0.172694 -0.027352
vn 0.384172 0.911895 -0.144429
vn -0.066379 0.920617 -0.384783
vn 0.984596 0.172694 -0.027352
vn 0.803019 0.480687 -0.352278
vn -0.066379 0.994463 0.081466
vn 0.384172 0.911895 -0.144429
vn 0.384172 0.911895 -0.144429
vn -0.066379 0.994463 0.081466
vn -0.083481 0.975719 0.202492
vn -0.239570 0.958926 -0.151878
vn -0.066379 0.920617 -0.384783
vn 0.384172 0.911895 -0.144429
vn -0.239570 0.958926 -0.151878
vn -0.083481 0.865392 -0.494093
vn 0.803019 0.480687 -0.352278
vn 0.087442 0.964018 -0.251043
vn 0.033838 0.898411 0.437849
vn -0.066379 0.994463 0.081466
vn 0.087442 0.964018 -0.251043
vn -0.184570 0.963950 -0.191663
vn 0.207008 0.895488 0.394016
vn 0.033838 0.898411 0.437849
vn 0.033838 0.898411 0.437849
vn 0.207008 0.895488 0.394016
vn 0.083481 0.975719 0.202492
vn 0.000000 0.978933 0.204181
vn -0.066379 0.994463 0.081466
vn 0.033838 0.898411 0.437849
vn 0.000000 0.978933 0.204181
vn -0.083481 0.975719 0.202492
vn -0.184570 0.963950 -0.191663
vn 0.835257 0.543090 -0.086016
vn 0.554313 0.822061 -0.130200
vn 0.207008 0.895488 0.394016
vn 0.835257 0.543090 -0.086016
vn -0.184571 0.975998 -0.115593
vn 0.207008 0.729903 -0.651451
vn 0.554313 0.822061 -0.130200
vn 0.554313 0.822061 -0.130200
vn 0.207008 0.729903 -0.651451
vn 0.083481 0.865392 -0.494093
vn 0.239570 0.958926 -0.151878
vn 0.207008 0.895488 0.394016
vn 0.554313 0.822061 -0.130200
vn 0.239570 0.958926 -0.151878
vn 0.083481 0.975719 0.202492
vn -0.184571 0.975998 -0.115593
vn 0.087442 0.994412 -0.059141
vn 0.033838 0.719139 -0.694042
vn 0.207008 0.729903 -0.651451
vn 0.087442 0.994412 -0.059141
vn 0.803019 0.566020 0.186496
vn -0.066379 0.920617 -0.384783
vn 0.033838 0.719139 -0.694042
vn 0.033838 0.719139 -0.694042
vn -0.066379 0.920617 -0.384783
vn -0.083481 0.865392 -0.494093
vn 0.000000 0.867927 -0.496692
vn 0.207008 0.729903 -0.651451
vn 0.033838 0.719139 -0.694042
vn 0.000000 0.867927 -0.496692
vn 0.083481 0.865392 -0.494093
vn -0.650696 -0.722174 0.234647
vn -0.650667 -0.676598 0.344743
vn -0.924818 0.338947 -0.172703
vn -0.924941 0.361507 -0.117460
vn -0.650667 -0.676598 0.344743
vn -0.650697 -0.614317 0.446328
vn -0.924941 0.307515 -0.223424
vn -0.924818 0.338947 -0.172703
vn -0.924818 0.338947 -0.172703
vn -0.924941 0.307515 -0.223424
vn 0.000000 0.809016 -0.587786
vn 0.000000 0.891007 -0.453990
vn -0.924941 0.361507 -0.117460
vn -0.924818 0.338947 -0.172703
vn 0.000000 0.891007 -0.453990
vn 0.000000 0.951057 -0.309015
vn -0.650697 -0.614317 0.446328
vn -0.650669 -0.536949 0.536950
vn -0.924819 0.268988 -0.268989
vn -0.924941 0.307515 -0.223424
vn -0.650669 -0.536949 0.536950
vn -0.650697 -0.446327 0.614317
vn -0.924942 0.223421 -0.307515
vn -0.924819 0.268988 -0.268989
vn -0.924819 0.268988 -0.268989
vn -0.924942 0.223421 -0.307515
vn 0.000000 0.587785 -0.809017
vn 0.000000 0.707106 -0.707108
vn -0.924941 0.307515 -0.223424
vn -0.924819 0.268988 -0.268989
vn 0.000000 0.707106 -0.707108
vn 0.000000 0.809016 -0.587786
vn -0.650697 -0.446327 0.614317
vn -0.650668 -0.344743 0.676597
vn -0.924819 0.172701 -0.338946
vn -0.924942 0.223421 -0.307515
vn -0.650668 -0.344743 0.676597
vn -0.650697 -0.234648 0.722173
vn -0.924941 0.117460 -0.361506
vn -0.924819 0.172701 -0.338946
vn -0.924819 0.172701 -0.338946
vn -0.924941 0.117460 -0.361506
vn 0.000000 0.309017 -0.951057
vn 0.000000 0.453990 -0.891007
vn -0.924942 0.223421 -0.307515
vn -0.924819 0.172701 -0.338946
vn 0.000000 0.453990 -0.891007
vn 0.000000 0.587785 -0.809017
vn -0.650697 -0.234648 0.722173
vn -0.650668 -0.118790 0.750013
vn -0.924819 0.059510 -0.375725
vn -0.924941 0.117460 -0.361506
vn -0.650668 -0.118790 0.750013
vn -0.650697 0.000000 0.759338
vn -0.924941 0.000000 -0.380112
vn -0.924819 0.059510 -0.375725
vn -0.924819 0.059510 -0.375725
vn -0.924941 0.000000 -0.380112
vn 0.000000 0.000000 -1.000000
vn 0.000000 0.156435 -0.987688
vn -0.924941 0.117460 -0.361506
vn -0.924819 0.059510 -0.375725
vn 0.000000 0.156435 -0.987688
vn 0.000000 0.309017 -0.951057
vn -0.650697 0.000000 0.759338
vn -0.650668 0.118790 0.750013
vn -0.924818 -0.059510 -0.375726
vn -0.924941 0.000000 -0.380112
vn -0.650668 0.118790 0.750013
vn -0.650697 0.234648 0.722173
vn -0.924942 -0.117460 -0.361505
vn -0.924818 -0.059510 -0.375726
vn -0.924818 -0.059510 -0.375726
vn -0.924942 -0.117460 -0.361505
vn 0.000000 -0.309017 -0.951057
vn 0.000000 -0.156435 -0.987688
vn -0.924941 0.000000 -0.380112
vn -0.924818 -0.059510 -0.375726
vn 0.000000 -0.156435 -0.987688
vn 0.000000 0.000000 -1.000000
vn -0.650697 0.234648 0.722173
vn -0.650668 0.344744 0.676597
vn -0.924818 -0.172701 -0.338948
vn -0.924942 -0.117460 -0.361505
vn -0.650668 0.344744 0.676597
vn -0.650697 0.446328 0.614317
vn -0.924940 -0.223424 -0.307518
vn -0.924818 -0.172701 -0.338948
vn -0.924818 -0.172701 -0.338948
vn -0.924940 -0.223424 -0.307518
vn 0.000000 -0.587786 -0.809017
vn 0.000000 -0.453990 -0.891007
vn -0.924942 -0.117460 -0.361505
vn -0.924818 -0.172701 -0.338948
vn 0.000000 -0.453990 -0.891007
vn 0.000000 -0.309017 -0.951057
vn -0.650697 0.446328 0.614317
vn -0.650668 0.536951 0.536950
vn -0.924818 -0.268990 -0.268990
vn -0.924940 -0.223424 -0.307518
vn -0.650668 0.536951 0.536950
vn -0.650697 0.614317 0.446327
vn -0.924942 -0.307515 -0.223422
vn -0.924818 -0.268990 -0.268990
vn -0.924818 -0.268990 -0.268990
vn -0.924942 -0.307515 -0.223422
vn 0.000000 -0.809017 -0.587785
vn 0.000000 -0.707108 -0.707106
vn -0.924940 -0.223424 -0.307518
vn -0.924818 -0.268990 -0.268990
vn 0.000000 -0.707108 -0.707106
vn 0.000000 -0.587786 -0.809017
vn -0.650697 0.614317 0.446327
vn -0.650669 0.676596 0.344743
vn -0.924819 -0.338946 -0.172702
vn -0.924942 -0.307515 -0.223422
vn -0.650669 0.676596 0.344743
vn -0.650698 0.722172 0.234648
vn -0.924942 -0.361505 -0.117460
vn -0.924819 -0.338946 -0.172702
vn -0.924819 -0.338946 -0.172702
vn -0.924942 -0.361505 -0.117460
vn 0.000000 -0.951057 -0.309017
vn 0.000000 -0.891007 -0.453990
vn -0.924942 -0.307515 -0.223422
vn -0.924819 -0.338946 -0.172702
vn 0.000000 -0.891007 -0.453990
vn 0.000000 -0.809017 -0.587785
vn -0.650698 0.722172 0.234648
vn -0.650669 0.750013 0.118791
vn -0.924820 -0.375722 -0.059509
vn -0.924942 -0.361505 -0.117460
vn -0.650669 0.750013 0.118791
vn -0.650697 0.759338 0.000000
vn -0.924942 -0.380107 0.000000
vn -0.924820 -0.375722 -0.059509
vn -0.924820 -0.375722 -0.059509
vn -0.924942 -0.380107 0.000000
vn 0.000000 -1.000000 0.000000
vn 0.000000 -0.987688 -0.156435
vn -0.924942 -0.361505 -0.117460
vn -0.924820 -0.375722 -0.059509
vn 0.000000 -0.987688 -0.156435
vn 0.000000 -0.951057 -0.309017
vn -0.650697 0.759338 0.000000
vn -0.650668 0.750013 -0.118791
vn -0.924819 -0.375725 0.059508
vn -0.924942 -0.380107 0.000000
vn -0.650668 0.750013 -0.118791
vn -0.650697 0.722173 -0.234648
vn -0.924940 -0.361508 0.117461
vn -0.924819 -0.375725 0.059508
vn -0.924819 -0.375725 0.059508
vn -0.924940 -0.361508 0.117461
vn 0.000000 -0.951057 0.309017
vn 0.000000 -0.987688 0.156434
vn -0.924942 -0.380107 0.000000
vn -0.924819 -0.375725 0.059508
vn 0.000000 -0.987688 0.156434
vn 0.000000 -1.000000 0.000000
vn -0.650697 0.722173 -0.234648
vn -0.650668 0.676597 -0.344743
vn -0.924818 -0.338947 0.172703
vn -0.924940 -0.361508 0.117461
vn -0.650668 0.676597 -0.344743
vn -0.650696 0.614318 -0.446327
vn -0.924942 -0.307514 0.223423
vn -0.924818 -0.338947 0.172703
vn -0.924818 -0.338947 0.172703
vn -0.924942 -0.307514 0.223423
vn 0.000000 -0.809017 0.587785
vn 0.000000 -0.891006 0.453991
vn -0.924940 -0.361508 0.117461
vn -0.924818 -0.338947 0.172703
vn 0.000000 -0.891006 0.453991
vn 0.000000 -0.951057 0.309017
vn -0.650696 0.614318 -0.446327
vn -0.650668 0.536951 -0.536950
vn -0.924819 -0.268988 0.268989
vn -0.924942 -0.307514 0.223423
vn -0.650668 0.536951 -0.536950
vn -0.650696 0.446328 -0.614317
vn -0.924941 -0.223422 0.307516
vn -0.924819 -0.268988 0.268989
vn -0.924819 -0.268988 0.268989
vn -0.924941 -0.223422 0.307516
vn 0.000000 -0.587785 0.809017
vn 0.000000 -0.707107 0.707107
vn -0.924942 -0.307514 0.223423
vn -0.924819 -0.268988 0.268989
vn 0.000000 -0.707107 0.707107
vn 0.000000 -0.809017 0.587785
vn -0.650696 0.446328 -0.614317
vn -0.650667 0.344744 -0.676598
vn -0.924819 -0.172701 0.338947
vn -0.924941 -0.223422 0.307516
vn -0.650667 0.344744 -0.676598
vn -0.650696 0.234648 -0.722174
vn -0.924942 -0.117460 0.361505
vn -0.924819 -0.172701 0.338947
vn -0.924819 -0.172701 0.338947
vn -0.924942 -0.117460 0.361505
vn 0.000000 -0.309017 0.951056
vn 0.000000 -0.453990 0.891007
vn -0.924941 -0.223422 0.307516
vn -0.924819 -0.172701 0.338947
vn 0.000000 -0.453990 0.891007
vn 0.000000 -0.587785 0.809017
vn -0.650696 0.234648 -0.722174
vn -0.650667 0.118791 -0.750014
vn -0.924818 -0.059510 0.375727
vn -0.924942 -0.117460 0.361505
vn -0.650667 0.118791 -0.750014
vn -0.650696 0.000000 -0.759338
vn -0.924940 0.000000 0.380114
vn -0.924818 -0.059510 0.375727
vn -0.924818 -0.059510 0.375727
vn -0.924940 0.000000 0.380114
vn 0.000000 0.000000 1.000000
vn 0.000000 -0.156435 0.987688
vn -0.924942 -0.117460 0.361505
vn -0.924818 -0.059510 0.375727
vn 0.000000 -0.156435 0.987688
vn 0.000000 -0.309017 0.951056
vn -0.650696 0.000000 -0.759338
vn -0.650667 -0.118790 -0.750014
vn -0.924818 0.059510 0.375726
vn -0.924940 0.000000 0.380114
vn -0.650667 -0.118790 -0.750014
vn -0.650696 -0.234649 -0.722174
vn -0.924941 0.117460 0.361506
vn -0.924818 0.059510 0.375726
vn -0.924818 0.059510 0.375726
vn -0.924941 0.117460 0.361506
vn 0.000000 0.309017 0.951057
vn 0.000000 0.156435 0.987688
vn -0.924940 0.000000 0.380114
vn -0.924818 0.059510 0.375726
vn 0.000000 0.156435 0.987688
vn 0.000000 0.000000 1.000000
vn -0.650696 -0.234649 -0.722174
vn -0.650667 -0.344744 -0.676598
vn -0.924818 0.172702 0.338949
vn -0.924941 0.117460 0.361506
vn -0.650667 -0.344744 -0.676598
vn -0.650695 -0.446328 -0.614318
vn -0.924940 0.223425 0.307518
vn -0.924818 0.172702 0.338949
vn -0.924818 0.172702 0.338949
vn -0.924940 0.223425 0.307518
vn 0.000000 0.587786 0.809017
vn 0.000000 0.453990 0.891007
vn -0.924941 0.117460 0.361506
vn -0.924818 0.172702 0.338949
vn 0.000000 0.453990 0.891007
vn 0.000000 0.309017 0.951057
vn -0.650695 -0.446328 -0.614318
vn -0.650667 -0.536952 -0.536951
vn -0.924818 0.268991 0.268990
vn -0.924940 0.223425 0.307518
vn -0.650667 -0.536952 -0.536951
vn -0.650696 -0.614318 -0.446327
vn -0.924941 0.307517 0.223424
vn -0.924818 0.268991 0.268990
vn -0.924818 0.268991 0.268990
vn -0.924941 0.307517 0.223424
vn 0.000000 0.809017 0.587785
vn 0.000000 0.707107 0.707106
vn -0.924940 0.223425 0.307518
vn -0.924818 0.268991 0.268990
vn 0.000000 0.707107 0.707106
vn 0.000000 0.587786 0.809017
vn -0.650696 -0.614318 -0.446327
vn -0.650668 -0.676597 -0.344743
vn -0.924818 0.338947 0.172702
vn -0.924941 0.307517 0.223424
vn -0.650668 -0.676597 -0.344743
vn -0.650697 -0.722173 -0.234648
vn -0.924943 0.361503 0.117460
vn -0.924818 0.338947 0.172702
vn -0.924818 0.338947 0.172702
vn -0.924943 0.361503 0.117460
vn 0.000000 0.951057 0.309017
vn 0.000000 0.891007 0.453990
vn -0.924941 0.307517 0.223424
vn -0.924818 0.338947 0.172702
vn 0.000000 0.891007 0.453990
vn 0.000000 0.809017 0.587785
vn -0.650697 -0.722173 -0.234648
vn -0.650668 -0.750013 -0.118791
vn -0.924819 0.375724 0.059509
vn -0.924943 0.361503 0.117460
vn -0.650668 -0.750013 -0.118791
vn -0.650697 -0.759337 -0.000001
vn -0.924941 0.380110 0.000001
vn -0.924819 0.375724 0.059509
vn -0.924819 0.375724 0.059509
vn -0.924941 0.380110 0.000001
vn 0.000000 1.000000 0.000002
vn 0.000000 0.987688 0.156435
vn -0.924943 0.361503 0.117460
vn -0.924819 0.375724 0.059509
vn 0.000000 0.987688 0.156435
vn 0.000000 0.951057 0.309017
vn -0.650697 -0.759337 -0.000001
vn -0.650668 -0.750013 0.118789
vn -0.924818 0.375726 -0.059508
vn -0.924941 0.380110 0.000001
vn -0.650668 -0.750013 0.118789
vn -0.650696 -0.722174 0.234647
vn -0.924941 0.361507 -0.117460
vn -0.924818 0.375726 -0.059508
vn -0.924818 0.375726 -0.059508
vn -0.924941 0.361507 -0.117460
vn 0.000000 0.951057 -0.309015
vn 0.000000 0.987689 -0.156432
vn -0.924941 0.380110 0.000001
vn -0.924818 0.375726 -0.059508
vn 0.000000 0.987689 -0.156432
vn 0.000000 1.000000 0.000002
vn 0.000000 0.951057 -0.309015
vn 0.000000 0.891007 -0.453990
vn -0.481605 0.780868 -0.397872
vn -0.478816 0.834948 -0.271289
vn 0.000000 0.891007 -0.453990
vn 0.000000 0.809016 -0.587786
vn -0.478815 0.710248 -0.516026
vn -0.481605 0.780868 -0.397872
vn -0.481605 0.780868 -0.397872
vn -0.478815 0.710248 -0.516026
vn -0.952276 0.246944 -0.179415
vn -0.941540 0.300181 -0.152950
vn -0.478816 0.834948 -0.271289
vn -0.481605 0.780868 -0.397872
vn -0.941540 0.300181 -0.152950
vn -0.952276 0.290300 -0.094323
vn 0.000000 0.809016 -0.587786
vn 0.000000 0.707106 -0.707108
vn -0.481605 0.619699 -0.619701
vn -0.478815 0.710248 -0.516026
vn 0.000000 0.707106 -0.707108
vn 0.000000 0.587785 -0.809017
vn -0.478815 0.516025 -0.710249
vn -0.481605 0.619699 -0.619701
vn -0.481605 0.619699 -0.619701
vn -0.478815 0.516025 -0.710249
vn -0.952276 0.179415 -0.246944
vn -0.941540 0.238225 -0.238225
vn -0.478815 0.710248 -0.516026
vn -0.481605 0.619699 -0.619701
vn -0.941540 0.238225 -0.238225
vn -0.952276 0.246944 -0.179415
vn 0.000000 0.587785 -0.809017
vn 0.000000 0.453990 -0.891007
vn -0.481604 0.397872 -0.780868
vn -0.478815 0.516025 -0.710249
vn 0.000000 0.453990 -0.891007
vn 0.000000 0.309017 -0.951057
vn -0.478815 0.271291 -0.834948
vn -0.481604 0.397872 -0.780868
vn -0.481604 0.397872 -0.780868
vn -0.478815 0.271291 -0.834948
vn -0.952276 0.094324 -0.290300
vn -0.941540 0.152950 -0.300181
vn -0.478815 0.516025 -0.710249
vn -0.481604 0.397872 -0.780868
vn -0.941540 0.152950 -0.300181
vn -0.952276 0.179415 -0.246944
vn 0.000000 0.309017 -0.951057
vn 0.000000 0.156435 -0.987688
vn -0.481605 0.137097 -0.865599
vn -0.478815 0.271291 -0.834948
vn 0.000000 0.156435 -0.987688
vn 0.000000 0.000000 -1.000000
vn -0.478815 0.000000 -0.877916
vn -0.481605 0.137097 -0.865599
vn -0.481605 0.137097 -0.865599
vn -0.478815 0.000000 -0.877916
vn -0.952276 0.000000 -0.305239
vn -0.941540 0.052703 -0.332753
vn -0.478815 0.271291 -0.834948
vn -0.481605 0.137097 -0.865599
vn -0.941540 0.052703 -0.332753
vn -0.952276 0.094324 -0.290300
vn 0.000000 0.000000 -1.000000
vn 0.000000 -0.156435 -0.987688
vn -0.481604 -0.137097 -0.865599
vn -0.478815 0.000000 -0.877916
vn 0.000000 -0.156435 -0.987688
vn 0.000000 -0.309017 -0.951057
vn -0.478815 -0.271291 -0.834948
vn -0.481604 -0.137097 -0.865599
vn -0.481604 -0.137097 -0.865599
vn -0.478815 -0.271291 -0.834948
vn -0.952276 -0.094324 -0.290300
vn -0.941540 -0.052703 -0.332753
vn -0.478815 0.000000 -0.877916
vn -0.481604 -0.137097 -0.865599
vn -0.941540 -0.052703 -0.332753
vn -0.952276 0.000000 -0.305239
vn 0.000000 -0.309017 -0.951057
vn 0.000000 -0.453990 -0.891007
vn -0.481605 -0.397872 -0.780868
vn -0.478815 -0.271291 -0.834948
vn 0.000000 -0.453990 -0.891007
vn 0.000000 -0.587786 -0.809017
vn -0.478816 -0.516026 -0.710248
vn -0.481605 -0.397872 -0.780868
vn -0.481605 -0.397872 -0.780868
vn -0.478816 -0.516026 -0.710248
vn -0.952276 -0.179415 -0.246943
vn -0.941540 -0.152950 -0.300181
vn -0.478815 -0.271291 -0.834948
vn -0.481605 -0.397872 -0.780868
vn -0.941540 -0.152950 -0.300181
vn -0.952276 -0.094324 -0.290300
vn 0.000000 -0.587786 -0.809017
vn 0.000000 -0.707108 -0.707106
vn -0.481605 -0.619701 -0.619700
vn -0.478816 -0.516026 -0.710248
vn 0.000000 -0.707108 -0.707106
vn 0.000000 -0.809017 -0.587785
vn -0.478815 -0.710249 -0.516026
vn -0.481605 -0.619701 -0.619700
vn -0.481605 -0.619701 -0.619700
vn -0.478815 -0.710249 -0.516026
vn -0.952276 -0.246944 -0.179415
vn -0.941540 -0.238225 -0.238225
vn -0.478816 -0.516026 -0.710248
vn -0.481605 -0.619701 -0.619700
vn -0.941540 -0.238225 -0.238225
vn -0.952276 -0.179415 -0.246943
vn 0.000000 -0.809017 -0.587785
vn 0.000000 -0.891007 -0.453990
vn -0.481605 -0.780868 -0.397872
vn -0.478815 -0.710249 -0.516026
vn 0.000000 -0.891007 -0.453990
vn 0.000000 -0.951057 -0.309017
vn -0.478815 -0.834947 -0.271291
vn -0.481605 -0.780868 -0.397872
vn -0.481605 -0.780868 -0.397872
vn -0.478815 -0.834947 -0.271291
vn -0.952276 -0.290300 -0.094324
vn -0.941540 -0.300181 -0.152950
vn -0.478815 -0.710249 -0.516026
vn -0.481605 -0.780868 -0.397872
vn -0.941540 -0.300181 -0.152950
vn -0.952276 -0.246944 -0.179415
vn 0.000000 -0.951057 -0.309017
vn 0.000000 -0.987688 -0.156435
vn -0.481605 -0.865599 -0.137098
vn -0.478815 -0.834947 -0.271291
vn 0.000000 -0.987688 -0.156435
vn 0.000000 -1.000000 0.000000
vn -0.478815 -0.877916 0.000000
vn -0.481605 -0.865599 -0.137098
vn -0.481605 -0.865599 -0.137098
vn -0.478815 -0.877916 0.000000
vn -0.952276 -0.305239 0.000000
vn -0.941540 -0.332754 -0.052703
vn -0.478815 -0.834947 -0.271291
vn -0.481605 -0.865599 -0.137098
vn -0.941540 -0.332754 -0.052703
vn -0.952276 -0.290300 -0.094324
vn 0.000000 -1.000000 0.000000
vn 0.000000 -0.987688 0.156434
vn -0.481605 -0.865599 0.137098
vn -0.478815 -0.877916 0.000000
vn 0.000000 -0.987688 0.156434
vn 0.000000 -0.951057 0.309017
vn -0.478816 -0.834947 0.271291
vn -0.481605 -0.865599 0.137098
vn -0.481605 -0.865599 0.137098
vn -0.478816 -0.834947 0.271291
vn -0.952276 -0.290300 0.094324
vn -0.941540 -0.332754 0.052703
vn -0.478815 -0.877916 0.000000
vn -0.481605 -0.865599 0.137098
vn -0.941540 -0.332754 0.052703
vn -0.952276 -0.305239 0.000000
vn 0.000000 -0.951057 0.309017
vn 0.000000 -0.891006 0.453991
vn -0.481605 -0.780868 0.397872
vn -0.478816 -0.834947 0.271291
vn 0.000000 -0.891006 0.453991
vn 0.000000 -0.809017 0.587785
vn -0.478815 -0.710249 0.516026
vn -0.481605 -0.780868 0.397872
vn -0.481605 -0.780868 0.397872
vn -0.478815 -0.710249 0.516026
vn -0.952276 -0.246944 0.179415
vn -0.941540 -0.300182 0.152950
vn -0.478816 -0.834947 0.271291
vn -0.481605 -0.780868 0.397872
vn -0.941540 -0.300182 0.152950
vn -0.952276 -0.290300 0.094324
vn 0.000000 -0.809017 0.587785
vn 0.000000 -0.707107 0.707107
vn -0.481605 -0.619700 0.619700
vn -0.478815 -0.710249 0.516026
vn 0.000000 -0.707107 0.707107
vn 0.000000 -0.587785 0.809017
vn -0.478815 -0.516026 0.710249
vn -0.481605 -0.619700 0.619700
vn -0.481605 -0.619700 0.619700
vn -0.478815 -0.516026 0.710249
vn -0.952276 -0.179415 0.246944
vn -0.941540 -0.238225 0.238225
vn -0.478815 -0.710249 0.516026
vn -0.481605 -0.619700 0.619700
vn -0.941540 -0.238225 0.238225
vn -0.952276 -0.246944 0.179415
vn 0.000000 -0.587785 0.809017
vn 0.000000 -0.453990 0.891007
vn -0.481604 -0.397873 0.780868
vn -0.478815 -0.516026 0.710249
vn 0.000000 -0.453990 0.891007
vn 0.000000 -0.309017 0.951056
vn -0.478814 -0.271291 0.834948
vn -0.481604 -0.397873 0.780868
vn -0.481604 -0.397873 0.780868
vn -0.478814 -0.271291 0.834948
vn -0.952276 -0.094324 0.290300
vn -0.941540 -0.152950 0.300181
vn -0.478815 -0.516026 0.710249
vn -0.481604 -0.397873 0.780868
vn -0.941540 -0.152950 0.300181
vn -0.952276 -0.179415 0.246944
vn 0.000000 -0.309017 0.951056
vn 0.000000 -0.156435 0.987688
vn -0.481604 -0.137098 0.865599
vn -0.478814 -0.271291 0.834948
vn 0.000000 -0.156435 0.987688
vn 0.000000 0.000000 1.000000
vn -0.478815 0.000000 0.877916
vn -0.481604 -0.137098 0.865599
vn -0.481604 -0.137098 0.865599
vn -0.478815 0.000000 0.877916
vn -0.952276 0.000000 0.305240
vn -0.941540 -0.052703 0.332753
vn -0.478814 -0.271291 0.834948
vn -0.481604 -0.137098 0.865599
vn -0.941540 -0.052703 0.332753
vn -0.952276 -0.094324 0.290300
vn 0.000000 0.000000 1.000000
vn 0.000000 0.156435 0.987688
vn -0.481604 0.137097 0.865599
vn -0.478815 0.000000 0.877916
vn 0.000000 0.156435 0.987688
vn 0.000000 0.309017 0.951057
vn -0.478814 0.271291 0.834948
vn -0.481604 0.137097 0.865599
vn -0.481604 0.137097 0.865599
vn -0.478814 0.271291 0.834948
vn -0.952276 0.094324 0.290300
vn -0.941540 0.052703 0.332753
vn -0.478815 0.000000 0.877916
vn -0.481604 0.137097 0.865599
vn -0.941540 0.052703 0.332753
vn -0.952276 0.000000 0.305240
vn 0.000000 0.309017 0.951057
vn 0.000000 0.453990 0.891007
vn -0.481605 0.397872 0.780868
vn -0.478814 0.271291 0.834948
vn 0.000000 0.453990 0.891007
vn 0.000000 0.587786 0.809017
vn -0.478816 0.516026 0.710248
vn -0.481605 0.397872 0.780868
vn -0.481605 0.397872 0.780868
vn -0.478816 0.516026 0.710248
vn -0.952276 0.179415 0.246943
vn -0.941540 0.152950 0.300181
vn -0.478814 0.271291 0.834948
vn -0.481605 0.397872 0.780868
vn -0.941540 0.152950 0.300181
vn -0.952276 0.094324 0.290300
vn 0.000000 0.587786 0.809017
vn 0.000000 0.707107 0.707106
vn -0.481605 0.619700 0.619700
vn -0.478816 0.516026 0.710248
vn 0.000000 0.707107 0.707106
vn 0.000000 0.809017 0.587785
vn -0.478815 0.710249 0.516025
vn -0.481605 0.619700 0.619700
vn -0.481605 0.619700 0.619700
vn -0.478815 0.710249 0.516025
vn -0.952276 0.246944 0.179415
vn -0.941540 0.238225 0.238225
vn -0.478816 0.516026 0.710248
vn -0.481605 0.619700 0.619700
vn -0.941540 0.238225 0.238225
vn -0.952276 0.179415 0.246943
vn 0.000000 0.809017 0.587785
vn 0.000000 0.891007 0.453990
vn -0.481604 0.780868 0.397872
vn -0.478815 0.710249 0.516025
vn 0.000000 0.891007 0.453990
vn 0.000000 0.951057 0.309017
vn -0.478815 0.834948 0.271291
vn -0.481604 0.780868 0.397872
vn -0.481604 0.780868 0.397872
vn -0.478815 0.834948 0.271291
vn -0.952276 0.290300 0.094324
vn -0.941540 0.300181 0.152950
vn -0.478815 0.710249 0.516025
vn -0.481604 0.780868 0.397872
vn -0.941540 0.300181 0.152950
vn -0.952276 0.246944 0.179415
vn 0.000000 0.951057 0.309017
vn 0.000000 0.987688 0.156435
vn -0.481604 0.865599 0.137098
vn -0.478815 0.834948 0.271291
vn 0.000000 0.987688 0.156435
vn 0.000000 1.000000 0.000002
vn -0.478815 0.877916 0.000002
vn -0.481604 0.865599 0.137098
vn -0.481604 0.865599 0.137098
vn -0.478815 0.877916 0.000002
vn -0.952276 0.305239 0.000001
vn -0.941540 0.332753 0.052703
vn -0.478815 0.834948 0.271291
vn -0.481604 0.865599 0.137098
vn -0.941540 0.332753 0.052703
vn -0.952276 0.290300 0.094324
vn 0.000000 1.000000 0.000002
vn 0.000000 0.987689 -0.156432
vn -0.481605 0.865599 -0.137095
vn -0.478815 0.877916 0.000002
vn 0.000000 0.987689 -0.156432
vn 0.000000 0.951057 -0.309015
vn -0.478816 0.834948 -0.271289
vn -0.481605 0.865599 -0.137095
vn -0.481605 0.865599 -0.137095
vn -0.478816 0.834948 -0.271289
vn -0.952276 0.290300 -0.094323
vn -0.941540 0.332754 -0.052702
vn -0.478815 0.877916 0.000002
vn -0.481605 0.865599 -0.137095
vn -0.941540 0.332754 -0.052702
vn -0.952276 0.305239 0.000001
vn -0.205625 -0.880249 -0.427646
vn -0.205625 -0.880249 -0.427646
vn -0.205625 -0.880249 -0.427646
vn -0.205625 -0.880249 -0.427646
vn -0.491348 -0.776034 -0.395409
vn -0.803019 -0.567539 -0.181821
vn -0.087442 -0.769734 -0.632348
vn -0.087709 -0.887573 -0.452241
vn -0.087709 -0.887573 -0.452241
vn -0.087442 -0.769734 -0.632348
vn 0.184570 -0.721654 -0.667195
vn 0.095503 -0.886934 -0.451915
vn -0.087442 -0.964018 -0.251043
vn -0.087709 -0.887573 -0.452241
vn 0.095503 -0.886934 -0.451915
vn 0.184571 -0.963950 -0.191663
vn 0.083481 -0.409694 -0.908395
vn 0.239570 -0.686515 -0.686515
vn 0.000000 -0.707106 -0.707107
vn 0.000000 -0.410217 -0.911988
vn 0.239570 -0.686515 -0.686515
vn 0.083481 -0.908395 -0.409695
vn 0.000000 -0.911987 -0.410218
vn 0.000000 -0.707106 -0.707107
vn 0.000000 -0.707106 -0.707107
vn 0.000000 -0.911987 -0.410218
vn -0.083481 -0.908395 -0.409695
vn -0.239570 -0.686515 -0.686515
vn 0.000000 -0.410217 -0.911988
vn 0.000000 -0.707106 -0.707107
vn -0.239570 -0.686515 -0.686515
vn -0.083481 -0.409694 -0.908395
vn -0.803019 -0.181820 -0.567540
vn -0.491348 -0.395409 -0.776034
vn -0.087709 -0.452240 -0.887573
vn -0.087442 -0.632347 -0.769734
vn -0.491348 -0.395409 -0.776034
vn -0.803019 -0.352278 -0.480688
vn -0.087442 -0.251043 -0.964018
vn -0.087709 -0.452240 -0.887573
vn -0.087709 -0.452240 -0.887573
vn -0.087442 -0.251043 -0.964018
vn 0.184571 -0.191664 -0.963949
vn 0.095503 -0.451915 -0.886934
vn -0.087442 -0.632347 -0.769734
vn -0.087709 -0.452240 -0.887573
vn 0.095503 -0.451915 -0.886934
vn 0.184571 -0.667194 -0.721655
vn 0.083481 0.202491 -0.975719
vn 0.239570 -0.151879 -0.958926
vn 0.000000 -0.156434 -0.987688
vn 0.000000 0.204180 -0.978933
vn 0.239570 -0.151879 -0.958926
vn 0.083481 -0.494094 -0.865391
vn 0.000000 -0.496693 -0.867926
vn 0.000000 -0.156434 -0.987688
vn 0.000000 -0.156434 -0.987688
vn 0.000000 -0.496693 -0.867926
vn -0.083481 -0.494094 -0.865391
vn -0.239570 -0.151879 -0.958926
vn 0.000000 0.204180 -0.978933
vn 0.000000 -0.156434 -0.987688
vn -0.239570 -0.151879 -0.958926
vn -0.083481 0.202491 -0.975719
vn -0.803019 0.186495 -0.566021
vn -0.491348 0.136249 -0.860240
vn -0.087709 0.155831 -0.983882
vn -0.087442 -0.059141 -0.994412
vn -0.491348 0.136249 -0.860240
vn -0.803019 -0.002458 -0.595948
vn -0.087442 0.363537 -0.927467
vn -0.087709 0.155831 -0.983882
vn -0.087709 0.155831 -0.983882
vn -0.087442 0.363537 -0.927467
vn 0.184571 0.411535 -0.892509
vn 0.095503 0.155719 -0.983174
vn -0.087442 -0.059141 -0.994412
vn -0.087709 0.155831 -0.983882
vn 0.095503 0.155719 -0.983174
vn 0.184571 -0.115593 -0.975998
vn 0.083481 0.737333 -0.670352
vn 0.239570 0.440771 -0.865059
vn 0.000000 0.453991 -0.891006
vn 0.000000 0.740588 -0.671959
vn 0.239570 0.440771 -0.865059
vn 0.083480 0.108935 -0.990537
vn 0.000000 0.108322 -0.994116
vn 0.000000 0.453991 -0.891006
vn 0.000000 0.453991 -0.891006
vn 0.000000 0.108322 -0.994116
vn -0.083480 0.108935 -0.990537
vn -0.239570 0.440771 -0.865059
vn 0.000000 0.740588 -0.671959
vn 0.000000 0.453991 -0.891006
vn -0.239570 0.440771 -0.865059
vn -0.083481 0.737333 -0.670352
vn -0.803019 0.483577 -0.348301
vn -0.491348 0.615864 -0.615864
vn -0.087709 0.704382 -0.704382
vn -0.087442 0.536655 -0.839259
vn -0.491348 0.615864 -0.615864
vn -0.803019 0.348301 -0.483577
vn -0.087442 0.839259 -0.536655
vn -0.087709 0.704382 -0.704382
vn -0.087709 0.704382 -0.704382
vn -0.087442 0.839259 -0.536655
vn 0.184572 0.857543 -0.480160
vn 0.095503 0.703875 -0.703875
vn -0.087442 0.536655 -0.839259
vn -0.087709 0.704382 -0.704382
vn 0.095503 0.703875 -0.703875
vn 0.184571 0.480161 -0.857543
vn 0.083481 0.990537 -0.108934
vn 0.239570 0.865059 -0.440770
vn 0.000000 0.891006 -0.453991
vn 0.000000 0.994116 -0.108321
vn 0.239570 0.865059 -0.440770
vn 0.083480 0.670353 -0.737332
vn 0.000000 0.671960 -0.740587
vn 0.000000 0.891006 -0.453991
vn 0.000000 0.891006 -0.453991
vn 0.000000 0.671960 -0.740587
vn -0.083480 0.670353 -0.737332
vn -0.239570 0.865060 -0.440770
vn 0.000000 0.994116 -0.108321
vn 0.000000 0.891006 -0.453991
vn -0.239570 0.865060 -0.440770
vn -0.083481 0.990537 -0.108934
vn -0.803019 0.595948 0.002459
vn -0.491348 0.860241 -0.136248
vn -0.087709 0.983882 -0.155831
vn -0.087442 0.927467 -0.363536
vn -0.491348 0.860241 -0.136248
vn -0.803019 0.566021 -0.186495
vn -0.087442 0.994412 0.059142
vn -0.087709 0.983882 -0.155831
vn -0.087709 0.983882 -0.155831
vn -0.087442 0.994412 0.059142
vn 0.184571 0.975998 0.115594
vn 0.095503 0.983174 -0.155718
vn -0.087442 0.927467 -0.363536
vn -0.087709 0.983882 -0.155831
vn 0.095503 0.983174 -0.155718
vn 0.184573 0.892509 -0.411534
vn 0.083481 0.865391 0.494095
vn 0.239570 0.958926 0.151879
vn 0.000000 0.987688 0.156434
vn 0.000000 0.867926 0.496694
vn 0.239570 0.958926 0.151879
vn 0.083481 0.975719 -0.202492
vn 0.000000 0.978933 -0.204181
vn 0.000000 0.987688 0.156434
vn 0.000000 0.987688 0.156434
vn 0.000000 0.978933 -0.204181
vn -0.083481 0.975719 -0.202492
vn -0.239570 0.958926 0.151879
vn 0.000000 0.867926 0.496694
vn 0.000000 0.987688 0.156434
vn -0.239570 0.958926 0.151879
vn -0.083481 0.865391 0.494095
vn -0.803019 0.480688 0.352278
vn -0.491348 0.776034 0.395409
vn -0.089287 0.890588 0.445960
vn -0.087442 0.964018 0.251043
vn -0.491348 0.776034 0.395409
vn -0.803019 0.567540 0.181820
vn -0.092087 0.768120 0.633650
vn -0.089287 0.890588 0.445960
vn -0.089287 0.890588 0.445960
vn -0.092087 0.768120 0.633650
vn -0.076428 0.696407 0.713566
vn 0.078441 0.894025 0.441097
vn -0.087442 0.964018 0.251043
vn -0.089287 0.890588 0.445960
vn 0.078441 0.894025 0.441097
vn 0.184572 0.963949 0.191663
vn 0.083480 0.409697 0.908394
vn 0.239569 0.686515 0.686516
vn 0.000000 0.707107 0.707107
vn 0.000000 0.410219 0.911987
vn 0.239569 0.686515 0.686516
vn 0.083480 0.908394 0.409696
vn 0.000000 0.911987 0.410219
vn 0.000000 0.707107 0.707107
vn 0.000000 0.707107 0.707107
vn 0.000000 0.911987 0.410219
vn -0.083480 0.908394 0.409696
vn -0.239569 0.686515 0.686515
vn 0.000000 0.410219 0.911987
vn 0.000000 0.707107 0.707107
vn -0.239569 0.686515 0.686515
vn -0.083480 0.409696 0.908394
vn -0.803019 0.181819 0.567540
vn -0.491348 0.395408 0.776035
vn -0.089287 0.445959 0.890589
vn -0.092087 0.633649 0.768120
vn -0.491348 0.395408 0.776035
vn -0.803019 0.352278 0.480688
vn -0.087442 0.251042 0.964019
vn -0.089287 0.445959 0.890589
vn -0.089287 0.445959 0.890589
vn -0.087442 0.251042 0.964019
vn 0.184569 0.191662 0.963950
vn 0.078440 0.441096 0.894025
vn -0.092087 0.633649 0.768120
vn -0.089287 0.445959 0.890589
vn 0.078440 0.441096 0.894025
vn -0.076428 0.713565 0.696407
vn 0.083481 -0.202490 0.975720
vn 0.239570 0.151881 0.958926
vn 0.000000 0.156436 0.987688
vn 0.000000 -0.204179 0.978934
vn 0.239570 0.151881 0.958926
vn 0.083480 0.494096 0.865390
vn 0.000000 0.496695 0.867925
vn 0.000000 0.156436 0.987688
vn 0.000000 0.156436 0.987688
vn 0.000000 0.496695 0.867925
vn -0.083480 0.494096 0.865390
vn -0.239570 0.151881 0.958926
vn 0.000000 -0.204179 0.978934
vn 0.000000 0.156436 0.987688
vn -0.239570 0.151881 0.958926
vn -0.083481 -0.202490 0.975720
vn -0.803019 -0.186496 0.566021
vn -0.491348 -0.136250 0.860240
vn -0.087709 -0.155833 0.983882
vn -0.087442 0.059140 0.994413
vn -0.491348 -0.136250 0.860240
vn -0.803019 0.002458 0.595948
vn -0.087442 -0.363537 0.927467
vn -0.087709 -0.155833 0.983882
vn -0.087709 -0.155833 0.983882
vn -0.087442 -0.363537 0.927467
vn 0.184570 -0.411536 0.892509
vn 0.095503 -0.155721 0.983174
vn -0.087442 0.059140 0.994413
vn -0.087709 -0.155833 0.983882
vn 0.095503 -0.155721 0.983174
vn 0.184570 0.115593 0.975998
vn 0.083480 -0.737331 0.670354
vn 0.239569 -0.440770 0.865060
vn 0.000000 -0.453990 0.891007
vn 0.000000 -0.740586 0.671961
vn 0.239569 -0.440770 0.865060
vn 0.083480 -0.108934 0.990537
vn 0.000000 -0.108321 0.994116
vn 0.000000 -0.453990 0.891007
vn 0.000000 -0.453990 0.891007
vn 0.000000 -0.108321 0.994116
vn -0.083480 -0.108935 0.990537
vn -0.239569 -0.440770 0.865060
vn 0.000000 -0.740586 0.671961
vn 0.000000 -0.453990 0.891007
vn -0.239569 -0.440770 0.865060
vn -0.083480 -0.737331 0.670354
vn -0.803019 -0.483577 0.348301
vn -0.491348 -0.615864 0.615864
vn -0.087709 -0.704382 0.704381
vn -0.087442 -0.536656 0.839258
vn -0.491348 -0.615864 0.615864
vn -0.803020 -0.348301 0.483577
vn -0.087442 -0.839260 0.536654
vn -0.087709 -0.704382 0.704381
vn -0.087709 -0.704382 0.704381
vn -0.087442 -0.839260 0.536654
vn 0.184570 -0.857544 0.480159
vn 0.095503 -0.703875 0.703874
vn -0.087442 -0.536656 0.839258
vn -0.087709 -0.704382 0.704381
vn 0.095503 -0.703875 0.703874
vn 0.184571 -0.480161 0.857542
vn 0.083481 -0.990538 0.108933
vn 0.239570 -0.865059 0.440770
vn 0.000000 -0.891006 0.453991
vn 0.000000 -0.994116 0.108320
vn 0.239570 -0.865059 0.440770
vn 0.083481 -0.670353 0.737332
vn 0.000000 -0.671960 0.740587
vn 0.000000 -0.891006 0.453991
vn 0.000000 -0.891006 0.453991
vn 0.000000 -0.671960 0.740587
vn -0.083481 -0.670353 0.737332
vn -0.239570 -0.865059 0.440770
vn 0.000000 -0.994116 0.108320
vn 0.000000 -0.891006 0.453991
vn -0.239570 -0.865059 0.440770
vn -0.083481 -0.990537 0.108933
vn -0.803019 -0.595948 -0.002458
vn -0.491348 -0.860240 0.136249
vn -0.087709 -0.983882 0.155832
vn -0.087442 -0.927466 0.363538
vn -0.491348 -0.860240 0.136249
vn -0.803019 -0.566020 0.186496
vn -0.087442 -0.994412 -0.059141
vn -0.087709 -0.983882 0.155832
vn -0.087709 -0.983882 0.155832
vn -0.087442 -0.994412 -0.059141
vn 0.184571 -0.975998 -0.115594
vn 0.095503 -0.983174 0.155720
vn -0.087442 -0.927466 0.363538
vn -0.087709 -0.983882 0.155832
vn 0.095503 -0.983174 0.155720
vn 0.184570 -0.892508 0.411537
vn 0.083481 -0.865392 -0.494093
vn 0.239570 -0.958926 -0.151877
vn 0.000000 -0.987689 -0.156433
vn 0.000000 -0.867927 -0.496692
vn 0.239570 -0.958926 -0.151877
vn 0.083481 -0.975719 0.202493
vn 0.000000 -0.978933 0.204182
vn 0.000000 -0.987689 -0.156433
vn 0.000000 -0.987689 -0.156433
vn 0.000000 -0.978933 0.204182
vn -0.083481 -0.975719 0.202493
vn -0.239570 -0.958926 -0.151877
vn 0.000000 -0.867927 -0.496692
vn 0.000000 -0.987689 -0.156433
vn -0.239570 -0.958926 -0.151877
vn -0.083481 -0.865392 -0.494093
vn -0.803019 -0.567539 -0.181821
vn -0.491348 -0.776034 -0.395409
vn -0.981474 -0.170711 -0.086982
vn -0.997892 -0.064477 0.007397
vn -0.803020 -0.480687 -0.352278
vn -0.997892 -0.031914 -0.056511
vn -0.981474 -0.170711 -0.086982
vn -0.491348 -0.776034 -0.395409
vn -1.000000 0.000000 0.000000
vn -0.997892 -0.064477 0.007397
vn -0.981474 -0.170711 -0.086982
vn -0.997892 -0.031914 -0.056511
vn -0.803019 -0.181820 -0.567540
vn -0.984596 -0.123635 -0.123635
vn -0.998232 -0.042025 -0.042025
vn -0.997892 0.007397 -0.064477
vn -0.803019 -0.567539 -0.181821
vn -0.997892 -0.064477 0.007397
vn -0.998232 -0.042025 -0.042025
vn -0.984596 -0.123635 -0.123635
vn -1.000000 0.000000 0.000000
vn -0.997892 0.007397 -0.064477
vn -0.998232 -0.042025 -0.042025
vn -0.997892 -0.064477 0.007397
vn -0.803019 -0.352278 -0.480688
vn -0.491348 -0.395409 -0.776034
vn -0.981474 -0.086982 -0.170711
vn -0.997892 -0.056511 -0.031914
vn -0.803019 -0.181820 -0.567540
vn -0.997892 0.007397 -0.064477
vn -0.981474 -0.086982 -0.170711
vn -0.491348 -0.395409 -0.776034
vn -1.000000 0.000000 0.000000
vn -0.997892 -0.056511 -0.031914
vn -0.981474 -0.086982 -0.170711
vn -0.997892 0.007397 -0.064477
vn -0.803019 0.186495 -0.566021
vn -0.984596 -0.027352 -0.172694
vn -0.998232 -0.009297 -0.058701
vn -0.997892 0.043883 -0.047815
vn -0.803019 -0.352278 -0.480688
vn -0.997892 -0.056511 -0.031914
vn -0.998232 -0.009297 -0.058701
vn -0.984596 -0.027352 -0.172694
vn -1.000000 0.000000 0.000000
vn -0.997892 0.043883 -0.047815
vn -0.998232 -0.009297 -0.058701
vn -0.997892 -0.056511 -0.031914
vn -0.803019 -0.002458 -0.595948
vn -0.491348 0.136249 -0.860240
vn -0.981474 0.029972 -0.189235
vn -0.997892 -0.026960 -0.059036
vn -0.803019 0.186495 -0.566021
vn -0.997892 0.043883 -0.047815
vn -0.981474 0.029972 -0.189235
vn -0.491348 0.136249 -0.860240
vn -1.000000 0.000000 0.000000
vn -0.997892 -0.026960 -0.059036
vn -0.981474 0.029972 -0.189235
vn -0.997892 0.043883 -0.047815
vn -0.803019 0.483577 -0.348301
vn -0.984596 0.079379 -0.155789
vn -0.998232 0.026982 -0.052955
vn -0.997892 0.063608 -0.012889
vn -0.803019 -0.002458 -0.595948
vn -0.997892 -0.026960 -0.059036
vn -0.998232 0.026982 -0.052955
vn -0.984596 0.079379 -0.155789
vn -1.000000 0.000000 0.000000
vn -0.997892 0.063608 -0.012889
vn -0.998232 0.026982 -0.052955
vn -0.997892 -0.026960 -0.059036
vn -0.803019 0.348301 -0.483577
vn -0.491348 0.615864 -0.615864
vn -0.981474 0.135477 -0.135477
vn -0.997892 0.012889 -0.063608
vn -0.803019 0.483577 -0.348301
vn -0.997892 0.063608 -0.012889
vn -0.981474 0.135477 -0.135477
vn -0.491348 0.615864 -0.615864
vn -1.000000 0.000000 0.000000
vn -0.997892 0.012889 -0.063608
vn -0.981474 0.135477 -0.135477
vn -0.997892 0.063608 -0.012889
vn -0.803019 0.595948 0.002459
vn -0.984596 0.155789 -0.079379
vn -0.998232 0.052955 -0.026982
vn -0.997892 0.059036 0.026960
vn -0.803019 0.348301 -0.483577
vn -0.997892 0.012889 -0.063608
vn -0.998232 0.052955 -0.026982
vn -0.984596 0.155789 -0.079379
vn -1.000000 0.000000 0.000000
vn -0.997892 0.059036 0.026960
vn -0.998232 0.052955 -0.026982
vn -0.997892 0.012889 -0.063608
vn -0.803019 0.566021 -0.186495
vn -0.491348 0.860241 -0.136248
vn -0.981474 0.189235 -0.029972
vn -0.997892 0.047815 -0.043883
vn -0.803019 0.595948 0.002459
vn -0.997892 0.059036 0.026960
vn -0.981474 0.189235 -0.029972
vn -0.491348 0.860241 -0.136248
vn -1.000000 0.000000 0.000000
vn -0.997892 0.047815 -0.043883
vn -0.981474 0.189235 -0.029972
vn -0.997892 0.059036 0.026960
vn -0.803019 0.480688 0.352278
vn -0.984596 0.172694 0.027352
vn -0.998232 0.058701 0.009298
vn -0.997892 0.031914 0.056511
vn -0.803019 0.566021 -0.186495
vn -0.997892 0.047815 -0.043883
vn -0.998232 0.058701 0.009298
vn -0.984596 0.172694 0.027352
vn -1.000000 0.000000 0.000000
vn -0.997892 0.031914 0.056511
vn -0.998232 0.058701 0.009298
vn -0.997892 0.047815 -0.043883
vn -0.803019 0.567540 0.181820
vn -0.491348 0.776034 0.395409
vn -0.981474 0.170711 0.086982
vn -0.997892 0.064478 -0.007397
vn -0.803019 0.480688 0.352278
vn -0.997892 0.031914 0.056511
vn -0.981474 0.170711 0.086982
vn -0.491348 0.776034 0.395409
vn -1.000000 0.000000 0.000000
vn -0.997892 0.064478 -0.007397
vn -0.981474 0.170711 0.086982
vn -0.997892 0.031914 0.056511
vn -0.803019 0.181819 0.567540
vn -0.984596 0.123635 0.123635
vn -0.998232 0.042025 0.042025
vn -0.997892 -0.007397 0.064478
vn -0.803019 0.567540 0.181820
vn -0.997892 0.064478 -0.007397
vn -0.998232 0.042025 0.042025
vn -0.984596 0.123635 0.123635
vn -1.000000 0.000000 0.000000
vn -0.997892 -0.007397 0.064478
vn -0.998232 0.042025 0.042025
vn -0.997892 0.064478 -0.007397
vn -0.803019 0.352278 0.480688
vn -0.491348 0.395408 0.776035
vn -0.981474 0.086981 0.170711
vn -0.997892 0.056511 0.031914
vn -0.803019 0.181819 0.567540
vn -0.997892 -0.007397 0.064478
vn -0.981474 0.086981 0.170711
vn -0.491348 0.395408 0.776035
vn -1.000000 0.000000 0.000000
vn -0.997892 0.056511 0.031914
vn -0.981474 0.086981 0.170711
vn -0.997892 -0.007397 0.064478
vn -0.803019 -0.186496 0.566021
vn -0.984596 0.027352 0.172694
vn -0.998232 0.009298 0.058701
vn -0.997892 -0.043884 0.047815
vn -0.803019 0.352278 0.480688
vn -0.997892 0.056511 0.031914
vn -0.998232 0.009298 0.058701
vn -0.984596 0.027352 0.172694
vn -1.000000 0.000000 0.000000
vn -0.997892 -0.043884 0.047815
vn -0.998232 0.009298 0.058701
vn -0.997892 0.056511 0.031914
vn -0.803019 0.002458 0.595948
vn -0.491348 -0.136250 0.860240
vn -0.981474 -0.029972 0.189235
vn -0.997892 0.026960 0.059036
vn -0.803019 -0.186496 0.566021
vn -0.997892 -0.043884 0.047815
vn -0.981474 -0.029972 0.189235
vn -0.491348 -0.136250 0.860240
vn -1.000000 0.000000 0.000000
vn -0.997892 0.026960 0.059036
vn -0.981474 -0.029972 0.189235
vn -0.997892 -0.043884 0.047815
vn -0.803019 -0.483577 0.348301
vn -0.984596 -0.079379 0.155789
vn -0.998232 -0.026982 0.052955
vn -0.997892 -0.063608 0.012889
vn -0.803019 0.002458 0.595948
vn -0.997892 0.026960 0.059036
vn -0.998232 -0.026982 0.052955
vn -0.984596 -0.079379 0.155789
vn -1.000000 0.000000 0.000000
vn -0.997892 -0.063608 0.012889
vn -0.998232 -0.026982 0.052955
vn -0.997892 0.026960 0.059036
vn -0.803020 -0.348301 0.483577
vn -0.491348 -0.615864 0.615864
vn -0.981474 -0.135477 0.135477
vn -0.997892 -0.012889 0.063608
vn -0.803019 -0.483577 0.348301
vn -0.997892 -0.063608 0.012889
vn -0.981474 -0.135477 0.135477
vn -0.491348 -0.615864 0.615864
vn -1.000000 0.000000 0.000000
vn -0.997892 -0.012889 0.063608
vn -0.981474 -0.135477 0.135477
vn -0.997892 -0.063608 0.012889
vn -0.803019 -0.595948 -0.002458
vn -0.984596 -0.155789 0.079379
vn -0.998232 -0.052955 0.026982
vn -0.997892 -0.059036 -0.026960
vn -0.803020 -0.348301 0.483577
vn -0.997892 -0.012889 0.063608
vn -0.998232 -0.052955 0.026982
vn -0.984596 -0.155789 0.079379
vn -1.000000 0.000000 0.000000
vn -0.997892 -0.059036 -0.026960
vn -0.998232 -0.052955 0.026982
vn -0.997892 -0.012889 0.063608
vn -0.803019 -0.566020 0.186496
vn -0.491348 -0.860240 0.136249
vn -0.981474 -0.189235 0.029972
vn -0.997892 -0.047815 0.043884
vn -0.803019 -0.595948 -0.002458
vn -0.997892 -0.059036 -0.026960
vn -0.981474 -0.189235 0.029972
vn -0.491348 -0.860240 0.136249
vn -1.000000 0.000000 0.000000
vn -0.997892 -0.047815 0.043884
vn -0.981474 -0.189235 0.029972
vn -0.997892 -0.059036 -0.026960
vn -0.803020 -0.480687 -0.352278
vn -0.984596 -0.172694 -0.027352
vn -0.998232 -0.058701 -0.009297
vn -0.997892 -0.031914 -0.056511
vn -0.803019 -0.566020 0.186496
vn -0.997892 -0.047815 0.043884
vn -0.998232 -0.058701 -0.009297
vn -0.984596 -0.172694 -0.027352
vn -1.000000 0.000000 0.000000
vn -0.997892 -0.031914 -0.056511
vn -0.998232 -0.058701 -0.009297
vn -0.997892 -0.047815 0.043884
vn 0.952275 -0.290301 -0.094324
vn 0.941540 -0.300181 -0.152948
vn 0.998278 -0.052268 -0.026630
vn 0.999807 -0.018671 -0.006067
vn 0.952276 -0.246943 -0.179415
vn 0.999807 -0.015882 -0.011539
vn 0.998278 -0.052268 -0.026630
vn 0.941540 -0.300181 -0.152948
vn 1.000000 0.000000 0.000000
vn 0.999807 -0.018671 -0.006067
vn 0.998278 -0.052268 -0.026630
vn 0.999807 -0.015882 -0.011539
vn 0.952276 -0.246943 -0.179415
vn 0.941540 -0.238225 -0.238225
vn 0.998278 -0.041479 -0.041479
vn 0.999807 -0.015882 -0.011539
vn 0.952276 -0.179415 -0.246944
vn 0.999807 -0.011539 -0.015882
vn 0.998278 -0.041479 -0.041479
vn 0.941540 -0.238225 -0.238225
vn 1.000000 0.000000 0.000000
vn 0.999807 -0.015882 -0.011539
vn 0.998278 -0.041479 -0.041479
vn 0.999807 -0.011539 -0.015882
vn 0.952276 -0.179415 -0.246944
vn 0.941540 -0.152950 -0.300181
vn 0.998278 -0.026631 -0.052267
vn 0.999807 -0.011539 -0.015882
vn 0.952276 -0.094324 -0.290300
vn 0.999807 -0.006066 -0.018671
vn 0.998278 -0.026631 -0.052267
vn 0.941540 -0.152950 -0.300181
vn 1.000000 0.000000 0.000000
vn 0.999807 -0.011539 -0.015882
vn 0.998278 -0.026631 -0.052267
vn 0.999807 -0.006066 -0.018671
vn 0.952276 -0.094324 -0.290300
vn 0.941540 -0.052703 -0.332753
vn 0.998278 -0.009177 -0.057938
vn 0.999807 -0.006066 -0.018671
vn 0.952276 0.000000 -0.305239
vn 0.999807 0.000000 -0.019631
vn 0.998278 -0.009177 -0.057938
vn 0.941540 -0.052703 -0.332753
vn 1.000000 0.000000 0.000000
vn 0.999807 -0.006066 -0.018671
vn 0.998278 -0.009177 -0.057938
vn 0.999807 0.000000 -0.019631
vn 0.952276 0.000000 -0.305239
vn 0.941540 0.052703 -0.332753
vn 0.998278 0.009177 -0.057939
vn 0.999807 0.000000 -0.019631
vn 0.952276 0.094324 -0.290300
vn 0.999807 0.006066 -0.018671
vn 0.998278 0.009177 -0.057939
vn 0.941540 0.052703 -0.332753
vn 1.000000 0.000000 0.000000
vn 0.999807 0.000000 -0.019631
vn 0.998278 0.009177 -0.057939
vn 0.999807 0.006066 -0.018671
vn 0.952276 0.094324 -0.290300
vn 0.941540 0.152950 -0.300181
vn 0.998278 0.026632 -0.052267
vn 0.999807 0.006066 -0.018671
vn 0.952276 0.179415 -0.246944
vn 0.999807 0.011539 -0.015882
vn 0.998278 0.026632 -0.052267
vn 0.941540 0.152950 -0.300181
vn 1.000000 0.000000 0.000000
vn 0.999807 0.006066 -0.018671
vn 0.998278 0.026632 -0.052267
vn 0.999807 0.011539 -0.015882
vn 0.952276 0.179415 -0.246944
vn 0.941540 0.238225 -0.238225
vn 0.998278 0.041479 -0.041479
vn 0.999807 0.011539 -0.015882
vn 0.952276 0.246944 -0.179415
vn 0.999807 0.015882 -0.011539
vn 0.998278 0.041479 -0.041479
vn 0.941540 0.238225 -0.238225
vn 1.000000 0.000000 0.000000
vn 0.999807 0.011539 -0.015882
vn 0.998278 0.041479 -0.041479
vn 0.999807 0.015882 -0.011539
vn 0.952276 0.246944 -0.179415
vn 0.941540 0.300181 -0.152950
vn 0.998278 0.052267 -0.026631
vn 0.999807 0.015882 -0.011539
vn 0.952276 0.290300 -0.094324
vn 0.999807 0.018671 -0.006066
vn 0.998278 0.052267 -0.026631
vn 0.941540 0.300181 -0.152950
vn 1.000000 0.000000 0.000000
vn 0.999807 0.015882 -0.011539
vn 0.998278 0.052267 -0.026631
vn 0.999807 0.018671 -0.006066
vn 0.952276 0.290300 -0.094324
vn 0.941540 0.332754 -0.052703
vn 0.998278 0.057939 -0.009177
vn 0.999807 0.018671 -0.006066
vn 0.952276 0.305239 0.000000
vn 0.999807 0.019631 0.000000
vn 0.998278 0.057939 -0.009177
vn 0.941540 0.332754 -0.052703
vn 1.000000 0.000000 0.000000
vn 0.999807 0.018671 -0.006066
vn 0.998278 0.057939 -0.009177
vn 0.999807 0.019631 0.000000
vn 0.952276 0.305239 0.000000
vn 0.941540 0.332754 0.052703
vn 0.998278 0.057939 0.009177
vn 0.999807 0.019631 0.000000
vn 0.952276 0.290300 0.094324
vn 0.999807 0.018671 0.006066
vn 0.998278 0.057939 0.009177
vn 0.941540 0.332754 0.052703
vn 1.000000 0.000000 0.000000
vn 0.999807 0.019631 0.000000
vn 0.998278 0.057939 0.009177
vn 0.999807 0.018671 0.006066
vn 0.952276 0.290300 0.094324
vn 0.941540 0.300181 0.152950
vn 0.998278 0.052267 0.026631
vn 0.999807 0.018671 0.006066
vn 0.952276 0.246944 0.179415
vn 0.999807 0.015882 0.011539
vn 0.998278 0.052267 0.026631
vn 0.941540 0.300181 0.152950
vn 1.000000 0.000000 0.000000
vn 0.999807 0.018671 0.006066
vn 0.998278 0.052267 0.026631
vn 0.999807 0.015882 0.011539
vn 0.952276 0.246944 0.179415
vn 0.941540 0.238225 0.238225
vn 0.998278 0.041479 0.041479
vn 0.999807 0.015882 0.011539
vn 0.952276 0.179415 0.246944
vn 0.999807 0.011539 0.015882
vn 0.998278 0.041479 0.041479
vn 0.941540 0.238225 0.238225
vn 1.000000 0.000000 0.000000
vn 0.999807 0.015882 0.011539
vn 0.998278 0.041479 0.041479
vn 0.999807 0.011539 0.015882
vn 0.952276 0.179415 0.246944
vn 0.941540 0.152950 0.300181
vn 0.998278 0.026632 0.052267
vn 0.999807 0.011539 0.015882
vn 0.952276 0.094324 0.290300
vn 0.999807 0.006066 0.018670
vn 0.998278 0.026632 0.052267
vn 0.941540 0.152950 0.300181
vn 1.000000 0.000000 0.000000
vn 0.999807 0.011539 0.015882
vn 0.998278 0.026632 0.052267
vn 0.999807 0.006066 0.018670
vn 0.952276 0.094324 0.290300
vn 0.941540 0.052703 0.332753
vn 0.998278 0.009177 0.057938
vn 0.999807 0.006066 0.018670
vn 0.952276 0.000000 0.305239
vn 0.999807 0.000000 0.019631
vn 0.998278 0.009177 0.057938
vn 0.941540 0.052703 0.332753
vn 1.000000 0.000000 0.000000
vn 0.999807 0.006066 0.018670
vn 0.998278 0.009177 0.057938
vn 0.999807 0.000000 0.019631
vn 0.952276 0.000000 0.305239
vn 0.941540 -0.052703 0.332753
vn 0.998278 -0.009177 0.057939
vn 0.999807 0.000000 0.019631
vn 0.952276 -0.094324 0.290300
vn 0.999807 -0.006066 0.018671
vn 0.998278 -0.009177 0.057939
vn 0.941540 -0.052703 0.332753
vn 1.000000 0.000000 0.000000
vn 0.999807 0.000000 0.019631
vn 0.998278 -0.009177 0.057939
vn 0.999807 -0.006066 0.018671
vn 0.952276 -0.094324 0.290300
vn 0.941540 -0.152950 0.300181
vn 0.998278 -0.026632 0.052267
vn 0.999807 -0.006066 0.018671
vn 0.952276 -0.179415 0.246943
vn 0.999807 -0.011539 0.015882
vn 0.998278 -0.026632 0.052267
vn 0.941540 -0.152950 0.300181
vn 1.000000 0.000000 0.000000
vn 0.999807 -0.006066 0.018671
vn 0.998278 -0.026632 0.052267
vn 0.999807 -0.011539 0.015882
vn 0.952276 -0.179415 0.246943
vn 0.941540 -0.238225 0.238225
vn 0.998278 -0.041479 0.041479
vn 0.999807 -0.011539 0.015882
vn 0.952276 -0.246944 0.179415
vn 0.999807 -0.015882 0.011539
vn 0.998278 -0.041479 0.041479
vn 0.941540 -0.238225 0.238225
vn 1.000000 0.000000 0.000000
vn 0.999807 -0.011539 0.015882
vn 0.998278 -0.041479 0.041479
vn 0.999807 -0.015882 0.011539
vn 0.952276 -0.246944 0.179415
vn 0.941540 -0.300182 0.152950
vn 0.998278 -0.052267 0.026631
vn 0.999807 -0.015882 0.011539
vn 0.952276 -0.290300 0.094324
vn 0.999807 -0.018671 0.006066
vn 0.998278 -0.052267 0.026631
vn 0.941540 -0.300182 0.152950
vn 1.000000 0.000000 0.000000
vn 0.999807 -0.015882 0.011539
vn 0.998278 -0.052267 0.026631
vn 0.999807 -0.018671 0.006066
vn 0.952276 -0.290300 0.094324
vn 0.941540 -0.332754 0.052703
vn 0.998278 -0.057938 0.009177
vn 0.999807 -0.018671 0.006066
vn 0.952276 -0.305239 0.000000
vn 0.999807 -0.019631 0.000000
vn 0.998278 -0.057938 0.009177
vn 0.941540 -0.332754 0.052703
vn 1.000000 0.000000 0.000000
vn 0.999807 -0.018671 0.006066
vn 0.998278 -0.057938 0.009177
vn 0.999807 -0.019631 0.000000
vn 0.952276 -0.305239 0.000000
vn 0.941540 -0.332753 -0.052703
vn 0.998278 -0.057939 -0.009178
vn 0.999807 -0.019631 0.000000
vn 0.952275 -0.290301 -0.094324
vn 0.999807 -0.018671 -0.006067
vn 0.998278 -0.057939 -0.009178
vn 0.941540 -0.332753 -0.052703
vn 1.000000 0.000000 0.000000
vn 0.999807 -0.019631 0.000000
vn 0.998278 -0.057939 -0.009178
vn 0.999807 -0.018671 -0.006067
vn 0.184571 -0.963950 -0.191663
vn 0.095503 -0.886934 -0.451915
vn 0.992412 0.109556 0.055821
vn 0.897543 0.440344 0.022675
vn 0.095503 -0.886934 -0.451915
vn 0.184570 -0.721654 -0.667195
vn 0.897543 0.277172 0.342917
vn 0.992412 0.109556 0.055821
vn 0.992412 0.109556 0.055821
vn 0.897543 0.277172 0.342917
vn 0.650697 0.614317 0.446328
vn 0.650668 0.676597 0.344743
vn 0.897543 0.440344 0.022675
vn 0.992412 0.109556 0.055821
vn 0.650668 0.676597 0.344743
vn 0.650697 0.722173 0.234647
vn 0.184570 -0.721654 -0.667195
vn -0.835258 -0.388805 -0.388812
vn 0.755176 0.463524 0.463524
vn 0.897543 0.277172 0.342917
vn -0.835258 -0.388805 -0.388812
vn 0.184571 -0.667194 -0.721655
vn 0.897543 0.342917 0.277173
vn 0.755176 0.463524 0.463524
vn 0.755176 0.463524 0.463524
vn 0.897543 0.342917 0.277173
vn 0.650697 0.446327 0.614317
vn 0.650668 0.536950 0.536950
vn 0.897543 0.277172 0.342917
vn 0.755176 0.463524 0.463524
vn 0.650668 0.536950 0.536950
vn 0.650697 0.614317 0.446328
vn 0.184571 -0.667194 -0.721655
vn 0.095503 -0.451915 -0.886934
vn 0.992412 0.055822 0.109556
vn 0.897543 0.342917 0.277173
vn 0.095503 -0.451915 -0.886934
vn 0.184571 -0.191664 -0.963949
vn 0.897543 0.022676 0.440344
vn 0.992412 0.055822 0.109556
vn 0.992412 0.055822 0.109556
vn 0.897543 0.022676 0.440344
vn 0.650697 0.234648 0.722173
vn 0.650668 0.344743 0.676597
vn 0.897543 0.342917 0.277173
vn 0.992412 0.055822 0.109556
vn 0.650668 0.344743 0.676597
vn 0.650697 0.446327 0.614317
vn 0.184571 -0.191664 -0.963949
vn -0.835254 -0.086018 -0.543094
vn 0.755176 0.102546 0.647451
vn 0.897543 0.022676 0.440344
vn -0.835254 -0.086018 -0.543094
vn 0.184571 -0.115593 -0.975998
vn 0.897542 0.114508 0.425800
vn 0.755176 0.102546 0.647451
vn 0.755176 0.102546 0.647451
vn 0.897542 0.114508 0.425800
vn 0.650697 0.000000 0.759338
vn 0.650668 0.118790 0.750013
vn 0.897543 0.022676 0.440344
vn 0.755176 0.102546 0.647451
vn 0.650668 0.118790 0.750013
vn 0.650697 0.234648 0.722173
vn 0.184571 -0.115593 -0.975998
vn 0.095503 0.155719 -0.983174
vn 0.992412 -0.019235 0.121444
vn 0.897542 0.114508 0.425800
vn 0.095503 0.155719 -0.983174
vn 0.184571 0.411535 -0.892509
vn 0.897543 -0.240483 0.369573
vn 0.992412 -0.019235 0.121444
vn 0.992412 -0.019235 0.121444
vn 0.897543 -0.240483 0.369573
vn 0.650697 -0.234648 0.722173
vn 0.650668 -0.118790 0.750013
vn 0.897542 0.114508 0.425800
vn 0.992412 -0.019235 0.121444
vn 0.650668 -0.118790 0.750013
vn 0.650697 0.000000 0.759338
vn 0.184571 0.411535 -0.892509
vn -0.835254 0.249634 -0.489932
vn 0.755176 -0.297601 0.584074
vn 0.897543 -0.240483 0.369573
vn -0.835254 0.249634 -0.489932
vn 0.184571 0.480161 -0.857543
vn 0.897543 -0.157640 0.411784
vn 0.755176 -0.297601 0.584074
vn 0.755176 -0.297601 0.584074
vn 0.897543 -0.157640 0.411784
vn 0.650697 -0.446328 0.614316
vn 0.650668 -0.344744 0.676596
vn 0.897543 -0.240483 0.369573
vn 0.755176 -0.297601 0.584074
vn 0.650668 -0.344744 0.676596
vn 0.650697 -0.234648 0.722173
vn 0.184571 0.480161 -0.857543
vn 0.095503 0.703875 -0.703875
vn 0.992412 -0.086944 0.086944
vn 0.897543 -0.157640 0.411784
vn 0.095503 0.703875 -0.703875
vn 0.184572 0.857543 -0.480160
vn 0.897544 -0.411783 0.157638
vn 0.992412 -0.086944 0.086944
vn 0.992412 -0.086944 0.086944
vn 0.897544 -0.411783 0.157638
vn 0.650699 -0.614316 0.446326
vn 0.650669 -0.536950 0.536949
vn 0.897543 -0.157640 0.411784
vn 0.992412 -0.086944 0.086944
vn 0.650669 -0.536950 0.536949
vn 0.650697 -0.446328 0.614316
vn 0.184572 0.857543 -0.480160
vn -0.835251 0.489938 -0.249633
vn 0.755178 -0.584072 0.297600
vn 0.897544 -0.411783 0.157638
vn -0.835251 0.489938 -0.249633
vn 0.184573 0.892509 -0.411534
vn 0.897544 -0.369572 0.240482
vn 0.755178 -0.584072 0.297600
vn 0.755178 -0.584072 0.297600
vn 0.897544 -0.369572 0.240482
vn 0.650698 -0.722172 0.234648
vn 0.650670 -0.676596 0.344743
vn 0.897544 -0.411783 0.157638
vn 0.755178 -0.584072 0.297600
vn 0.650670 -0.676596 0.344743
vn 0.650699 -0.614316 0.446326
vn 0.184573 0.892509 -0.411534
vn 0.095503 0.983174 -0.155718
vn 0.992412 -0.121443 0.019235
vn 0.897544 -0.369572 0.240482
vn 0.095503 0.983174 -0.155718
vn 0.184571 0.975998 0.115594
vn 0.897543 -0.425799 -0.114508
vn 0.992412 -0.121443 0.019235
vn 0.992412 -0.121443 0.019235
vn 0.897543 -0.425799 -0.114508
vn 0.650697 -0.759338 0.000000
vn 0.650668 -0.750013 0.118791
vn 0.897544 -0.369572 0.240482
vn 0.992412 -0.121443 0.019235
vn 0.650668 -0.750013 0.118791
vn 0.650698 -0.722172 0.234648
vn 0.184571 0.975998 0.115594
vn -0.835253 0.543096 0.086017
vn 0.755177 -0.647451 -0.102546
vn 0.897543 -0.425799 -0.114508
vn -0.835253 0.543096 0.086017
vn 0.184572 0.963949 0.191663
vn 0.897544 -0.440342 -0.022676
vn 0.755177 -0.647451 -0.102546
vn 0.755177 -0.647451 -0.102546
vn 0.897544 -0.440342 -0.022676
vn 0.650698 -0.722172 -0.234648
vn 0.650669 -0.750013 -0.118791
vn 0.897543 -0.425799 -0.114508
vn 0.755177 -0.647451 -0.102546
vn 0.650669 -0.750013 -0.118791
vn 0.650697 -0.759338 0.000000
vn 0.184572 0.963949 0.191663
vn 0.078441 0.894025 0.441097
vn 0.996543 -0.066891 -0.049277
vn 0.897544 -0.440342 -0.022676
vn 0.078441 0.894025 0.441097
vn -0.076428 0.696407 0.713566
vn 0.981434 0.104100 -0.161092
vn 0.996543 -0.066891 -0.049277
vn 0.996543 -0.066891 -0.049277
vn 0.981434 0.104100 -0.161092
vn 0.650670 -0.676596 -0.344742
vn 0.650178 -0.693718 -0.309876
vn 0.897544 -0.440342 -0.022676
vn 0.996543 -0.066891 -0.049277
vn 0.650178 -0.693718 -0.309876
vn 0.650698 -0.722172 -0.234648
vn 0.650668 -0.536950 -0.536950
vn 0.650668 -0.536951 -0.536950
vn 0.754822 -0.463813 -0.463812
vn 0.754573 -0.446808 -0.480607
vn 0.650668 -0.536951 -0.536950
vn 0.650668 -0.536950 -0.536950
vn 0.754574 -0.480606 -0.446807
vn 0.754822 -0.463813 -0.463812
vn 0.754822 -0.463813 -0.463812
vn 0.754574 -0.480606 -0.446807
vn 0.614600 0.340559 0.711538
vn 0.890511 0.321707 0.321707
vn 0.754573 -0.446808 -0.480607
vn 0.754822 -0.463813 -0.463812
vn 0.890511 0.321707 0.321707
vn 0.614600 0.711539 0.340558
vn -0.076428 0.713565 0.696407
vn 0.078440 0.441096 0.894025
vn 0.996543 -0.049277 -0.066890
vn 0.981434 -0.161091 0.104102
vn 0.078440 0.441096 0.894025
vn 0.184569 0.191662 0.963950
vn 0.897542 -0.022676 -0.440345
vn 0.996543 -0.049277 -0.066890
vn 0.996543 -0.049277 -0.066890
vn 0.897542 -0.022676 -0.440345
vn 0.650696 -0.234649 -0.722174
vn 0.650176 -0.309877 -0.693720
vn 0.981434 -0.161091 0.104102
vn 0.996543 -0.049277 -0.066890
vn 0.650176 -0.309877 -0.693720
vn 0.650668 -0.344744 -0.676597
vn 0.184569 0.191662 0.963950
vn -0.835256 0.086017 0.543091
vn 0.755175 -0.102547 -0.647452
vn 0.897542 -0.022676 -0.440345
vn -0.835256 0.086017 0.543091
vn 0.184570 0.115593 0.975998
vn 0.897543 -0.114508 -0.425799
vn 0.755175 -0.102547 -0.647452
vn 0.755175 -0.102547 -0.647452
vn 0.897543 -0.114508 -0.425799
vn 0.650696 0.000000 -0.759338
vn 0.650667 -0.118791 -0.750014
vn 0.897542 -0.022676 -0.440345
vn 0.755175 -0.102547 -0.647452
vn 0.650667 -0.118791 -0.750014
vn 0.650696 -0.234649 -0.722174
vn 0.184570 0.115593 0.975998
vn 0.095503 -0.155721 0.983174
vn 0.992412 0.019234 -0.121444
vn 0.897543 -0.114508 -0.425799
vn 0.095503 -0.155721 0.983174
vn 0.184570 -0.411536 0.892509
vn 0.897542 0.240482 -0.369576
vn 0.992412 0.019234 -0.121444
vn 0.992412 0.019234 -0.121444
vn 0.897542 0.240482 -0.369576
vn 0.650696 0.234649 -0.722174
vn 0.650667 0.118790 -0.750014
vn 0.897543 -0.114508 -0.425799
vn 0.992412 0.019234 -0.121444
vn 0.650667 0.118790 -0.750014
vn 0.650696 0.000000 -0.759338
vn 0.184570 -0.411536 0.892509
vn -0.835254 -0.249637 0.489931
vn 0.755175 0.297602 -0.584075
vn 0.897542 0.240482 -0.369576
vn -0.835254 -0.249637 0.489931
vn 0.184571 -0.480161 0.857542
vn 0.897542 0.157641 -0.411786
vn 0.755175 0.297602 -0.584075
vn 0.755175 0.297602 -0.584075
vn 0.897542 0.157641 -0.411786
vn 0.650695 0.446328 -0.614318
vn 0.650667 0.344744 -0.676598
vn 0.897542 0.240482 -0.369576
vn 0.755175 0.297602 -0.584075
vn 0.650667 0.344744 -0.676598
vn 0.650696 0.234649 -0.722174
vn 0.184571 -0.480161 0.857542
vn 0.095503 -0.703875 0.703874
vn 0.992412 0.086944 -0.086944
vn 0.897542 0.157641 -0.411786
vn 0.095503 -0.703875 0.703874
vn 0.184570 -0.857544 0.480159
vn 0.897543 0.411784 -0.157640
vn 0.992412 0.086944 -0.086944
vn 0.992412 0.086944 -0.086944
vn 0.897543 0.411784 -0.157640
vn 0.650696 0.614318 -0.446328
vn 0.650667 0.536951 -0.536951
vn 0.897542 0.157641 -0.411786
vn 0.992412 0.086944 -0.086944
vn 0.650667 0.536951 -0.536951
vn 0.650695 0.446328 -0.614318
vn 0.184570 -0.857544 0.480159
vn -0.835258 -0.489926 0.249633
vn 0.755176 0.584075 -0.297601
vn 0.897543 0.411784 -0.157640
vn -0.835258 -0.489926 0.249633
vn 0.184570 -0.892508 0.411537
vn 0.897543 0.369574 -0.240482
vn 0.755176 0.584075 -0.297601
vn 0.755176 0.584075 -0.297601
vn 0.897543 0.369574 -0.240482
vn 0.650697 0.722173 -0.234648
vn 0.650667 0.676597 -0.344743
vn 0.897543 0.411784 -0.157640
vn 0.755176 0.584075 -0.297601
vn 0.650667 0.676597 -0.344743
vn 0.650696 0.614318 -0.446328
vn 0.184570 -0.892508 0.411537
vn 0.095503 -0.983174 0.155720
vn 0.992412 0.121444 -0.019235
vn 0.897543 0.369574 -0.240482
vn 0.095503 -0.983174 0.155720
vn 0.184571 -0.975998 -0.115594
vn 0.897543 0.425799 0.114507
vn 0.992412 0.121444 -0.019235
vn 0.992412 0.121444 -0.019235
vn 0.897543 0.425799 0.114507
vn 0.650696 0.759338 -0.000001
vn 0.650668 0.750013 -0.118790
vn 0.897543 0.369574 -0.240482
vn 0.992412 0.121444 -0.019235
vn 0.650668 0.750013 -0.118790
vn 0.650697 0.722173 -0.234648
vn 0.184571 -0.975998 -0.115594
vn -0.835256 -0.543092 -0.086017
vn 0.755176 0.647451 0.102545
vn 0.897543 0.425799 0.114507
vn -0.835256 -0.543092 -0.086017
vn 0.184571 -0.963950 -0.191663
vn 0.897543 0.440344 0.022675
vn 0.755176 0.647451 0.102545
vn 0.755176 0.647451 0.102545
vn 0.897543 0.440344 0.022675
vn 0.650697 0.722173 0.234647
vn 0.650667 0.750014 0.118789
vn 0.897543 0.425799 0.114507
vn 0.755176 0.647451 0.102545
vn 0.650667 0.750014 0.118789
vn 0.650696 0.759338 -0.000001
vn -0.803019 -0.567539 -0.181821
vn -0.984596 -0.123635 -0.123635
vn -0.384171 -0.652844 -0.652846
vn 0.066379 -0.518623 -0.852422
vn -0.984596 -0.123635 -0.123635
vn -0.803019 -0.181820 -0.567540
vn 0.066380 -0.852422 -0.518623
vn -0.384171 -0.652844 -0.652846
vn -0.384171 -0.652844 -0.652846
vn 0.066380 -0.852422 -0.518623
vn 0.083481 -0.908395 -0.409695
vn 0.239570 -0.686515 -0.686515
vn 0.066379 -0.518623 -0.852422
vn -0.384171 -0.652844 -0.652846
vn 0.239570 -0.686515 -0.686515
vn 0.083481 -0.409694 -0.908395
vn -0.803019 -0.181820 -0.567540
vn -0.087442 -0.632347 -0.769734
vn -0.033838 -0.984191 -0.173846
vn 0.066380 -0.852422 -0.518623
vn -0.087442 -0.632347 -0.769734
vn 0.184571 -0.667194 -0.721655
vn -0.207008 -0.956062 -0.207589
vn -0.033838 -0.984191 -0.173846
vn -0.033838 -0.984191 -0.173846
vn -0.207008 -0.956062 -0.207589
vn -0.083481 -0.908395 -0.409695
vn 0.000000 -0.911987 -0.410218
vn 0.066380 -0.852422 -0.518623
vn -0.033838 -0.984191 -0.173846
vn 0.000000 -0.911987 -0.410218
vn 0.083481 -0.908395 -0.409695
vn 0.184571 -0.667194 -0.721655
vn -0.835258 -0.388805 -0.388812
vn -0.554314 -0.588530 -0.588531
vn -0.207008 -0.956062 -0.207589
vn -0.835258 -0.388805 -0.388812
vn 0.184570 -0.721654 -0.667195
vn -0.207008 -0.207589 -0.956062
vn -0.554314 -0.588530 -0.588531
vn -0.554314 -0.588530 -0.588531
vn -0.207008 -0.207589 -0.956062
vn -0.083481 -0.409694 -0.908395
vn -0.239570 -0.686515 -0.686515
vn -0.207008 -0.956062 -0.207589
vn -0.554314 -0.588530 -0.588531
vn -0.239570 -0.686515 -0.686515
vn -0.083481 -0.908395 -0.409695
vn 0.184570 -0.721654 -0.667195
vn -0.087442 -0.769734 -0.632348
vn -0.033838 -0.173845 -0.984191
vn -0.207008 -0.207589 -0.956062
vn -0.087442 -0.769734 -0.632348
vn -0.803019 -0.567539 -0.181821
vn 0.066379 -0.518623 -0.852422
vn -0.033838 -0.173845 -0.984191
vn -0.033838 -0.173845 -0.984191
vn 0.066379 -0.518623 -0.852422
vn 0.083481 -0.409694 -0.908395
vn 0.000000 -0.410217 -0.911988
vn -0.207008 -0.207589 -0.956062
vn -0.033838 -0.173845 -0.984191
vn 0.000000 -0.410217 -0.911988
vn -0.083481 -0.409694 -0.908395
vn -0.803019 -0.352278 -0.480688
vn -0.984596 -0.027352 -0.172694
vn -0.384172 -0.144430 -0.911895
vn 0.066379 0.081466 -0.994463
vn -0.984596 -0.027352 -0.172694
vn -0.803019 0.186495 -0.566021
vn 0.066379 -0.384784 -0.920617
vn -0.384172 -0.144430 -0.911895
vn -0.384172 -0.144430 -0.911895
vn 0.066379 -0.384784 -0.920617
vn 0.083481 -0.494094 -0.865391
vn 0.239570 -0.151879 -0.958926
vn 0.066379 0.081466 -0.994463
vn -0.384172 -0.144430 -0.911895
vn 0.239570 -0.151879 -0.958926
vn 0.083481 0.202491 -0.975719
vn -0.803019 0.186495 -0.566021
vn -0.087442 -0.059141 -0.994412
vn -0.033838 -0.694043 -0.719138
vn 0.066379 -0.384784 -0.920617
vn -0.087442 -0.059141 -0.994412
vn 0.184571 -0.115593 -0.975998
vn -0.207008 -0.651452 -0.729903
vn -0.033838 -0.694043 -0.719138
vn -0.033838 -0.694043 -0.719138
vn -0.207008 -0.651452 -0.729903
vn -0.083481 -0.494094 -0.865391
vn 0.000000 -0.496693 -0.867926
vn 0.066379 -0.384784 -0.920617
vn -0.033838 -0.694043 -0.719138
vn 0.000000 -0.496693 -0.867926
vn 0.083481 -0.494094 -0.865391
vn 0.184571 -0.115593 -0.975998
vn -0.835254 -0.086018 -0.543094
vn -0.554313 -0.130202 -0.822061
vn -0.207008 -0.651452 -0.729903
vn -0.835254 -0.086018 -0.543094
vn 0.184571 -0.191664 -0.963949
vn -0.207008 0.394015 -0.895489
vn -0.554313 -0.130202 -0.822061
vn -0.554313 -0.130202 -0.822061
vn -0.207008 0.394015 -0.895489
vn -0.083481 0.202491 -0.975719
vn -0.239570 -0.151879 -0.958926
vn -0.207008 -0.651452 -0.729903
vn -0.554313 -0.130202 -0.822061
vn -0.239570 -0.151879 -0.958926
vn -0.083481 -0.494094 -0.865391
vn 0.184571 -0.191664 -0.963949
vn -0.087442 -0.251043 -0.964018
vn -0.033838 0.437849 -0.898412
vn -0.207008 0.394015 -0.895489
vn -0.087442 -0.251043 -0.964018
vn -0.803019 -0.352278 -0.480688
vn 0.066379 0.081466 -0.994463
vn -0.033838 0.437849 -0.898412
vn -0.033838 0.437849 -0.898412
vn 0.066379 0.081466 -0.994463
vn 0.083481 0.202491 -0.975719
vn 0.000000 0.204180 -0.978933
vn -0.207008 0.394015 -0.895489
vn -0.033838 0.437849 -0.898412
vn 0.000000 0.204180 -0.978933
vn -0.083481 0.202491 -0.975719
vn -0.803019 -0.002458 -0.595948
vn -0.984596 0.079379 -0.155789
vn -0.384171 0.419153 -0.822632
vn 0.066380 0.650438 -0.756653
vn -0.984596 0.079379 -0.155789
vn -0.803019 0.483577 -0.348301
vn 0.066379 0.229829 -0.970965
vn -0.384171 0.419153 -0.822632
vn -0.384171 0.419153 -0.822632
vn 0.066379 0.229829 -0.970965
vn 0.083480 0.108935 -0.990537
vn 0.239570 0.440771 -0.865059
vn 0.066380 0.650438 -0.756653
vn -0.384171 0.419153 -0.822632
vn 0.239570 0.440771 -0.865059
vn 0.083481 0.737333 -0.670352
vn -0.803019 0.483577 -0.348301
vn -0.087442 0.536655 -0.839259
vn -0.033838 -0.138792 -0.989743
vn 0.066379 0.229829 -0.970965
vn -0.087442 0.536655 -0.839259
vn 0.184571 0.480161 -0.857543
vn -0.207007 -0.098008 -0.973418
vn -0.033838 -0.138792 -0.989743
vn -0.033838 -0.138792 -0.989743
vn -0.207007 -0.098008 -0.973418
vn -0.083480 0.108935 -0.990537
vn 0.000000 0.108322 -0.994116
vn 0.066379 0.229829 -0.970965
vn -0.033838 -0.138792 -0.989743
vn 0.000000 0.108322 -0.994116
vn 0.083480 0.108935 -0.990537
vn 0.184571 0.480161 -0.857543
vn -0.835254 0.249634 -0.489932
vn -0.554312 0.377861 -0.741592
vn -0.207007 -0.098008 -0.973418
vn -0.835254 0.249634 -0.489932
vn 0.184571 0.411535 -0.892509
vn -0.207008 0.845121 -0.492868
vn -0.554312 0.377861 -0.741592
vn -0.554312 0.377861 -0.741592
vn -0.207008 0.845121 -0.492868
vn -0.083481 0.737333 -0.670352
vn -0.239570 0.440771 -0.865059
vn -0.207007 -0.098008 -0.973418
vn -0.554312 0.377861 -0.741592
vn -0.239570 0.440771 -0.865059
vn -0.083480 0.108935 -0.990537
vn 0.184571 0.411535 -0.892509
vn -0.087442 0.363537 -0.927467
vn -0.033838 0.882301 -0.469468
vn -0.207008 0.845121 -0.492868
vn -0.087442 0.363537 -0.927467
vn -0.803019 -0.002458 -0.595948
vn 0.066380 0.650438 -0.756653
vn -0.033838 0.882301 -0.469468
vn -0.033838 0.882301 -0.469468
vn 0.066380 0.650438 -0.756653
vn 0.083481 0.737333 -0.670352
vn 0.000000 0.740588 -0.671959
vn -0.207008 0.845121 -0.492868
vn -0.033838 0.882301 -0.469468
vn 0.000000 0.740588 -0.671959
vn -0.083481 0.737333 -0.670352
vn -0.803019 0.348301 -0.483577
vn -0.984596 0.155789 -0.079379
vn -0.384173 0.822632 -0.419151
vn 0.066379 0.970965 -0.229828
vn -0.984596 0.155789 -0.079379
vn -0.803019 0.595948 0.002459
vn 0.066379 0.756655 -0.650436
vn -0.384173 0.822632 -0.419151
vn -0.384173 0.822632 -0.419151
vn 0.066379 0.756655 -0.650436
vn 0.083480 0.670353 -0.737332
vn 0.239570 0.865059 -0.440770
vn 0.066379 0.970965 -0.229828
vn -0.384173 0.822632 -0.419151
vn 0.239570 0.865059 -0.440770
vn 0.083481 0.990537 -0.108934
vn -0.803019 0.595948 0.002459
vn -0.087442 0.927467 -0.363536
vn -0.033838 0.469471 -0.882299
vn 0.066379 0.756655 -0.650436
vn -0.087442 0.927467 -0.363536
vn 0.184573 0.892509 -0.411534
vn -0.207008 0.492870 -0.845119
vn -0.033838 0.469471 -0.882299
vn -0.033838 0.469471 -0.882299
vn -0.207008 0.492870 -0.845119
vn -0.083480 0.670353 -0.737332
vn 0.000000 0.671960 -0.740587
vn 0.066379 0.756655 -0.650436
vn -0.033838 0.469471 -0.882299
vn 0.000000 0.671960 -0.740587
vn 0.083480 0.670353 -0.737332
vn 0.184573 0.892509 -0.411534
vn -0.835251 0.489938 -0.249633
vn -0.554311 0.741593 -0.377860
vn -0.207008 0.492870 -0.845119
vn -0.835251 0.489938 -0.249633
vn 0.184572 0.857543 -0.480160
vn -0.207008 0.973418 0.098009
vn -0.554311 0.741593 -0.377860
vn -0.554311 0.741593 -0.377860
vn -0.207008 0.973418 0.098009
vn -0.083481 0.990537 -0.108934
vn -0.239570 0.865060 -0.440770
vn -0.207008 0.492870 -0.845119
vn -0.554311 0.741593 -0.377860
vn -0.239570 0.865060 -0.440770
vn -0.083480 0.670353 -0.737332
vn 0.184572 0.857543 -0.480160
vn -0.087442 0.839259 -0.536655
vn -0.033838 0.989743 0.138794
vn -0.207008 0.973418 0.098009
vn -0.087442 0.839259 -0.536655
vn -0.803019 0.348301 -0.483577
vn 0.066379 0.970965 -0.229828
vn -0.033838 0.989743 0.138794
vn -0.033838 0.989743 0.138794
vn 0.066379 0.970965 -0.229828
vn 0.083481 0.990537 -0.108934
vn 0.000000 0.994116 -0.108321
vn -0.207008 0.973418 0.098009
vn -0.033838 0.989743 0.138794
vn 0.000000 0.994116 -0.108321
vn -0.083481 0.990537 -0.108934
vn -0.803019 0.566021 -0.186495
vn -0.984596 0.172694 0.027352
vn -0.384172 0.911895 0.144429
vn 0.066379 0.920616 0.384785
vn -0.984596 0.172694 0.027352
vn -0.803019 0.480688 0.352278
vn 0.066379 0.994463 -0.081467
vn -0.384172 0.911895 0.144429
vn -0.384172 0.911895 0.144429
vn 0.066379 0.994463 -0.081467
vn 0.083481 0.975719 -0.202492
vn 0.239570 0.958926 0.151879
vn 0.066379 0.920616 0.384785
vn -0.384172 0.911895 0.144429
vn 0.239570 0.958926 0.151879
vn 0.083481 0.865391 0.494095
vn -0.803019 0.480688 0.352278
vn -0.087442 0.964018 0.251043
vn -0.033838 0.898412 -0.437849
vn 0.066379 0.994463 -0.081467
vn -0.087442 0.964018 0.251043
vn 0.184572 0.963949 0.191663
vn -0.207007 0.895488 -0.394016
vn -0.033838 0.898412 -0.437849
vn -0.033838 0.898412 -0.437849
vn -0.207007 0.895488 -0.394016
vn -0.083481 0.975719 -0.202492
vn 0.000000 0.978933 -0.204181
vn 0.066379 0.994463 -0.081467
vn -0.033838 0.898412 -0.437849
vn 0.000000 0.978933 -0.204181
vn 0.083481 0.975719 -0.202492
vn 0.184572 0.963949 0.191663
vn -0.835253 0.543096 0.086017
vn -0.554313 0.822061 0.130202
vn -0.207007 0.895488 -0.394016
vn -0.835253 0.543096 0.086017
vn 0.184571 0.975998 0.115594
vn -0.207008 0.729903 0.651452
vn -0.554313 0.822061 0.130202
vn -0.554313 0.822061 0.130202
vn -0.207008 0.729903 0.651452
vn -0.083481 0.865391 0.494095
vn -0.239570 0.958926 0.151879
vn -0.207007 0.895488 -0.394016
vn -0.554313 0.822061 0.130202
vn -0.239570 0.958926 0.151879
vn -0.083481 0.975719 -0.202492
vn 0.184571 0.975998 0.115594
vn -0.087442 0.994412 0.059142
vn -0.033838 0.719137 0.694044
vn -0.207008 0.729903 0.651452
vn -0.087442 0.994412 0.059142
vn -0.803019 0.566021 -0.186495
vn 0.066379 0.920616 0.384785
vn -0.033838 0.719137 0.694044
vn -0.033838 0.719137 0.694044
vn 0.066379 0.920616 0.384785
vn 0.083481 0.865391 0.494095
vn 0.000000 0.867926 0.496694
vn -0.207008 0.729903 0.651452
vn -0.033838 0.719137 0.694044
vn 0.000000 0.867926 0.496694
vn -0.083481 0.865391 0.494095
vn -0.803019 0.567540 0.181820
vn -0.984596 0.123635 0.123635
vn -0.384175 0.652844 0.652844
vn 0.066378 0.518627 0.852420
vn -0.984596 0.123635 0.123635
vn -0.803019 0.181819 0.567540
vn 0.066379 0.852421 0.518626
vn -0.384175 0.652844 0.652844
vn -0.384175 0.652844 0.652844
vn 0.066379 0.852421 0.518626
vn 0.083480 0.908394 0.409696
vn 0.239569 0.686515 0.686516
vn 0.066378 0.518627 0.852420
vn -0.384175 0.652844 0.652844
vn 0.239569 0.686515 0.686516
vn 0.083480 0.409697 0.908394
vn -0.803019 0.181819 0.567540
vn -0.092087 0.633649 0.768120
vn -0.037706 0.986339 0.160355
vn 0.066379 0.852421 0.518626
vn -0.092087 0.633649 0.768120
vn -0.076428 0.713565 0.696407
vn -0.199706 0.961814 0.187168
vn -0.037706 0.986339 0.160355
vn -0.037706 0.986339 0.160355
vn -0.199706 0.961814 0.187168
vn -0.083480 0.908394 0.409696
vn 0.000000 0.911987 0.410219
vn 0.066379 0.852421 0.518626
vn -0.037706 0.986339 0.160355
vn 0.000000 0.911987 0.410219
vn 0.083480 0.908394 0.409696
vn -0.076428 0.713565 0.696407
vn -0.680178 0.518342 0.518343
vn -0.615205 0.557459 0.557460
vn -0.199706 0.961814 0.187168
vn -0.680178 0.518342 0.518343
vn -0.076428 0.696407 0.713566
vn -0.199705 0.187170 0.961814
vn -0.615205 0.557459 0.557460
vn -0.615205 0.557459 0.557460
vn -0.199705 0.187170 0.961814
vn -0.083480 0.409696 0.908394
vn -0.239569 0.686515 0.686515
vn -0.199706 0.961814 0.187168
vn -0.615205 0.557459 0.557460
vn -0.239569 0.686515 0.686515
vn -0.083480 0.908394 0.409696
vn -0.076428 0.696407 0.713566
vn -0.092087 0.768120 0.633650
vn -0.037706 0.160357 0.986339
vn -0.199705 0.187170 0.961814
vn -0.092087 0.768120 0.633650
vn -0.803019 0.567540 0.181820
vn 0.066378 0.518627 0.852420
vn -0.037706 0.160357 0.986339
vn -0.037706 0.160357 0.986339
vn 0.066378 0.518627 0.852420
vn 0.083480 0.409697 0.908394
vn 0.000000 0.410219 0.911987
vn -0.199705 0.187170 0.961814
vn -0.037706 0.160357 0.986339
vn 0.000000 0.410219 0.911987
vn -0.083480 0.409696 0.908394
vn -0.803019 0.352278 0.480688
vn -0.984596 0.027352 0.172694
vn -0.384171 0.144431 0.911895
vn 0.066380 -0.081466 0.994463
vn -0.984596 0.027352 0.172694
vn -0.803019 -0.186496 0.566021
vn 0.066379 0.384786 0.920616
vn -0.384171 0.144431 0.911895
vn -0.384171 0.144431 0.911895
vn 0.066379 0.384786 0.920616
vn 0.083480 0.494096 0.865390
vn 0.239570 0.151881 0.958926
vn 0.066380 -0.081466 0.994463
vn -0.384171 0.144431 0.911895
vn 0.239570 0.151881 0.958926
vn 0.083481 -0.202490 0.975720
vn -0.803019 -0.186496 0.566021
vn -0.087442 0.059140 0.994413
vn -0.033838 0.694045 0.719136
vn 0.066379 0.384786 0.920616
vn -0.087442 0.059140 0.994413
vn 0.184570 0.115593 0.975998
vn -0.207008 0.651453 0.729902
vn -0.033838 0.694045 0.719136
vn -0.033838 0.694045 0.719136
vn -0.207008 0.651453 0.729902
vn -0.083480 0.494096 0.865390
vn 0.000000 0.496695 0.867925
vn 0.066379 0.384786 0.920616
vn -0.033838 0.694045 0.719136
vn 0.000000 0.496695 0.867925
vn 0.083480 0.494096 0.865390
vn 0.184570 0.115593 0.975998
vn -0.835256 0.086017 0.543091
vn -0.554313 0.130203 0.822061
vn -0.207008 0.651453 0.729902
vn -0.835256 0.086017 0.543091
vn 0.184569 0.191662 0.963950
vn -0.207008 -0.394015 0.895489
vn -0.554313 0.130203 0.822061
vn -0.554313 0.130203 0.822061
vn -0.207008 -0.394015 0.895489
vn -0.083481 -0.202490 0.975720
vn -0.239570 0.151881 0.958926
vn -0.207008 0.651453 0.729902
vn -0.554313 0.130203 0.822061
vn -0.239570 0.151881 0.958926
vn -0.083480 0.494096 0.865390
vn 0.184569 0.191662 0.963950
vn -0.087442 0.251042 0.964019
vn -0.033838 -0.437849 0.898412
vn -0.207008 -0.394015 0.895489
vn -0.087442 0.251042 0.964019
vn -0.803019 0.352278 0.480688
vn 0.066380 -0.081466 0.994463
vn -0.033838 -0.437849 0.898412
vn -0.033838 -0.437849 0.898412
vn 0.066380 -0.081466 0.994463
vn 0.083481 -0.202490 0.975720
vn 0.000000 -0.204179 0.978934
vn -0.207008 -0.394015 0.895489
vn -0.033838 -0.437849 0.898412
vn 0.000000 -0.204179 0.978934
vn -0.083481 -0.202490 0.975720
vn -0.803019 0.002458 0.595948
vn -0.984596 -0.079379 0.155789
vn -0.384174 -0.419152 0.822631
vn 0.066378 -0.650436 0.756655
vn -0.984596 -0.079379 0.155789
vn -0.803019 -0.483577 0.348301
vn 0.066378 -0.229832 0.970964
vn -0.384174 -0.419152 0.822631
vn -0.384174 -0.419152 0.822631
vn 0.066378 -0.229832 0.970964
vn 0.083480 -0.108934 0.990537
vn 0.239569 -0.440770 0.865060
vn 0.066378 -0.650436 0.756655
vn -0.384174 -0.419152 0.822631
vn 0.239569 -0.440770 0.865060
vn 0.083480 -0.737331 0.670354
vn -0.803019 -0.483577 0.348301
vn -0.087442 -0.536656 0.839258
vn -0.033838 0.138791 0.989744
vn 0.066378 -0.229832 0.970964
vn -0.087442 -0.536656 0.839258
vn 0.184571 -0.480161 0.857542
vn -0.207007 0.098006 0.973418
vn -0.033838 0.138791 0.989744
vn -0.033838 0.138791 0.989744
vn -0.207007 0.098006 0.973418
vn -0.083480 -0.108935 0.990537
vn 0.000000 -0.108321 0.994116
vn 0.066378 -0.229832 0.970964
vn -0.033838 0.138791 0.989744
vn 0.000000 -0.108321 0.994116
vn 0.083480 -0.108934 0.990537
vn 0.184571 -0.480161 0.857542
vn -0.835254 -0.249637 0.489931
vn -0.554311 -0.377861 0.741593
vn -0.207007 0.098006 0.973418
vn -0.835254 -0.249637 0.489931
vn 0.184570 -0.411536 0.892509
vn -0.207007 -0.845120 0.492870
vn -0.554311 -0.377861 0.741593
vn -0.554311 -0.377861 0.741593
vn -0.207007 -0.845120 0.492870
vn -0.083480 -0.737331 0.670354
vn -0.239569 -0.440770 0.865060
vn -0.207007 0.098006 0.973418
vn -0.554311 -0.377861 0.741593
vn -0.239569 -0.440770 0.865060
vn -0.083480 -0.108935 0.990537
vn 0.184570 -0.411536 0.892509
vn -0.087442 -0.363537 0.927467
vn -0.033838 -0.882299 0.469471
vn -0.207007 -0.845120 0.492870
vn -0.087442 -0.363537 0.927467
vn -0.803019 0.002458 0.595948
vn 0.066378 -0.650436 0.756655
vn -0.033838 -0.882299 0.469471
vn -0.033838 -0.882299 0.469471
vn 0.066378 -0.650436 0.756655
vn 0.083480 -0.737331 0.670354
vn 0.000000 -0.740586 0.671961
vn -0.207007 -0.845120 0.492870
vn -0.033838 -0.882299 0.469471
vn 0.000000 -0.740586 0.671961
vn -0.083480 -0.737331 0.670354
vn -0.803020 -0.348301 0.483577
vn -0.984596 -0.155789 0.079379
vn -0.384170 -0.822632 0.419153
vn 0.066381 -0.970965 0.229826
vn -0.984596 -0.155789 0.079379
vn -0.803019 -0.595948 -0.002458
vn 0.066379 -0.756653 0.650438
vn -0.384170 -0.822632 0.419153
vn -0.384170 -0.822632 0.419153
vn 0.066379 -0.756653 0.650438
vn 0.083481 -0.670353 0.737332
vn 0.239570 -0.865059 0.440770
vn 0.066381 -0.970965 0.229826
vn -0.384170 -0.822632 0.419153
vn 0.239570 -0.865059 0.440770
vn 0.083481 -0.990538 0.108933
vn -0.803019 -0.595948 -0.002458
vn -0.087442 -0.927466 0.363538
vn -0.033838 -0.469471 0.882299
vn 0.066379 -0.756653 0.650438
vn -0.087442 -0.927466 0.363538
vn 0.184570 -0.892508 0.411537
vn -0.207008 -0.492869 0.845120
vn -0.033838 -0.469471 0.882299
vn -0.033838 -0.469471 0.882299
vn -0.207008 -0.492869 0.845120
vn -0.083481 -0.670353 0.737332
vn 0.000000 -0.671960 0.740587
vn 0.066379 -0.756653 0.650438
vn -0.033838 -0.469471 0.882299
vn 0.000000 -0.671960 0.740587
vn 0.083481 -0.670353 0.737332
vn 0.184570 -0.892508 0.411537
vn -0.835258 -0.489926 0.249633
vn -0.554314 -0.741592 0.377860
vn -0.207008 -0.492869 0.845120
vn -0.835258 -0.489926 0.249633
vn 0.184570 -0.857544 0.480159
vn -0.207009 -0.973417 -0.098013
vn -0.554314 -0.741592 0.377860
vn -0.554314 -0.741592 0.377860
vn -0.207009 -0.973417 -0.098013
vn -0.083481 -0.990537 0.108933
vn -0.239570 -0.865059 0.440770
vn -0.207008 -0.492869 0.845120
vn -0.554314 -0.741592 0.377860
vn -0.239570 -0.865059 0.440770
vn -0.083481 -0.670353 0.737332
vn 0.184570 -0.857544 0.480159
vn -0.087442 -0.839260 0.536654
vn -0.033838 -0.989742 -0.138799
vn -0.207009 -0.973417 -0.098013
vn -0.087442 -0.839260 0.536654
vn -0.803020 -0.348301 0.483577
vn 0.066381 -0.970965 0.229826
vn -0.033838 -0.989742 -0.138799
vn -0.033838 -0.989742 -0.138799
vn 0.066381 -0.970965 0.229826
vn 0.083481 -0.990538 0.108933
vn 0.000000 -0.994116 0.108320
vn -0.207009 -0.973417 -0.098013
vn -0.033838 -0.989742 -0.138799
vn 0.000000 -0.994116 0.108320
vn -0.083481 -0.990537 0.108933
vn -0.803019 -0.566020 0.186496
vn -0.984596 -0.172694 -0.027352
vn -0.384171 -0.911895 -0.144428
vn 0.066379 -0.920617 -0.384783
vn -0.984596 -0.172694 -0.027352
vn -0.803020 -0.480687 -0.352278
vn 0.066380 -0.994463 0.081468
vn -0.384171 -0.911895 -0.144428
vn -0.384171 -0.911895 -0.144428
vn 0.066380 -0.994463 0.081468
vn 0.083481 -0.975719 0.202493
vn 0.239570 -0.958926 -0.151877
vn 0.066379 -0.920617 -0.384783
vn -0.384171 -0.911895 -0.144428
vn 0.239570 -0.958926 -0.151877
vn 0.083481 -0.865392 -0.494093
vn -0.803020 -0.480687 -0.352278
vn -0.087442 -0.964018 -0.251043
vn -0.033838 -0.898411 0.437850
vn 0.066380 -0.994463 0.081468
vn -0.087442 -0.964018 -0.251043
vn 0.184571 -0.963950 -0.191663
vn -0.207008 -0.895488 0.394017
vn -0.033838 -0.898411 0.437850
vn -0.033838 -0.898411 0.437850
vn -0.207008 -0.895488 0.394017
vn -0.083481 -0.975719 0.202493
vn 0.000000 -0.978933 0.204182
vn 0.066380 -0.994463 0.081468
vn -0.033838 -0.898411 0.437850
vn 0.000000 -0.978933 0.204182
vn 0.083481 -0.975719 0.202493
vn 0.184571 -0.963950 -0.191663
vn -0.835256 -0.543092 -0.086017
vn -0.554313 -0.822061 -0.130200
vn -0.207008 -0.895488 0.394017
vn -0.835256 -0.543092 -0.086017
vn 0.184571 -0.975998 -0.115594
vn -0.207008 -0.729903 -0.651451
vn -0.554313 -0.822061 -0.130200
vn -0.554313 -0.822061 -0.130200
vn -0.207008 -0.729903 -0.651451
vn -0.083481 -0.865392 -0.494093
vn -0.239570 -0.958926 -0.151877
vn -0.207008 -0.895488 0.394017
vn -0.554313 -0.822061 -0.130200
vn -0.239570 -0.958926 -0.151877
vn -0.083481 -0.975719 0.202493
vn 0.184571 -0.975998 -0.115594
vn -0.087442 -0.994412 -0.059141
vn -0.033838 -0.719139 -0.694042
vn -0.207008 -0.729903 -0.651451
vn -0.087442 -0.994412 -0.059141
vn -0.803019 -0.566020 0.186496
vn 0.066379 -0.920617 -0.384783
vn -0.033838 -0.719139 -0.694042
vn -0.033838 -0.719139 -0.694042
vn 0.066379 -0.920617 -0.384783
vn 0.083481 -0.865392 -0.494093
vn 0.000000 -0.867927 -0.496692
vn -0.207008 -0.729903 -0.651451
vn -0.033838 -0.719139 -0.694042
vn 0.000000 -0.867927 -0.496692
vn -0.083481 -0.865392 -0.494093
vn 0.650697 0.722173 0.234647
vn 0.650668 0.676597 0.344743
vn 0.924818 -0.338948 -0.172703
vn 0.924941 -0.361508 -0.117460
vn 0.650668 0.676597 0.344743
vn 0.650697 0.614317 0.446328
vn 0.924940 -0.307518 -0.223425
vn 0.924818 -0.338948 -0.172703
vn 0.924818 -0.338948 -0.172703
vn 0.924940 -0.307518 -0.223425
vn 0.000000 -0.809017 -0.587785
vn 0.000000 -0.891007 -0.453990
vn 0.924941 -0.361508 -0.117460
vn 0.924818 -0.338948 -0.172703
vn 0.000000 -0.891007 -0.453990
vn 0.000000 -0.951057 -0.309016
vn 0.650697 0.614317 0.446328
vn 0.650668 0.536950 0.536950
vn 0.924818 -0.268990 -0.268992
vn 0.924940 -0.307518 -0.223425
vn 0.650668 0.536950 0.536950
vn 0.650697 0.446327 0.614317
vn 0.924941 -0.223423 -0.307516
vn 0.924818 -0.268990 -0.268992
vn 0.924818 -0.268990 -0.268992
vn 0.924941 -0.223423 -0.307516
vn 0.000000 -0.587785 -0.809017
vn 0.000000 -0.707106 -0.707107
vn 0.924940 -0.307518 -0.223425
vn 0.924818 -0.268990 -0.268992
vn 0.000000 -0.707106 -0.707107
vn 0.000000 -0.809017 -0.587785
vn 0.650697 0.446327 0.614317
vn 0.650668 0.344743 0.676597
vn 0.924818 -0.172703 -0.338947
vn 0.924941 -0.223423 -0.307516
vn 0.650668 0.344743 0.676597
vn 0.650697 0.234648 0.722173
vn 0.924941 -0.117461 -0.361507
vn 0.924818 -0.172703 -0.338947
vn 0.924818 -0.172703 -0.338947
vn 0.924941 -0.117461 -0.361507
vn 0.000000 -0.309016 -0.951057
vn 0.000000 -0.453990 -0.891007
vn 0.924941 -0.223423 -0.307516
vn 0.924818 -0.172703 -0.338947
vn 0.000000 -0.453990 -0.891007
vn 0.000000 -0.587785 -0.809017
vn 0.650697 0.234648 0.722173
vn 0.650668 0.118790 0.750013
vn 0.924818 -0.059509 -0.375726
vn 0.924941 -0.117461 -0.361507
vn 0.650668 0.118790 0.750013
vn 0.650697 0.000000 0.759338
vn 0.924940 0.000000 -0.380113
vn 0.924818 -0.059509 -0.375726
vn 0.924818 -0.059509 -0.375726
vn 0.924940 0.000000 -0.380113
vn 0.000000 0.000000 -1.000000
vn 0.000000 -0.156435 -0.987688
vn 0.924941 -0.117461 -0.361507
vn 0.924818 -0.059509 -0.375726
vn 0.000000 -0.156435 -0.987688
vn 0.000000 -0.309016 -0.951057
vn 0.650697 0.000000 0.759338
vn 0.650668 -0.118790 0.750013
vn 0.924818 0.059510 -0.375727
vn 0.924940 0.000000 -0.380113
vn 0.650668 -0.118790 0.750013
vn 0.650697 -0.234648 0.722173
vn 0.924941 0.117460 -0.361506
vn 0.924818 0.059510 -0.375727
vn 0.924818 0.059510 -0.375727
vn 0.924941 0.117460 -0.361506
vn 0.000000 0.309017 -0.951056
vn 0.000000 0.156435 -0.987688
vn 0.924940 0.000000 -0.380113
vn 0.924818 0.059510 -0.375727
vn 0.000000 0.156435 -0.987688
vn 0.000000 0.000000 -1.000000
vn 0.650697 -0.234648 0.722173
vn 0.650668 -0.344744 0.676596
vn 0.924818 0.172702 -0.338948
vn 0.924941 0.117460 -0.361506
vn 0.650668 -0.344744 0.676596
vn 0.650697 -0.446328 0.614316
vn 0.924939 0.223426 -0.307519
vn 0.924818 0.172702 -0.338948
vn 0.924818 0.172702 -0.338948
vn 0.924939 0.223426 -0.307519
vn 0.000000 0.587786 -0.809016
vn 0.000000 0.453991 -0.891006
vn 0.924941 0.117460 -0.361506
vn 0.924818 0.172702 -0.338948
vn 0.000000 0.453991 -0.891006
vn 0.000000 0.309017 -0.951056
vn 0.650697 -0.446328 0.614316
vn 0.650669 -0.536950 0.536949
vn 0.924817 0.268992 -0.268991
vn 0.924939 0.223426 -0.307519
vn 0.650669 -0.536950 0.536949
vn 0.650699 -0.614316 0.446326
vn 0.924941 0.307515 -0.223424
vn 0.924817 0.268992 -0.268991
vn 0.924817 0.268992 -0.268991
vn 0.924941 0.307515 -0.223424
vn 0.000000 0.809017 -0.587785
vn 0.000000 0.707108 -0.707106
vn 0.924939 0.223426 -0.307519
vn 0.924817 0.268992 -0.268991
vn 0.000000 0.707108 -0.707106
vn 0.000000 0.587786 -0.809016
vn 0.650699 -0.614316 0.446326
vn 0.650670 -0.676596 0.344743
vn 0.924819 0.338946 -0.172702
vn 0.924941 0.307515 -0.223424
vn 0.650670 -0.676596 0.344743
vn 0.650698 -0.722172 0.234648
vn 0.924942 0.361505 -0.117461
vn 0.924819 0.338946 -0.172702
vn 0.924819 0.338946 -0.172702
vn 0.924942 0.361505 -0.117461
vn 0.000000 0.951056 -0.309017
vn 0.000000 0.891007 -0.453990
vn 0.924941 0.307515 -0.223424
vn 0.924819 0.338946 -0.172702
vn 0.000000 0.891007 -0.453990
vn 0.000000 0.809017 -0.587785
vn 0.650698 -0.722172 0.234648
vn 0.650668 -0.750013 0.118791
vn 0.924819 0.375724 -0.059509
vn 0.924942 0.361505 -0.117461
vn 0.650668 -0.750013 0.118791
vn 0.650697 -0.759338 0.000000
vn 0.924941 0.380111 0.000000
vn 0.924819 0.375724 -0.059509
vn 0.924819 0.375724 -0.059509
vn 0.924941 0.380111 0.000000
vn 0.000000 1.000000 0.000000
vn 0.000000 0.987688 -0.156435
vn 0.924942 0.361505 -0.117461
vn 0.924819 0.375724 -0.059509
vn 0.000000 0.987688 -0.156435
vn 0.000000 0.951056 -0.309017
vn 0.650697 -0.759338 0.000000
vn 0.650669 -0.750013 -0.118791
vn 0.924818 0.375726 0.059510
vn 0.924941 0.380111 0.000000
vn 0.650669 -0.750013 -0.118791
vn 0.650698 -0.722172 -0.234648
vn 0.924942 0.361505 0.117461
vn 0.924818 0.375726 0.059510
vn 0.924818 0.375726 0.059510
vn 0.924942 0.361505 0.117461
vn 0.000000 0.951056 0.309017
vn 0.000000 0.987688 0.156435
vn 0.924941 0.380111 0.000000
vn 0.924818 0.375726 0.059510
vn 0.000000 0.987688 0.156435
vn 0.000000 1.000000 0.000000
vn 0.650698 -0.722172 -0.234648
vn 0.650178 -0.693718 -0.309876
vn 0.961951 0.263901 0.070759
vn 0.924942 0.361505 0.117461
vn 0.650178 -0.693718 -0.309876
vn 0.650670 -0.676596 -0.344742
vn 0.986064 0.066293 -0.152587
vn 0.961951 0.263901 0.070759
vn 0.961951 0.263901 0.070759
vn 0.986064 0.066293 -0.152587
vn 0.614600 0.711539 0.340558
vn 0.073439 0.905672 0.417571
vn 0.924942 0.361505 0.117461
vn 0.961951 0.263901 0.070759
vn 0.073439 0.905672 0.417571
vn 0.000000 0.951056 0.309017
vn 0.650668 -0.344744 -0.676597
vn 0.650176 -0.309877 -0.693720
vn 0.961951 0.070759 0.263901
vn 0.986064 -0.152586 0.066293
vn 0.650176 -0.309877 -0.693720
vn 0.650696 -0.234649 -0.722174
vn 0.924941 0.117460 0.361507
vn 0.961951 0.070759 0.263901
vn 0.961951 0.070759 0.263901
vn 0.924941 0.117460 0.361507
vn 0.000000 0.309017 0.951056
vn 0.073440 0.417572 0.905671
vn 0.986064 -0.152586 0.066293
vn 0.961951 0.070759 0.263901
vn 0.073440 0.417572 0.905671
vn 0.614600 0.340559 0.711538
vn 0.650696 -0.234649 -0.722174
vn 0.650667 -0.118791 -0.750014
vn 0.924817 0.059510 0.375728
vn 0.924941 0.117460 0.361507
vn 0.650667 -0.118791 -0.750014
vn 0.650696 0.000000 -0.759338
vn 0.924939 0.000000 0.380115
vn 0.924817 0.059510 0.375728
vn 0.924817 0.059510 0.375728
vn 0.924939 0.000000 0.380115
vn 0.000000 0.000000 1.000000
vn 0.000000 0.156435 0.987688
vn 0.924941 0.117460 0.361507
vn 0.924817 0.059510 0.375728
vn 0.000000 0.156435 0.987688
vn 0.000000 0.309017 0.951056
vn 0.650696 0.000000 -0.759338
vn 0.650667 0.118790 -0.750014
vn 0.924817 -0.059510 0.375728
vn 0.924939 0.000000 0.380115
vn 0.650667 0.118790 -0.750014
vn 0.650696 0.234649 -0.722174
vn 0.924941 -0.117460 0.361508
vn 0.924817 -0.059510 0.375728
vn 0.924817 -0.059510 0.375728
vn 0.924941 -0.117460 0.361508
vn 0.000000 -0.309017 0.951057
vn 0.000000 -0.156435 0.987688
vn 0.924939 0.000000 0.380115
vn 0.924817 -0.059510 0.375728
vn 0.000000 -0.156435 0.987688
vn 0.000000 0.000000 1.000000
vn 0.650696 0.234649 -0.722174
vn 0.650667 0.344744 -0.676598
vn 0.924817 -0.172702 0.338950
vn 0.924941 -0.117460 0.361508
vn 0.650667 0.344744 -0.676598
vn 0.650695 0.446328 -0.614318
vn 0.924939 -0.223426 0.307520
vn 0.924817 -0.172702 0.338950
vn 0.924817 -0.172702 0.338950
vn 0.924939 -0.223426 0.307520
vn 0.000000 -0.587785 0.809017
vn 0.000000 -0.453990 0.891007
vn 0.924941 -0.117460 0.361508
vn 0.924817 -0.172702 0.338950
vn 0.000000 -0.453990 0.891007
vn 0.000000 -0.309017 0.951057
vn 0.650695 0.446328 -0.614318
vn 0.650667 0.536951 -0.536951
vn 0.924817 -0.268993 0.268993
vn 0.924939 -0.223426 0.307520
vn 0.650667 0.536951 -0.536951
vn 0.650696 0.614318 -0.446328
vn 0.924939 -0.307519 0.223426
vn 0.924817 -0.268993 0.268993
vn 0.924817 -0.268993 0.268993
vn 0.924939 -0.307519 0.223426
vn 0.000000 -0.809017 0.587785
vn 0.000000 -0.707107 0.707107
vn 0.924939 -0.223426 0.307520
vn 0.924817 -0.268993 0.268993
vn 0.000000 -0.707107 0.707107
vn 0.000000 -0.587785 0.809017
vn 0.650696 0.614318 -0.446328
vn 0.650667 0.676597 -0.344743
vn 0.924818 -0.338949 0.172702
vn 0.924939 -0.307519 0.223426
vn 0.650667 0.676597 -0.344743
vn 0.650697 0.722173 -0.234648
vn 0.924941 -0.361507 0.117461
vn 0.924818 -0.338949 0.172702
vn 0.924818 -0.338949 0.172702
vn 0.924941 -0.361507 0.117461
vn 0.000000 -0.951057 0.309017
vn 0.000000 -0.891007 0.453990
vn 0.924939 -0.307519 0.223426
vn 0.924818 -0.338949 0.172702
vn 0.000000 -0.891007 0.453990
vn 0.000000 -0.809017 0.587785
vn 0.650697 0.722173 -0.234648
vn 0.650668 0.750013 -0.118790
vn 0.924819 -0.375725 0.059509
vn 0.924941 -0.361507 0.117461
vn 0.650668 0.750013 -0.118790
vn 0.650696 0.759338 -0.000001
vn 0.924942 -0.380109 0.000000
vn 0.924819 -0.375725 0.059509
vn 0.924819 -0.375725 0.059509
vn 0.924942 -0.380109 0.000000
vn 0.000000 -1.000000 0.000001
vn 0.000000 -0.987688 0.156434
vn 0.924941 -0.361507 0.117461
vn 0.924819 -0.375725 0.059509
vn 0.000000 -0.987688 0.156434
vn 0.000000 -0.951057 0.309017
vn 0.650696 0.759338 -0.000001
vn 0.650667 0.750014 0.118789
vn 0.924818 -0.375726 -0.059508
vn 0.924942 -0.380109 0.000000
vn 0.650667 0.750014 0.118789
vn 0.650697 0.722173 0.234647
vn 0.924941 -0.361508 -0.117460
vn 0.924818 -0.375726 -0.059508
vn 0.924818 -0.375726 -0.059508
vn 0.924941 -0.361508 -0.117460
vn 0.000000 -0.951057 -0.309016
vn 0.000000 -0.987689 -0.156432
vn 0.924942 -0.380109 0.000000
vn 0.924818 -0.375726 -0.059508
vn 0.000000 -0.987689 -0.156432
vn 0.000000 -1.000000 0.000001
vn -0.076428 0.696407 0.713566
vn -0.680178 0.518342 0.518343
vn 0.456988 0.628951 0.628953
vn 0.929495 0.213807 0.300544
vn -0.680178 0.518342 0.518343
vn -0.076428 0.713565 0.696407
vn 0.929499 0.300542 0.213789
vn 0.456988 0.628951 0.628953
vn 0.456988 0.628951 0.628953
vn 0.929499 0.300542 0.213789
vn 0.650668 -0.536950 -0.536950
vn 0.650668 -0.536951 -0.536950
vn 0.929495 0.213807 0.300544
vn 0.456988 0.628951 0.628953
vn 0.650668 -0.536951 -0.536950
vn 0.650668 -0.536950 -0.536950
vn -0.076428 0.713565 0.696407
vn 0.981434 -0.161091 0.104102
vn 0.781496 -0.504635 -0.366890
vn 0.929499 0.300542 0.213789
vn 0.981434 -0.161091 0.104102
vn 0.650668 -0.344744 -0.676597
vn 0.986064 -0.152586 0.066293
vn 0.781496 -0.504635 -0.366890
vn 0.781496 -0.504635 -0.366890
vn 0.986064 -0.152586 0.066293
vn 0.614600 0.340559 0.711538
vn 0.754574 -0.480606 -0.446807
vn 0.929499 0.300542 0.213789
vn 0.781496 -0.504635 -0.366890
vn 0.754574 -0.480606 -0.446807
vn 0.650668 -0.536950 -0.536950
vn 0.650670 -0.676596 -0.344742
vn 0.981434 0.104100 -0.161092
vn 0.781495 -0.366889 -0.504636
vn 0.986064 0.066293 -0.152587
vn 0.981434 0.104100 -0.161092
vn -0.076428 0.696407 0.713566
vn 0.929495 0.213807 0.300544
vn 0.781495 -0.366889 -0.504636
vn 0.781495 -0.366889 -0.504636
vn 0.929495 0.213807 0.300544
vn 0.650668 -0.536950 -0.536950
vn 0.754573 -0.446808 -0.480607
vn 0.986064 0.066293 -0.152587
vn 0.781495 -0.366889 -0.504636
vn 0.754573 -0.446808 -0.480607
vn 0.614600 0.711539 0.340558
vn 0.000000 -0.951057 -0.309016
vn 0.000000 -0.891007 -0.453990
vn 0.481606 -0.780868 -0.397871
vn 0.478816 -0.834948 -0.271289
vn 0.000000 -0.891007 -0.453990
vn 0.000000 -0.809017 -0.587785
vn 0.478815 -0.710249 -0.516026
vn 0.481606 -0.780868 -0.397871
vn 0.481606 -0.780868 -0.397871
vn 0.478815 -0.710249 -0.516026
vn 0.952276 -0.246943 -0.179415
vn 0.941540 -0.300181 -0.152948
vn 0.478816 -0.834948 -0.271289
vn 0.481606 -0.780868 -0.397871
vn 0.941540 -0.300181 -0.152948
vn 0.952275 -0.290301 -0.094324
vn 0.000000 -0.809017 -0.587785
vn 0.000000 -0.707106 -0.707107
vn 0.481605 -0.619700 -0.619700
vn 0.478815 -0.710249 -0.516026
vn 0.000000 -0.707106 -0.707107
vn 0.000000 -0.587785 -0.809017
vn 0.478815 -0.516026 -0.710249
vn 0.481605 -0.619700 -0.619700
vn 0.481605 -0.619700 -0.619700
vn 0.478815 -0.516026 -0.710249
vn 0.952276 -0.179415 -0.246944
vn 0.941540 -0.238225 -0.238225
vn 0.478815 -0.710249 -0.516026
vn 0.481605 -0.619700 -0.619700
vn 0.941540 -0.238225 -0.238225
vn 0.952276 -0.246943 -0.179415
vn 0.000000 -0.587785 -0.809017
vn 0.000000 -0.453990 -0.891007
vn 0.481605 -0.397872 -0.780868
vn 0.478815 -0.516026 -0.710249
vn 0.000000 -0.453990 -0.891007
vn 0.000000 -0.309016 -0.951057
vn 0.478814 -0.271291 -0.834948
vn 0.481605 -0.397872 -0.780868
vn 0.481605 -0.397872 -0.780868
vn 0.478814 -0.271291 -0.834948
vn 0.952276 -0.094324 -0.290300
vn 0.941540 -0.152950 -0.300181
vn 0.478815 -0.516026 -0.710249
vn 0.481605 -0.397872 -0.780868
vn 0.941540 -0.152950 -0.300181
vn 0.952276 -0.179415 -0.246944
vn 0.000000 -0.309016 -0.951057
vn 0.000000 -0.156435 -0.987688
vn 0.481605 -0.137097 -0.865599
vn 0.478814 -0.271291 -0.834948
vn 0.000000 -0.156435 -0.987688
vn 0.000000 0.000000 -1.000000
vn 0.478815 0.000000 -0.877916
vn 0.481605 -0.137097 -0.865599
vn 0.481605 -0.137097 -0.865599
vn 0.478815 0.000000 -0.877916
vn 0.952276 0.000000 -0.305239
vn 0.941540 -0.052703 -0.332753
vn 0.478814 -0.271291 -0.834948
vn 0.481605 -0.137097 -0.865599
vn 0.941540 -0.052703 -0.332753
vn 0.952276 -0.094324 -0.290300
vn 0.000000 0.000000 -1.000000
vn 0.000000 0.156435 -0.987688
vn 0.481605 0.137097 -0.865599
vn 0.478815 0.000000 -0.877916
vn 0.000000 0.156435 -0.987688
vn 0.000000 0.309017 -0.951056
vn 0.478814 0.271291 -0.834948
vn 0.481605 0.137097 -0.865599
vn 0.481605 0.137097 -0.865599
vn 0.478814 0.271291 -0.834948
vn 0.952276 0.094324 -0.290300
vn 0.941540 0.052703 -0.332753
vn 0.478815 0.000000 -0.877916
vn 0.481605 0.137097 -0.865599
vn 0.941540 0.052703 -0.332753
vn 0.952276 0.000000 -0.305239
vn 0.000000 0.309017 -0.951056
vn 0.000000 0.453991 -0.891006
vn 0.481605 0.397872 -0.780867
vn 0.478814 0.271291 -0.834948
vn 0.000000 0.453991 -0.891006
vn 0.000000 0.587786 -0.809016
vn 0.478816 0.516026 -0.710248
vn 0.481605 0.397872 -0.780867
vn 0.481605 0.397872 -0.780867
vn 0.478816 0.516026 -0.710248
vn 0.952276 0.179415 -0.246944
vn 0.941540 0.152950 -0.300181
vn 0.478814 0.271291 -0.834948
vn 0.481605 0.397872 -0.780867
vn 0.941540 0.152950 -0.300181
vn 0.952276 0.094324 -0.290300
vn 0.000000 0.587786 -0.809016
vn 0.000000 0.707108 -0.707106
vn 0.481605 0.619701 -0.619700
vn 0.478816 0.516026 -0.710248
vn 0.000000 0.707108 -0.707106
vn 0.000000 0.809017 -0.587785
vn 0.478814 0.710250 -0.516026
vn 0.481605 0.619701 -0.619700
vn 0.481605 0.619701 -0.619700
vn 0.478814 0.710250 -0.516026
vn 0.952276 0.246944 -0.179415
vn 0.941540 0.238225 -0.238225
vn 0.478816 0.516026 -0.710248
vn 0.481605 0.619701 -0.619700
vn 0.941540 0.238225 -0.238225
vn 0.952276 0.179415 -0.246944
vn 0.000000 0.809017 -0.587785
vn 0.000000 0.891007 -0.453990
vn 0.481604 0.780868 -0.397872
vn 0.478814 0.710250 -0.516026
vn 0.000000 0.891007 -0.453990
vn 0.000000 0.951056 -0.309017
vn 0.478814 0.834948 -0.271291
vn 0.481604 0.780868 -0.397872
vn 0.481604 0.780868 -0.397872
vn 0.478814 0.834948 -0.271291
vn 0.952276 0.290300 -0.094324
vn 0.941540 0.300181 -0.152950
vn 0.478814 0.710250 -0.516026
vn 0.481604 0.780868 -0.397872
vn 0.941540 0.300181 -0.152950
vn 0.952276 0.246944 -0.179415
vn 0.000000 0.951056 -0.309017
vn 0.000000 0.987688 -0.156435
vn 0.481605 0.865599 -0.137098
vn 0.478814 0.834948 -0.271291
vn 0.000000 0.987688 -0.156435
vn 0.000000 1.000000 0.000000
vn 0.478815 0.877916 0.000000
vn 0.481605 0.865599 -0.137098
vn 0.481605 0.865599 -0.137098
vn 0.478815 0.877916 0.000000
vn 0.952276 0.305239 0.000000
vn 0.941540 0.332754 -0.052703
vn 0.478814 0.834948 -0.271291
vn 0.481605 0.865599 -0.137098
vn 0.941540 0.332754 -0.052703
vn 0.952276 0.290300 -0.094324
vn 0.000000 1.000000 0.000000
vn 0.000000 0.987688 0.156435
vn 0.481604 0.865599 0.137098
vn 0.478815 0.877916 0.000000
vn 0.000000 0.987688 0.156435
vn 0.000000 0.951056 0.309017
vn 0.478814 0.834948 0.271291
vn 0.481604 0.865599 0.137098
vn 0.481604 0.865599 0.137098
vn 0.478814 0.834948 0.271291
vn 0.952276 0.290300 0.094324
vn 0.941540 0.332754 0.052703
vn 0.478815 0.877916 0.000000
vn 0.481604 0.865599 0.137098
vn 0.941540 0.332754 0.052703
vn 0.952276 0.305239 0.000000
vn 0.000000 0.951056 0.309017
vn 0.073439 0.905672 0.417571
vn 0.498310 0.777529 0.383583
vn 0.478814 0.834948 0.271291
vn 0.073439 0.905672 0.417571
vn 0.614600 0.711539 0.340558
vn 0.541105 0.689996 0.480739
vn 0.498310 0.777529 0.383583
vn 0.498310 0.777529 0.383583
vn 0.541105 0.689996 0.480739
vn 0.952276 0.246944 0.179415
vn 0.941540 0.300181 0.152950
vn 0.478814 0.834948 0.271291
vn 0.498310 0.777529 0.383583
vn 0.941540 0.300181 0.152950
vn 0.952276 0.290300 0.094324
vn 0.614600 0.711539 0.340558
vn 0.890511 0.321707 0.321707
vn 0.572667 0.579678 0.579678
vn 0.541105 0.689996 0.480739
vn 0.890511 0.321707 0.321707
vn 0.614600 0.340559 0.711538
vn 0.541105 0.480740 0.689996
vn 0.572667 0.579678 0.579678
vn 0.572667 0.579678 0.579678
vn 0.541105 0.480740 0.689996
vn 0.952276 0.179415 0.246944
vn 0.941540 0.238225 0.238225
vn 0.541105 0.689996 0.480739
vn 0.572667 0.579678 0.579678
vn 0.941540 0.238225 0.238225
vn 0.952276 0.246944 0.179415
vn 0.614600 0.340559 0.711538
vn 0.073440 0.417572 0.905671
vn 0.498310 0.383584 0.777528
vn 0.541105 0.480740 0.689996
vn 0.073440 0.417572 0.905671
vn 0.000000 0.309017 0.951056
vn 0.478814 0.271292 0.834948
vn 0.498310 0.383584 0.777528
vn 0.498310 0.383584 0.777528
vn 0.478814 0.271292 0.834948
vn 0.952276 0.094324 0.290300
vn 0.941540 0.152950 0.300181
vn 0.541105 0.480740 0.689996
vn 0.498310 0.383584 0.777528
vn 0.941540 0.152950 0.300181
vn 0.952276 0.179415 0.246944
vn 0.000000 0.309017 0.951056
vn 0.000000 0.156435 0.987688
vn 0.481604 0.137098 0.865599
vn 0.478814 0.271292 0.834948
vn 0.000000 0.156435 0.987688
vn 0.000000 0.000000 1.000000
vn 0.478815 0.000000 0.877916
vn 0.481604 0.137098 0.865599
vn 0.481604 0.137098 0.865599
vn 0.478815 0.000000 0.877916
vn 0.952276 0.000000 0.305239
vn 0.941540 0.052703 0.332753
vn 0.478814 0.271292 0.834948
vn 0.481604 0.137098 0.865599
vn 0.941540 0.052703 0.332753
vn 0.952276 0.094324 0.290300
vn 0.000000 0.000000 1.000000
vn 0.000000 -0.156435 0.987688
vn 0.481604 -0.137098 0.865599
vn 0.478815 0.000000 0.877916
vn 0.000000 -0.156435 0.987688
vn 0.000000 -0.309017 0.951057
vn 0.478814 -0.271291 0.834948
vn 0.481604 -0.137098 0.865599
vn 0.481604 -0.137098 0.865599
vn 0.478814 -0.271291 0.834948
vn 0.952276 -0.094324 0.290300
vn 0.941540 -0.052703 0.332753
vn 0.478815 0.000000 0.877916
vn 0.481604 -0.137098 0.865599
vn 0.941540 -0.052703 0.332753
vn 0.952276 0.000000 0.305239
vn 0.000000 -0.309017 0.951057
vn 0.000000 -0.453990 0.891007
vn 0.481605 -0.397872 0.780868
vn 0.478814 -0.271291 0.834948
vn 0.000000 -0.453990 0.891007
vn 0.000000 -0.587785 0.809017
vn 0.478816 -0.516025 0.710248
vn 0.481605 -0.397872 0.780868
vn 0.481605 -0.397872 0.780868
vn 0.478816 -0.516025 0.710248
vn 0.952276 -0.179415 0.246943
vn 0.941540 -0.152950 0.300181
vn 0.478814 -0.271291 0.834948
vn 0.481605 -0.397872 0.780868
vn 0.941540 -0.152950 0.300181
vn 0.952276 -0.094324 0.290300
vn 0.000000 -0.587785 0.809017
vn 0.000000 -0.707107 0.707107
vn 0.481605 -0.619700 0.619700
vn 0.478816 -0.516025 0.710248
vn 0.000000 -0.707107 0.707107
vn 0.000000 -0.809017 0.587785
vn 0.478815 -0.710249 0.516026
vn 0.481605 -0.619700 0.619700
vn 0.481605 -0.619700 0.619700
vn 0.478815 -0.710249 0.516026
vn 0.952276 -0.246944 0.179415
vn 0.941540 -0.238225 0.238225
vn 0.478816 -0.516025 0.710248
vn 0.481605 -0.619700 0.619700
vn 0.941540 -0.238225 0.238225
vn 0.952276 -0.179415 0.246943
vn 0.000000 -0.809017 0.587785
vn 0.000000 -0.891007 0.453990
vn 0.481604 -0.780869 0.397871
vn 0.478815 -0.710249 0.516026
vn 0.000000 -0.891007 0.453990
vn 0.000000 -0.951057 0.309017
vn 0.478814 -0.834948 0.271291
vn 0.481604 -0.780869 0.397871
vn 0.481604 -0.780869 0.397871
vn 0.478814 -0.834948 0.271291
vn 0.952276 -0.290300 0.094324
vn 0.941540 -0.300182 0.152950
vn 0.478815 -0.710249 0.516026
vn 0.481604 -0.780869 0.397871
vn 0.941540 -0.300182 0.152950
vn 0.952276 -0.246944 0.179415
vn 0.000000 -0.951057 0.309017
vn 0.000000 -0.987688 0.156434
vn 0.481604 -0.865599 0.137097
vn 0.478814 -0.834948 0.271291
vn 0.000000 -0.987688 0.156434
vn 0.000000 -1.000000 0.000001
vn 0.478814 -0.877916 0.000001
vn 0.481604 -0.865599 0.137097
vn 0.481604 -0.865599 0.137097
vn 0.478814 -0.877916 0.000001
vn 0.952276 -0.305239 0.000000
vn 0.941540 -0.332754 0.052703
vn 0.478814 -0.834948 0.271291
vn 0.481604 -0.865599 0.137097
vn 0.941540 -0.332754 0.052703
vn 0.952276 -0.290300 0.094324
vn 0.000000 -1.000000 0.000001
vn 0.000000 -0.987689 -0.156432
vn 0.481605 -0.865599 -0.137096
vn 0.478814 -0.877916 0.000001
vn 0.000000 -0.987689 -0.156432
vn 0.000000 -0.951057 -0.309016
vn 0.478816 -0.834948 -0.271289
vn 0.481605 -0.865599 -0.137096
vn 0.481605 -0.865599 -0.137096
vn 0.478816 -0.834948 -0.271289
vn 0.952275 -0.290301 -0.094324
vn 0.941540 -0.332753 -0.052703
vn 0.478814 -0.877916 0.000001
vn 0.481605 -0.865599 -0.137096
vn 0.941540 -0.332753 -0.052703
vn 0.952276 -0.305239 0.000000
vn -0.023931 0.864519 -0.502030
vn -0.023931 0.864519 -0.502030
vn -0.023931 0.864519 -0.502030
vn -0.023931 0.864519 -0.502030
vn -0.110297 0.885571 -0.451220
vn -0.040240 0.944287 -0.326653
vn 0.000000 0.945338 -0.326091
vn 0.000000 0.891007 -0.453990
vn 0.000000 0.891007 -0.453990
vn 0.000000 0.945338 -0.326091
vn 0.040240 0.944287 -0.326653
vn 0.110296 0.885571 -0.451220
vn 0.000000 0.819470 -0.573121
vn 0.000000 0.891007 -0.453990
vn 0.110296 0.885571 -0.451220
vn 0.040240 0.819307 -0.571941
vn -0.046002 0.802989 -0.594216
vn 0.006383 0.707092 -0.707093
vn -0.128620 0.701233 -0.701234
vn -0.124075 0.723886 -0.678672
vn 0.006383 0.707092 -0.707093
vn -0.046002 0.594215 -0.802989
vn -0.124075 0.678670 -0.723887
vn -0.128620 0.701233 -0.701234
vn -0.128620 0.701233 -0.701234
vn -0.124075 0.678670 -0.723887
vn -0.851117 0.456007 -0.260112
vn -0.588608 0.571638 -0.571639
vn -0.124075 0.723886 -0.678672
vn -0.128620 0.701233 -0.701234
vn -0.588608 0.571638 -0.571639
vn -0.851117 0.260111 -0.456007
vn -0.040240 0.326654 -0.944287
vn -0.110296 0.451221 -0.885570
vn 0.000000 0.453991 -0.891006
vn 0.000000 0.326092 -0.945338
vn -0.110296 0.451221 -0.885570
vn -0.040240 0.571942 -0.819306
vn 0.000000 0.573123 -0.819470
vn 0.000000 0.453991 -0.891006
vn 0.000000 0.453991 -0.891006
vn 0.000000 0.573123 -0.819470
vn 0.040239 0.571942 -0.819306
vn 0.110296 0.451221 -0.885570
vn 0.000000 0.326092 -0.945338
vn 0.000000 0.453991 -0.891006
vn 0.110296 0.451221 -0.885570
vn 0.040240 0.326654 -0.944287
vn -0.046001 0.300360 -0.952716
vn 0.006383 0.156431 -0.987668
vn -0.128620 0.155135 -0.979485
vn -0.124074 0.186722 -0.974546
vn 0.006383 0.156431 -0.987668
vn -0.046002 0.008745 -0.998903
vn -0.124075 0.123566 -0.984549
vn -0.128620 0.155135 -0.979485
vn -0.128620 0.155135 -0.979485
vn -0.124075 0.123566 -0.984549
vn -0.851117 0.216027 -0.478469
vn -0.588608 0.126464 -0.798466
vn -0.124074 0.186722 -0.974546
vn -0.128620 0.155135 -0.979485
vn -0.588608 0.126464 -0.798466
vn -0.851117 -0.057600 -0.521807
vn -0.040240 -0.290769 -0.955947
vn -0.110297 -0.155480 -0.981662
vn 0.000000 -0.156434 -0.987688
vn 0.000000 -0.291841 -0.956467
vn -0.110297 -0.155480 -0.981662
vn -0.040240 -0.018865 -0.999012
vn 0.000000 -0.018006 -0.999838
vn 0.000000 -0.156434 -0.987688
vn 0.000000 -0.156434 -0.987688
vn 0.000000 -0.018006 -0.999838
vn 0.040240 -0.018865 -0.999012
vn 0.110297 -0.155480 -0.981662
vn 0.000000 -0.291841 -0.956467
vn 0.000000 -0.156434 -0.987688
vn 0.110297 -0.155480 -0.981662
vn 0.040240 -0.290769 -0.955947
vn -0.046002 -0.316995 -0.947311
vn 0.006383 -0.453981 -0.890988
vn -0.128620 -0.450219 -0.883606
vn -0.124075 -0.421762 -0.898177
vn 0.006383 -0.453981 -0.890988
vn -0.046002 -0.580065 -0.813270
vn -0.124075 -0.478735 -0.869148
vn -0.128620 -0.450219 -0.883606
vn -0.128620 -0.450219 -0.883606
vn -0.124075 -0.478735 -0.869148
vn -0.851117 -0.106467 -0.514067
vn -0.588608 -0.367014 -0.720306
vn -0.124075 -0.421762 -0.898177
vn -0.128620 -0.450219 -0.883606
vn -0.588608 -0.367014 -0.720306
vn -0.851116 -0.353310 -0.388295
vn -0.040240 -0.797129 -0.602467
vn -0.110297 -0.702793 -0.702792
vn 0.000000 -0.707107 -0.707106
vn 0.000000 -0.798302 -0.602257
vn -0.110297 -0.702793 -0.702792
vn -0.040240 -0.602468 -0.797128
vn 0.000000 -0.602258 -0.798301
vn 0.000000 -0.707107 -0.707106
vn 0.000000 -0.707107 -0.707106
vn 0.000000 -0.602258 -0.798301
vn 0.040240 -0.602468 -0.797128
vn 0.110297 -0.702793 -0.702792
vn 0.000000 -0.798302 -0.602257
vn 0.000000 -0.707107 -0.707106
vn 0.110297 -0.702793 -0.702792
vn 0.040240 -0.797129 -0.602467
vn -0.046002 -0.813270 -0.580065
vn 0.006382 -0.890989 -0.453981
vn -0.128620 -0.883606 -0.450219
vn -0.124074 -0.869148 -0.478735
vn 0.006382 -0.890989 -0.453981
vn -0.046002 -0.947311 -0.316995
vn -0.124075 -0.898178 -0.421761
vn -0.128620 -0.883606 -0.450219
vn -0.128620 -0.883606 -0.450219
vn -0.124075 -0.898178 -0.421761
vn -0.851117 -0.388295 -0.353309
vn -0.588607 -0.720307 -0.367014
vn -0.124074 -0.869148 -0.478735
vn -0.128620 -0.883606 -0.450219
vn -0.588607 -0.720307 -0.367014
vn -0.851116 -0.514068 -0.106467
vn -0.040240 -0.999012 -0.018866
vn -0.110296 -0.981662 -0.155480
vn 0.000000 -0.987688 -0.156435
vn 0.000000 -0.999838 -0.018007
vn -0.110296 -0.981662 -0.155480
vn -0.040239 -0.955947 -0.290770
vn 0.000000 -0.956467 -0.291842
vn 0.000000 -0.987688 -0.156435
vn 0.000000 -0.987688 -0.156435
vn 0.000000 -0.956467 -0.291842
vn 0.040240 -0.955947 -0.290769
vn 0.110296 -0.981662 -0.155480
vn 0.000000 -0.999838 -0.018007
vn 0.000000 -0.987688 -0.156435
vn 0.110296 -0.981662 -0.155480
vn 0.040240 -0.999012 -0.018866
vn -0.046002 -0.998903 0.008746
vn 0.006383 -0.987668 0.156431
vn -0.128620 -0.979485 0.155135
vn -0.124074 -0.984549 0.123568
vn 0.006383 -0.987668 0.156431
vn -0.046002 -0.952716 0.300360
vn -0.124074 -0.974546 0.186723
vn -0.128620 -0.979485 0.155135
vn -0.128620 -0.979485 0.155135
vn -0.124074 -0.974546 0.186723
vn -0.851116 -0.521808 -0.057599
vn -0.588607 -0.798466 0.126465
vn -0.124074 -0.984549 0.123568
vn -0.128620 -0.979485 0.155135
vn -0.588607 -0.798466 0.126465
vn -0.851116 -0.478469 0.216028
vn -0.040240 -0.819307 0.571941
vn -0.110297 -0.885570 0.451220
vn 0.000000 -0.891007 0.453990
vn 0.000000 -0.819470 0.573122
vn -0.110297 -0.885570 0.451220
vn -0.040240 -0.944287 0.326654
vn 0.000000 -0.945338 0.326092
vn 0.000000 -0.891007 0.453990
vn 0.000000 -0.891007 0.453990
vn 0.000000 -0.945338 0.326092
vn 0.040240 -0.944287 0.326654
vn 0.110296 -0.885571 0.451220
vn 0.000000 -0.819470 0.573122
vn 0.000000 -0.891007 0.453990
vn 0.110296 -0.885571 0.451220
vn 0.040240 -0.819307 0.571942
vn -0.046001 -0.802989 0.594215
vn 0.006382 -0.707092 0.707093
vn -0.128620 -0.701233 0.701234
vn -0.124075 -0.723886 0.678671
vn 0.006382 -0.707092 0.707093
vn -0.046002 -0.594215 0.802990
vn -0.124074 -0.678671 0.723887
vn -0.128620 -0.701233 0.701234
vn -0.128620 -0.701233 0.701234
vn -0.124074 -0.678671 0.723887
vn -0.851116 -0.456007 0.260112
vn -0.588607 -0.571639 0.571639
vn -0.124075 -0.723886 0.678671
vn -0.128620 -0.701233 0.701234
vn -0.588607 -0.571639 0.571639
vn -0.851116 -0.260112 0.456007
vn -0.040240 -0.326654 0.944287
vn -0.110297 -0.451220 0.885570
vn 0.000000 -0.453990 0.891007
vn 0.000000 -0.326092 0.945338
vn -0.110297 -0.451220 0.885570
vn -0.040240 -0.571941 0.819307
vn 0.000000 -0.573122 0.819470
vn 0.000000 -0.453990 0.891007
vn 0.000000 -0.453990 0.891007
vn 0.000000 -0.573122 0.819470
vn 0.040240 -0.571942 0.819307
vn 0.110297 -0.451220 0.885570
vn 0.000000 -0.326092 0.945338
vn 0.000000 -0.453990 0.891007
vn 0.110297 -0.451220 0.885570
vn 0.040240 -0.326654 0.944287
vn -0.046002 -0.300361 0.952716
vn 0.006383 -0.156431 0.987668
vn -0.128620 -0.155135 0.979485
vn -0.124074 -0.186723 0.974546
vn 0.006383 -0.156431 0.987668
vn -0.046002 -0.008746 0.998903
vn -0.124074 -0.123568 0.984549
vn -0.128620 -0.155135 0.979485
vn -0.128620 -0.155135 0.979485
vn -0.124074 -0.123568 0.984549
vn -0.851117 -0.216028 0.478469
vn -0.588608 -0.126465 0.798466
vn -0.124074 -0.186723 0.974546
vn -0.128620 -0.155135 0.979485
vn -0.588608 -0.126465 0.798466
vn -0.851117 0.057599 0.521807
vn -0.040240 0.290770 0.955947
vn -0.110297 0.155480 0.981662
vn 0.000000 0.156434 0.987688
vn 0.000000 0.291842 0.956466
vn -0.110297 0.155480 0.981662
vn -0.040240 0.018866 0.999012
vn 0.000000 0.018007 0.999838
vn 0.000000 0.156434 0.987688
vn 0.000000 0.156434 0.987688
vn 0.000000 0.018007 0.999838
vn 0.040240 0.018867 0.999012
vn 0.110297 0.155480 0.981662
vn 0.000000 0.291842 0.956466
vn 0.000000 0.156434 0.987688
vn 0.110297 0.155480 0.981662
vn 0.040240 0.290770 0.955947
vn -0.046002 0.316995 0.947311
vn 0.006383 0.453981 0.890989
vn -0.128620 0.450219 0.883606
vn -0.124075 0.421761 0.898178
vn 0.006383 0.453981 0.890989
vn -0.046002 0.580065 0.813270
vn -0.124075 0.478735 0.869148
vn -0.128620 0.450219 0.883606
vn -0.128620 0.450219 0.883606
vn -0.124075 0.478735 0.869148
vn -0.851116 0.106467 0.514068
vn -0.588608 0.367014 0.720307
vn -0.124075 0.421761 0.898178
vn -0.128620 0.450219 0.883606
vn -0.588608 0.367014 0.720307
vn -0.851116 0.353309 0.388296
vn -0.040240 0.797129 0.602466
vn -0.110296 0.702793 0.702792
vn 0.000000 0.707107 0.707107
vn 0.000000 0.798302 0.602257
vn -0.110296 0.702793 0.702792
vn -0.040240 0.602467 0.797128
vn 0.000000 0.602258 0.798301
vn 0.000000 0.707107 0.707107
vn 0.000000 0.707107 0.707107
vn 0.000000 0.602258 0.798301
vn 0.040240 0.602468 0.797128
vn 0.110296 0.702793 0.702792
vn 0.000000 0.798302 0.602257
vn 0.000000 0.707107 0.707107
vn 0.110296 0.702793 0.702792
vn 0.040240 0.797129 0.602466
vn -0.046002 0.813271 0.580065
vn 0.006383 0.890988 0.453981
vn -0.128620 0.883606 0.450220
vn -0.124074 0.869149 0.478734
vn 0.006383 0.890988 0.453981
vn -0.046002 0.947311 0.316996
vn -0.124075 0.898177 0.421762
vn -0.128620 0.883606 0.450220
vn -0.128620 0.883606 0.450220
vn -0.124075 0.898177 0.421762
vn -0.851117 0.388295 0.353310
vn -0.588607 0.720307 0.367014
vn -0.124074 0.869149 0.478734
vn -0.128620 0.883606 0.450220
vn -0.588607 0.720307 0.367014
vn -0.851116 0.514068 0.106466
vn -0.040240 0.999012 0.018867
vn -0.110296 0.981662 0.155481
vn 0.000000 0.987688 0.156436
vn 0.000000 0.999838 0.018008
vn -0.110296 0.981662 0.155481
vn -0.040240 0.955947 0.290770
vn 0.000000 0.956467 0.291842
vn 0.000000 0.987688 0.156436
vn 0.000000 0.987688 0.156436
vn 0.000000 0.956467 0.291842
vn 0.040240 0.955947 0.290770
vn 0.110296 0.981662 0.155481
vn 0.000000 0.999838 0.018008
vn 0.000000 0.987688 0.156436
vn 0.110296 0.981662 0.155481
vn 0.040240 0.999012 0.018867
vn -0.046001 0.998903 -0.008744
vn 0.006383 0.987669 -0.156429
vn -0.128620 0.979485 -0.155133
vn -0.124075 0.984549 -0.123566
vn 0.006383 0.987669 -0.156429
vn -0.046002 0.952716 -0.300359
vn -0.124075 0.974546 -0.186721
vn -0.128620 0.979485 -0.155133
vn -0.128620 0.979485 -0.155133
vn -0.124075 0.974546 -0.186721
vn -0.851117 0.521807 0.057601
vn -0.588608 0.798466 -0.126463
vn -0.124075 0.984549 -0.123566
vn -0.128620 0.979485 -0.155133
vn -0.588608 0.798466 -0.126463
vn -0.851117 0.478469 -0.216027
vn 0.974624 0.181097 -0.131575
vn 0.968433 0.222106 -0.113169
vn 0.999111 0.037552 -0.019134
vn 0.999901 0.011367 -0.008259
vn 0.974624 0.212892 -0.069173
vn 0.999901 0.013363 -0.004342
vn 0.999111 0.037552 -0.019134
vn 0.968433 0.222106 -0.113169
vn 1.000000 0.000000 0.000000
vn 0.999901 0.011367 -0.008259
vn 0.999111 0.037552 -0.019134
vn 0.999901 0.013363 -0.004342
vn 0.974624 0.131575 -0.181097
vn 0.968432 0.176265 -0.176265
vn 0.999112 0.029801 -0.029801
vn 0.999901 0.008259 -0.011367
vn 0.974624 0.181097 -0.131575
vn 0.999901 0.011367 -0.008259
vn 0.999112 0.029801 -0.029801
vn 0.968432 0.176265 -0.176265
vn 1.000000 0.000000 0.000000
vn 0.999901 0.008259 -0.011367
vn 0.999112 0.029801 -0.029801
vn 0.999901 0.011367 -0.008259
vn 0.974624 0.069173 -0.212892
vn 0.968433 0.113169 -0.222106
vn 0.999111 0.019134 -0.037552
vn 0.999901 0.004342 -0.013363
vn 0.974624 0.131575 -0.181097
vn 0.999901 0.008259 -0.011367
vn 0.999111 0.019134 -0.037552
vn 0.968433 0.113169 -0.222106
vn 1.000000 0.000000 0.000000
vn 0.999901 0.004342 -0.013363
vn 0.999111 0.019134 -0.037552
vn 0.999901 0.008259 -0.011367
vn 0.974624 0.000000 -0.223848
vn 0.968433 0.038995 -0.246207
vn 0.999112 0.006593 -0.041626
vn 0.999901 0.000000 -0.014051
vn 0.974624 0.069173 -0.212892
vn 0.999901 0.004342 -0.013363
vn 0.999112 0.006593 -0.041626
vn 0.968433 0.038995 -0.246207
vn 1.000000 0.000000 0.000000
vn 0.999901 0.000000 -0.014051
vn 0.999112 0.006593 -0.041626
vn 0.999901 0.004342 -0.013363
vn 0.974624 -0.069173 -0.212892
vn 0.968433 -0.038995 -0.246207
vn 0.999112 -0.006593 -0.041626
vn 0.999901 -0.004342 -0.013363
vn 0.974624 0.000000 -0.223848
vn 0.999901 0.000000 -0.014051
vn 0.999112 -0.006593 -0.041626
vn 0.968433 -0.038995 -0.246207
vn 1.000000 0.000000 0.000000
vn 0.999901 -0.004342 -0.013363
vn 0.999112 -0.006593 -0.041626
vn 0.999901 0.000000 -0.014051
vn 0.974624 -0.131575 -0.181097
vn 0.968432 -0.113169 -0.222107
vn 0.999111 -0.019134 -0.037552
vn 0.999901 -0.008259 -0.011367
vn 0.974624 -0.069173 -0.212892
vn 0.999901 -0.004342 -0.013363
vn 0.999111 -0.019134 -0.037552
vn 0.968432 -0.113169 -0.222107
vn 1.000000 0.000000 0.000000
vn 0.999901 -0.008259 -0.011367
vn 0.999111 -0.019134 -0.037552
vn 0.999901 -0.004342 -0.013363
vn 0.974624 -0.181097 -0.131575
vn 0.968432 -0.176265 -0.176265
vn 0.999112 -0.029801 -0.029801
vn 0.999901 -0.011367 -0.008259
vn 0.974624 -0.131575 -0.181097
vn 0.999901 -0.008259 -0.011367
vn 0.999112 -0.029801 -0.029801
vn 0.968432 -0.176265 -0.176265
vn 1.000000 0.000000 0.000000
vn 0.999901 -0.011367 -0.008259
vn 0.999112 -0.029801 -0.029801
vn 0.999901 -0.008259 -0.011367
vn 0.974624 -0.212893 -0.069173
vn 0.968432 -0.222107 -0.113169
vn 0.999111 -0.037552 -0.019134
vn 0.999901 -0.013363 -0.004342
vn 0.974624 -0.181097 -0.131575
vn 0.999901 -0.011367 -0.008259
vn 0.999111 -0.037552 -0.019134
vn 0.968432 -0.222107 -0.113169
vn 1.000000 0.000000 0.000000
vn 0.999901 -0.013363 -0.004342
vn 0.999111 -0.037552 -0.019134
vn 0.999901 -0.011367 -0.008259
vn 0.974624 -0.223848 0.000000
vn 0.968432 -0.246207 -0.038995
vn 0.999112 -0.041626 -0.006593
vn 0.999901 -0.014050 0.000000
vn 0.974624 -0.212893 -0.069173
vn 0.999901 -0.013363 -0.004342
vn 0.999112 -0.041626 -0.006593
vn 0.968432 -0.246207 -0.038995
vn 1.000000 0.000000 0.000000
vn 0.999901 -0.014050 0.000000
vn 0.999112 -0.041626 -0.006593
vn 0.999901 -0.013363 -0.004342
vn 0.974624 -0.212892 0.069173
vn 0.968432 -0.246207 0.038995
vn 0.999112 -0.041626 0.006593
vn 0.999901 -0.013363 0.004342
vn 0.974624 -0.223848 0.000000
vn 0.999901 -0.014050 0.000000
vn 0.999112 -0.041626 0.006593
vn 0.968432 -0.246207 0.038995
vn 1.000000 0.000000 0.000000
vn 0.999901 -0.013363 0.004342
vn 0.999112 -0.041626 0.006593
vn 0.999901 -0.014050 0.000000
vn 0.974624 -0.181097 0.131575
vn 0.968433 -0.222106 0.113169
vn 0.999111 -0.037552 0.019134
vn 0.999901 -0.011367 0.008259
vn 0.974624 -0.212892 0.069173
vn 0.999901 -0.013363 0.004342
vn 0.999111 -0.037552 0.019134
vn 0.968433 -0.222106 0.113169
vn 1.000000 0.000000 0.000000
vn 0.999901 -0.011367 0.008259
vn 0.999111 -0.037552 0.019134
vn 0.999901 -0.013363 0.004342
vn 0.974624 -0.131575 0.181097
vn 0.968433 -0.176264 0.176265
vn 0.999112 -0.029801 0.029801
vn 0.999901 -0.008259 0.011367
vn 0.974624 -0.181097 0.131575
vn 0.999901 -0.011367 0.008259
vn 0.999112 -0.029801 0.029801
vn 0.968433 -0.176264 0.176265
vn 1.000000 0.000000 0.000000
vn 0.999901 -0.008259 0.011367
vn 0.999112 -0.029801 0.029801
vn 0.999901 -0.011367 0.008259
vn 0.974624 -0.069173 0.212892
vn 0.968432 -0.113169 0.222107
vn 0.999111 -0.019134 0.037552
vn 0.999901 -0.004342 0.013363
vn 0.974624 -0.131575 0.181097
vn 0.999901 -0.008259 0.011367
vn 0.999111 -0.019134 0.037552
vn 0.968432 -0.113169 0.222107
vn 1.000000 0.000000 0.000000
vn 0.999901 -0.004342 0.013363
vn 0.999111 -0.019134 0.037552
vn 0.999901 -0.008259 0.011367
vn 0.974624 0.000000 0.223848
vn 0.968432 -0.038995 0.246207
vn 0.999112 -0.006593 0.041626
vn 0.999901 0.000000 0.014051
vn 0.974624 -0.069173 0.212892
vn 0.999901 -0.004342 0.013363
vn 0.999112 -0.006593 0.041626
vn 0.968432 -0.038995 0.246207
vn 1.000000 0.000000 0.000000
vn 0.999901 0.000000 0.014051
vn 0.999112 -0.006593 0.041626
vn 0.999901 -0.004342 0.013363
vn 0.974624 0.069173 0.212892
vn 0.968432 0.038995 0.246207
vn 0.999112 0.006593 0.041626
vn 0.999901 0.004342 0.013363
vn 0.974624 0.000000 0.223848
vn 0.999901 0.000000 0.014051
vn 0.999112 0.006593 0.041626
vn 0.968432 0.038995 0.246207
vn 1.000000 0.000000 0.000000
vn 0.999901 0.004342 0.013363
vn 0.999112 0.006593 0.041626
vn 0.999901 0.000000 0.014051
vn 0.974624 0.131575 0.181097
vn 0.968432 0.113169 0.222107
vn 0.999111 0.019133 0.037552
vn 0.999901 0.008259 0.011367
vn 0.974624 0.069173 0.212892
vn 0.999901 0.004342 0.013363
vn 0.999111 0.019133 0.037552
vn 0.968432 0.113169 0.222107
vn 1.000000 0.000000 0.000000
vn 0.999901 0.008259 0.011367
vn 0.999111 0.019133 0.037552
vn 0.999901 0.004342 0.013363
vn 0.974624 0.181097 0.131575
vn 0.968432 0.176265 0.176265
vn 0.999112 0.029801 0.029801
vn 0.999901 0.011367 0.008259
vn 0.974624 0.131575 0.181097
vn 0.999901 0.008259 0.011367
vn 0.999112 0.029801 0.029801
vn 0.968432 0.176265 0.176265
vn 1.000000 0.000000 0.000000
vn 0.999901 0.011367 0.008259
vn 0.999112 0.029801 0.029801
vn 0.999901 0.008259 0.011367
vn 0.974624 0.212892 0.069173
vn 0.968433 0.222106 0.113169
vn 0.999111 0.037552 0.019134
vn 0.999901 0.013363 0.004342
vn 0.974624 0.181097 0.131575
vn 0.999901 0.011367 0.008259
vn 0.999111 0.037552 0.019134
vn 0.968433 0.222106 0.113169
vn 1.000000 0.000000 0.000000
vn 0.999901 0.013363 0.004342
vn 0.999111 0.037552 0.019134
vn 0.999901 0.011367 0.008259
vn 0.974624 0.223848 0.000000
vn 0.968433 0.246207 0.038995
vn 0.999112 0.041626 0.006593
vn 0.999901 0.014050 0.000000
vn 0.974624 0.212892 0.069173
vn 0.999901 0.013363 0.004342
vn 0.999112 0.041626 0.006593
vn 0.968433 0.246207 0.038995
vn 1.000000 0.000000 0.000000
vn 0.999901 0.014050 0.000000
vn 0.999112 0.041626 0.006593
vn 0.999901 0.013363 0.004342
vn 0.974624 0.212892 -0.069173
vn 0.968433 0.246207 -0.038995
vn 0.999112 0.041626 -0.006593
vn 0.999901 0.013363 -0.004342
vn 0.974624 0.223848 0.000000
vn 0.999901 0.014050 0.000000
vn 0.999112 0.041626 -0.006593
vn 0.968433 0.246207 -0.038995
vn 1.000000 0.000000 0.000000
vn 0.999901 0.013363 -0.004342
vn 0.999112 0.041626 -0.006593
vn 0.999901 0.014050 0.000000
vn -0.851117 0.521807 0.057601
vn -0.990216 0.124333 -0.063351
vn -0.998748 0.044576 -0.022713
vn -0.998596 0.048257 0.021870
vn -0.851117 0.260111 -0.456007
vn -0.998595 0.010671 -0.051896
vn -0.998748 0.044576 -0.022713
vn -0.990216 0.124333 -0.063351
vn -1.000000 0.000000 0.000000
vn -0.998596 0.048257 0.021870
vn -0.998748 0.044576 -0.022713
vn -0.998595 0.010671 -0.051896
vn -0.851117 0.260111 -0.456007
vn -0.588608 0.571638 -0.571639
vn -0.987913 0.109609 -0.109610
vn -0.998595 0.010671 -0.051896
vn -0.851117 0.456007 -0.260112
vn -0.998596 0.051896 -0.010671
vn -0.987913 0.109609 -0.109610
vn -0.588608 0.571638 -0.571639
vn -1.000000 0.000000 0.000000
vn -0.998595 0.010671 -0.051896
vn -0.987913 0.109609 -0.109610
vn -0.998596 0.051896 -0.010671
vn -0.851117 0.456007 -0.260112
vn -0.990216 0.063351 -0.124333
vn -0.998748 0.022713 -0.044576
vn -0.998596 0.051896 -0.010671
vn -0.851117 -0.057600 -0.521807
vn -0.998596 -0.021870 -0.048257
vn -0.998748 0.022713 -0.044576
vn -0.990216 0.063351 -0.124333
vn -1.000000 0.000000 0.000000
vn -0.998596 0.051896 -0.010671
vn -0.998748 0.022713 -0.044576
vn -0.998596 -0.021870 -0.048257
vn -0.851117 -0.057600 -0.521807
vn -0.588608 0.126464 -0.798466
vn -0.987913 0.024249 -0.153103
vn -0.998596 -0.021870 -0.048257
vn -0.851117 0.216027 -0.478469
vn -0.998596 0.035712 -0.039137
vn -0.987913 0.024249 -0.153103
vn -0.588608 0.126464 -0.798466
vn -1.000000 0.000000 0.000000
vn -0.998596 -0.021870 -0.048257
vn -0.987913 0.024249 -0.153103
vn -0.998596 0.035712 -0.039137
vn -0.851117 0.216027 -0.478469
vn -0.990216 -0.021829 -0.137824
vn -0.998748 -0.007826 -0.049413
vn -0.998596 0.035712 -0.039137
vn -0.851116 -0.353310 -0.388295
vn -0.998596 -0.046058 -0.026185
vn -0.998748 -0.007826 -0.049413
vn -0.990216 -0.021829 -0.137824
vn -1.000000 0.000000 0.000000
vn -0.998596 0.035712 -0.039137
vn -0.998748 -0.007826 -0.049413
vn -0.998596 -0.046058 -0.026185
vn -0.851116 -0.353310 -0.388295
vn -0.588608 -0.367014 -0.720306
vn -0.987913 -0.070374 -0.138116
vn -0.998596 -0.046058 -0.026185
vn -0.851117 -0.106467 -0.514067
vn -0.998596 0.005888 -0.052653
vn -0.987913 -0.070374 -0.138116
vn -0.588608 -0.367014 -0.720306
vn -1.000000 0.000000 0.000000
vn -0.998596 -0.046058 -0.026185
vn -0.987913 -0.070374 -0.138116
vn -0.998596 0.005888 -0.052653
vn -0.851117 -0.106467 -0.514067
vn -0.990216 -0.098671 -0.098671
vn -0.998748 -0.035376 -0.035376
vn -0.998596 0.005888 -0.052653
vn -0.851116 -0.514068 -0.106467
vn -0.998596 -0.052653 0.005888
vn -0.998748 -0.035376 -0.035376
vn -0.990216 -0.098671 -0.098671
vn -1.000000 0.000000 0.000000
vn -0.998596 0.005888 -0.052653
vn -0.998748 -0.035376 -0.035376
vn -0.998596 -0.052653 0.005888
vn -0.851116 -0.514068 -0.106467
vn -0.588607 -0.720307 -0.367014
vn -0.987913 -0.138116 -0.070374
vn -0.998596 -0.052653 0.005888
vn -0.851117 -0.388295 -0.353309
vn -0.998596 -0.026185 -0.046058
vn -0.987913 -0.138116 -0.070374
vn -0.588607 -0.720307 -0.367014
vn -1.000000 0.000000 0.000000
vn -0.998596 -0.052653 0.005888
vn -0.987913 -0.138116 -0.070374
vn -0.998596 -0.026185 -0.046058
vn -0.851117 -0.388295 -0.353309
vn -0.990216 -0.137825 -0.021829
vn -0.998748 -0.049414 -0.007826
vn -0.998596 -0.026185 -0.046058
vn -0.851116 -0.478469 0.216028
vn -0.998595 -0.039137 0.035712
vn -0.998748 -0.049414 -0.007826
vn -0.990216 -0.137825 -0.021829
vn -1.000000 0.000000 0.000000
vn -0.998596 -0.026185 -0.046058
vn -0.998748 -0.049414 -0.007826
vn -0.998595 -0.039137 0.035712
vn -0.851116 -0.478469 0.216028
vn -0.588607 -0.798466 0.126465
vn -0.987913 -0.153103 0.024249
vn -0.998595 -0.039137 0.035712
vn -0.851116 -0.521808 -0.057599
vn -0.998595 -0.048257 -0.021870
vn -0.987913 -0.153103 0.024249
vn -0.588607 -0.798466 0.126465
vn -1.000000 0.000000 0.000000
vn -0.998595 -0.039137 0.035712
vn -0.987913 -0.153103 0.024249
vn -0.998595 -0.048257 -0.021870
vn -0.851116 -0.521808 -0.057599
vn -0.990216 -0.124333 0.063351
vn -0.998748 -0.044577 0.022713
vn -0.998595 -0.048257 -0.021870
vn -0.851116 -0.260112 0.456007
vn -0.998596 -0.010671 0.051896
vn -0.998748 -0.044577 0.022713
vn -0.990216 -0.124333 0.063351
vn -1.000000 0.000000 0.000000
vn -0.998595 -0.048257 -0.021870
vn -0.998748 -0.044577 0.022713
vn -0.998596 -0.010671 0.051896
vn -0.851116 -0.260112 0.456007
vn -0.588607 -0.571639 0.571639
vn -0.987913 -0.109610 0.109610
vn -0.998596 -0.010671 0.051896
vn -0.851116 -0.456007 0.260112
vn -0.998596 -0.051896 0.010671
vn -0.987913 -0.109610 0.109610
vn -0.588607 -0.571639 0.571639
vn -1.000000 0.000000 0.000000
vn -0.998596 -0.010671 0.051896
vn -0.987913 -0.109610 0.109610
vn -0.998596 -0.051896 0.010671
vn -0.851116 -0.456007 0.260112
vn -0.990216 -0.063351 0.124333
vn -0.998748 -0.022713 0.044577
vn -0.998596 -0.051896 0.010671
vn -0.851117 0.057599 0.521807
vn -0.998596 0.021870 0.048257
vn -0.998748 -0.022713 0.044577
vn -0.990216 -0.063351 0.124333
vn -1.000000 0.000000 0.000000
vn -0.998596 -0.051896 0.010671
vn -0.998748 -0.022713 0.044577
vn -0.998596 0.021870 0.048257
vn -0.851117 0.057599 0.521807
vn -0.588608 -0.126465 0.798466
vn -0.987913 -0.024249 0.153103
vn -0.998596 0.021870 0.048257
vn -0.851117 -0.216028 0.478469
vn -0.998596 -0.035712 0.039137
vn -0.987913 -0.024249 0.153103
vn -0.588608 -0.126465 0.798466
vn -1.000000 0.000000 0.000000
vn -0.998596 0.021870 0.048257
vn -0.987913 -0.024249 0.153103
vn -0.998596 -0.035712 0.039137
vn -0.851117 -0.216028 0.478469
vn -0.990216 0.021829 0.137824
vn -0.998748 0.007826 0.049414
vn -0.998596 -0.035712 0.039137
vn -0.851116 0.353309 0.388296
vn -0.998596 0.046058 0.026185
vn -0.998748 0.007826 0.049414
vn -0.990216 0.021829 0.137824
vn -1.000000 0.000000 0.000000
vn -0.998596 -0.035712 0.039137
vn -0.998748 0.007826 0.049414
vn -0.998596 0.046058 0.026185
vn -0.851116 0.353309 0.388296
vn -0.588608 0.367014 0.720307
vn -0.987913 0.070374 0.138116
vn -0.998596 0.046058 0.026185
vn -0.851116 0.106467 0.514068
vn -0.998596 -0.005888 0.052653
vn -0.987913 0.070374 0.138116
vn -0.588608 0.367014 0.720307
vn -1.000000 0.000000 0.000000
vn -0.998596 0.046058 0.026185
vn -0.987913 0.070374 0.138116
vn -0.998596 -0.005888 0.052653
vn -0.851116 0.106467 0.514068
vn -0.990216 0.098672 0.098671
vn -0.998748 0.035376 0.035376
vn -0.998596 -0.005888 0.052653
vn -0.851116 0.514068 0.106466
vn -0.998596 0.052653 -0.005888
vn -0.998748 0.035376 0.035376
vn -0.990216 0.098672 0.098671
vn -1.000000 0.000000 0.000000
vn -0.998596 -0.005888 0.052653
vn -0.998748 0.035376 0.035376
vn -0.998596 0.052653 -0.005888
vn -0.851116 0.514068 0.106466
vn -0.588607 0.720307 0.367014
vn -0.987913 0.138116 0.070374
vn -0.998596 0.052653 -0.005888
vn -0.851117 0.388295 0.353310
vn -0.998596 0.026185 0.046058
vn -0.987913 0.138116 0.070374
vn -0.588607 0.720307 0.367014
vn -1.000000 0.000000 0.000000
vn -0.998596 0.052653 -0.005888
vn -0.987913 0.138116 0.070374
vn -0.998596 0.026185 0.046058
vn -0.851117 0.388295 0.353310
vn -0.990216 0.137824 0.021829
vn -0.998748 0.049413 0.007826
vn -0.998596 0.026185 0.046058
vn -0.851117 0.478469 -0.216027
vn -0.998596 0.039137 -0.035712
vn -0.998748 0.049413 0.007826
vn -0.990216 0.137824 0.021829
vn -1.000000 0.000000 0.000000
vn -0.998596 0.026185 0.046058
vn -0.998748 0.049413 0.007826
vn -0.998596 0.039137 -0.035712
vn -0.851117 0.478469 -0.216027
vn -0.588608 0.798466 -0.126463
vn -0.987913 0.153103 -0.024249
vn -0.998596 0.039137 -0.035712
vn -0.851117 0.521807 0.057601
vn -0.998596 0.048257 0.021870
vn -0.987913 0.153103 -0.024249
vn -0.588608 0.798466 -0.126463
vn -1.000000 0.000000 0.000000
vn -0.998596 0.039137 -0.035712
vn -0.987913 0.153103 -0.024249
vn -0.998596 0.048257 0.021870
vn -0.046002 0.802989 -0.594216
vn 0.361777 0.830654 -0.423239
vn 0.399582 0.714387 -0.574444
vn 0.361777 0.830654 -0.423239
vn -0.046002 0.952716 -0.300359
vn 0.399582 0.884642 -0.240299
vn 0.361777 0.830654 -0.423239
vn 0.399582 0.884642 -0.240299
vn 0.678073 -0.698921 0.227434
vn 0.675314 -0.657145 0.334831
vn 0.399582 0.714387 -0.574444
vn 0.361777 0.830654 -0.423239
vn 0.675314 -0.657145 0.334831
vn 0.678075 -0.594813 0.431755
vn -0.046002 0.594215 -0.802989
vn 0.006383 0.707092 -0.707093
vn 0.269488 0.680946 -0.680947
vn 0.399580 0.574444 -0.714388
vn 0.006383 0.707092 -0.707093
vn -0.046002 0.802989 -0.594216
vn 0.399582 0.714387 -0.574444
vn 0.269488 0.680946 -0.680947
vn 0.269488 0.680946 -0.680947
vn 0.399582 0.714387 -0.574444
vn 0.678075 -0.594813 0.431755
vn 0.680656 -0.518029 0.518029
vn 0.399580 0.574444 -0.714388
vn 0.269488 0.680946 -0.680947
vn 0.680656 -0.518029 0.518029
vn 0.678074 -0.431755 0.594813
vn -0.046001 0.300360 -0.952716
vn 0.361778 0.423238 -0.830654
vn 0.399580 0.240301 -0.884642
vn 0.361778 0.423238 -0.830654
vn -0.046002 0.594215 -0.802989
vn 0.399580 0.574444 -0.714388
vn 0.361778 0.423238 -0.830654
vn 0.399580 0.574444 -0.714388
vn 0.678074 -0.431755 0.594813
vn 0.675313 -0.334832 0.657145
vn 0.399580 0.240301 -0.884642
vn 0.361778 0.423238 -0.830654
vn 0.675313 -0.334832 0.657145
vn 0.678074 -0.227434 0.698920
vn -0.046002 0.008745 -0.998903
vn 0.006383 0.156431 -0.987668
vn 0.269488 0.150647 -0.951148
vn 0.399581 0.044828 -0.915601
vn 0.006383 0.156431 -0.987668
vn -0.046001 0.300360 -0.952716
vn 0.399580 0.240301 -0.884642
vn 0.269488 0.150647 -0.951148
vn 0.269488 0.150647 -0.951148
vn 0.399580 0.240301 -0.884642
vn 0.678074 -0.227434 0.698920
vn 0.680655 -0.114604 0.723585
vn 0.399581 0.044828 -0.915601
vn 0.269488 0.150647 -0.951148
vn 0.680655 -0.114604 0.723585
vn 0.678073 0.000325 0.734994
vn -0.046002 -0.316995 -0.947311
vn 0.361773 -0.145839 -0.920788
vn 0.399580 -0.325571 -0.856936
vn 0.361773 -0.145839 -0.920788
vn -0.046002 0.008745 -0.998903
vn 0.399581 0.044828 -0.915601
vn 0.361773 -0.145839 -0.920788
vn 0.399581 0.044828 -0.915601
vn 0.678073 0.000325 0.734994
vn 0.675312 0.115376 0.728452
vn 0.399580 -0.325571 -0.856936
vn 0.361773 -0.145839 -0.920788
vn 0.675312 0.115376 0.728452
vn 0.678073 0.226817 0.699122
vn -0.046002 -0.580065 -0.813270
vn 0.006383 -0.453981 -0.890988
vn 0.269488 -0.437194 -0.858043
vn 0.399582 -0.501909 -0.767086
vn 0.006383 -0.453981 -0.890988
vn -0.046002 -0.316995 -0.947311
vn 0.399580 -0.325571 -0.856936
vn 0.269488 -0.437194 -0.858043
vn 0.269488 -0.437194 -0.858043
vn 0.399580 -0.325571 -0.856936
vn 0.678073 0.226817 0.699122
vn 0.680654 0.332596 0.652756
vn 0.399582 -0.501909 -0.767086
vn 0.269488 -0.437194 -0.858043
vn 0.680654 0.332596 0.652756
vn 0.678074 0.432281 0.594432
vn -0.046002 -0.813270 -0.580065
vn 0.361776 -0.659212 -0.659210
vn 0.399580 -0.767087 -0.501909
vn 0.361776 -0.659212 -0.659210
vn -0.046002 -0.580065 -0.813270
vn 0.399582 -0.501909 -0.767086
vn 0.361776 -0.659212 -0.659210
vn 0.399582 -0.501909 -0.767086
vn 0.678074 0.432281 0.594432
vn 0.675313 0.521514 0.521513
vn 0.399580 -0.767087 -0.501909
vn 0.361776 -0.659212 -0.659210
vn 0.675313 0.521514 0.521513
vn 0.678073 0.594432 0.432282
vn -0.046002 -0.947311 -0.316995
vn 0.006382 -0.890989 -0.453981
vn 0.269489 -0.858043 -0.437194
vn 0.399581 -0.856935 -0.325571
vn 0.006382 -0.890989 -0.453981
vn -0.046002 -0.813270 -0.580065
vn 0.399580 -0.767087 -0.501909
vn 0.269489 -0.858043 -0.437194
vn 0.269489 -0.858043 -0.437194
vn 0.399580 -0.767087 -0.501909
vn 0.678073 0.594432 0.432282
vn 0.680654 0.652756 0.332596
vn 0.399581 -0.856935 -0.325571
vn 0.269489 -0.858043 -0.437194
vn 0.680654 0.652756 0.332596
vn 0.678073 0.699122 0.226817
vn -0.046002 -0.998903 0.008746
vn 0.361776 -0.920788 -0.145838
vn 0.399582 -0.915601 0.044830
vn 0.361776 -0.920788 -0.145838
vn -0.046002 -0.947311 -0.316995
vn 0.399581 -0.856935 -0.325571
vn 0.361776 -0.920788 -0.145838
vn 0.399581 -0.856935 -0.325571
vn 0.678073 0.699122 0.226817
vn 0.675313 0.728451 0.115375
vn 0.399582 -0.915601 0.044830
vn 0.361776 -0.920788 -0.145838
vn 0.675313 0.728451 0.115375
vn 0.678073 0.734994 0.000325
vn -0.046002 -0.952716 0.300360
vn 0.006383 -0.987668 0.156431
vn 0.269489 -0.951147 0.150647
vn 0.399581 -0.884641 0.240301
vn 0.006383 -0.987668 0.156431
vn -0.046002 -0.998903 0.008746
vn 0.399582 -0.915601 0.044830
vn 0.269489 -0.951147 0.150647
vn 0.269489 -0.951147 0.150647
vn 0.399582 -0.915601 0.044830
vn 0.678073 0.734994 0.000325
vn 0.680654 0.723585 -0.114604
vn 0.399581 -0.884641 0.240301
vn 0.269489 -0.951147 0.150647
vn 0.680654 0.723585 -0.114604
vn 0.678073 0.698921 -0.227434
vn -0.046001 -0.802989 0.594215
vn 0.361775 -0.830654 0.423240
vn 0.399582 -0.714387 0.574443
vn 0.361775 -0.830654 0.423240
vn -0.046002 -0.952716 0.300360
vn 0.399581 -0.884641 0.240301
vn 0.361775 -0.830654 0.423240
vn 0.399581 -0.884641 0.240301
vn 0.678073 0.698921 -0.227434
vn 0.675312 0.657146 -0.334832
vn 0.399582 -0.714387 0.574443
vn 0.361775 -0.830654 0.423240
vn 0.675312 0.657146 -0.334832
vn 0.678073 0.594814 -0.431756
vn -0.046002 -0.594215 0.802990
vn 0.006382 -0.707092 0.707093
vn 0.269489 -0.680946 0.680946
vn 0.399580 -0.574444 0.714388
vn 0.006382 -0.707092 0.707093
vn -0.046001 -0.802989 0.594215
vn 0.399582 -0.714387 0.574443
vn 0.269489 -0.680946 0.680946
vn 0.269489 -0.680946 0.680946
vn 0.399582 -0.714387 0.574443
vn 0.678073 0.594814 -0.431756
vn 0.680654 0.518030 -0.518030
vn 0.399580 -0.574444 0.714388
vn 0.269489 -0.680946 0.680946
vn 0.680654 0.518030 -0.518030
vn 0.678074 0.431755 -0.594813
vn -0.046002 -0.300361 0.952716
vn 0.361776 -0.423239 0.830655
vn 0.399581 -0.240302 0.884641
vn 0.361776 -0.423239 0.830655
vn -0.046002 -0.594215 0.802990
vn 0.399580 -0.574444 0.714388
vn 0.361776 -0.423239 0.830655
vn 0.399580 -0.574444 0.714388
vn 0.678074 0.431755 -0.594813
vn 0.675313 0.334832 -0.657146
vn 0.399581 -0.240302 0.884641
vn 0.361776 -0.423239 0.830655
vn 0.675313 0.334832 -0.657146
vn 0.678073 0.227435 -0.698921
vn -0.046002 -0.008746 0.998903
vn 0.006383 -0.156431 0.987668
vn 0.269488 -0.150647 0.951147
vn 0.399581 -0.044829 0.915601
vn 0.006383 -0.156431 0.987668
vn -0.046002 -0.300361 0.952716
vn 0.399581 -0.240302 0.884641
vn 0.269488 -0.150647 0.951147
vn 0.269488 -0.150647 0.951147
vn 0.399581 -0.240302 0.884641
vn 0.678073 0.227435 -0.698921
vn 0.680654 0.114605 -0.723585
vn 0.399581 -0.044829 0.915601
vn 0.269488 -0.150647 0.951147
vn 0.680654 0.114605 -0.723585
vn 0.678073 -0.000325 -0.734994
vn -0.046002 0.316995 0.947311
vn 0.361775 0.145839 0.920788
vn 0.399581 0.325571 0.856936
vn 0.361775 0.145839 0.920788
vn -0.046002 -0.008746 0.998903
vn 0.399581 -0.044829 0.915601
vn 0.361775 0.145839 0.920788
vn 0.399581 -0.044829 0.915601
vn 0.678073 -0.000325 -0.734994
vn 0.675312 -0.115375 -0.728452
vn 0.399581 0.325571 0.856936
vn 0.361775 0.145839 0.920788
vn 0.675312 -0.115375 -0.728452
vn 0.678073 -0.226817 -0.699122
vn -0.046002 0.580065 0.813270
vn 0.006383 0.453981 0.890989
vn 0.269489 0.437194 0.858043
vn 0.399582 0.501909 0.767086
vn 0.006383 0.453981 0.890989
vn -0.046002 0.316995 0.947311
vn 0.399581 0.325571 0.856936
vn 0.269489 0.437194 0.858043
vn 0.269489 0.437194 0.858043
vn 0.399581 0.325571 0.856936
vn 0.678073 -0.226817 -0.699122
vn 0.680654 -0.332595 -0.652756
vn 0.399582 0.501909 0.767086
vn 0.269489 0.437194 0.858043
vn 0.680654 -0.332595 -0.652756
vn 0.678074 -0.432281 -0.594432
vn -0.046002 0.813271 0.580065
vn 0.361778 0.659211 0.659209
vn 0.399581 0.767087 0.501909
vn 0.361778 0.659211 0.659209
vn -0.046002 0.580065 0.813270
vn 0.399582 0.501909 0.767086
vn 0.361778 0.659211 0.659209
vn 0.399582 0.501909 0.767086
vn 0.678074 -0.432281 -0.594432
vn 0.675313 -0.521514 -0.521513
vn 0.399581 0.767087 0.501909
vn 0.361778 0.659211 0.659209
vn 0.675313 -0.521514 -0.521513
vn 0.678073 -0.594433 -0.432281
vn -0.046002 0.947311 0.316996
vn 0.006383 0.890988 0.453981
vn 0.269488 0.858043 0.437195
vn 0.399581 0.856935 0.325572
vn 0.006383 0.890988 0.453981
vn -0.046002 0.813271 0.580065
vn 0.399581 0.767087 0.501909
vn 0.269488 0.858043 0.437195
vn 0.269488 0.858043 0.437195
vn 0.399581 0.767087 0.501909
vn 0.678073 -0.594433 -0.432281
vn 0.680653 -0.652756 -0.332596
vn 0.399581 0.856935 0.325572
vn 0.269488 0.858043 0.437195
vn 0.680653 -0.652756 -0.332596
vn 0.678072 -0.699122 -0.226818
vn -0.046001 0.998903 -0.008744
vn 0.361780 0.920786 0.145839
vn 0.399583 0.915600 -0.044828
vn 0.361780 0.920786 0.145839
vn -0.046002 0.947311 0.316996
vn 0.399581 0.856935 0.325572
vn 0.361780 0.920786 0.145839
vn 0.399581 0.856935 0.325572
vn 0.678072 -0.699122 -0.226818
vn 0.675311 -0.728453 -0.115376
vn 0.399583 0.915600 -0.044828
vn 0.361780 0.920786 0.145839
vn 0.675311 -0.728453 -0.115376
vn 0.678072 -0.734995 -0.000326
vn -0.046002 0.952716 -0.300359
vn 0.006383 0.987669 -0.156429
vn 0.269489 0.951148 -0.150645
vn 0.399582 0.884642 -0.240299
vn 0.006383 0.987669 -0.156429
vn -0.046001 0.998903 -0.008744
vn 0.399583 0.915600 -0.044828
vn 0.269489 0.951148 -0.150645
vn 0.269489 0.951148 -0.150645
vn 0.399583 0.915600 -0.044828
vn 0.678072 -0.734995 -0.000326
vn 0.680654 -0.723586 0.114604
vn 0.399582 0.884642 -0.240299
vn 0.269489 0.951148 -0.150645
vn 0.680654 -0.723586 0.114604
vn 0.678073 -0.698921 0.227434
vn 0.678075 -0.594813 0.431755
vn 0.675314 -0.657145 0.334831
vn 0.680655 -0.652755 0.332595
vn 0.680683 -0.592668 0.430599
vn 0.675314 -0.657145 0.334831
vn 0.678073 -0.698921 0.227434
vn 0.680683 -0.696724 0.226379
vn 0.680655 -0.652755 0.332595
vn 0.680655 -0.652755 0.332595
vn 0.680683 -0.696724 0.226379
vn 0.680683 -0.696723 0.226379
vn 0.680655 -0.652755 0.332595
vn 0.680683 -0.592668 0.430599
vn 0.680655 -0.652755 0.332595
vn 0.680655 -0.652755 0.332595
vn 0.680683 -0.592668 0.430599
vn 0.678074 -0.431755 0.594813
vn 0.680656 -0.518029 0.518029
vn 0.680655 -0.518029 0.518029
vn 0.680683 -0.430598 0.592668
vn 0.680656 -0.518029 0.518029
vn 0.678075 -0.594813 0.431755
vn 0.680683 -0.592668 0.430599
vn 0.680655 -0.518029 0.518029
vn 0.680655 -0.518029 0.518029
vn 0.680683 -0.592668 0.430599
vn 0.680683 -0.592668 0.430599
vn 0.680655 -0.518029 0.518030
vn 0.680683 -0.430598 0.592668
vn 0.680655 -0.518029 0.518029
vn 0.680655 -0.518029 0.518030
vn 0.680683 -0.430599 0.592668
vn 0.678074 -0.227434 0.698920
vn 0.675313 -0.334832 0.657145
vn 0.680655 -0.332595 0.652755
vn 0.680682 -0.226379 0.696724
vn 0.675313 -0.334832 0.657145
vn 0.678074 -0.431755 0.594813
vn 0.680683 -0.430598 0.592668
vn 0.680655 -0.332595 0.652755
vn 0.680655 -0.332595 0.652755
vn 0.680683 -0.430598 0.592668
vn 0.680683 -0.430599 0.592668
vn 0.680654 -0.332596 0.652755
vn 0.680682 -0.226379 0.696724
vn 0.680655 -0.332595 0.652755
vn 0.680654 -0.332596 0.652755
vn 0.680682 -0.226380 0.696724
vn 0.678073 0.000325 0.734994
vn 0.680655 -0.114604 0.723585
vn 0.680654 -0.114604 0.723585
vn 0.680682 0.000000 0.732579
vn 0.680655 -0.114604 0.723585
vn 0.678074 -0.227434 0.698920
vn 0.680682 -0.226379 0.696724
vn 0.680654 -0.114604 0.723585
vn 0.680654 -0.114604 0.723585
vn 0.680682 -0.226379 0.696724
vn 0.680682 -0.226380 0.696724
vn 0.680654 -0.114604 0.723585
vn 0.680682 0.000000 0.732579
vn 0.680654 -0.114604 0.723585
vn 0.680654 -0.114604 0.723585
vn 0.680682 0.000000 0.732579
vn 0.678073 0.226817 0.699122
vn 0.675312 0.115376 0.728452
vn 0.680654 0.114605 0.723586
vn 0.680682 0.226380 0.696724
vn 0.675312 0.115376 0.728452
vn 0.678073 0.000325 0.734994
vn 0.680682 0.000000 0.732579
vn 0.680654 0.114605 0.723586
vn 0.680654 0.114605 0.723586
vn 0.680682 0.000000 0.732579
vn 0.680682 0.000000 0.732579
vn 0.680654 0.114605 0.723586
vn 0.680682 0.226380 0.696724
vn 0.680654 0.114605 0.723586
vn 0.680654 0.114605 0.723586
vn 0.680682 0.226380 0.696724
vn 0.678074 0.432281 0.594432
vn 0.680654 0.332596 0.652756
vn 0.680654 0.332596 0.652756
vn 0.680682 0.430599 0.592669
vn 0.680654 0.332596 0.652756
vn 0.678073 0.226817 0.699122
vn 0.680682 0.226380 0.696724
vn 0.680654 0.332596 0.652756
vn 0.680654 0.332596 0.652756
vn 0.680682 0.226380 0.696724
vn 0.680682 0.226380 0.696724
vn 0.680654 0.332596 0.652755
vn 0.680682 0.430599 0.592669
vn 0.680654 0.332596 0.652756
vn 0.680654 0.332596 0.652755
vn 0.680682 0.430599 0.592668
vn 0.678073 0.594432 0.432282
vn 0.675313 0.521514 0.521513
vn 0.680654 0.518030 0.518030
vn 0.680682 0.592669 0.430599
vn 0.675313 0.521514 0.521513
vn 0.678074 0.432281 0.594432
vn 0.680682 0.430599 0.592669
vn 0.680654 0.518030 0.518030
vn 0.680654 0.518030 0.518030
vn 0.680682 0.430599 0.592669
vn 0.680682 0.430599 0.592668
vn 0.680654 0.518030 0.518030
vn 0.680682 0.592669 0.430599
vn 0.680654 0.518030 0.518030
vn 0.680654 0.518030 0.518030
vn 0.680681 0.592670 0.430599
vn 0.678073 0.699122 0.226817
vn 0.680654 0.652756 0.332596
vn 0.680654 0.652756 0.332596
vn 0.680682 0.696724 0.226379
vn 0.680654 0.652756 0.332596
vn 0.678073 0.594432 0.432282
vn 0.680682 0.592669 0.430599
vn 0.680654 0.652756 0.332596
vn 0.680654 0.652756 0.332596
vn 0.680682 0.592669 0.430599
vn 0.680681 0.592670 0.430599
vn 0.680653 0.652757 0.332596
vn 0.680682 0.696724 0.226379
vn 0.680654 0.652756 0.332596
vn 0.680653 0.652757 0.332596
vn 0.680682 0.696724 0.226379
vn 0.678073 0.734994 0.000325
vn 0.675313 0.728451 0.115375
vn 0.680654 0.723586 0.114604
vn 0.680682 0.732579 0.000000
vn 0.675313 0.728451 0.115375
vn 0.678073 0.699122 0.226817
vn 0.680682 0.696724 0.226379
vn 0.680654 0.723586 0.114604
vn 0.680654 0.723586 0.114604
vn 0.680682 0.696724 0.226379
vn 0.680682 0.696724 0.226379
vn 0.680654 0.723586 0.114604
vn 0.680682 0.732579 0.000000
vn 0.680654 0.723586 0.114604
vn 0.680654 0.723586 0.114604
vn 0.680682 0.732579 0.000000
vn 0.678073 0.698921 -0.227434
vn 0.680654 0.723585 -0.114604
vn 0.680654 0.723586 -0.114604
vn 0.680681 0.696725 -0.226379
vn 0.680654 0.723585 -0.114604
vn 0.678073 0.734994 0.000325
vn 0.680682 0.732579 0.000000
vn 0.680654 0.723586 -0.114604
vn 0.680654 0.723586 -0.114604
vn 0.680682 0.732579 0.000000
vn 0.680682 0.732579 0.000000
vn 0.680654 0.723585 -0.114604
vn 0.680681 0.696725 -0.226379
vn 0.680654 0.723586 -0.114604
vn 0.680654 0.723585 -0.114604
vn 0.680682 0.696725 -0.226379
vn 0.678073 0.594814 -0.431756
vn 0.675312 0.657146 -0.334832
vn 0.680654 0.652756 -0.332596
vn 0.680682 0.592669 -0.430599
vn 0.675312 0.657146 -0.334832
vn 0.678073 0.698921 -0.227434
vn 0.680681 0.696725 -0.226379
vn 0.680654 0.652756 -0.332596
vn 0.680654 0.652756 -0.332596
vn 0.680681 0.696725 -0.226379
vn 0.680682 0.696725 -0.226379
vn 0.680653 0.652757 -0.332596
vn 0.680682 0.592669 -0.430599
vn 0.680654 0.652756 -0.332596
vn 0.680653 0.652757 -0.332596
vn 0.680681 0.592669 -0.430600
vn 0.678074 0.431755 -0.594813
vn 0.680654 0.518030 -0.518030
vn 0.680654 0.518030 -0.518030
vn 0.680682 0.430599 -0.592669
vn 0.680654 0.518030 -0.518030
vn 0.678073 0.594814 -0.431756
vn 0.680682 0.592669 -0.430599
vn 0.680654 0.518030 -0.518030
vn 0.680654 0.518030 -0.518030
vn 0.680682 0.592669 -0.430599
vn 0.680681 0.592669 -0.430600
vn 0.680654 0.518030 -0.518030
vn 0.680682 0.430599 -0.592669
vn 0.680654 0.518030 -0.518030
vn 0.680654 0.518030 -0.518030
vn 0.680682 0.430599 -0.592669
vn 0.678073 0.227435 -0.698921
vn 0.675313 0.334832 -0.657146
vn 0.680654 0.332595 -0.652756
vn 0.680682 0.226379 -0.696724
vn 0.675313 0.334832 -0.657146
vn 0.678074 0.431755 -0.594813
vn 0.680682 0.430599 -0.592669
vn 0.680654 0.332595 -0.652756
vn 0.680654 0.332595 -0.652756
vn 0.680682 0.430599 -0.592669
vn 0.680682 0.430599 -0.592669
vn 0.680654 0.332595 -0.652756
vn 0.680682 0.226379 -0.696724
vn 0.680654 0.332595 -0.652756
vn 0.680654 0.332595 -0.652756
vn 0.680683 0.226380 -0.696723
vn 0.678073 -0.000325 -0.734994
vn 0.680654 0.114605 -0.723585
vn 0.680654 0.114605 -0.723585
vn 0.680682 0.000000 -0.732579
vn 0.680654 0.114605 -0.723585
vn 0.678073 0.227435 -0.698921
vn 0.680682 0.226379 -0.696724
vn 0.680654 0.114605 -0.723585
vn 0.680654 0.114605 -0.723585
vn 0.680682 0.226379 -0.696724
vn 0.680683 0.226380 -0.696723
vn 0.680654 0.114605 -0.723585
vn 0.680682 0.000000 -0.732579
vn 0.680654 0.114605 -0.723585
vn 0.680654 0.114605 -0.723585
vn 0.680683 0.000000 -0.732579
vn 0.678073 -0.226817 -0.699122
vn 0.675312 -0.115375 -0.728452
vn 0.680654 -0.114605 -0.723585
vn 0.680682 -0.226379 -0.696724
vn 0.675312 -0.115375 -0.728452
vn 0.678073 -0.000325 -0.734994
vn 0.680682 0.000000 -0.732579
vn 0.680654 -0.114605 -0.723585
vn 0.680654 -0.114605 -0.723585
vn 0.680682 0.000000 -0.732579
vn 0.680683 0.000000 -0.732579
vn 0.680655 -0.114605 -0.723585
vn 0.680682 -0.226379 -0.696724
vn 0.680654 -0.114605 -0.723585
vn 0.680655 -0.114605 -0.723585
vn 0.680683 -0.226379 -0.696723
vn 0.678074 -0.432281 -0.594432
vn 0.680654 -0.332595 -0.652756
vn 0.680654 -0.332595 -0.652756
vn 0.680682 -0.430599 -0.592669
vn 0.680654 -0.332595 -0.652756
vn 0.678073 -0.226817 -0.699122
vn 0.680682 -0.226379 -0.696724
vn 0.680654 -0.332595 -0.652756
vn 0.680654 -0.332595 -0.652756
vn 0.680682 -0.226379 -0.696724
vn 0.680683 -0.226379 -0.696723
vn 0.680655 -0.332595 -0.652755
vn 0.680682 -0.430599 -0.592669
vn 0.680654 -0.332595 -0.652756
vn 0.680655 -0.332595 -0.652755
vn 0.680683 -0.430599 -0.592668
vn 0.678073 -0.594433 -0.432281
vn 0.675313 -0.521514 -0.521513
vn 0.680654 -0.518030 -0.518030
vn 0.680682 -0.592669 -0.430599
vn 0.675313 -0.521514 -0.521513
vn 0.678074 -0.432281 -0.594432
vn 0.680682 -0.430599 -0.592669
vn 0.680654 -0.518030 -0.518030
vn 0.680654 -0.518030 -0.518030
vn 0.680682 -0.430599 -0.592669
vn 0.680683 -0.430599 -0.592668
vn 0.680654 -0.518030 -0.518029
vn 0.680682 -0.592669 -0.430599
vn 0.680654 -0.518030 -0.518030
vn 0.680654 -0.518030 -0.518029
vn 0.680682 -0.592669 -0.430599
vn 0.678072 -0.699122 -0.226818
vn 0.680653 -0.652756 -0.332596
vn 0.680653 -0.652756 -0.332596
vn 0.680681 -0.696725 -0.226380
vn 0.680653 -0.652756 -0.332596
vn 0.678073 -0.594433 -0.432281
vn 0.680682 -0.592669 -0.430599
vn 0.680653 -0.652756 -0.332596
vn 0.680653 -0.652756 -0.332596
vn 0.680682 -0.592669 -0.430599
vn 0.680682 -0.592669 -0.430599
vn 0.680653 -0.652756 -0.332597
vn 0.680681 -0.696725 -0.226380
vn 0.680653 -0.652756 -0.332596
vn 0.680653 -0.652756 -0.332597
vn 0.680681 -0.696725 -0.226380
vn 0.678072 -0.734995 -0.000326
vn 0.675311 -0.728453 -0.115376
vn 0.680653 -0.723587 -0.114605
vn 0.680681 -0.732580 -0.000001
vn 0.675311 -0.728453 -0.115376
vn 0.678072 -0.699122 -0.226818
vn 0.680681 -0.696725 -0.226380
vn 0.680653 -0.723587 -0.114605
vn 0.680653 -0.723587 -0.114605
vn 0.680681 -0.696725 -0.226380
vn 0.680681 -0.696725 -0.226380
vn 0.680653 -0.723586 -0.114605
vn 0.680681 -0.732580 -0.000001
vn 0.680653 -0.723587 -0.114605
vn 0.680653 -0.723586 -0.114605
vn 0.680681 -0.732580 -0.000001
vn 0.678073 -0.698921 0.227434
vn 0.680654 -0.723586 0.114604
vn 0.680654 -0.723586 0.114604
vn 0.680683 -0.696724 0.226379
vn 0.680654 -0.723586 0.114604
vn 0.678072 -0.734995 -0.000326
vn 0.680681 -0.732580 -0.000001
vn 0.680654 -0.723586 0.114604
vn 0.680654 -0.723586 0.114604
vn 0.680681 -0.732580 -0.000001
vn 0.680681 -0.732580 -0.000001
vn 0.680654 -0.723585 0.114604
vn 0.680683 -0.696724 0.226379
vn 0.680654 -0.723586 0.114604
vn 0.680654 -0.723585 0.114604
vn 0.680683 -0.696723 0.226379
vn -0.046002 0.952716 -0.300359
vn 0.361777 0.830654 -0.423239
vn -0.339288 0.838155 -0.427060
vn -0.098041 0.807860 -0.581163
vn 0.361777 0.830654 -0.423239
vn -0.046002 0.802989 -0.594216
vn -0.098041 0.945019 -0.311972
vn -0.339288 0.838155 -0.427060
vn -0.339288 0.838155 -0.427060
vn -0.098041 0.945019 -0.311972
vn -0.040240 0.944287 -0.326653
vn -0.110297 0.885571 -0.451220
vn -0.098041 0.807860 -0.581163
vn -0.339288 0.838155 -0.427060
vn -0.110297 0.885571 -0.451220
vn -0.040240 0.819307 -0.571941
vn -0.046002 0.802989 -0.594216
vn -0.124075 0.723886 -0.678672
vn -0.063309 0.897640 -0.436159
vn -0.098041 0.945019 -0.311972
vn -0.124075 0.723886 -0.678672
vn -0.851117 0.260111 -0.456007
vn -0.147856 0.709599 -0.688918
vn -0.063309 0.897640 -0.436159
vn -0.063309 0.897640 -0.436159
vn -0.147856 0.709599 -0.688918
vn 0.040240 0.944287 -0.326653
vn 0.000000 0.945338 -0.326091
vn -0.098041 0.945019 -0.311972
vn -0.063309 0.897640 -0.436159
vn 0.000000 0.945338 -0.326091
vn -0.040240 0.944287 -0.326653
vn -0.851117 0.260111 -0.456007
vn -0.990216 0.124333 -0.063351
vn -0.781417 0.555997 -0.283294
vn -0.147856 0.709599 -0.688918
vn -0.990216 0.124333 -0.063351
vn -0.851117 0.521807 0.057601
vn -0.147856 0.974438 -0.169140
vn -0.781417 0.555997 -0.283294
vn -0.781417 0.555997 -0.283294
vn -0.147856 0.974438 -0.169140
vn 0.040240 0.819307 -0.571941
vn 0.110296 0.885571 -0.451220
vn -0.147856 0.709599 -0.688918
vn -0.781417 0.555997 -0.283294
vn 0.110296 0.885571 -0.451220
vn 0.040240 0.944287 -0.326653
vn -0.851117 0.521807 0.057601
vn -0.124075 0.974546 -0.186721
vn -0.063309 0.880481 -0.469836
vn -0.147856 0.974438 -0.169140
vn -0.124075 0.974546 -0.186721
vn -0.046002 0.952716 -0.300359
vn -0.098041 0.807860 -0.581163
vn -0.063309 0.880481 -0.469836
vn -0.063309 0.880481 -0.469836
vn -0.098041 0.807860 -0.581163
vn -0.040240 0.819307 -0.571941
vn 0.000000 0.819470 -0.573121
vn -0.147856 0.974438 -0.169140
vn -0.063309 0.880481 -0.469836
vn 0.000000 0.819470 -0.573121
vn 0.040240 0.819307 -0.571941
vn -0.046002 0.594215 -0.802989
vn 0.361778 0.423238 -0.830654
vn -0.339286 0.427061 -0.838155
vn -0.098040 0.311972 -0.945019
vn 0.361778 0.423238 -0.830654
vn -0.046001 0.300360 -0.952716
vn -0.098040 0.581163 -0.807860
vn -0.339286 0.427061 -0.838155
vn -0.339286 0.427061 -0.838155
vn -0.098040 0.581163 -0.807860
vn -0.040240 0.571942 -0.819306
vn -0.110296 0.451221 -0.885570
vn -0.098040 0.311972 -0.945019
vn -0.339286 0.427061 -0.838155
vn -0.110296 0.451221 -0.885570
vn -0.040240 0.326654 -0.944287
vn -0.046001 0.300360 -0.952716
vn -0.124074 0.186722 -0.974546
vn -0.063309 0.469837 -0.880480
vn -0.098040 0.581163 -0.807860
vn -0.124074 0.186722 -0.974546
vn -0.851117 -0.057600 -0.521807
vn -0.147857 0.169141 -0.974438
vn -0.063309 0.469837 -0.880480
vn -0.063309 0.469837 -0.880480
vn -0.147857 0.169141 -0.974438
vn 0.040239 0.571942 -0.819306
vn 0.000000 0.573123 -0.819470
vn -0.098040 0.581163 -0.807860
vn -0.063309 0.469837 -0.880480
vn 0.000000 0.573123 -0.819470
vn -0.040240 0.571942 -0.819306
vn -0.851117 -0.057600 -0.521807
vn -0.990216 0.063351 -0.124333
vn -0.781416 0.283295 -0.555997
vn -0.147857 0.169141 -0.974438
vn -0.990216 0.063351 -0.124333
vn -0.851117 0.456007 -0.260112
vn -0.147856 0.688918 -0.709599
vn -0.781416 0.283295 -0.555997
vn -0.781416 0.283295 -0.555997
vn -0.147856 0.688918 -0.709599
vn 0.040240 0.326654 -0.944287
vn 0.110296 0.451221 -0.885570
vn -0.147857 0.169141 -0.974438
vn -0.781416 0.283295 -0.555997
vn 0.110296 0.451221 -0.885570
vn 0.040239 0.571942 -0.819306
vn -0.851117 0.456007 -0.260112
vn -0.124075 0.678670 -0.723887
vn -0.063309 0.436159 -0.897640
vn -0.147856 0.688918 -0.709599
vn -0.124075 0.678670 -0.723887
vn -0.046002 0.594215 -0.802989
vn -0.098040 0.311972 -0.945019
vn -0.063309 0.436159 -0.897640
vn -0.063309 0.436159 -0.897640
vn -0.098040 0.311972 -0.945019
vn -0.040240 0.326654 -0.944287
vn 0.000000 0.326092 -0.945338
vn -0.147856 0.688918 -0.709599
vn -0.063309 0.436159 -0.897640
vn 0.000000 0.326092 -0.945338
vn 0.040240 0.326654 -0.944287
vn -0.046002 0.008745 -0.998903
vn 0.361773 -0.145839 -0.920788
vn -0.339288 -0.147155 -0.929101
vn -0.098041 -0.303080 -0.947909
vn 0.361773 -0.145839 -0.920788
vn -0.046002 -0.316995 -0.947311
vn -0.098041 -0.004674 -0.995171
vn -0.339288 -0.147155 -0.929101
vn -0.339288 -0.147155 -0.929101
vn -0.098041 -0.004674 -0.995171
vn -0.040240 -0.018865 -0.999012
vn -0.110297 -0.155480 -0.981662
vn -0.098041 -0.303080 -0.947909
vn -0.339288 -0.147155 -0.929101
vn -0.110297 -0.155480 -0.981662
vn -0.040240 -0.290769 -0.955947
vn -0.046002 -0.316995 -0.947311
vn -0.124075 -0.421762 -0.898177
vn -0.063309 -0.137425 -0.988487
vn -0.098041 -0.004674 -0.995171
vn -0.124075 -0.421762 -0.898177
vn -0.851116 -0.353310 -0.388295
vn -0.147856 -0.435921 -0.887756
vn -0.063309 -0.137425 -0.988487
vn -0.063309 -0.137425 -0.988487
vn -0.147856 -0.435921 -0.887756
vn 0.040240 -0.018865 -0.999012
vn 0.000000 -0.018006 -0.999838
vn -0.098041 -0.004674 -0.995171
vn -0.063309 -0.137425 -0.988487
vn 0.000000 -0.018006 -0.999838
vn -0.040240 -0.018865 -0.999012
vn -0.851116 -0.353310 -0.388295
vn -0.990216 -0.021829 -0.137824
vn -0.781416 -0.097617 -0.616328
vn -0.147856 -0.435921 -0.887756
vn -0.990216 -0.021829 -0.137824
vn -0.851117 0.216027 -0.478469
vn -0.147856 0.140252 -0.979014
vn -0.781416 -0.097617 -0.616328
vn -0.781416 -0.097617 -0.616328
vn -0.147856 0.140252 -0.979014
vn 0.040240 -0.290769 -0.955947
vn 0.110297 -0.155480 -0.981662
vn -0.147856 -0.435921 -0.887756
vn -0.781416 -0.097617 -0.616328
vn 0.110297 -0.155480 -0.981662
vn 0.040240 -0.018865 -0.999012
vn -0.851117 0.216027 -0.478469
vn -0.124075 0.123566 -0.984549
vn -0.063309 -0.174762 -0.982573
vn -0.147856 0.140252 -0.979014
vn -0.124075 0.123566 -0.984549
vn -0.046002 0.008745 -0.998903
vn -0.098041 -0.303080 -0.947909
vn -0.063309 -0.174762 -0.982573
vn -0.063309 -0.174762 -0.982573
vn -0.098041 -0.303080 -0.947909
vn -0.040240 -0.290769 -0.955947
vn 0.000000 -0.291841 -0.956467
vn -0.147856 0.140252 -0.979014
vn -0.063309 -0.174762 -0.982573
vn 0.000000 -0.291841 -0.956467
vn 0.040240 -0.290769 -0.955947
vn -0.046002 -0.580065 -0.813270
vn 0.361776 -0.659212 -0.659210
vn -0.339287 -0.665164 -0.665163
vn -0.098041 -0.802362 -0.588730
vn 0.361776 -0.659212 -0.659210
vn -0.046002 -0.813270 -0.580065
vn -0.098041 -0.588730 -0.802362
vn -0.339287 -0.665164 -0.665163
vn -0.339287 -0.665164 -0.665163
vn -0.098041 -0.588730 -0.802362
vn -0.040240 -0.602468 -0.797128
vn -0.110297 -0.702793 -0.702792
vn -0.098041 -0.802362 -0.588730
vn -0.339287 -0.665164 -0.665163
vn -0.110297 -0.702793 -0.702792
vn -0.040240 -0.797129 -0.602467
vn -0.046002 -0.813270 -0.580065
vn -0.124074 -0.869148 -0.478735
vn -0.063309 -0.692198 -0.718925
vn -0.098041 -0.588730 -0.802362
vn -0.124074 -0.869148 -0.478735
vn -0.851116 -0.514068 -0.106467
vn -0.147856 -0.874478 -0.461981
vn -0.063309 -0.692198 -0.718925
vn -0.063309 -0.692198 -0.718925
vn -0.147856 -0.874478 -0.461981
vn 0.040240 -0.602468 -0.797128
vn 0.000000 -0.602258 -0.798301
vn -0.098041 -0.588730 -0.802362
vn -0.063309 -0.692198 -0.718925
vn 0.000000 -0.602258 -0.798301
vn -0.040240 -0.602468 -0.797128
vn -0.851116 -0.514068 -0.106467
vn -0.990216 -0.098671 -0.098671
vn -0.781417 -0.441242 -0.441241
vn -0.147856 -0.874478 -0.461981
vn -0.990216 -0.098671 -0.098671
vn -0.851117 -0.106467 -0.514067
vn -0.147856 -0.461981 -0.874478
vn -0.781417 -0.441242 -0.441241
vn -0.781417 -0.441242 -0.441241
vn -0.147856 -0.461981 -0.874478
vn 0.040240 -0.797129 -0.602467
vn 0.110297 -0.702793 -0.702792
vn -0.147856 -0.874478 -0.461981
vn -0.781417 -0.441242 -0.441241
vn 0.110297 -0.702793 -0.702792
vn 0.040240 -0.602468 -0.797128
vn -0.851117 -0.106467 -0.514067
vn -0.124075 -0.478735 -0.869148
vn -0.063309 -0.718926 -0.692198
vn -0.147856 -0.461981 -0.874478
vn -0.124075 -0.478735 -0.869148
vn -0.046002 -0.580065 -0.813270
vn -0.098041 -0.802362 -0.588730
vn -0.063309 -0.718926 -0.692198
vn -0.063309 -0.718926 -0.692198
vn -0.098041 -0.802362 -0.588730
vn -0.040240 -0.797129 -0.602467
vn 0.000000 -0.798302 -0.602257
vn -0.147856 -0.461981 -0.874478
vn -0.063309 -0.718926 -0.692198
vn 0.000000 -0.798302 -0.602257
vn 0.040240 -0.797129 -0.602467
vn -0.046002 -0.947311 -0.316995
vn 0.361776 -0.920788 -0.145838
vn -0.339289 -0.929101 -0.147155
vn -0.098041 -0.995171 -0.004675
vn 0.361776 -0.920788 -0.145838
vn -0.046002 -0.998903 0.008746
vn -0.098041 -0.947909 -0.303078
vn -0.339289 -0.929101 -0.147155
vn -0.339289 -0.929101 -0.147155
vn -0.098041 -0.947909 -0.303078
vn -0.040239 -0.955947 -0.290770
vn -0.110296 -0.981662 -0.155480
vn -0.098041 -0.995171 -0.004675
vn -0.339289 -0.929101 -0.147155
vn -0.110296 -0.981662 -0.155480
vn -0.040240 -0.999012 -0.018866
vn -0.046002 -0.998903 0.008746
vn -0.124074 -0.984549 0.123568
vn -0.063309 -0.982574 -0.174760
vn -0.098041 -0.947909 -0.303078
vn -0.124074 -0.984549 0.123568
vn -0.851116 -0.478469 0.216028
vn -0.147856 -0.979014 0.140254
vn -0.063309 -0.982574 -0.174760
vn -0.063309 -0.982574 -0.174760
vn -0.147856 -0.979014 0.140254
vn 0.040240 -0.955947 -0.290769
vn 0.000000 -0.956467 -0.291842
vn -0.098041 -0.947909 -0.303078
vn -0.063309 -0.982574 -0.174760
vn 0.000000 -0.956467 -0.291842
vn -0.040239 -0.955947 -0.290770
vn -0.851116 -0.478469 0.216028
vn -0.990216 -0.137825 -0.021829
vn -0.781416 -0.616328 -0.097617
vn -0.147856 -0.979014 0.140254
vn -0.990216 -0.137825 -0.021829
vn -0.851117 -0.388295 -0.353309
vn -0.147856 -0.887756 -0.435921
vn -0.781416 -0.616328 -0.097617
vn -0.781416 -0.616328 -0.097617
vn -0.147856 -0.887756 -0.435921
vn 0.040240 -0.999012 -0.018866
vn 0.110296 -0.981662 -0.155480
vn -0.147856 -0.979014 0.140254
vn -0.781416 -0.616328 -0.097617
vn 0.110296 -0.981662 -0.155480
vn 0.040240 -0.955947 -0.290769
vn -0.851117 -0.388295 -0.353309
vn -0.124075 -0.898178 -0.421761
vn -0.063309 -0.988487 -0.137425
vn -0.147856 -0.887756 -0.435921
vn -0.124075 -0.898178 -0.421761
vn -0.046002 -0.947311 -0.316995
vn -0.098041 -0.995171 -0.004675
vn -0.063309 -0.988487 -0.137425
vn -0.063309 -0.988487 -0.137425
vn -0.098041 -0.995171 -0.004675
vn -0.040240 -0.999012 -0.018866
vn 0.000000 -0.999838 -0.018007
vn -0.147856 -0.887756 -0.435921
vn -0.063309 -0.988487 -0.137425
vn 0.000000 -0.999838 -0.018007
vn 0.040240 -0.999012 -0.018866
vn -0.046002 -0.952716 0.300360
vn 0.361775 -0.830654 0.423240
vn -0.339287 -0.838154 0.427061
vn -0.098041 -0.807859 0.581164
vn 0.361775 -0.830654 0.423240
vn -0.046001 -0.802989 0.594215
vn -0.098041 -0.945019 0.311972
vn -0.339287 -0.838154 0.427061
vn -0.339287 -0.838154 0.427061
vn -0.098041 -0.945019 0.311972
vn -0.040240 -0.944287 0.326654
vn -0.110297 -0.885570 0.451220
vn -0.098041 -0.807859 0.581164
vn -0.339287 -0.838154 0.427061
vn -0.110297 -0.885570 0.451220
vn -0.040240 -0.819307 0.571941
vn -0.046001 -0.802989 0.594215
vn -0.124075 -0.723886 0.678671
vn -0.063309 -0.897640 0.436158
vn -0.098041 -0.945019 0.311972
vn -0.124075 -0.723886 0.678671
vn -0.851116 -0.260112 0.456007
vn -0.147856 -0.709600 0.688917
vn -0.063309 -0.897640 0.436158
vn -0.063309 -0.897640 0.436158
vn -0.147856 -0.709600 0.688917
vn 0.040240 -0.944287 0.326654
vn 0.000000 -0.945338 0.326092
vn -0.098041 -0.945019 0.311972
vn -0.063309 -0.897640 0.436158
vn 0.000000 -0.945338 0.326092
vn -0.040240 -0.944287 0.326654
vn -0.851116 -0.260112 0.456007
vn -0.990216 -0.124333 0.063351
vn -0.781416 -0.555998 0.283295
vn -0.147856 -0.709600 0.688917
vn -0.990216 -0.124333 0.063351
vn -0.851116 -0.521808 -0.057599
vn -0.147856 -0.974438 0.169142
vn -0.781416 -0.555998 0.283295
vn -0.781416 -0.555998 0.283295
vn -0.147856 -0.974438 0.169142
vn 0.040240 -0.819307 0.571942
vn 0.110296 -0.885571 0.451220
vn -0.147856 -0.709600 0.688917
vn -0.781416 -0.555998 0.283295
vn 0.110296 -0.885571 0.451220
vn 0.040240 -0.944287 0.326654
vn -0.851116 -0.521808 -0.057599
vn -0.124074 -0.974546 0.186723
vn -0.063309 -0.880480 0.469838
vn -0.147856 -0.974438 0.169142
vn -0.124074 -0.974546 0.186723
vn -0.046002 -0.952716 0.300360
vn -0.098041 -0.807859 0.581164
vn -0.063309 -0.880480 0.469838
vn -0.063309 -0.880480 0.469838
vn -0.098041 -0.807859 0.581164
vn -0.040240 -0.819307 0.571941
vn 0.000000 -0.819470 0.573122
vn -0.147856 -0.974438 0.169142
vn -0.063309 -0.880480 0.469838
vn 0.000000 -0.819470 0.573122
vn 0.040240 -0.819307 0.571942
vn -0.046002 -0.594215 0.802990
vn 0.361776 -0.423239 0.830655
vn -0.339287 -0.427061 0.838155
vn -0.098040 -0.311971 0.945020
vn 0.361776 -0.423239 0.830655
vn -0.046002 -0.300361 0.952716
vn -0.098041 -0.581165 0.807859
vn -0.339287 -0.427061 0.838155
vn -0.339287 -0.427061 0.838155
vn -0.098041 -0.581165 0.807859
vn -0.040240 -0.571941 0.819307
vn -0.110297 -0.451220 0.885570
vn -0.098040 -0.311971 0.945020
vn -0.339287 -0.427061 0.838155
vn -0.110297 -0.451220 0.885570
vn -0.040240 -0.326654 0.944287
vn -0.046002 -0.300361 0.952716
vn -0.124074 -0.186723 0.974546
vn -0.063309 -0.469839 0.880479
vn -0.098041 -0.581165 0.807859
vn -0.124074 -0.186723 0.974546
vn -0.851117 0.057599 0.521807
vn -0.147856 -0.169142 0.974438
vn -0.063309 -0.469839 0.880479
vn -0.063309 -0.469839 0.880479
vn -0.147856 -0.169142 0.974438
vn 0.040240 -0.571942 0.819307
vn 0.000000 -0.573122 0.819470
vn -0.098041 -0.581165 0.807859
vn -0.063309 -0.469839 0.880479
vn 0.000000 -0.573122 0.819470
vn -0.040240 -0.571941 0.819307
vn -0.851117 0.057599 0.521807
vn -0.990216 -0.063351 0.124333
vn -0.781416 -0.283295 0.555998
vn -0.147856 -0.169142 0.974438
vn -0.990216 -0.063351 0.124333
vn -0.851116 -0.456007 0.260112
vn -0.147856 -0.688916 0.709600
vn -0.781416 -0.283295 0.555998
vn -0.781416 -0.283295 0.555998
vn -0.147856 -0.688916 0.709600
vn 0.040240 -0.326654 0.944287
vn 0.110297 -0.451220 0.885570
vn -0.147856 -0.169142 0.974438
vn -0.781416 -0.283295 0.555998
vn 0.110297 -0.451220 0.885570
vn 0.040240 -0.571942 0.819307
vn -0.851116 -0.456007 0.260112
vn -0.124074 -0.678671 0.723887
vn -0.063309 -0.436157 0.897641
vn -0.147856 -0.688916 0.709600
vn -0.124074 -0.678671 0.723887
vn -0.046002 -0.594215 0.802990
vn -0.098040 -0.311971 0.945020
vn -0.063309 -0.436157 0.897641
vn -0.063309 -0.436157 0.897641
vn -0.098040 -0.311971 0.945020
vn -0.040240 -0.326654 0.944287
vn 0.000000 -0.326092 0.945338
vn -0.147856 -0.688916 0.709600
vn -0.063309 -0.436157 0.897641
vn 0.000000 -0.326092 0.945338
vn 0.040240 -0.326654 0.944287
vn -0.046002 -0.008746 0.998903
vn 0.361775 0.145839 0.920788
vn -0.339288 0.147156 0.929101
vn -0.098041 0.303079 0.947909
vn 0.361775 0.145839 0.920788
vn -0.046002 0.316995 0.947311
vn -0.098041 0.004675 0.995171
vn -0.339288 0.147156 0.929101
vn -0.339288 0.147156 0.929101
vn -0.098041 0.004675 0.995171
vn -0.040240 0.018866 0.999012
vn -0.110297 0.155480 0.981662
vn -0.098041 0.303079 0.947909
vn -0.339288 0.147156 0.929101
vn -0.110297 0.155480 0.981662
vn -0.040240 0.290770 0.955947
vn -0.046002 0.316995 0.947311
vn -0.124075 0.421761 0.898178
vn -0.063309 0.137426 0.988487
vn -0.098041 0.004675 0.995171
vn -0.124075 0.421761 0.898178
vn -0.851116 0.353309 0.388296
vn -0.147856 0.435922 0.887756
vn -0.063309 0.137426 0.988487
vn -0.063309 0.137426 0.988487
vn -0.147856 0.435922 0.887756
vn 0.040240 0.018867 0.999012
vn 0.000000 0.018007 0.999838
vn -0.098041 0.004675 0.995171
vn -0.063309 0.137426 0.988487
vn 0.000000 0.018007 0.999838
vn -0.040240 0.018866 0.999012
vn -0.851116 0.353309 0.388296
vn -0.990216 0.021829 0.137824
vn -0.781416 0.097617 0.616328
vn -0.147856 0.435922 0.887756
vn -0.990216 0.021829 0.137824
vn -0.851117 -0.216028 0.478469
vn -0.147856 -0.140253 0.979014
vn -0.781416 0.097617 0.616328
vn -0.781416 0.097617 0.616328
vn -0.147856 -0.140253 0.979014
vn 0.040240 0.290770 0.955947
vn 0.110297 0.155480 0.981662
vn -0.147856 0.435922 0.887756
vn -0.781416 0.097617 0.616328
vn 0.110297 0.155480 0.981662
vn 0.040240 0.018867 0.999012
vn -0.851117 -0.216028 0.478469
vn -0.124074 -0.123568 0.984549
vn -0.063309 0.174761 0.982573
vn -0.147856 -0.140253 0.979014
vn -0.124074 -0.123568 0.984549
vn -0.046002 -0.008746 0.998903
vn -0.098041 0.303079 0.947909
vn -0.063309 0.174761 0.982573
vn -0.063309 0.174761 0.982573
vn -0.098041 0.303079 0.947909
vn -0.040240 0.290770 0.955947
vn 0.000000 0.291842 0.956466
vn -0.147856 -0.140253 0.979014
vn -0.063309 0.174761 0.982573
vn 0.000000 0.291842 0.956466
vn 0.040240 0.290770 0.955947
vn -0.046002 0.580065 0.813270
vn 0.361778 0.659211 0.659209
vn -0.339288 0.665164 0.665162
vn -0.098041 0.802363 0.588729
vn 0.361778 0.659211 0.659209
vn -0.046002 0.813271 0.580065
vn -0.098040 0.588731 0.802362
vn -0.339288 0.665164 0.665162
vn -0.339288 0.665164 0.665162
vn -0.098040 0.588731 0.802362
vn -0.040240 0.602467 0.797128
vn -0.110296 0.702793 0.702792
vn -0.098041 0.802363 0.588729
vn -0.339288 0.665164 0.665162
vn -0.110296 0.702793 0.702792
vn -0.040240 0.797129 0.602466
vn -0.046002 0.813271 0.580065
vn -0.124074 0.869149 0.478734
vn -0.063309 0.692199 0.718924
vn -0.098040 0.588731 0.802362
vn -0.124074 0.869149 0.478734
vn -0.851116 0.514068 0.106466
vn -0.147856 0.874479 0.461980
vn -0.063309 0.692199 0.718924
vn -0.063309 0.692199 0.718924
vn -0.147856 0.874479 0.461980
vn 0.040240 0.602468 0.797128
vn 0.000000 0.602258 0.798301
vn -0.098040 0.588731 0.802362
vn -0.063309 0.692199 0.718924
vn 0.000000 0.602258 0.798301
vn -0.040240 0.602467 0.797128
vn -0.851116 0.514068 0.106466
vn -0.990216 0.098672 0.098671
vn -0.781416 0.441242 0.441241
vn -0.147856 0.874479 0.461980
vn -0.990216 0.098672 0.098671
vn -0.851116 0.106467 0.514068
vn -0.147855 0.461982 0.874478
vn -0.781416 0.441242 0.441241
vn -0.781416 0.441242 0.441241
vn -0.147855 0.461982 0.874478
vn 0.040240 0.797129 0.602466
vn 0.110296 0.702793 0.702792
vn -0.147856 0.874479 0.461980
vn -0.781416 0.441242 0.441241
vn 0.110296 0.702793 0.702792
vn 0.040240 0.602468 0.797128
vn -0.851116 0.106467 0.514068
vn -0.124075 0.478735 0.869148
vn -0.063309 0.718927 0.692196
vn -0.147855 0.461982 0.874478
vn -0.124075 0.478735 0.869148
vn -0.046002 0.580065 0.813270
vn -0.098041 0.802363 0.588729
vn -0.063309 0.718927 0.692196
vn -0.063309 0.718927 0.692196
vn -0.098041 0.802363 0.588729
vn -0.040240 0.797129 0.602466
vn 0.000000 0.798302 0.602257
vn -0.147855 0.461982 0.874478
vn -0.063309 0.718927 0.692196
vn 0.000000 0.798302 0.602257
vn 0.040240 0.797129 0.602466
vn -0.046002 0.947311 0.316996
vn 0.361780 0.920786 0.145839
vn -0.339287 0.929101 0.147156
vn -0.098040 0.995171 0.004677
vn 0.361780 0.920786 0.145839
vn -0.046001 0.998903 -0.008744
vn -0.098040 0.947909 0.303078
vn -0.339287 0.929101 0.147156
vn -0.339287 0.929101 0.147156
vn -0.098040 0.947909 0.303078
vn -0.040240 0.955947 0.290770
vn -0.110296 0.981662 0.155481
vn -0.098040 0.995171 0.004677
vn -0.339287 0.929101 0.147156
vn -0.110296 0.981662 0.155481
vn -0.040240 0.999012 0.018867
vn -0.046001 0.998903 -0.008744
vn -0.124075 0.984549 -0.123566
vn -0.063309 0.982574 0.174759
vn -0.098040 0.947909 0.303078
vn -0.124075 0.984549 -0.123566
vn -0.851117 0.478469 -0.216027
vn -0.147857 0.979013 -0.140254
vn -0.063309 0.982574 0.174759
vn -0.063309 0.982574 0.174759
vn -0.147857 0.979013 -0.140254
vn 0.040240 0.955947 0.290770
vn 0.000000 0.956467 0.291842
vn -0.098040 0.947909 0.303078
vn -0.063309 0.982574 0.174759
vn 0.000000 0.956467 0.291842
vn -0.040240 0.955947 0.290770
vn -0.851117 0.478469 -0.216027
vn -0.990216 0.137824 0.021829
vn -0.781417 0.616327 0.097617
vn -0.147857 0.979013 -0.140254
vn -0.990216 0.137824 0.021829
vn -0.851117 0.388295 0.353310
vn -0.147856 0.887755 0.435923
vn -0.781417 0.616327 0.097617
vn -0.781417 0.616327 0.097617
vn -0.147856 0.887755 0.435923
vn 0.040240 0.999012 0.018867
vn 0.110296 0.981662 0.155481
vn -0.147857 0.979013 -0.140254
vn -0.781417 0.616327 0.097617
vn 0.110296 0.981662 0.155481
vn 0.040240 0.955947 0.290770
vn -0.851117 0.388295 0.353310
vn -0.124075 0.898177 0.421762
vn -0.063309 0.988487 0.137427
vn -0.147856 0.887755 0.435923
vn -0.124075 0.898177 0.421762
vn -0.046002 0.947311 0.316996
vn -0.098040 0.995171 0.004677
vn -0.063309 0.988487 0.137427
vn -0.063309 0.988487 0.137427
vn -0.098040 0.995171 0.004677
vn -0.040240 0.999012 0.018867
vn 0.000000 0.999838 0.018008
vn -0.147856 0.887755 0.435923
vn -0.063309 0.988487 0.137427
vn 0.000000 0.999838 0.018008
vn 0.040240 0.999012 0.018867
vn 0.680683 -0.592668 0.430599
vn 0.680655 -0.652755 0.332595
vn 0.999566 -0.026249 0.013374
vn 0.999560 -0.023995 0.017433
vn 0.680655 -0.652755 0.332595
vn 0.680683 -0.696723 0.226379
vn 0.999560 -0.028208 0.009165
vn 0.999566 -0.026249 0.013374
vn 0.999566 -0.026249 0.013374
vn 0.999560 -0.028208 0.009165
vn 0.000000 0.951057 -0.309017
vn 0.000000 0.891006 -0.453991
vn 0.999560 -0.023995 0.017433
vn 0.999566 -0.026249 0.013374
vn 0.000000 0.891006 -0.453991
vn 0.000000 0.809017 -0.587786
vn 0.680683 -0.430599 0.592668
vn 0.680655 -0.518029 0.518030
vn 0.999566 -0.020831 0.020831
vn 0.999560 -0.017433 0.023994
vn 0.680655 -0.518029 0.518030
vn 0.680683 -0.592668 0.430599
vn 0.999560 -0.023995 0.017433
vn 0.999566 -0.020831 0.020831
vn 0.999566 -0.020831 0.020831
vn 0.999560 -0.023995 0.017433
vn 0.000000 0.809017 -0.587786
vn 0.000000 0.707107 -0.707107
vn 0.999560 -0.017433 0.023994
vn 0.999566 -0.020831 0.020831
vn 0.000000 0.707107 -0.707107
vn 0.000000 0.587785 -0.809017
vn 0.680682 -0.226380 0.696724
vn 0.680654 -0.332596 0.652755
vn 0.999566 -0.013374 0.026249
vn 0.999560 -0.009166 0.028208
vn 0.680654 -0.332596 0.652755
vn 0.680683 -0.430599 0.592668
vn 0.999560 -0.017433 0.023994
vn 0.999566 -0.013374 0.026249
vn 0.999566 -0.013374 0.026249
vn 0.999560 -0.017433 0.023994
vn 0.000000 0.587785 -0.809017
vn 0.000000 0.453991 -0.891006
vn 0.999560 -0.009166 0.028208
vn 0.999566 -0.013374 0.026249
vn 0.000000 0.453991 -0.891006
vn 0.000000 0.309017 -0.951056
vn 0.680682 0.000000 0.732579
vn 0.680654 -0.114604 0.723585
vn 0.999566 -0.004608 0.029095
vn 0.999560 0.000000 0.029659
vn 0.680654 -0.114604 0.723585
vn 0.680682 -0.226380 0.696724
vn 0.999560 -0.009166 0.028208
vn 0.999566 -0.004608 0.029095
vn 0.999566 -0.004608 0.029095
vn 0.999560 -0.009166 0.028208
vn 0.000000 0.309017 -0.951056
vn 0.000000 0.156434 -0.987688
vn 0.999560 0.000000 0.029659
vn 0.999566 -0.004608 0.029095
vn 0.000000 0.156434 -0.987688
vn 0.000000 0.000000 -1.000000
vn 0.680682 0.226380 0.696724
vn 0.680654 0.114605 0.723586
vn 0.999566 0.004608 0.029097
vn 0.999560 0.009166 0.028209
vn 0.680654 0.114605 0.723586
vn 0.680682 0.000000 0.732579
vn 0.999560 0.000000 0.029659
vn 0.999566 0.004608 0.029097
vn 0.999566 0.004608 0.029097
vn 0.999560 0.000000 0.029659
vn 0.000000 0.000000 -1.000000
vn 0.000000 -0.156434 -0.987688
vn 0.999560 0.009166 0.028209
vn 0.999566 0.004608 0.029097
vn 0.000000 -0.156434 -0.987688
vn 0.000000 -0.309018 -0.951056
vn 0.680682 0.430599 0.592668
vn 0.680654 0.332596 0.652755
vn 0.999566 0.013374 0.026248
vn 0.999560 0.017433 0.023995
vn 0.680654 0.332596 0.652755
vn 0.680682 0.226380 0.696724
vn 0.999560 0.009166 0.028209
vn 0.999566 0.013374 0.026248
vn 0.999566 0.013374 0.026248
vn 0.999560 0.009166 0.028209
vn 0.000000 -0.309018 -0.951056
vn 0.000000 -0.453991 -0.891006
vn 0.999560 0.017433 0.023995
vn 0.999566 0.013374 0.026248
vn 0.000000 -0.453991 -0.891006
vn 0.000000 -0.587785 -0.809017
vn 0.680681 0.592670 0.430599
vn 0.680654 0.518030 0.518030
vn 0.999566 0.020831 0.020831
vn 0.999560 0.023996 0.017434
vn 0.680654 0.518030 0.518030
vn 0.680682 0.430599 0.592668
vn 0.999560 0.017433 0.023995
vn 0.999566 0.020831 0.020831
vn 0.999566 0.020831 0.020831
vn 0.999560 0.017433 0.023995
vn 0.000000 -0.587785 -0.809017
vn 0.000000 -0.707106 -0.707107
vn 0.999560 0.023996 0.017434
vn 0.999566 0.020831 0.020831
vn 0.000000 -0.707106 -0.707107
vn 0.000000 -0.809017 -0.587786
vn 0.680682 0.696724 0.226379
vn 0.680653 0.652757 0.332596
vn 0.999566 0.026249 0.013375
vn 0.999560 0.028208 0.009165
vn 0.680653 0.652757 0.332596
vn 0.680681 0.592670 0.430599
vn 0.999560 0.023996 0.017434
vn 0.999566 0.026249 0.013375
vn 0.999566 0.026249 0.013375
vn 0.999560 0.023996 0.017434
vn 0.000000 -0.809017 -0.587786
vn 0.000000 -0.891007 -0.453990
vn 0.999560 0.028208 0.009165
vn 0.999566 0.026249 0.013375
vn 0.000000 -0.891007 -0.453990
vn 0.000000 -0.951057 -0.309016
vn 0.680682 0.732579 0.000000
vn 0.680654 0.723586 0.114604
vn 0.999566 0.029096 0.004608
vn 0.999560 0.029659 0.000000
vn 0.680654 0.723586 0.114604
vn 0.680682 0.696724 0.226379
vn 0.999560 0.028208 0.009165
vn 0.999566 0.029096 0.004608
vn 0.999566 0.029096 0.004608
vn 0.999560 0.028208 0.009165
vn 0.000000 -0.951057 -0.309016
vn 0.000000 -0.987688 -0.156434
vn 0.999560 0.029659 0.000000
vn 0.999566 0.029096 0.004608
vn 0.000000 -0.987688 -0.156434
vn 0.000000 -1.000000 0.000000
vn 0.680682 0.696725 -0.226379
vn 0.680654 0.723585 -0.114604
vn 0.999566 0.029097 -0.004609
vn 0.999560 0.028208 -0.009165
vn 0.680654 0.723585 -0.114604
vn 0.680682 0.732579 0.000000
vn 0.999560 0.029659 0.000000
vn 0.999566 0.029097 -0.004609
vn 0.999566 0.029097 -0.004609
vn 0.999560 0.029659 0.000000
vn 0.000000 -1.000000 0.000000
vn 0.000000 -0.987688 0.156434
vn 0.999560 0.028208 -0.009165
vn 0.999566 0.029097 -0.004609
vn 0.000000 -0.987688 0.156434
vn 0.000000 -0.951057 0.309016
vn 0.680681 0.592669 -0.430600
vn 0.680653 0.652757 -0.332596
vn 0.999566 0.026249 -0.013374
vn 0.999560 0.023995 -0.017434
vn 0.680653 0.652757 -0.332596
vn 0.680682 0.696725 -0.226379
vn 0.999560 0.028208 -0.009165
vn 0.999566 0.026249 -0.013374
vn 0.999566 0.026249 -0.013374
vn 0.999560 0.028208 -0.009165
vn 0.000000 -0.951057 0.309016
vn 0.000000 -0.891007 0.453990
vn 0.999560 0.023995 -0.017434
vn 0.999566 0.026249 -0.013374
vn 0.000000 -0.891007 0.453990
vn 0.000000 -0.809016 0.587786
vn 0.680682 0.430599 -0.592669
vn 0.680654 0.518030 -0.518030
vn 0.999566 0.020831 -0.020830
vn 0.999560 0.017433 -0.023994
vn 0.680654 0.518030 -0.518030
vn 0.680681 0.592669 -0.430600
vn 0.999560 0.023995 -0.017434
vn 0.999566 0.020831 -0.020830
vn 0.999566 0.020831 -0.020830
vn 0.999560 0.023995 -0.017434
vn 0.000000 -0.809016 0.587786
vn 0.000000 -0.707106 0.707108
vn 0.999560 0.017433 -0.023994
vn 0.999566 0.020831 -0.020830
vn 0.000000 -0.707106 0.707108
vn 0.000000 -0.587785 0.809017
vn 0.680683 0.226380 -0.696723
vn 0.680654 0.332595 -0.652756
vn 0.999566 0.013374 -0.026249
vn 0.999560 0.009165 -0.028208
vn 0.680654 0.332595 -0.652756
vn 0.680682 0.430599 -0.592669
vn 0.999560 0.017433 -0.023994
vn 0.999566 0.013374 -0.026249
vn 0.999566 0.013374 -0.026249
vn 0.999560 0.017433 -0.023994
vn 0.000000 -0.587785 0.809017
vn 0.000000 -0.453990 0.891007
vn 0.999560 0.009165 -0.028208
vn 0.999566 0.013374 -0.026249
vn 0.000000 -0.453990 0.891007
vn 0.000000 -0.309017 0.951056
vn 0.680683 0.000000 -0.732579
vn 0.680654 0.114605 -0.723585
vn 0.999566 0.004608 -0.029097
vn 0.999560 0.000000 -0.029659
vn 0.680654 0.114605 -0.723585
vn 0.680683 0.226380 -0.696723
vn 0.999560 0.009165 -0.028208
vn 0.999566 0.004608 -0.029097
vn 0.999566 0.004608 -0.029097
vn 0.999560 0.009165 -0.028208
vn 0.000000 -0.309017 0.951056
vn 0.000000 -0.156435 0.987688
vn 0.999560 0.000000 -0.029659
vn 0.999566 0.004608 -0.029097
vn 0.000000 -0.156435 0.987688
vn 0.000000 0.000000 1.000000
vn 0.680683 -0.226379 -0.696723
vn 0.680655 -0.114605 -0.723585
vn 0.999566 -0.004608 -0.029096
vn 0.999560 -0.009165 -0.028208
vn 0.680655 -0.114605 -0.723585
vn 0.680683 0.000000 -0.732579
vn 0.999560 0.000000 -0.029659
vn 0.999566 -0.004608 -0.029096
vn 0.999566 -0.004608 -0.029096
vn 0.999560 0.000000 -0.029659
vn 0.000000 0.000000 1.000000
vn 0.000000 0.156434 0.987688
vn 0.999560 -0.009165 -0.028208
vn 0.999566 -0.004608 -0.029096
vn 0.000000 0.156434 0.987688
vn 0.000000 0.309017 0.951056
vn 0.680683 -0.430599 -0.592668
vn 0.680655 -0.332595 -0.652755
vn 0.999566 -0.013375 -0.026249
vn 0.999560 -0.017434 -0.023994
vn 0.680655 -0.332595 -0.652755
vn 0.680683 -0.226379 -0.696723
vn 0.999560 -0.009165 -0.028208
vn 0.999566 -0.013375 -0.026249
vn 0.999566 -0.013375 -0.026249
vn 0.999560 -0.009165 -0.028208
vn 0.000000 0.309017 0.951056
vn 0.000000 0.453990 0.891007
vn 0.999560 -0.017434 -0.023994
vn 0.999566 -0.013375 -0.026249
vn 0.000000 0.453990 0.891007
vn 0.000000 0.587785 0.809017
vn 0.680682 -0.592669 -0.430599
vn 0.680654 -0.518030 -0.518029
vn 0.999566 -0.020831 -0.020831
vn 0.999560 -0.023995 -0.017433
vn 0.680654 -0.518030 -0.518029
vn 0.680683 -0.430599 -0.592668
vn 0.999560 -0.017434 -0.023994
vn 0.999566 -0.020831 -0.020831
vn 0.999566 -0.020831 -0.020831
vn 0.999560 -0.017434 -0.023994
vn 0.000000 0.587785 0.809017
vn 0.000000 0.707107 0.707107
vn 0.999560 -0.023995 -0.017433
vn 0.999566 -0.020831 -0.020831
vn 0.000000 0.707107 0.707107
vn 0.000000 0.809017 0.587786
vn 0.680681 -0.696725 -0.226380
vn 0.680653 -0.652756 -0.332597
vn 0.999566 -0.026248 -0.013374
vn 0.999560 -0.028208 -0.009166
vn 0.680653 -0.652756 -0.332597
vn 0.680682 -0.592669 -0.430599
vn 0.999560 -0.023995 -0.017433
vn 0.999566 -0.026248 -0.013374
vn 0.999566 -0.026248 -0.013374
vn 0.999560 -0.023995 -0.017433
vn 0.000000 0.809017 0.587786
vn 0.000000 0.891006 0.453992
vn 0.999560 -0.028208 -0.009166
vn 0.999566 -0.026248 -0.013374
vn 0.000000 0.891006 0.453992
vn 0.000000 0.951056 0.309018
vn 0.680681 -0.732580 -0.000001
vn 0.680653 -0.723586 -0.114605
vn 0.999566 -0.029097 -0.004609
vn 0.999560 -0.029660 0.000000
vn 0.680653 -0.723586 -0.114605
vn 0.680681 -0.696725 -0.226380
vn 0.999560 -0.028208 -0.009166
vn 0.999566 -0.029097 -0.004609
vn 0.999566 -0.029097 -0.004609
vn 0.999560 -0.028208 -0.009166
vn 0.000000 0.951056 0.309018
vn 0.000000 0.987688 0.156434
vn 0.999560 -0.029660 0.000000
vn 0.999566 -0.029097 -0.004609
vn 0.000000 0.987688 0.156434
vn 0.000000 1.000000 0.000000
vn 0.680683 -0.696723 0.226379
vn 0.680654 -0.723585 0.114604
vn 0.999566 -0.029096 0.004608
vn 0.999560 -0.028208 0.009165
vn 0.680654 -0.723585 0.114604
vn 0.680681 -0.732580 -0.000001
vn 0.999560 -0.029660 0.000000
vn 0.999566 -0.029096 0.004608
vn 0.999566 -0.029096 0.004608
vn 0.999560 -0.029660 0.000000
vn 0.000000 1.000000 0.000000
vn 0.000000 0.987688 -0.156434
vn 0.999560 -0.028208 0.009165
vn 0.999566 -0.029096 0.004608
vn 0.000000 0.987688 -0.156434
vn 0.000000 0.951057 -0.309017
vn 0.000000 0.809017 -0.587786
vn 0.000000 0.891006 -0.453991
vn 0.607804 0.707537 -0.360508
vn 0.604874 0.644237 -0.468066
vn 0.000000 0.891006 -0.453991
vn 0.000000 0.951057 -0.309017
vn 0.604873 0.757347 -0.246077
vn 0.607804 0.707537 -0.360508
vn 0.607804 0.707537 -0.360508
vn 0.604873 0.757347 -0.246077
vn 0.974624 0.212892 -0.069173
vn 0.968433 0.222106 -0.113169
vn 0.604874 0.644237 -0.468066
vn 0.607804 0.707537 -0.360508
vn 0.968433 0.222106 -0.113169
vn 0.974624 0.181097 -0.131575
vn 0.000000 0.587785 -0.809017
vn 0.000000 0.707107 -0.707107
vn 0.607804 0.561504 -0.561504
vn 0.604873 0.468066 -0.644238
vn 0.000000 0.707107 -0.707107
vn 0.000000 0.809017 -0.587786
vn 0.604874 0.644237 -0.468066
vn 0.607804 0.561504 -0.561504
vn 0.607804 0.561504 -0.561504
vn 0.604874 0.644237 -0.468066
vn 0.974624 0.181097 -0.131575
vn 0.968432 0.176265 -0.176265
vn 0.604873 0.468066 -0.644238
vn 0.607804 0.561504 -0.561504
vn 0.968432 0.176265 -0.176265
vn 0.974624 0.131575 -0.181097
vn 0.000000 0.309017 -0.951056
vn 0.000000 0.453991 -0.891006
vn 0.607804 0.360509 -0.707537
vn 0.604873 0.246077 -0.757347
vn 0.000000 0.453991 -0.891006
vn 0.000000 0.587785 -0.809017
vn 0.604873 0.468066 -0.644238
vn 0.607804 0.360509 -0.707537
vn 0.607804 0.360509 -0.707537
vn 0.604873 0.468066 -0.644238
vn 0.974624 0.131575 -0.181097
vn 0.968433 0.113169 -0.222106
vn 0.604873 0.246077 -0.757347
vn 0.607804 0.360509 -0.707537
vn 0.968433 0.113169 -0.222106
vn 0.974624 0.069173 -0.212892
vn 0.000000 0.000000 -1.000000
vn 0.000000 0.156434 -0.987688
vn 0.607804 0.124222 -0.784311
vn 0.604873 0.000000 -0.796322
vn 0.000000 0.156434 -0.987688
vn 0.000000 0.309017 -0.951056
vn 0.604873 0.246077 -0.757347
vn 0.607804 0.124222 -0.784311
vn 0.607804 0.124222 -0.784311
vn 0.604873 0.246077 -0.757347
vn 0.974624 0.069173 -0.212892
vn 0.968433 0.038995 -0.246207
vn 0.604873 0.000000 -0.796322
vn 0.607804 0.124222 -0.784311
vn 0.968433 0.038995 -0.246207
vn 0.974624 0.000000 -0.223848
vn 0.000000 -0.309018 -0.951056
vn 0.000000 -0.156434 -0.987688
vn 0.607804 -0.124223 -0.784311
vn 0.604873 -0.246077 -0.757347
vn 0.000000 -0.156434 -0.987688
vn 0.000000 0.000000 -1.000000
vn 0.604873 0.000000 -0.796322
vn 0.607804 -0.124223 -0.784311
vn 0.607804 -0.124223 -0.784311
vn 0.604873 0.000000 -0.796322
vn 0.974624 0.000000 -0.223848
vn 0.968433 -0.038995 -0.246207
vn 0.604873 -0.246077 -0.757347
vn 0.607804 -0.124223 -0.784311
vn 0.968433 -0.038995 -0.246207
vn 0.974624 -0.069173 -0.212892
vn 0.000000 -0.587785 -0.809017
vn 0.000000 -0.453991 -0.891006
vn 0.607804 -0.360509 -0.707537
vn 0.604873 -0.468066 -0.644238
vn 0.000000 -0.453991 -0.891006
vn 0.000000 -0.309018 -0.951056
vn 0.604873 -0.246077 -0.757347
vn 0.607804 -0.360509 -0.707537
vn 0.607804 -0.360509 -0.707537
vn 0.604873 -0.246077 -0.757347
vn 0.974624 -0.069173 -0.212892
vn 0.968432 -0.113169 -0.222107
vn 0.604873 -0.468066 -0.644238
vn 0.607804 -0.360509 -0.707537
vn 0.968432 -0.113169 -0.222107
vn 0.974624 -0.131575 -0.181097
vn 0.000000 -0.809017 -0.587786
vn 0.000000 -0.707106 -0.707107
vn 0.607804 -0.561504 -0.561505
vn 0.604873 -0.644238 -0.468067
vn 0.000000 -0.707106 -0.707107
vn 0.000000 -0.587785 -0.809017
vn 0.604873 -0.468066 -0.644238
vn 0.607804 -0.561504 -0.561505
vn 0.607804 -0.561504 -0.561505
vn 0.604873 -0.468066 -0.644238
vn 0.974624 -0.131575 -0.181097
vn 0.968432 -0.176265 -0.176265
vn 0.604873 -0.644238 -0.468067
vn 0.607804 -0.561504 -0.561505
vn 0.968432 -0.176265 -0.176265
vn 0.974624 -0.181097 -0.131575
vn 0.000000 -0.951057 -0.309016
vn 0.000000 -0.891007 -0.453990
vn 0.607804 -0.707537 -0.360508
vn 0.604873 -0.757348 -0.246076
vn 0.000000 -0.891007 -0.453990
vn 0.000000 -0.809017 -0.587786
vn 0.604873 -0.644238 -0.468067
vn 0.607804 -0.707537 -0.360508
vn 0.607804 -0.707537 -0.360508
vn 0.604873 -0.644238 -0.468067
vn 0.974624 -0.181097 -0.131575
vn 0.968432 -0.222107 -0.113169
vn 0.604873 -0.757348 -0.246076
vn 0.607804 -0.707537 -0.360508
vn 0.968432 -0.222107 -0.113169
vn 0.974624 -0.212893 -0.069173
vn 0.000000 -1.000000 0.000000
vn 0.000000 -0.987688 -0.156434
vn 0.607804 -0.784311 -0.124222
vn 0.604873 -0.796322 0.000000
vn 0.000000 -0.987688 -0.156434
vn 0.000000 -0.951057 -0.309016
vn 0.604873 -0.757348 -0.246076
vn 0.607804 -0.784311 -0.124222
vn 0.607804 -0.784311 -0.124222
vn 0.604873 -0.757348 -0.246076
vn 0.974624 -0.212893 -0.069173
vn 0.968432 -0.246207 -0.038995
vn 0.604873 -0.796322 0.000000
vn 0.607804 -0.784311 -0.124222
vn 0.968432 -0.246207 -0.038995
vn 0.974624 -0.223848 0.000000
vn 0.000000 -0.951057 0.309016
vn 0.000000 -0.987688 0.156434
vn 0.607804 -0.784311 0.124222
vn 0.604873 -0.757347 0.246076
vn 0.000000 -0.987688 0.156434
vn 0.000000 -1.000000 0.000000
vn 0.604873 -0.796322 0.000000
vn 0.607804 -0.784311 0.124222
vn 0.607804 -0.784311 0.124222
vn 0.604873 -0.796322 0.000000
vn 0.974624 -0.223848 0.000000
vn 0.968432 -0.246207 0.038995
vn 0.604873 -0.757347 0.246076
vn 0.607804 -0.784311 0.124222
vn 0.968432 -0.246207 0.038995
vn 0.974624 -0.212892 0.069173
vn 0.000000 -0.809016 0.587786
vn 0.000000 -0.891007 0.453990
vn 0.607804 -0.707537 0.360508
vn 0.604873 -0.644238 0.468067
vn 0.000000 -0.891007 0.453990
vn 0.000000 -0.951057 0.309016
vn 0.604873 -0.757347 0.246076
vn 0.607804 -0.707537 0.360508
vn 0.607804 -0.707537 0.360508
vn 0.604873 -0.757347 0.246076
vn 0.974624 -0.212892 0.069173
vn 0.968433 -0.222106 0.113169
vn 0.604873 -0.644238 0.468067
vn 0.607804 -0.707537 0.360508
vn 0.968433 -0.222106 0.113169
vn 0.974624 -0.181097 0.131575
vn 0.000000 -0.587785 0.809017
vn 0.000000 -0.707106 0.707108
vn 0.607804 -0.561504 0.561505
vn 0.604873 -0.468066 0.644238
vn 0.000000 -0.707106 0.707108
vn 0.000000 -0.809016 0.587786
vn 0.604873 -0.644238 0.468067
vn 0.607804 -0.561504 0.561505
vn 0.607804 -0.561504 0.561505
vn 0.604873 -0.644238 0.468067
vn 0.974624 -0.181097 0.131575
vn 0.968433 -0.176264 0.176265
vn 0.604873 -0.468066 0.644238
vn 0.607804 -0.561504 0.561505
vn 0.968433 -0.176264 0.176265
vn 0.974624 -0.131575 0.181097
vn 0.000000 -0.309017 0.951056
vn 0.000000 -0.453990 0.891007
vn 0.607804 -0.360508 0.707537
vn 0.604873 -0.246077 0.757347
vn 0.000000 -0.453990 0.891007
vn 0.000000 -0.587785 0.809017
vn 0.604873 -0.468066 0.644238
vn 0.607804 -0.360508 0.707537
vn 0.607804 -0.360508 0.707537
vn 0.604873 -0.468066 0.644238
vn 0.974624 -0.131575 0.181097
vn 0.968432 -0.113169 0.222107
vn 0.604873 -0.246077 0.757347
vn 0.607804 -0.360508 0.707537
vn 0.968432 -0.113169 0.222107
vn 0.974624 -0.069173 0.212892
vn 0.000000 0.000000 1.000000
vn 0.000000 -0.156435 0.987688
vn 0.607804 -0.124223 0.784311
vn 0.604873 0.000000 0.796322
vn 0.000000 -0.156435 0.987688
vn 0.000000 -0.309017 0.951056
vn 0.604873 -0.246077 0.757347
vn 0.607804 -0.124223 0.784311
vn 0.607804 -0.124223 0.784311
vn 0.604873 -0.246077 0.757347
vn 0.974624 -0.069173 0.212892
vn 0.968432 -0.038995 0.246207
vn 0.604873 0.000000 0.796322
vn 0.607804 -0.124223 0.784311
vn 0.968432 -0.038995 0.246207
vn 0.974624 0.000000 0.223848
vn 0.000000 0.309017 0.951056
vn 0.000000 0.156434 0.987688
vn 0.607804 0.124223 0.784311
vn 0.604873 0.246077 0.757347
vn 0.000000 0.156434 0.987688
vn 0.000000 0.000000 1.000000
vn 0.604873 0.000000 0.796322
vn 0.607804 0.124223 0.784311
vn 0.607804 0.124223 0.784311
vn 0.604873 0.000000 0.796322
vn 0.974624 0.000000 0.223848
vn 0.968432 0.038995 0.246207
vn 0.604873 0.246077 0.757347
vn 0.607804 0.124223 0.784311
vn 0.968432 0.038995 0.246207
vn 0.974624 0.069173 0.212892
vn 0.000000 0.587785 0.809017
vn 0.000000 0.453990 0.891007
vn 0.607804 0.360508 0.707537
vn 0.604873 0.468066 0.644238
vn 0.000000 0.453990 0.891007
vn 0.000000 0.309017 0.951056
vn 0.604873 0.246077 0.757347
vn 0.607804 0.360508 0.707537
vn 0.607804 0.360508 0.707537
vn 0.604873 0.246077 0.757347
vn 0.974624 0.069173 0.212892
vn 0.968432 0.113169 0.222107
vn 0.604873 0.468066 0.644238
vn 0.607804 0.360508 0.707537
vn 0.968432 0.113169 0.222107
vn 0.974624 0.131575 0.181097
vn 0.000000 0.809017 0.587786
vn 0.000000 0.707107 0.707107
vn 0.607803 0.561505 0.561505
vn 0.604873 0.644238 0.468067
vn 0.000000 0.707107 0.707107
vn 0.000000 0.587785 0.809017
vn 0.604873 0.468066 0.644238
vn 0.607803 0.561505 0.561505
vn 0.607803 0.561505 0.561505
vn 0.604873 0.468066 0.644238
vn 0.974624 0.131575 0.181097
vn 0.968432 0.176265 0.176265
vn 0.604873 0.644238 0.468067
vn 0.607803 0.561505 0.561505
vn 0.968432 0.176265 0.176265
vn 0.974624 0.181097 0.131575
vn 0.000000 0.951056 0.309018
vn 0.000000 0.891006 0.453992
vn 0.607804 0.707536 0.360509
vn 0.604874 0.757346 0.246078
vn 0.000000 0.891006 0.453992
vn 0.000000 0.809017 0.587786
vn 0.604873 0.644238 0.468067
vn 0.607804 0.707536 0.360509
vn 0.607804 0.707536 0.360509
vn 0.604873 0.644238 0.468067
vn 0.974624 0.181097 0.131575
vn 0.968433 0.222106 0.113169
vn 0.604874 0.757346 0.246078
vn 0.607804 0.707536 0.360509
vn 0.968433 0.222106 0.113169
vn 0.974624 0.212892 0.069173
vn 0.000000 1.000000 0.000000
vn 0.000000 0.987688 0.156434
vn 0.607804 0.784310 0.124223
vn 0.604873 0.796322 0.000000
vn 0.000000 0.987688 0.156434
vn 0.000000 0.951056 0.309018
vn 0.604874 0.757346 0.246078
vn 0.607804 0.784310 0.124223
vn 0.607804 0.784310 0.124223
vn 0.604874 0.757346 0.246078
vn 0.974624 0.212892 0.069173
vn 0.968433 0.246207 0.038995
vn 0.604873 0.796322 0.000000
vn 0.607804 0.784310 0.124223
vn 0.968433 0.246207 0.038995
vn 0.974624 0.223848 0.000000
vn 0.000000 0.951057 -0.309017
vn 0.000000 0.987688 -0.156434
vn 0.607804 0.784310 -0.124222
vn 0.604873 0.757347 -0.246077
vn 0.000000 0.987688 -0.156434
vn 0.000000 1.000000 0.000000
vn 0.604873 0.796322 0.000000
vn 0.607804 0.784310 -0.124222
vn 0.607804 0.784310 -0.124222
vn 0.604873 0.796322 0.000000
vn 0.974624 0.223848 0.000000
vn 0.968433 0.246207 -0.038995
vn 0.604873 0.757347 -0.246077
vn 0.607804 0.784310 -0.124222
vn 0.968433 0.246207 -0.038995
vn 0.974624 0.212892 -0.069173
vn -0.570313 -0.186887 0.799885
vn -0.570313 -0.186887 0.799885
vn -0.570313 -0.186887 0.799885
vn -0.570313 -0.186887 0.799885
vn -0.265763 -0.725952 0.634321
vn 0.000000 -0.697926 0.716170
vn 0.000000 0.150599 0.988595
vn -0.250151 0.125269 0.960069
vn -0.250151 0.125269 0.960069
vn 0.000000 0.150599 0.988595
vn 0.000000 0.725066 0.688679
vn -0.192664 0.728235 0.657689
vn -0.769814 -0.001097 0.638268
vn -0.250151 0.125269 0.960069
vn -0.192664 0.728235 0.657689
vn -0.695101 0.327643 0.639910
vn -0.762900 0.260497 0.591713
vn -0.205279 0.595141 0.776960
vn -0.129900 0.989556 0.062482
vn -0.667484 0.743032 0.048671
vn -0.205279 0.595141 0.776960
vn 0.000000 0.530593 0.847627
vn 0.000000 0.997686 0.067995
vn -0.129900 0.989556 0.062482
vn -0.129900 0.989556 0.062482
vn 0.000000 0.997686 0.067995
vn 0.000000 0.797768 -0.602965
vn -0.163140 0.822152 -0.545390
vn -0.667484 0.743032 0.048671
vn -0.129900 0.989556 0.062482
vn -0.163140 0.822152 -0.545390
vn -0.684718 0.538131 -0.491504
vn 0.000000 0.000000 -1.000000
vn 0.000000 0.000000 -1.000000
vn 0.000000 0.000000 -1.000000
vn 0.000000 0.000000 -1.000000
vn 0.000000 0.000000 -1.000000
vn 0.000000 0.000000 -1.000000
vn 0.000000 0.000000 -1.000000
vn 0.000000 0.000000 -1.000000
vn 0.000000 0.000000 -1.000000
vn 0.000000 0.000000 -1.000000
vn 0.000000 0.000000 -1.000000
vn 0.000000 0.000000 -1.000000
vn 0.000000 0.000000 -1.000000
vn 0.000000 0.000000 -1.000000
vn 0.000000 0.000000 -1.000000
vn -0.000001 0.000000 -1.000000
vn -0.218746 -0.956162 -0.194691
vn -0.042512 -0.998946 -0.017333
vn -0.017836 -0.999675 0.018226
vn -0.062912 -0.997526 -0.031381
vn -0.042512 -0.998946 -0.017333
vn 0.000000 -0.999958 -0.009191
vn 0.000000 -0.999220 0.039487
vn -0.017836 -0.999675 0.018226
vn -0.017836 -0.999675 0.018226
vn 0.000000 -0.999220 0.039487
vn 0.000000 -0.987396 0.158266
vn 0.000000 -0.987396 0.158266
vn -0.062912 -0.997526 -0.031381
vn -0.017836 -0.999675 0.018226
vn 0.000000 -0.987396 0.158266
vn 0.000000 -0.987396 0.158266
vn 1.000000 0.000000 0.000000
vn 0.999307 -0.036993 0.004189
vn 0.998652 -0.032435 -0.040518
vn 0.999202 0.001097 -0.039934
vn 0.999307 -0.036993 0.004189
vn 0.967138 -0.251370 0.038179
vn 0.957435 -0.282179 -0.060768
vn 0.998652 -0.032435 -0.040518
vn 0.998652 -0.032435 -0.040518
vn 0.957435 -0.282179 -0.060768
vn 0.949496 -0.139233 -0.281198
vn 0.961552 -0.039724 -0.271734
vn 0.999202 0.001097 -0.039934
vn 0.998652 -0.032435 -0.040518
vn 0.961552 -0.039724 -0.271734
vn 0.964905 0.002860 -0.262583
vn -0.949496 -0.139233 -0.281198
vn -0.957435 -0.282179 -0.060768
vn -0.998652 -0.032435 -0.040518
vn -0.961552 -0.039724 -0.271734
vn -0.957435 -0.282179 -0.060768
vn -0.967138 -0.251370 0.038179
vn -0.999307 -0.036993 0.004189
vn -0.998652 -0.032435 -0.040518
vn -0.998652 -0.032435 -0.040518
vn -0.999307 -0.036993 0.004189
vn -1.000000 0.000000 0.000000
vn -0.999202 0.001097 -0.039934
vn -0.961552 -0.039724 -0.271734
vn -0.998652 -0.032435 -0.040518
vn -0.999202 0.001097 -0.039934
vn -0.964905 0.002860 -0.262583
vn 0.000000 0.936891 0.349622
vn 0.000000 0.936891 0.349622
vn 0.000000 0.984444 0.175698
vn 0.000000 0.984444 0.175699
vn 0.000000 0.936891 0.349622
vn 0.000000 0.936891 0.349622
vn 0.000000 0.984444 0.175698
vn 0.000000 0.984444 0.175698
vn 0.000000 0.984444 0.175698
vn 0.000000 0.984444 0.175698
vn 0.000000 0.996755 0.080500
vn 0.000000 0.996755 0.080500
vn 0.000000 0.984444 0.175699
vn 0.000000 0.984444 0.175698
vn 0.000000 0.996755 0.080500
vn 0.000000 0.996755 0.080500
vn 0.901087 0.001713 0.433634
vn 0.893967 -0.081206 0.440714
vn 0.995411 -0.078811 0.054283
vn 0.997986 0.000630 0.063430
vn 0.893967 -0.081206 0.440714
vn 0.863043 -0.274132 0.424274
vn 0.822982 -0.567986 0.009647
vn 0.995411 -0.078811 0.054283
vn 0.995411 -0.078811 0.054283
vn 0.822982 -0.567986 0.009647
vn 0.855950 -0.483621 -0.182922
vn 0.995846 -0.086012 -0.029888
vn 0.997986 0.000630 0.063430
vn 0.995411 -0.078811 0.054283
vn 0.995846 -0.086012 -0.029888
vn 1.000000 0.000000 0.000000
vn 0.000000 -0.999561 -0.029638
vn -0.041167 -0.998911 -0.021962
vn -0.015357 -0.990820 -0.134311
vn 0.000000 -0.988345 -0.152231
vn -0.041167 -0.998911 -0.021962
vn -0.174327 -0.953099 0.247413
vn -0.047037 -0.994903 -0.089191
vn -0.015357 -0.990820 -0.134311
vn -0.015357 -0.990820 -0.134311
vn -0.047037 -0.994903 -0.089191
vn 0.000000 -0.936377 -0.350996
vn 0.000000 -0.936377 -0.350996
vn 0.000000 -0.988345 -0.152231
vn -0.015357 -0.990820 -0.134311
vn 0.000000 -0.936377 -0.350996
vn 0.000000 -0.936377 -0.350996
vn -0.863043 -0.274132 0.424274
vn -0.893967 -0.081206 0.440714
vn -0.995411 -0.078812 0.054283
vn -0.822982 -0.567986 0.009647
vn -0.893967 -0.081206 0.440714
vn -0.901087 0.001713 0.433634
vn -0.997986 0.000630 0.063430
vn -0.995411 -0.078812 0.054283
vn -0.995411 -0.078812 0.054283
vn -0.997986 0.000630 0.063430
vn -1.000000 0.000000 0.000000
vn -0.995846 -0.086012 -0.029888
vn -0.822982 -0.567986 0.009647
vn -0.995411 -0.078812 0.054283
vn -0.995846 -0.086012 -0.029888
vn -0.855950 -0.483621 -0.182922
vn 0.389689 0.317867 0.864351
vn 0.094511 0.462976 0.881318
vn 0.062201 0.143574 0.987683
vn 0.402424 0.144366 0.903999
vn 0.094511 0.462976 0.881318
vn 0.000000 0.411993 0.911187
vn 0.000000 0.142326 0.989820
vn 0.062201 0.143574 0.987683
vn 0.062201 0.143574 0.987683
vn 0.000000 0.142326 0.989820
vn 0.000000 -0.138571 0.990353
vn 0.094764 -0.194253 0.976364
vn 0.402424 0.144366 0.903999
vn 0.062201 0.143574 0.987683
vn 0.094764 -0.194253 0.976364
vn 0.394516 -0.061500 0.916829
vn 0.932079 0.361850 -0.017122
vn 0.936845 0.349226 -0.019030
vn 0.999996 -0.001932 -0.001875
vn 0.999988 0.000144 -0.004883
vn 0.936845 0.349226 -0.019030
vn 0.942741 0.332379 -0.027629
vn 0.999993 -0.002849 -0.002428
vn 0.999996 -0.001932 -0.001875
vn 0.999996 -0.001932 -0.001875
vn 0.999993 -0.002849 -0.002428
vn 0.937276 -0.348587 -0.000102
vn 0.932523 -0.361106 -0.001700
vn 0.999988 0.000144 -0.004883
vn 0.999996 -0.001932 -0.001875
vn 0.932523 -0.361106 -0.001700
vn 0.931997 -0.362434 -0.004893
vn 0.000000 0.061718 -0.998094
vn -0.104673 -0.000986 -0.994506
vn -0.048147 0.257393 -0.965107
vn 0.014773 0.271144 -0.962425
vn -0.104673 -0.000986 -0.994506
vn -0.395588 0.121905 -0.910302
vn -0.372858 0.210974 -0.903586
vn -0.048147 0.257393 -0.965107
vn -0.048147 0.257393 -0.965107
vn -0.372858 0.210974 -0.903586
vn -0.398778 0.261991 -0.878827
vn -0.031099 0.300432 -0.953296
vn 0.014773 0.271144 -0.962425
vn -0.048147 0.257393 -0.965107
vn -0.031099 0.300432 -0.953296
vn 0.049631 0.414688 -0.908609
vn -0.942741 0.332379 -0.027629
vn -0.936845 0.349226 -0.019030
vn -0.999996 -0.001932 -0.001875
vn -0.999993 -0.002849 -0.002428
vn -0.936845 0.349226 -0.019030
vn -0.932079 0.361850 -0.017122
vn -0.999988 0.000144 -0.004883
vn -0.999996 -0.001932 -0.001875
vn -0.999996 -0.001932 -0.001875
vn -0.999988 0.000144 -0.004883
vn -0.931997 -0.362434 -0.004893
vn -0.932524 -0.361105 -0.001700
vn -0.999993 -0.002849 -0.002428
vn -0.999996 -0.001932 -0.001875
vn -0.932524 -0.361105 -0.001700
vn -0.937276 -0.348587 -0.000102
vn 0.000000 -0.870935 0.491398
vn 0.000000 -0.870935 0.491398
vn -0.033512 -0.891798 0.451190
vn 0.000000 -0.870935 0.491398
vn 0.000000 -0.870935 0.491398
vn 0.000000 -0.870935 0.491398
vn -0.115627 -0.928896 0.351829
vn -0.033512 -0.891798 0.451190
vn -0.033512 -0.891798 0.451190
vn -0.115627 -0.928896 0.351829
vn -0.300552 -0.951328 0.068139
vn -0.087515 -0.923124 0.374410
vn 0.000000 -0.870935 0.491398
vn -0.033512 -0.891798 0.451190
vn -0.087515 -0.923124 0.374410
vn 0.000000 -0.870935 0.491398
vn -0.987484 -0.141770 -0.069114
vn -0.989150 -0.016964 -0.145924
vn -0.993091 -0.033001 0.112611
vn -0.983016 -0.082871 0.163745
vn -0.989150 -0.016964 -0.145924
vn -1.000000 0.000000 0.000000
vn -1.000000 0.000000 0.000000
vn -0.993091 -0.033001 0.112611
vn -0.993091 -0.033001 0.112611
vn -1.000000 0.000000 0.000000
vn -1.000000 0.000000 0.000000
vn -1.000000 0.000000 0.000000
vn -0.983016 -0.082871 0.163745
vn -0.993091 -0.033001 0.112611
vn -1.000000 0.000000 0.000000
vn -1.000000 0.000000 0.000000
vn 0.157523 0.551151 -0.819401
vn 0.027713 0.588395 -0.808098
vn 0.007237 0.321139 -0.947004
vn 0.020153 0.295714 -0.955064
vn 0.027713 0.588395 -0.808098
vn 0.000000 0.643198 -0.765700
vn 0.000000 0.339815 -0.940492
vn 0.007237 0.321139 -0.947004
vn 0.007237 0.321139 -0.947004
vn 0.000000 0.339815 -0.940492
vn 0.000000 0.258378 -0.966044
vn 0.002327 0.264493 -0.964385
vn 0.020153 0.295714 -0.955064
vn 0.007237 0.321139 -0.947004
vn 0.002327 0.264493 -0.964385
vn 0.005675 0.272983 -0.962002
vn 0.016252 0.363376 -0.931501
vn 0.959140 0.023830 -0.281925
vn 0.998689 -0.049948 -0.011243
vn 0.619012 0.238082 -0.748425
vn 0.959140 0.023830 -0.281925
vn 0.903440 -0.358706 0.234791
vn 0.814602 -0.490553 0.309485
vn 0.998689 -0.049948 -0.011243
vn 0.998689 -0.049948 -0.011243
vn 0.814602 -0.490553 0.309485
vn 0.685278 -0.620713 0.380931
vn 0.989929 -0.121399 0.072826
vn 0.619012 0.238082 -0.748425
vn 0.998689 -0.049948 -0.011243
vn 0.989929 -0.121399 0.072826
vn 0.807191 0.275065 -0.522286
vn -0.764667 -0.148133 0.627169
vn -0.012786 0.296264 0.955020
vn -0.005567 0.644911 0.764238
vn 0.002633 0.591535 0.806275
vn -0.012786 0.296264 0.955020
vn 0.000000 0.358932 0.933364
vn 0.000000 0.712251 0.701925
vn -0.005567 0.644911 0.764238
vn -0.005567 0.644911 0.764238
vn 0.000000 0.712251 0.701925
vn 0.000000 0.936891 0.349622
vn 0.000000 0.936891 0.349622
vn 0.002633 0.591535 0.806275
vn -0.005567 0.644911 0.764238
vn 0.000000 0.936891 0.349622
vn 0.000000 0.936891 0.349622
vn 0.853516 0.510965 -0.102106
vn 0.870366 0.492362 -0.006549
vn 0.999733 0.002273 -0.023005
vn 0.981242 -0.042147 -0.188119
vn 0.870366 0.492362 -0.006549
vn 0.907077 0.420848 0.009891
vn 0.999989 -0.003873 -0.002546
vn 0.999733 0.002273 -0.023005
vn 0.999733 0.002273 -0.023005
vn 0.999989 -0.003873 -0.002546
vn 0.898799 -0.437089 -0.033365
vn 0.890332 -0.448349 -0.079326
vn 0.981242 -0.042147 -0.188119
vn 0.999733 0.002273 -0.023005
vn 0.890332 -0.448349 -0.079326
vn 0.842245 -0.507491 -0.181871
vn 0.000000 0.449262 -0.893400
vn 0.040134 0.478759 -0.877029
vn 0.029418 0.035657 -0.998931
vn 0.000000 0.035384 -0.999374
vn 0.040134 0.478759 -0.877029
vn 0.180579 0.416852 -0.890857
vn 0.223137 0.038652 -0.974021
vn 0.029418 0.035657 -0.998931
vn 0.029418 0.035657 -0.998931
vn 0.223137 0.038652 -0.974021
vn 0.182240 -0.351836 -0.918150
vn 0.040168 -0.414889 -0.908985
vn 0.000000 0.035384 -0.999374
vn 0.029418 0.035657 -0.998931
vn 0.040168 -0.414889 -0.908985
vn 0.000000 -0.384951 -0.922937
vn -0.907077 0.420848 0.009891
vn -0.870366 0.492362 -0.006549
vn -0.999733 0.002273 -0.023005
vn -0.999989 -0.003873 -0.002546
vn -0.870366 0.492362 -0.006549
vn -0.853516 0.510964 -0.102107
vn -0.981242 -0.042147 -0.188119
vn -0.999733 0.002273 -0.023005
vn -0.999733 0.002273 -0.023005
vn -0.981242 -0.042147 -0.188119
vn -0.842244 -0.507492 -0.181870
vn -0.890332 -0.448349 -0.079326
vn -0.999989 -0.003873 -0.002546
vn -0.999733 0.002273 -0.023005
vn -0.890332 -0.448349 -0.079326
vn -0.898800 -0.437088 -0.033365
vn 0.000000 -0.950476 0.310799
vn 0.000000 -0.950476 0.310799
vn -0.011382 -0.946408 0.322772
vn -0.026760 -0.937080 0.348089
vn 0.000000 -0.950476 0.310799
vn 0.000000 -0.950476 0.310799
vn 0.000000 -0.950476 0.310799
vn -0.011382 -0.946408 0.322772
vn -0.011382 -0.946408 0.322772
vn 0.000000 -0.950476 0.310799
vn 0.000000 -0.950476 0.310799
vn -0.032439 -0.937602 0.346195
vn -0.026760 -0.937080 0.348089
vn -0.011382 -0.946408 0.322772
vn -0.032439 -0.937602 0.346195
vn -0.088620 -0.864737 0.494345
vn -1.000000 0.000000 0.000000
vn -0.999056 -0.042452 0.009207
vn -0.997571 -0.051545 0.046853
vn -0.999202 -0.003094 0.039831
vn -0.999056 -0.042452 0.009207
vn -0.958650 -0.273845 0.077460
vn -0.949847 -0.287523 0.122972
vn -0.997571 -0.051545 0.046853
vn -0.997571 -0.051545 0.046853
vn -0.949847 -0.287523 0.122972
vn -0.898687 -0.304911 0.315264
vn -0.954825 -0.116145 0.273530
vn -0.999202 -0.003094 0.039831
vn -0.997571 -0.051545 0.046853
vn -0.954825 -0.116145 0.273530
vn -0.960072 -0.021177 0.278951
vn -0.083280 0.881614 0.464566
vn -0.029406 0.949889 0.311201
vn -0.019702 0.944662 0.327454
vn -0.047357 0.941342 0.334115
vn -0.029406 0.949889 0.311201
vn 0.000000 0.961111 0.276162
vn 0.000000 0.946338 0.323180
vn -0.019702 0.944662 0.327454
vn -0.019702 0.944662 0.327454
vn 0.000000 0.946338 0.323180
vn 0.000000 0.846952 0.531669
vn -0.040404 0.865905 0.498574
vn -0.047357 0.941342 0.334115
vn -0.019702 0.944662 0.327454
vn -0.040404 0.865905 0.498574
vn -0.160065 0.903153 0.398364
vn 0.898687 -0.304912 0.315264
vn 0.949847 -0.287523 0.122972
vn 0.997571 -0.051545 0.046853
vn 0.954825 -0.116145 0.273530
vn 0.949847 -0.287523 0.122972
vn 0.958650 -0.273845 0.077460
vn 0.999056 -0.042452 0.009207
vn 0.997571 -0.051545 0.046853
vn 0.997571 -0.051545 0.046853
vn 0.999056 -0.042452 0.009207
vn 1.000000 0.000000 0.000000
vn 0.999202 -0.003094 0.039831
vn 0.954825 -0.116145 0.273530
vn 0.997571 -0.051545 0.046853
vn 0.999202 -0.003094 0.039831
vn 0.960072 -0.021177 0.278951
vn 1.000000 0.000000 0.000000
vn 0.995846 -0.086012 -0.029888
vn 0.994288 -0.081705 -0.068668
vn 0.999311 -0.000647 -0.037122
vn 0.995846 -0.086012 -0.029888
vn 0.855950 -0.483621 -0.182922
vn 0.878723 -0.416421 -0.233324
vn 0.994288 -0.081705 -0.068668
vn 0.994288 -0.081705 -0.068668
vn 0.878723 -0.416421 -0.233324
vn 0.793334 -0.472994 -0.383273
vn 0.952376 -0.132886 -0.274447
vn 0.999311 -0.000647 -0.037122
vn 0.994288 -0.081705 -0.068668
vn 0.952376 -0.132886 -0.274447
vn 0.968501 -0.002177 -0.249001
vn 0.937276 -0.348587 -0.000102
vn 0.999993 -0.002849 -0.002428
vn 0.999994 0.001789 -0.003035
vn 0.943883 -0.330278 0.000928
vn 0.999993 -0.002849 -0.002428
vn 0.942741 0.332379 -0.027629
vn 0.941696 0.334664 -0.034762
vn 0.999994 0.001789 -0.003035
vn 0.999994 0.001789 -0.003035
vn 0.941696 0.334664 -0.034762
vn 0.935753 0.350861 -0.035530
vn 0.999963 0.008018 -0.003159
vn 0.943883 -0.330278 0.000928
vn 0.999994 0.001789 -0.003035
vn 0.999963 0.008018 -0.003159
vn 0.949215 -0.314625 0.001082
vn 0.898799 -0.437089 -0.033365
vn 0.999989 -0.003873 -0.002546
vn 0.999886 -0.002956 0.014832
vn 0.900813 -0.434125 0.008480
vn 0.999989 -0.003873 -0.002546
vn 0.907077 0.420848 0.009891
vn 0.909887 0.413912 0.027962
vn 0.999886 -0.002956 0.014832
vn 0.999886 -0.002956 0.014832
vn 0.909887 0.413912 0.027962
vn 0.918556 0.384789 0.090513
vn 0.992862 0.001982 0.119257
vn 0.900813 -0.434125 0.008480
vn 0.999886 -0.002956 0.014832
vn 0.992862 0.001982 0.119257
vn 0.918859 -0.386049 0.081638
vn 0.000000 0.996755 0.080500
vn 0.000000 0.996755 0.080500
vn -0.008406 0.999661 0.024657
vn -0.017105 0.999783 0.011866
vn 0.000000 0.996755 0.080500
vn 0.000000 0.996755 0.080500
vn 0.000000 0.999541 0.030304
vn -0.008406 0.999661 0.024657
vn -0.008406 0.999661 0.024657
vn 0.000000 0.999541 0.030304
vn 0.000000 0.999901 0.014094
vn -0.023280 0.999727 -0.001768
vn -0.017105 0.999783 0.011866
vn -0.008406 0.999661 0.024657
vn -0.023280 0.999727 -0.001768
vn -0.064664 0.992832 -0.100515
vn -0.918556 0.384790 0.090512
vn -0.909887 0.413912 0.027962
vn -0.999886 -0.002956 0.014832
vn -0.992862 0.001982 0.119256
vn -0.909887 0.413912 0.027962
vn -0.907077 0.420848 0.009891
vn -0.999989 -0.003873 -0.002546
vn -0.999886 -0.002956 0.014832
vn -0.999886 -0.002956 0.014832
vn -0.999989 -0.003873 -0.002546
vn -0.898800 -0.437088 -0.033365
vn -0.900813 -0.434125 0.008480
vn -0.992862 0.001982 0.119256
vn -0.999886 -0.002956 0.014832
vn -0.900813 -0.434125 0.008480
vn -0.918859 -0.386049 0.081638
vn -0.935753 0.350861 -0.035530
vn -0.941696 0.334664 -0.034762
vn -0.999994 0.001789 -0.003035
vn -0.999963 0.008018 -0.003159
vn -0.941696 0.334664 -0.034762
vn -0.942741 0.332379 -0.027629
vn -0.999993 -0.002849 -0.002428
vn -0.999994 0.001789 -0.003035
vn -0.999994 0.001789 -0.003035
vn -0.999993 -0.002849 -0.002428
vn -0.937276 -0.348587 -0.000102
vn -0.943883 -0.330278 0.000928
vn -0.999963 0.008018 -0.003159
vn -0.999994 0.001789 -0.003035
vn -0.943883 -0.330278 0.000928
vn -0.949215 -0.314625 0.001082
vn -0.855950 -0.483621 -0.182922
vn -0.995846 -0.086012 -0.029888
vn -0.994288 -0.081705 -0.068668
vn -0.878723 -0.416421 -0.233324
vn -0.995846 -0.086012 -0.029888
vn -1.000000 0.000000 0.000000
vn -0.999311 -0.000647 -0.037122
vn -0.994288 -0.081705 -0.068668
vn -0.994288 -0.081705 -0.068668
vn -0.999311 -0.000647 -0.037122
vn -0.968501 -0.002177 -0.249001
vn -0.952376 -0.132886 -0.274447
vn -0.878723 -0.416421 -0.233324
vn -0.994288 -0.081705 -0.068668
vn -0.952376 -0.132886 -0.274447
vn -0.793334 -0.472994 -0.383273
vn 0.000000 -0.936377 -0.350996
vn 0.000000 -0.936377 -0.350996
vn -0.011261 -0.884323 -0.466740
vn 0.000000 -0.887247 -0.461295
vn 0.000000 -0.936377 -0.350996
vn 0.000000 -0.936377 -0.350996
vn -0.022730 -0.877831 -0.478431
vn -0.011261 -0.884323 -0.466740
vn -0.011261 -0.884323 -0.466740
vn -0.022730 -0.877831 -0.478431
vn -0.079842 -0.798444 -0.596751
vn -0.029409 -0.862899 -0.504519
vn 0.000000 -0.887247 -0.461295
vn -0.011261 -0.884323 -0.466740
vn -0.029409 -0.862899 -0.504519
vn 0.000000 -0.870679 -0.491852
vn -0.269725 0.866350 0.420341
vn -0.055332 0.896865 0.438830
vn -0.039282 0.984790 0.169250
vn -0.281036 0.947867 0.150226
vn -0.055332 0.896865 0.438830
vn 0.000000 0.898914 0.438126
vn 0.000000 0.984968 0.172737
vn -0.039282 0.984790 0.169250
vn -0.039282 0.984790 0.169250
vn 0.000000 0.984968 0.172737
vn 0.000000 0.994356 -0.106096
vn -0.049388 0.993002 -0.107272
vn -0.281036 0.947867 0.150226
vn -0.039282 0.984790 0.169250
vn -0.049388 0.993002 -0.107272
vn -0.227332 0.968395 -0.102618
vn -1.000000 0.000000 0.000000
vn -0.999307 -0.036993 0.004189
vn -0.999215 -0.038835 0.007765
vn -1.000000 0.000000 0.000000
vn -0.999307 -0.036993 0.004189
vn -0.967138 -0.251370 0.038179
vn -0.965527 -0.251993 0.065251
vn -0.999215 -0.038835 0.007765
vn -0.999215 -0.038835 0.007765
vn -0.965527 -0.251993 0.065251
vn -0.958650 -0.273845 0.077460
vn -0.999056 -0.042452 0.009207
vn -1.000000 0.000000 0.000000
vn -0.999215 -0.038835 0.007765
vn -0.999056 -0.042452 0.009207
vn -1.000000 0.000000 0.000000
vn 0.000000 -0.987396 0.158266
vn 0.000000 -0.987396 0.158266
vn 0.000000 -0.961643 0.274304
vn 0.000000 -0.961643 0.274304
vn 0.000000 -0.987396 0.158266
vn 0.000000 -0.987396 0.158266
vn 0.000000 -0.961643 0.274304
vn 0.000000 -0.961643 0.274304
vn 0.000000 -0.961643 0.274304
vn 0.000000 -0.961643 0.274304
vn 0.000000 -0.950476 0.310799
vn 0.000000 -0.950476 0.310799
vn 0.000000 -0.961643 0.274304
vn 0.000000 -0.961643 0.274304
vn 0.000000 -0.950476 0.310799
vn 0.000000 -0.950476 0.310799
vn 1.000000 0.000000 0.000000
vn 0.999056 -0.042452 0.009207
vn 0.999215 -0.038835 0.007765
vn 1.000000 0.000000 0.000000
vn 0.999056 -0.042452 0.009207
vn 0.958650 -0.273845 0.077460
vn 0.965527 -0.251993 0.065251
vn 0.999215 -0.038835 0.007765
vn 0.999215 -0.038835 0.007765
vn 0.965527 -0.251993 0.065251
vn 0.967138 -0.251370 0.038179
vn 0.999307 -0.036993 0.004189
vn 1.000000 0.000000 0.000000
vn 0.999215 -0.038835 0.007765
vn 0.999307 -0.036993 0.004189
vn 1.000000 0.000000 0.000000
vn 0.000000 0.149393 0.988778
vn 0.000000 0.141323 0.989964
vn 0.000000 0.153524 0.988145
vn 0.000000 0.153524 0.988145
vn 0.000000 0.141323 0.989964
vn 0.000000 0.141487 0.989940
vn 0.000000 0.153524 0.988145
vn 0.000000 0.153524 0.988145
vn 0.000000 0.153524 0.988145
vn 0.000000 0.153524 0.988145
vn 0.000000 0.153524 0.988145
vn 0.000000 0.153524 0.988145
vn 0.000000 0.153524 0.988145
vn 0.000000 0.153524 0.988145
vn 0.000000 0.153524 0.988145
vn 0.000000 0.153524 0.988145
vn -0.938430 0.338337 0.069837
vn -0.998731 0.049713 0.008059
vn -0.997524 0.052358 0.046959
vn -0.932501 0.338470 0.126013
vn -0.998731 0.049713 0.008059
vn -1.000000 0.000000 0.000000
vn -0.999202 -0.003094 0.039831
vn -0.997524 0.052358 0.046959
vn -0.997524 0.052358 0.046959
vn -0.999202 -0.003094 0.039831
vn -0.960072 -0.021177 0.278951
vn -0.957099 0.086980 0.276400
vn -0.932501 0.338470 0.126013
vn -0.997524 0.052358 0.046959
vn -0.957099 0.086980 0.276400
vn -0.891852 0.319492 0.320195
vn -0.953539 0.299574 0.031904
vn -0.999078 0.042765 0.003733
vn -0.998959 0.045267 0.005680
vn -0.948155 0.313983 0.049171
vn -0.999078 0.042765 0.003733
vn -1.000000 0.000000 0.000000
vn -1.000000 0.000000 0.000000
vn -0.998959 0.045267 0.005680
vn -0.998959 0.045267 0.005680
vn -1.000000 0.000000 0.000000
vn -1.000000 0.000000 0.000000
vn -0.998731 0.049713 0.008059
vn -0.948155 0.313983 0.049171
vn -0.998959 0.045267 0.005680
vn -0.998731 0.049713 0.008059
vn -0.938430 0.338337 0.069837
vn -0.964905 0.002860 -0.262583
vn -0.999202 0.001097 -0.039934
vn -0.998397 0.042866 -0.036965
vn -0.963220 0.061779 -0.261514
vn -0.999202 0.001097 -0.039934
vn -1.000000 0.000000 0.000000
vn -0.999078 0.042765 0.003733
vn -0.998397 0.042866 -0.036965
vn -0.998397 0.042866 -0.036965
vn -0.999078 0.042765 0.003733
vn -0.953539 0.299574 0.031904
vn -0.931774 0.361505 -0.033331
vn -0.963220 0.061779 -0.261514
vn -0.998397 0.042866 -0.036965
vn -0.931774 0.361505 -0.033331
vn -0.944430 0.223580 -0.240963
vn -1.000000 0.000000 0.000000
vn -0.997986 0.000630 0.063430
vn -0.997217 0.058802 0.045837
vn -0.996048 0.088805 -0.001713
vn -0.997986 0.000630 0.063430
vn -0.901087 0.001713 0.433634
vn -0.912915 0.006571 0.408097
vn -0.997217 0.058802 0.045837
vn -0.997217 0.058802 0.045837
vn -0.912915 0.006571 0.408097
vn -0.692977 0.654325 0.302722
vn -0.934381 0.356190 -0.007838
vn -0.996048 0.088805 -0.001713
vn -0.997217 0.058802 0.045837
vn -0.934381 0.356190 -0.007838
vn -0.808406 0.587208 -0.040809
vn -0.968501 -0.002177 -0.249001
vn -0.999311 -0.000647 -0.037122
vn -0.995429 0.091589 -0.027057
vn -0.982449 0.020357 -0.185416
vn -0.999311 -0.000647 -0.037122
vn -1.000000 0.000000 0.000000
vn -0.996048 0.088805 -0.001713
vn -0.995429 0.091589 -0.027057
vn -0.995429 0.091589 -0.027057
vn -0.996048 0.088805 -0.001713
vn -0.808406 0.587208 -0.040809
vn -0.828211 0.559776 -0.026783
vn -0.982449 0.020357 -0.185416
vn -0.995429 0.091589 -0.027057
vn -0.828211 0.559776 -0.026783
vn 0.309090 0.948169 -0.073749
vn -0.987484 -0.141770 -0.069114
vn -0.002837 -0.146865 -0.989153
vn 0.005510 -0.026981 -0.999621
vn -0.020982 -0.055257 -0.998252
vn -0.002837 -0.146865 -0.989153
vn 0.000000 0.000000 -1.000000
vn 0.000000 0.000000 -1.000000
vn 0.005510 -0.026981 -0.999621
vn 0.005510 -0.026981 -0.999621
vn 0.000000 0.000000 -1.000000
vn 0.000000 0.000000 -1.000000
vn 0.000000 0.000000 -1.000000
vn -0.020982 -0.055257 -0.998252
vn 0.005510 -0.026981 -0.999621
vn 0.000000 0.000000 -1.000000
vn 0.000000 0.000000 -1.000000
vn 0.808407 0.587208 -0.040809
vn 0.996048 0.088805 -0.001713
vn 0.995429 0.091589 -0.027057
vn 0.828211 0.559776 -0.026783
vn 0.996048 0.088805 -0.001713
vn 1.000000 0.000000 0.000000
vn 0.999311 -0.000647 -0.037122
vn 0.995429 0.091589 -0.027057
vn 0.995429 0.091589 -0.027057
vn 0.999311 -0.000647 -0.037122
vn 0.968501 -0.002177 -0.249001
vn 0.982449 0.020357 -0.185416
vn 0.828211 0.559776 -0.026783
vn 0.995429 0.091589 -0.027057
vn 0.982449 0.020357 -0.185416
vn -0.309090 0.948169 -0.073749
vn 0.692978 0.654325 0.302721
vn 0.912915 0.006570 0.408097
vn 0.997217 0.058801 0.045837
vn 0.934381 0.356190 -0.007838
vn 0.912915 0.006570 0.408097
vn 0.901087 0.001713 0.433634
vn 0.997986 0.000630 0.063430
vn 0.997217 0.058801 0.045837
vn 0.997217 0.058801 0.045837
vn 0.997986 0.000630 0.063430
vn 1.000000 0.000000 0.000000
vn 0.996048 0.088805 -0.001713
vn 0.934381 0.356190 -0.007838
vn 0.997217 0.058801 0.045837
vn 0.996048 0.088805 -0.001713
vn 0.808407 0.587208 -0.040809
vn 0.953539 0.299575 0.031904
vn 0.999078 0.042765 0.003733
vn 0.998397 0.042866 -0.036965
vn 0.931774 0.361505 -0.033331
vn 0.999078 0.042765 0.003733
vn 1.000000 0.000000 0.000000
vn 0.999202 0.001097 -0.039934
vn 0.998397 0.042866 -0.036965
vn 0.998397 0.042866 -0.036965
vn 0.999202 0.001097 -0.039934
vn 0.964905 0.002860 -0.262583
vn 0.963220 0.061780 -0.261514
vn 0.931774 0.361505 -0.033331
vn 0.998397 0.042866 -0.036965
vn 0.963220 0.061780 -0.261514
vn 0.944430 0.223580 -0.240963
vn 0.938430 0.338337 0.069837
vn 0.998731 0.049713 0.008059
vn 0.998959 0.045267 0.005680
vn 0.948154 0.313983 0.049171
vn 0.998731 0.049713 0.008059
vn 1.000000 0.000000 0.000000
vn 1.000000 0.000000 0.000000
vn 0.998959 0.045267 0.005680
vn 0.998959 0.045267 0.005680
vn 1.000000 0.000000 0.000000
vn 1.000000 0.000000 0.000000
vn 0.999078 0.042765 0.003733
vn 0.948154 0.313983 0.049171
vn 0.998959 0.045267 0.005680
vn 0.999078 0.042765 0.003733
vn 0.953539 0.299575 0.031904
vn 0.960072 -0.021177 0.278951
vn 0.999202 -0.003094 0.039831
vn 0.997524 0.052358 0.046959
vn 0.957099 0.086981 0.276400
vn 0.999202 -0.003094 0.039831
vn 1.000000 0.000000 0.000000
vn 0.998731 0.049713 0.008059
vn 0.997524 0.052358 0.046959
vn 0.997524 0.052358 0.046959
vn 0.998731 0.049713 0.008059
vn 0.938430 0.338337 0.069837
vn 0.932501 0.338470 0.126013
vn 0.957099 0.086981 0.276400
vn 0.997524 0.052358 0.046959
vn 0.932501 0.338470 0.126013
vn 0.891852 0.319492 0.320195
vn 0.000000 0.000000 -1.000000
vn 0.202801 -0.082402 -0.975747
vn 0.627732 -0.068894 0.775375
vn -0.000001 0.000000 1.000000
vn 0.202801 -0.082402 -0.975747
vn 0.242211 -0.946800 -0.211906
vn 0.897692 -0.107759 0.427243
vn 0.627732 -0.068894 0.775375
vn 0.627732 -0.068894 0.775375
vn 0.897692 -0.107759 0.427243
vn 0.938064 0.000000 0.346463
vn -0.047966 -0.998641 -0.020366
vn 0.000000 0.000000 0.000000
vn -0.182211 -0.983178 -0.012684
vn -0.047966 -0.998641 -0.020366
vn -0.182211 -0.983178 -0.012684
vn -0.174327 -0.953099 0.247413
vn -0.041167 -0.998911 -0.021962
vn 0.000000 -0.999793 -0.020339
vn -0.047966 -0.998641 -0.020366
vn -0.041167 -0.998911 -0.021962
vn 0.000000 -0.999561 -0.029638
vn -0.218746 -0.956162 -0.194691
vn -0.202542 -0.085142 -0.975565
vn -0.627732 -0.068894 0.775375
vn -0.897179 -0.110438 0.427637
vn -0.202542 -0.085142 -0.975565
vn 0.000000 0.000000 -1.000000
vn -0.000001 0.000000 1.000000
vn -0.627732 -0.068894 0.775375
vn -0.897179 -0.110438 0.427637
vn -0.627732 -0.068894 0.775375
vn -1.000000 0.000000 0.000000
vn -0.185265 0.949123 -0.254641
vn -0.079571 0.996775 -0.010399
vn -0.114943 0.992252 0.047150
vn -0.722868 0.668371 0.175335
vn -0.079571 0.996775 -0.010399
vn 0.000000 0.994644 0.103363
vn 0.000000 0.998863 -0.047668
vn -0.114943 0.992252 0.047150
vn -0.114943 0.992252 0.047150
vn 0.000000 0.998863 -0.047668
vn 0.000000 0.989820 -0.142324
vn 0.090302 0.973807 0.208674
vn -0.722868 0.668371 0.175335
vn -0.114943 0.992252 0.047150
vn 0.090302 0.973807 0.208674
vn 0.382470 0.665551 0.640905
vn 0.157523 0.551151 -0.819401
vn 0.020153 0.295714 -0.955064
vn -0.186356 0.263280 -0.946549
vn 0.162456 0.236228 -0.958021
vn 0.020153 0.295714 -0.955064
vn 0.005675 0.272983 -0.962002
vn -0.269634 0.272154 -0.923704
vn -0.186356 0.263280 -0.946549
vn -0.186356 0.263280 -0.946549
vn -0.269634 0.272154 -0.923704
vn -1.000000 0.000000 0.000000
vn -1.000000 0.000000 0.000000
vn 0.162456 0.236228 -0.958021
vn -0.186356 0.263280 -0.946549
vn -1.000000 0.000000 0.000000
vn -1.000000 0.000000 0.000000
vn 0.005675 0.272983 -0.962002
vn -0.975513 -0.049450 0.214313
vn -0.269634 0.272154 -0.923704
vn -0.975513 -0.049450 0.214313
vn -0.300552 -0.951328 0.068139
vn -0.871911 0.005290 -0.489636
vn -0.975513 -0.049450 0.214313
vn -0.871911 0.005290 -0.489636
vn -1.000000 0.000000 0.000000
vn -1.000000 0.000000 0.000000
vn -0.269634 0.272154 -0.923704
vn -0.975513 -0.049450 0.214313
vn -1.000000 0.000000 0.000000
vn -1.000000 0.000000 0.000000
vn -0.300552 -0.951328 0.068139
vn -0.115627 -0.928896 0.351829
vn -0.573149 -0.782123 0.244507
vn -0.871911 0.005290 -0.489636
vn -0.115627 -0.928896 0.351829
vn 0.000000 -0.870935 0.491398
vn -0.577126 -0.584429 0.570411
vn -0.573149 -0.782123 0.244507
vn -0.573149 -0.782123 0.244507
vn -0.577126 -0.584429 0.570411
vn -0.987484 -0.141770 -0.069114
vn -0.983016 -0.082871 0.163745
vn -0.871911 0.005290 -0.489636
vn -0.573149 -0.782123 0.244507
vn -0.983016 -0.082871 0.163745
vn -1.000000 0.000000 0.000000
vn 0.903440 -0.358706 0.234791
vn 0.959140 0.023830 -0.281925
vn 0.757013 0.019029 -0.653123
vn 0.904891 -0.236151 -0.354126
vn 0.959140 0.023830 -0.281925
vn 0.016252 0.363376 -0.931501
vn 0.329486 0.030366 -0.943672
vn 0.757013 0.019029 -0.653123
vn 0.904891 -0.236151 -0.354126
vn 0.757013 0.019029 -0.653123
vn -0.000001 0.000000 -1.000000
vn 0.016252 0.363376 -0.931501
vn -0.869865 -0.078669 -0.486977
vn 0.097146 0.243556 -0.965009
vn 0.329486 0.030366 -0.943672
vn -0.869865 -0.078669 -0.486977
vn -0.446067 -0.894439 -0.031671
vn 0.195021 0.952378 -0.234398
vn 0.097146 0.243556 -0.965009
vn 0.000000 -0.999374 -0.035384
vn 0.063253 -0.997372 -0.035316
vn -0.039030 0.998952 -0.023900
vn 0.000000 0.999934 0.011529
vn 0.063253 -0.997372 -0.035316
vn 0.392295 -0.919263 -0.032549
vn -0.167603 0.962541 -0.213127
vn -0.039030 0.998952 -0.023900
vn 0.392295 -0.919263 -0.032549
vn 0.920395 -0.071550 -0.384387
vn -0.086689 0.279554 -0.956209
vn -0.167603 0.962541 -0.213127
vn 0.920395 -0.071550 -0.384387
vn 0.157523 0.551151 -0.819401
vn 0.162456 0.236228 -0.958021
vn -0.086689 0.279554 -0.956209
vn -0.086689 0.279554 -0.956209
vn 0.162456 0.236228 -0.958021
vn -1.000000 0.000000 0.000000
vn 0.000000 0.000000 -1.000000
vn -0.191791 0.149689 -0.969953
vn -0.292632 0.183625 0.938429
vn -0.000001 0.000000 1.000000
vn -0.191791 0.149689 -0.969953
vn -0.185265 0.949123 -0.254641
vn -0.722868 0.668371 0.175335
vn -0.292632 0.183625 0.938429
vn -0.292632 0.183625 0.938429
vn -0.722868 0.668371 0.175335
vn 0.382470 0.665551 0.640905
vn 0.000000 -0.870935 0.491398
vn 0.000000 -0.870935 0.491398
vn -0.032005 -0.890964 0.452944
vn -0.577126 -0.584429 0.570411
vn 0.000000 -0.870935 0.491398
vn 0.000000 -0.870935 0.491398
vn 0.000000 -0.970722 0.240207
vn -0.032005 -0.890964 0.452944
vn -0.032005 -0.890964 0.452944
vn 0.000000 -0.970722 0.240207
vn 0.000000 0.000000 -1.000000
vn -0.002837 -0.146865 -0.989153
vn -0.577126 -0.584429 0.570411
vn -0.032005 -0.890964 0.452944
vn -0.002837 -0.146865 -0.989153
vn -0.987484 -0.141770 -0.069114
vn 0.190168 0.951803 -0.240640
vn 0.196292 0.146306 -0.969569
vn 0.273944 0.157261 0.948801
vn 0.791935 0.595325 0.135748
vn 0.196292 0.146306 -0.969569
vn 0.000000 0.000000 -1.000000
vn -0.000001 0.000000 1.000000
vn 0.273944 0.157261 0.948801
vn 0.791935 0.595325 0.135748
vn 0.273944 0.157261 0.948801
vn -0.426473 0.657404 0.621241
vn 0.627732 -0.068894 0.775375
vn 0.938064 0.000000 0.346463
vn 0.897692 -0.107759 0.427243
vn 0.627732 -0.068894 0.775375
vn 0.897692 -0.107759 0.427243
vn 0.189214 -0.944335 0.269126
vn 0.125610 -0.091204 0.987879
vn -0.000001 0.000000 1.000000
vn 0.627732 -0.068894 0.775375
vn 0.125610 -0.091204 0.987879
vn 0.000000 0.000000 1.000000
vn -1.000000 0.000000 0.000000
vn -0.627732 -0.068894 0.775375
vn -0.897179 -0.110438 0.427637
vn -0.627732 -0.068894 0.775375
vn -0.000001 0.000000 1.000000
vn 0.000000 0.000000 1.000000
vn -0.125513 -0.092966 0.987727
vn -0.897179 -0.110438 0.427637
vn -0.627732 -0.068894 0.775375
vn -0.125513 -0.092966 0.987727
vn -0.174327 -0.953099 0.247413
vn -0.833713 -0.547309 0.073317
vn -0.986634 -0.041462 0.157592
vn 0.996222 -0.019571 0.084606
vn -0.386167 -0.139603 0.911804
vn -0.986634 -0.041462 0.157592
vn -0.426473 0.657404 0.621241
vn -0.372840 0.067563 0.925433
vn 0.996222 -0.019571 0.084606
vn 0.996222 -0.019571 0.084606
vn -0.372840 0.067563 0.925433
vn 0.797793 0.389328 0.460381
vn -0.386167 -0.139603 0.911804
vn 0.996222 -0.019571 0.084606
vn 0.796112 -0.171172 0.580435
vn 0.382470 0.665551 0.640905
vn 0.981638 -0.048082 0.184592
vn -0.994568 -0.024394 0.101185
vn 0.353622 0.071359 0.932663
vn 0.981638 -0.048082 0.184592
vn 0.791149 -0.606096 0.082038
vn 0.348180 -0.151543 0.925098
vn -0.994568 -0.024394 0.101185
vn -0.994568 -0.024394 0.101185
vn 0.348180 -0.151543 0.925098
vn -0.764667 -0.148133 0.627169
vn 0.353622 0.071359 0.932663
vn -0.994568 -0.024394 0.101185
vn -0.797793 0.389328 0.460381
vn 0.791149 -0.606096 0.082038
vn 0.195607 -0.970699 0.139577
vn 0.102213 -0.382554 0.918262
vn 0.348180 -0.151543 0.925098
vn 0.195607 -0.970699 0.139577
vn 0.000000 -0.989820 0.142327
vn 0.000000 -0.734554 0.678550
vn 0.102213 -0.382554 0.918262
vn 0.102213 -0.382554 0.918262
vn 0.000000 -0.734554 0.678550
vn 0.000000 0.358932 0.933364
vn -0.012786 0.296264 0.955020
vn 0.348180 -0.151543 0.925098
vn 0.102213 -0.382554 0.918262
vn -0.012786 0.296264 0.955020
vn -0.764667 -0.148133 0.627169
vn 0.000000 0.000000 -1.000000
vn 0.000000 0.000000 -1.000000
vn 0.213817 -0.156094 -0.964322
vn 0.287163 -0.535260 -0.794377
vn 0.000000 0.000000 -1.000000
vn 0.000000 0.000000 -1.000000
vn 0.000001 0.000000 -1.000000
vn 0.213817 -0.156094 -0.964322
vn 0.213817 -0.156094 -0.964322
vn 0.000001 0.000000 -1.000000
vn 0.000000 0.000000 -1.000000
vn 0.156562 -0.335937 -0.928781
vn 0.287163 -0.535260 -0.794377
vn 0.213817 -0.156094 -0.964322
vn 0.156562 -0.335937 -0.928781
vn 0.088125 -0.792583 -0.603363
vn -0.000001 0.000000 -1.000000
vn 0.757013 0.019029 -0.653123
vn -0.000005 0.000000 -1.000000
vn 0.757013 0.019029 -0.653123
vn 0.329486 0.030366 -0.943672
vn -0.019927 0.008429 -0.999766
vn -0.000005 0.000000 -1.000000
vn 0.757013 0.019029 -0.653123
vn 0.000003 0.000000 -1.000000
vn 0.097146 0.243556 -0.965009
vn 0.195021 0.952378 -0.234398
vn 0.071218 0.991714 -0.106916
vn 0.108843 0.408288 -0.906341
vn 0.329486 0.030366 -0.943672
vn 0.097146 0.243556 -0.965009
vn 0.108843 0.408288 -0.906341
vn -0.019927 0.008429 -0.999766
vn -0.039030 0.998952 -0.023900
vn -0.167603 0.962541 -0.213127
vn -0.064664 0.992832 -0.100515
vn -0.023280 0.999727 -0.001768
vn 0.000000 0.999934 0.011529
vn -0.039030 0.998952 -0.023900
vn -0.023280 0.999727 -0.001768
vn 0.000000 0.999901 0.014094
vn -0.086689 0.279554 -0.956209
vn -1.000000 0.000000 0.000000
vn -0.594767 0.011677 -0.803813
vn -0.086689 0.279554 -0.956209
vn -0.594767 0.011677 -0.803813
vn 0.019926 0.008429 -0.999766
vn -0.106778 0.418849 -0.901756
vn -0.167603 0.962541 -0.213127
vn -0.086689 0.279554 -0.956209
vn -0.106778 0.418849 -0.901756
vn -0.064664 0.992832 -0.100515
vn -1.000000 0.000000 0.000000
vn -0.989150 -0.016964 -0.145924
vn -0.996064 -0.004406 -0.088528
vn -0.594767 0.011677 -0.803813
vn -0.989150 -0.016964 -0.145924
vn -0.987484 -0.141770 -0.069114
vn -0.563847 -0.025560 -0.825484
vn -0.996064 -0.004406 -0.088528
vn -0.996064 -0.004406 -0.088528
vn -0.563847 -0.025560 -0.825484
vn 0.000000 0.000000 -1.000000
vn -0.594767 0.011677 -0.803813
vn -0.996064 -0.004406 -0.088528
vn 0.019926 0.008429 -0.999766
vn 0.000000 0.000000 -1.000000
vn 0.000000 0.000000 -1.000000
vn -0.197055 -0.158364 -0.967518
vn 0.000000 0.000000 -1.000000
vn 0.000000 0.000000 -1.000000
vn -0.000001 0.000000 -1.000000
vn -0.253211 -0.559736 -0.789037
vn -0.197055 -0.158364 -0.967518
vn -0.197055 -0.158364 -0.967518
vn -0.253211 -0.559736 -0.789037
vn -0.079842 -0.798444 -0.596751
vn -0.152801 -0.342343 -0.927067
vn 0.000000 0.000000 -1.000000
vn -0.197055 -0.158364 -0.967518
vn -0.152801 -0.342343 -0.927067
vn 0.000000 0.000000 -1.000000
vn -0.000001 0.000000 -1.000000
vn 0.000000 0.000000 -1.000000
vn -0.056538 -0.766381 -0.639893
vn -0.253211 -0.559736 -0.789037
vn 0.000000 0.000000 -1.000000
vn 0.000000 0.000000 -1.000000
vn 0.000000 -0.753954 -0.656927
vn -0.056538 -0.766381 -0.639893
vn -0.056538 -0.766381 -0.639893
vn 0.000000 -0.753954 -0.656927
vn 0.000000 -0.870679 -0.491852
vn -0.029409 -0.862899 -0.504519
vn -0.253211 -0.559736 -0.789037
vn -0.056538 -0.766381 -0.639893
vn -0.029409 -0.862899 -0.504519
vn -0.079842 -0.798444 -0.596751
vn -0.292632 0.183625 0.938429
vn 0.382470 0.665551 0.640905
vn 0.353622 0.071359 0.932663
vn -0.292632 0.183625 0.938429
vn 0.353622 0.071359 0.932663
vn -0.797793 0.389328 0.460381
vn 0.029162 0.010569 0.999519
vn -0.000001 0.000000 1.000000
vn -0.292632 0.183625 0.938429
vn 0.029162 0.010569 0.999519
vn 0.000000 0.000000 1.000000
vn -0.987484 -0.141770 -0.069114
vn -0.020982 -0.055257 -0.998252
vn -0.065886 -0.026905 -0.997464
vn -0.563847 -0.025560 -0.825484
vn -0.020982 -0.055257 -0.998252
vn 0.000000 0.000000 -1.000000
vn 0.000000 0.000000 -1.000000
vn -0.065886 -0.026905 -0.997464
vn -0.065886 -0.026905 -0.997464
vn 0.000000 0.000000 -1.000000
vn 0.000000 0.000000 -1.000000
vn -0.000001 0.000000 -1.000000
vn -0.563847 -0.025560 -0.825484
vn -0.065886 -0.026905 -0.997464
vn -0.000001 0.000000 -1.000000
vn 0.000000 0.000000 -1.000000
vn 0.000000 0.000000 -1.000000
vn -0.000001 0.000001 -1.000000
vn -0.000001 0.000000 -1.000000
vn 0.000001 0.000000 -1.000000
vn -0.000001 0.000001 -1.000000
vn -0.000001 0.000000 -1.000000
vn -0.000005 0.000000 -1.000000
vn -0.000001 0.000000 -1.000000
vn -0.000001 0.000000 -1.000000
vn -0.000005 0.000000 -1.000000
vn 0.000003 0.000000 -1.000000
vn 0.000000 0.000000 -1.000000
vn 0.000001 0.000000 -1.000000
vn -0.000001 0.000000 -1.000000
vn 0.000000 0.000000 -1.000000
vn 0.000000 0.000000 -1.000000
vn -0.426473 0.657404 0.621241
vn 0.273944 0.157261 0.948801
vn -0.372840 0.067563 0.925433
vn 0.273944 0.157261 0.948801
vn -0.000001 0.000000 1.000000
vn 0.000000 0.000000 1.000000
vn -0.029162 0.010569 0.999519
vn -0.372840 0.067563 0.925433
vn 0.273944 0.157261 0.948801
vn -0.029162 0.010569 0.999519
vn 0.797793 0.389328 0.460381
vn 0.000000 -0.999958 -0.009191
vn -0.042512 -0.998946 -0.017333
vn -0.047966 -0.998641 -0.020366
vn 0.000000 -0.999793 -0.020339
vn -0.042512 -0.998946 -0.017333
vn -0.218746 -0.956162 -0.194691
vn -0.182211 -0.983178 -0.012684
vn -0.047966 -0.998641 -0.020366
vn -0.047966 -0.998641 -0.020366
vn -0.182211 -0.983178 -0.012684
vn 0.000000 0.000000 0.000000
vn -0.218746 -0.956162 -0.194691
vn -0.897179 -0.110438 0.427637
vn -0.806732 -0.583172 0.095358
vn -0.182211 -0.983178 -0.012684
vn -0.806732 -0.583172 0.095358
vn -0.897179 -0.110438 0.427637
vn -0.174327 -0.953099 0.247413
vn -0.182211 -0.983178 -0.012684
vn 0.897692 -0.107759 0.427243
vn 0.242211 -0.946800 -0.211906
vn 0.213950 -0.976784 -0.010837
vn 0.846313 -0.522859 0.101845
vn 0.897692 -0.107759 0.427243
vn 0.846313 -0.522859 0.101845
vn 0.213950 -0.976784 -0.010837
vn 0.189214 -0.944335 0.269126
vn 0.000000 0.000000 1.000000
vn 0.125610 -0.091204 0.987879
vn 0.351078 -0.106200 0.930304
vn 0.328179 0.000929 0.944615
vn 0.125610 -0.091204 0.987879
vn 0.189214 -0.944335 0.269126
vn 0.403393 -0.590755 0.698772
vn 0.351078 -0.106200 0.930304
vn 0.351078 -0.106200 0.930304
vn 0.403393 -0.590755 0.698772
vn 0.863043 -0.274132 0.424274
vn 0.893967 -0.081206 0.440714
vn 0.328179 0.000929 0.944615
vn 0.351078 -0.106200 0.930304
vn 0.893967 -0.081206 0.440714
vn 0.901087 0.001713 0.433634
vn 0.189214 -0.944335 0.269126
vn 0.052032 -0.994855 -0.086932
vn 0.243019 -0.968893 -0.046778
vn 0.403393 -0.590755 0.698772
vn 0.052032 -0.994855 -0.086932
vn 0.000000 -0.936377 -0.350996
vn 0.238423 -0.918296 -0.316049
vn 0.243019 -0.968893 -0.046778
vn 0.243019 -0.968893 -0.046778
vn 0.238423 -0.918296 -0.316049
vn 0.855950 -0.483621 -0.182922
vn 0.822982 -0.567986 0.009647
vn 0.403393 -0.590755 0.698772
vn 0.243019 -0.968893 -0.046778
vn 0.822982 -0.567986 0.009647
vn 0.863043 -0.274132 0.424274
vn 0.000000 0.996755 0.080500
vn 0.000000 0.984444 0.175699
vn 0.000000 0.984444 0.175698
vn 0.000000 0.996755 0.080500
vn 0.000000 0.984444 0.175699
vn 0.000000 0.936891 0.349623
vn 0.000000 0.936891 0.349622
vn 0.000000 0.984444 0.175698
vn 0.000000 0.984444 0.175698
vn 0.000000 0.936891 0.349622
vn 0.229749 0.914421 0.333242
vn 0.305669 0.934521 0.182308
vn 0.000000 0.996755 0.080500
vn 0.000000 0.984444 0.175698
vn 0.305669 0.934521 0.182308
vn 0.343495 0.935620 0.081402
vn 0.000000 0.936891 0.349623
vn -0.003110 0.592156 0.805817
vn 0.000086 0.594700 0.803948
vn 0.000000 0.936891 0.349622
vn -0.003110 0.592156 0.805817
vn 0.796112 -0.171172 0.580435
vn 0.075653 -0.118925 0.990017
vn 0.000086 0.594700 0.803948
vn 0.000086 0.594700 0.803948
vn 0.075653 -0.118925 0.990017
vn -0.600982 -0.796515 0.066224
vn 0.354872 0.608584 0.709712
vn 0.000000 0.936891 0.349622
vn 0.000086 0.594700 0.803948
vn 0.354872 0.608584 0.709712
vn 0.229749 0.914421 0.333242
vn 0.000000 -0.936377 -0.350996
vn 0.025013 -0.877568 -0.478800
vn 0.228912 -0.859174 -0.457623
vn 0.238423 -0.918296 -0.316049
vn 0.025013 -0.877568 -0.478800
vn 0.088125 -0.792583 -0.603363
vn 0.240228 -0.740888 -0.627196
vn 0.228912 -0.859174 -0.457623
vn 0.228912 -0.859174 -0.457623
vn 0.240228 -0.740888 -0.627196
vn 0.793334 -0.472994 -0.383273
vn 0.878723 -0.416421 -0.233324
vn 0.238423 -0.918296 -0.316049
vn 0.228912 -0.859174 -0.457623
vn 0.878723 -0.416421 -0.233324
vn 0.855950 -0.483621 -0.182922
vn 0.088125 -0.792583 -0.603363
vn 0.156562 -0.335937 -0.928781
vn 0.472255 -0.241224 -0.847813
vn 0.240228 -0.740888 -0.627196
vn 0.156562 -0.335937 -0.928781
vn 0.000000 0.000000 -1.000000
vn 0.515448 -0.002296 -0.856918
vn 0.472255 -0.241224 -0.847813
vn 0.472255 -0.241224 -0.847813
vn 0.515448 -0.002296 -0.856918
vn 0.968501 -0.002177 -0.249001
vn 0.952376 -0.132886 -0.274447
vn 0.240228 -0.740888 -0.627196
vn 0.472255 -0.241224 -0.847813
vn 0.952376 -0.132886 -0.274447
vn 0.793334 -0.472994 -0.383273
vn -0.019927 0.008429 -0.999766
vn 0.108843 0.408288 -0.906341
vn 0.037975 0.434221 -0.900006
vn 0.000000 0.023443 -0.999725
vn 0.108843 0.408288 -0.906341
vn 0.071218 0.991714 -0.106916
vn 0.038602 0.980021 -0.195113
vn 0.037975 0.434221 -0.900006
vn 0.037975 0.434221 -0.900006
vn 0.038602 0.980021 -0.195113
vn 0.300508 0.932627 -0.199756
vn 0.561805 0.405483 -0.721082
vn 0.000000 0.023443 -0.999725
vn 0.037975 0.434221 -0.900006
vn 0.561805 0.405483 -0.721082
vn -0.721055 -0.692722 -0.014690
vn 0.071218 0.991714 -0.106916
vn 0.018825 0.999758 0.011401
vn 0.011247 0.999937 -0.000534
vn 0.038602 0.980021 -0.195113
vn 0.018825 0.999758 0.011401
vn 0.000000 0.996755 0.080500
vn 0.000000 0.996755 0.080500
vn 0.011247 0.999937 -0.000534
vn 0.011247 0.999937 -0.000534
vn 0.000000 0.996755 0.080500
vn 0.343495 0.935620 0.081402
vn 0.303773 0.952729 -0.005501
vn 0.038602 0.980021 -0.195113
vn 0.011247 0.999937 -0.000534
vn 0.303773 0.952729 -0.005501
vn 0.300508 0.932627 -0.199756
vn 0.000000 0.000000 -1.000000
vn 0.000000 0.000000 -1.000000
vn 0.457992 -0.159876 -0.874462
vn 0.515448 -0.002296 -0.856918
vn 0.000000 0.000000 -1.000000
vn 0.000003 0.000000 -1.000000
vn 0.393035 -0.260727 -0.881785
vn 0.457992 -0.159876 -0.874462
vn 0.457992 -0.159876 -0.874462
vn 0.393035 -0.260727 -0.881785
vn -0.309090 0.948169 -0.073749
vn 0.982449 0.020357 -0.185416
vn 0.515448 -0.002296 -0.856918
vn 0.457992 -0.159876 -0.874462
vn 0.982449 0.020357 -0.185416
vn 0.968501 -0.002177 -0.249001
vn 0.797793 0.389328 0.460381
vn -0.029162 0.010569 0.999519
vn 0.262019 -0.024256 0.964758
vn 0.229704 0.100557 0.968052
vn -0.029162 0.010569 0.999519
vn 0.000000 0.000000 1.000000
vn 0.328179 0.000929 0.944615
vn 0.262019 -0.024256 0.964758
vn 0.262019 -0.024256 0.964758
vn 0.328179 0.000929 0.944615
vn 0.901087 0.001713 0.433634
vn 0.912915 0.006570 0.408097
vn 0.229704 0.100557 0.968052
vn 0.262019 -0.024256 0.964758
vn 0.912915 0.006570 0.408097
vn 0.692978 0.654325 0.302721
vn -0.174327 -0.953099 0.247413
vn -0.125513 -0.092966 0.987727
vn -0.349812 -0.106895 0.930701
vn -0.398262 -0.596618 0.696731
vn -0.125513 -0.092966 0.987727
vn 0.000000 0.000000 1.000000
vn -0.328178 0.000929 0.944615
vn -0.349812 -0.106895 0.930701
vn -0.349812 -0.106895 0.930701
vn -0.328178 0.000929 0.944615
vn -0.901087 0.001713 0.433634
vn -0.893967 -0.081206 0.440714
vn -0.398262 -0.596618 0.696731
vn -0.349812 -0.106895 0.930701
vn -0.893967 -0.081206 0.440714
vn -0.863043 -0.274132 0.424274
vn 0.000000 -0.936377 -0.350996
vn -0.047037 -0.994903 -0.089191
vn -0.234577 -0.970890 -0.048431
vn -0.230611 -0.919780 -0.317528
vn -0.047037 -0.994903 -0.089191
vn -0.174327 -0.953099 0.247413
vn -0.398262 -0.596618 0.696731
vn -0.234577 -0.970890 -0.048431
vn -0.234577 -0.970890 -0.048431
vn -0.398262 -0.596618 0.696731
vn -0.863043 -0.274132 0.424274
vn -0.822982 -0.567986 0.009647
vn -0.230611 -0.919780 -0.317528
vn -0.234577 -0.970890 -0.048431
vn -0.822982 -0.567986 0.009647
vn -0.855950 -0.483621 -0.182922
vn -0.764667 -0.148133 0.627169
vn 0.002633 0.591535 0.806275
vn -0.000084 0.595599 0.803282
vn -0.073858 -0.109837 0.991202
vn 0.002633 0.591535 0.806275
vn 0.000000 0.936891 0.349622
vn 0.000000 0.936891 0.349622
vn -0.000084 0.595599 0.803282
vn -0.000084 0.595599 0.803282
vn 0.000000 0.936891 0.349622
vn -0.229749 0.914421 0.333242
vn -0.354872 0.608584 0.709712
vn -0.073858 -0.109837 0.991202
vn -0.000084 0.595599 0.803282
vn -0.354872 0.608584 0.709712
vn 0.600982 -0.796514 0.066224
vn 0.000000 0.936891 0.349622
vn 0.000000 0.984444 0.175699
vn 0.000000 0.984444 0.175698
vn 0.000000 0.936891 0.349622
vn 0.000000 0.984444 0.175699
vn 0.000000 0.996755 0.080500
vn 0.000000 0.996755 0.080500
vn 0.000000 0.984444 0.175698
vn 0.000000 0.984444 0.175698
vn 0.000000 0.996755 0.080500
vn -0.343496 0.935620 0.081402
vn -0.305670 0.934521 0.182309
vn 0.000000 0.936891 0.349622
vn 0.000000 0.984444 0.175698
vn -0.305670 0.934521 0.182309
vn -0.229749 0.914421 0.333242
vn 0.000000 0.996755 0.080500
vn -0.017105 0.999783 0.011866
vn -0.010894 0.999941 -0.000289
vn 0.000000 0.996755 0.080500
vn -0.017105 0.999783 0.011866
vn -0.064664 0.992832 -0.100515
vn -0.037568 0.980484 -0.192975
vn -0.010894 0.999941 -0.000289
vn -0.010894 0.999941 -0.000289
vn -0.037568 0.980484 -0.192975
vn -0.300508 0.932627 -0.199756
vn -0.303774 0.952728 -0.005501
vn 0.000000 0.996755 0.080500
vn -0.010894 0.999941 -0.000289
vn -0.303774 0.952728 -0.005501
vn -0.343496 0.935620 0.081402
vn -0.064664 0.992832 -0.100515
vn -0.106778 0.418849 -0.901756
vn -0.037750 0.437349 -0.898499
vn -0.037568 0.980484 -0.192975
vn -0.106778 0.418849 -0.901756
vn 0.019926 0.008429 -0.999766
vn 0.000000 0.023444 -0.999725
vn -0.037750 0.437349 -0.898499
vn -0.037750 0.437349 -0.898499
vn 0.000000 0.023444 -0.999725
vn 0.721055 -0.692722 -0.014690
vn -0.561806 0.405483 -0.721081
vn -0.037568 0.980484 -0.192975
vn -0.037750 0.437349 -0.898499
vn -0.561806 0.405483 -0.721081
vn -0.300508 0.932627 -0.199756
vn 0.000000 0.000000 -1.000000
vn -0.152801 -0.342343 -0.927067
vn -0.469056 -0.244100 -0.848765
vn -0.515449 -0.002296 -0.856917
vn -0.152801 -0.342343 -0.927067
vn -0.079842 -0.798444 -0.596751
vn -0.234163 -0.743168 -0.626793
vn -0.469056 -0.244100 -0.848765
vn -0.469056 -0.244100 -0.848765
vn -0.234163 -0.743168 -0.626793
vn -0.793334 -0.472994 -0.383273
vn -0.952376 -0.132886 -0.274447
vn -0.515449 -0.002296 -0.856917
vn -0.469056 -0.244100 -0.848765
vn -0.952376 -0.132886 -0.274447
vn -0.968501 -0.002177 -0.249001
vn -0.079842 -0.798444 -0.596751
vn -0.022730 -0.877831 -0.478431
vn -0.222264 -0.860356 -0.458680
vn -0.234163 -0.743168 -0.626793
vn -0.022730 -0.877831 -0.478431
vn 0.000000 -0.936377 -0.350996
vn -0.230611 -0.919780 -0.317528
vn -0.222264 -0.860356 -0.458680
vn -0.222264 -0.860356 -0.458680
vn -0.230611 -0.919780 -0.317528
vn -0.855950 -0.483621 -0.182922
vn -0.878723 -0.416421 -0.233324
vn -0.234163 -0.743168 -0.626793
vn -0.222264 -0.860356 -0.458680
vn -0.878723 -0.416421 -0.233324
vn -0.793334 -0.472994 -0.383273
vn 0.000000 0.000000 1.000000
vn 0.029162 0.010569 0.999519
vn -0.262019 -0.024256 0.964758
vn -0.328178 0.000929 0.944615
vn 0.029162 0.010569 0.999519
vn -0.797793 0.389328 0.460381
vn -0.229703 0.100557 0.968052
vn -0.262019 -0.024256 0.964758
vn -0.262019 -0.024256 0.964758
vn -0.229703 0.100557 0.968052
vn -0.692977 0.654325 0.302722
vn -0.912915 0.006571 0.408097
vn -0.328178 0.000929 0.944615
vn -0.262019 -0.024256 0.964758
vn -0.912915 0.006571 0.408097
vn -0.901087 0.001713 0.433634
vn 0.000000 0.000000 -1.000000
vn -0.000001 0.000000 -1.000000
vn -0.457992 -0.159876 -0.874461
vn -0.393035 -0.260727 -0.881785
vn -0.000001 0.000000 -1.000000
vn 0.000000 0.000000 -1.000000
vn -0.515449 -0.002296 -0.856917
vn -0.457992 -0.159876 -0.874461
vn -0.457992 -0.159876 -0.874461
vn -0.515449 -0.002296 -0.856917
vn -0.968501 -0.002177 -0.249001
vn -0.982449 0.020357 -0.185416
vn -0.393035 -0.260727 -0.881785
vn -0.457992 -0.159876 -0.874461
vn -0.982449 0.020357 -0.185416
vn 0.309090 0.948169 -0.073749
vn -0.189274 0.979977 -0.061808
vn -0.044403 0.944551 -0.325348
vn -0.055995 0.972390 0.226545
vn -0.114827 0.985995 0.120946
vn -0.044403 0.944551 -0.325348
vn 0.000000 0.917973 -0.396642
vn 0.000000 0.954268 0.298952
vn -0.055995 0.972390 0.226545
vn -0.055995 0.972390 0.226545
vn 0.000000 0.954268 0.298952
vn 0.000000 0.377996 0.925807
vn -0.152929 0.423131 0.893069
vn -0.114827 0.985995 0.120946
vn -0.055995 0.972390 0.226545
vn -0.152929 0.423131 0.893069
vn -0.640301 0.523808 0.561819
vn 0.198605 0.978684 -0.052277
vn 0.068382 0.997657 0.002201
vn 0.206245 0.977649 0.040802
vn 0.119098 0.985698 0.119225
vn 0.068382 0.997657 0.002201
vn 0.190168 0.951803 -0.240640
vn 0.254981 0.962632 -0.091238
vn 0.206245 0.977649 0.040802
vn 0.206245 0.977649 0.040802
vn 0.254981 0.962632 -0.091238
vn 0.736339 0.423602 -0.527605
vn 0.876874 0.478847 0.042394
vn 0.119098 0.985698 0.119225
vn 0.206245 0.977649 0.040802
vn 0.876874 0.478847 0.042394
vn 0.646902 0.526832 0.551330
vn 0.000000 0.994644 0.103363
vn -0.079571 0.996775 -0.010399
vn -0.116313 0.909508 -0.399082
vn 0.000000 0.852629 -0.522517
vn -0.079571 0.996775 -0.010399
vn -0.185265 0.949123 -0.254641
vn -0.250746 0.962184 -0.106432
vn -0.116313 0.909508 -0.399082
vn -0.116313 0.909508 -0.399082
vn -0.250746 0.962184 -0.106432
vn -0.730732 0.415299 -0.541809
vn -0.172221 0.290351 -0.941295
vn 0.000000 0.852629 -0.522517
vn -0.116313 0.909508 -0.399082
vn -0.172221 0.290351 -0.941295
vn 0.000000 0.256709 -0.966489
vn -0.185265 0.949123 -0.254641
vn -0.068038 0.997682 0.001328
vn -0.201887 0.978569 0.040543
vn -0.250746 0.962184 -0.106432
vn -0.068038 0.997682 0.001328
vn -0.189274 0.979977 -0.061808
vn -0.114827 0.985995 0.120946
vn -0.201887 0.978569 0.040543
vn -0.201887 0.978569 0.040543
vn -0.114827 0.985995 0.120946
vn -0.640301 0.523808 0.561819
vn -0.878882 0.475269 0.041067
vn -0.250746 0.962184 -0.106432
vn -0.201887 0.978569 0.040543
vn -0.878882 0.475269 0.041067
vn -0.730732 0.415299 -0.541809
vn -0.640301 0.523808 0.561819
vn -0.152929 0.423131 0.893069
vn -0.181566 0.025772 0.983041
vn -0.790691 0.058462 0.609418
vn -0.152929 0.423131 0.893069
vn 0.000000 0.377996 0.925807
vn 0.000000 0.017516 0.999847
vn -0.181566 0.025772 0.983041
vn -0.181566 0.025772 0.983041
vn 0.000000 0.017516 0.999847
vn 0.000000 -0.083096 0.996542
vn -0.186088 -0.080882 0.979198
vn -0.790691 0.058462 0.609418
vn -0.181566 0.025772 0.983041
vn -0.186088 -0.080882 0.979198
vn -0.806449 -0.049185 0.589254
vn 0.646902 0.526832 0.551330
vn 0.876874 0.478847 0.042394
vn 0.997359 0.072573 0.002969
vn 0.785911 0.059284 0.615491
vn 0.876874 0.478847 0.042394
vn 0.736339 0.423602 -0.527605
vn 0.785564 0.086369 -0.612724
vn 0.997359 0.072573 0.002969
vn 0.997359 0.072573 0.002969
vn 0.785564 0.086369 -0.612724
vn 0.776334 0.052348 -0.628144
vn 0.999914 -0.000263 -0.013112
vn 0.785911 0.059284 0.615491
vn 0.997359 0.072573 0.002969
vn 0.999914 -0.000263 -0.013112
vn 0.796489 -0.050273 0.602560
vn 0.000000 0.256709 -0.966489
vn -0.172221 0.290351 -0.941295
vn -0.181741 0.081021 -0.980003
vn 0.000000 0.076803 -0.997046
vn -0.172221 0.290351 -0.941295
vn -0.730732 0.415299 -0.541809
vn -0.790299 0.084720 -0.606836
vn -0.181741 0.081021 -0.980003
vn -0.181741 0.081021 -0.980003
vn -0.790299 0.084720 -0.606836
vn -0.786695 0.051247 -0.615211
vn -0.182457 0.082476 -0.979749
vn 0.000000 0.076803 -0.997046
vn -0.181741 0.081021 -0.980003
vn -0.182457 0.082476 -0.979749
vn 0.000000 0.083096 -0.996542
vn -0.730732 0.415299 -0.541809
vn -0.878882 0.475269 0.041067
vn -0.997435 0.071549 0.002233
vn -0.790299 0.084720 -0.606836
vn -0.878882 0.475269 0.041067
vn -0.640301 0.523808 0.561819
vn -0.790691 0.058462 0.609418
vn -0.997435 0.071549 0.002233
vn -0.997435 0.071549 0.002233
vn -0.790691 0.058462 0.609418
vn -0.806449 -0.049185 0.589254
vn -0.999919 -0.000255 -0.012708
vn -0.790299 0.084720 -0.606836
vn -0.997435 0.071549 0.002233
vn -0.999919 -0.000255 -0.012708
vn -0.786695 0.051247 -0.615211
vn -0.806449 -0.049185 0.589254
vn -0.186088 -0.080882 0.979198
vn -0.186023 -0.086270 0.978751
vn -0.811452 -0.028754 0.583712
vn -0.186088 -0.080882 0.979198
vn 0.000000 -0.083096 0.996542
vn 0.000000 -0.088052 0.996116
vn -0.186023 -0.086270 0.978751
vn -0.186023 -0.086270 0.978751
vn 0.000000 -0.088052 0.996116
vn 0.000000 0.530593 0.847627
vn -0.205279 0.595141 0.776960
vn -0.811452 -0.028754 0.583712
vn -0.186023 -0.086270 0.978751
vn -0.205279 0.595141 0.776960
vn -0.762900 0.260497 0.591713
vn 0.796489 -0.050273 0.602560
vn 0.999914 -0.000263 -0.013112
vn 0.997532 0.068811 -0.013989
vn 0.801710 -0.029454 0.596987
vn 0.999914 -0.000263 -0.013112
vn 0.776334 0.052348 -0.628144
vn 0.761581 0.189958 -0.619605
vn 0.997532 0.068811 -0.013989
vn 0.997532 0.068811 -0.013989
vn 0.761581 0.189958 -0.619605
vn 0.671906 0.547621 -0.498652
vn 0.656304 0.752886 0.049264
vn 0.801710 -0.029454 0.596987
vn 0.997532 0.068811 -0.013989
vn 0.656304 0.752886 0.049264
vn 0.751695 0.267196 0.602961
vn 0.000000 0.083096 -0.996542
vn -0.182457 0.082476 -0.979749
vn -0.177934 0.257940 -0.949635
vn 0.000000 0.264106 -0.964494
vn -0.182457 0.082476 -0.979749
vn -0.786695 0.051247 -0.615211
vn -0.772162 0.186198 -0.607533
vn -0.177934 0.257940 -0.949635
vn -0.177934 0.257940 -0.949635
vn -0.772162 0.186198 -0.607533
vn -0.684718 0.538131 -0.491504
vn -0.163140 0.822152 -0.545390
vn 0.000000 0.264106 -0.964494
vn -0.177934 0.257940 -0.949635
vn -0.163140 0.822152 -0.545390
vn 0.000000 0.797768 -0.602965
vn -0.786695 0.051247 -0.615211
vn -0.999919 -0.000255 -0.012708
vn -0.997691 0.066549 -0.013564
vn -0.772162 0.186198 -0.607533
vn -0.999919 -0.000255 -0.012708
vn -0.806449 -0.049185 0.589254
vn -0.811452 -0.028754 0.583712
vn -0.997691 0.066549 -0.013564
vn -0.997691 0.066549 -0.013564
vn -0.811452 -0.028754 0.583712
vn -0.762900 0.260497 0.591713
vn -0.667484 0.743032 0.048671
vn -0.772162 0.186198 -0.607533
vn -0.997691 0.066549 -0.013564
vn -0.667484 0.743032 0.048671
vn -0.684718 0.538131 -0.491504
vn -0.088620 -0.864737 0.494345
vn -0.032439 -0.937602 0.346195
vn -0.104167 -0.991397 -0.079258
vn -0.517131 -0.737033 0.435152
vn -0.032439 -0.937602 0.346195
vn 0.000000 -0.950476 0.310799
vn 0.000000 -0.986726 -0.162395
vn -0.104167 -0.991397 -0.079258
vn -0.104167 -0.991397 -0.079258
vn 0.000000 -0.986726 -0.162395
vn 0.000000 -0.647439 -0.762117
vn -0.112511 -0.677136 -0.727206
vn -0.517131 -0.737033 0.435152
vn -0.104167 -0.991397 -0.079258
vn -0.112511 -0.677136 -0.727206
vn -0.711362 -0.679020 -0.181370
vn 0.098778 -0.859567 0.501385
vn 0.139817 -0.348556 0.926801
vn 0.537519 -0.198592 0.819533
vn 0.558780 -0.680636 0.473813
vn 0.139817 -0.348556 0.926801
vn 0.060287 -0.066867 0.995939
vn 0.176033 -0.047334 0.983246
vn 0.537519 -0.198592 0.819533
vn 0.537519 -0.198592 0.819533
vn 0.176033 -0.047334 0.983246
vn 0.662604 0.161482 0.731354
vn 0.845059 -0.180524 0.503276
vn 0.558780 -0.680636 0.473813
vn 0.537519 -0.198592 0.819533
vn 0.845059 -0.180524 0.503276
vn 0.758884 -0.646927 -0.074700
vn 0.038038 -0.485592 0.873358
vn -0.057263 -0.067446 0.996078
vn -0.160256 -0.032822 0.986530
vn 0.038038 -0.485592 0.873358
vn -0.160256 -0.032822 0.986530
vn -0.667341 0.183985 0.721668
vn -0.057263 -0.067446 0.996078
vn -0.133093 -0.350541 0.927042
vn -0.515406 -0.198597 0.833616
vn -0.160256 -0.032822 0.986530
vn -0.133093 -0.350541 0.927042
vn -0.088620 -0.864737 0.494345
vn -0.517131 -0.737033 0.435152
vn -0.515406 -0.198597 0.833616
vn -0.515406 -0.198597 0.833616
vn -0.517131 -0.737033 0.435152
vn -0.711362 -0.679020 -0.181370
vn -0.855237 -0.181770 0.485314
vn -0.160256 -0.032822 0.986530
vn -0.515406 -0.198597 0.833616
vn -0.855237 -0.181770 0.485314
vn -0.667341 0.183985 0.721668
vn -0.711362 -0.679020 -0.181370
vn -0.112511 -0.677136 -0.727206
vn -0.127719 -0.752576 -0.646001
vn -0.654554 -0.710340 -0.258798
vn -0.112511 -0.677136 -0.727206
vn 0.000000 -0.647439 -0.762117
vn 0.000000 -0.714176 -0.699967
vn -0.127719 -0.752576 -0.646001
vn -0.127719 -0.752576 -0.646001
vn 0.000000 -0.714176 -0.699967
vn 0.000000 -0.881509 -0.472168
vn -0.171493 -0.905116 -0.389043
vn -0.654554 -0.710340 -0.258798
vn -0.127719 -0.752576 -0.646001
vn -0.171493 -0.905116 -0.389043
vn -0.684029 -0.718138 -0.127993
vn 0.758884 -0.646927 -0.074700
vn 0.845059 -0.180524 0.503276
vn 0.840481 -0.274246 0.467312
vn 0.699330 -0.690764 -0.183799
vn 0.845059 -0.180524 0.503276
vn 0.662604 0.161482 0.731354
vn 0.716076 0.065756 0.694918
vn 0.840481 -0.274246 0.467312
vn 0.840481 -0.274246 0.467312
vn 0.716076 0.065756 0.694918
vn 0.729474 0.241379 0.640003
vn 0.887995 -0.242073 0.390981
vn 0.699330 -0.690764 -0.183799
vn 0.840481 -0.274246 0.467312
vn 0.887995 -0.242073 0.390981
vn 0.711070 -0.697948 -0.085137
vn 0.000000 0.305201 0.952288
vn 0.029393 0.285614 0.957894
vn 0.018821 0.467952 0.883554
vn 0.000000 0.463727 0.885978
vn 0.029393 0.285614 0.957894
vn 0.130506 0.371760 0.919110
vn 0.135178 0.499438 0.855739
vn 0.018821 0.467952 0.883554
vn 0.018821 0.467952 0.883554
vn 0.135178 0.499438 0.855739
vn 0.126840 0.592094 0.795825
vn 0.029759 0.601973 0.797962
vn 0.000000 0.463727 0.885978
vn 0.018821 0.467952 0.883554
vn 0.029759 0.601973 0.797962
vn 0.000000 0.581857 0.813291
vn -0.667341 0.183985 0.721668
vn -0.855237 -0.181770 0.485314
vn -0.845430 -0.287293 0.450233
vn -0.709684 0.087972 0.699006
vn -0.855237 -0.181770 0.485314
vn -0.711362 -0.679020 -0.181370
vn -0.654554 -0.710340 -0.258798
vn -0.845430 -0.287293 0.450233
vn -0.845430 -0.287293 0.450233
vn -0.654554 -0.710340 -0.258798
vn -0.684029 -0.718138 -0.127993
vn -0.891303 -0.248114 0.379497
vn -0.709684 0.087972 0.699006
vn -0.845430 -0.287293 0.450233
vn -0.891303 -0.248114 0.379497
vn -0.710936 0.276941 0.646431
vn -0.710936 0.276941 0.646431
vn -0.891303 -0.248114 0.379497
vn -0.904094 -0.186582 0.384449
vn -0.751653 0.389519 0.532252
vn -0.891303 -0.248114 0.379497
vn -0.684029 -0.718138 -0.127993
vn -0.665528 -0.731788 0.146831
vn -0.904094 -0.186582 0.384449
vn -0.904094 -0.186582 0.384449
vn -0.665528 -0.731788 0.146831
vn -0.759751 -0.326886 0.562071
vn -0.769814 -0.001097 0.638268
vn -0.751653 0.389519 0.532252
vn -0.904094 -0.186582 0.384449
vn -0.769814 -0.001097 0.638268
vn -0.695101 0.327643 0.639910
vn 0.000000 0.997158 0.075344
vn -0.072388 0.973878 0.215227
vn -0.113346 0.952435 0.282880
vn 0.000000 0.971403 0.237435
vn -0.072388 0.973878 0.215227
vn -0.710936 0.276941 0.646431
vn -0.751653 0.389519 0.532252
vn -0.113346 0.952435 0.282880
vn -0.113346 0.952435 0.282880
vn -0.751653 0.389519 0.532252
vn -0.695101 0.327643 0.639910
vn -0.192664 0.728235 0.657689
vn 0.000000 0.971403 0.237435
vn -0.113346 0.952435 0.282880
vn -0.192664 0.728235 0.657689
vn 0.000000 0.725066 0.688679
vn 0.711070 -0.697948 -0.085137
vn 0.887995 -0.242073 0.390981
vn 0.902461 -0.185439 0.388814
vn 0.677370 -0.717231 0.163554
vn 0.887995 -0.242073 0.390981
vn 0.729474 0.241379 0.640003
vn 0.765460 0.354740 0.536871
vn 0.902461 -0.185439 0.388814
vn 0.902461 -0.185439 0.388814
vn 0.765460 0.354740 0.536871
vn 0.695796 0.314054 0.645939
vn 0.766738 -0.003886 0.641949
vn 0.677370 -0.717231 0.163554
vn 0.902461 -0.185439 0.388814
vn 0.766738 -0.003886 0.641949
vn 0.757996 -0.322476 0.566966
vn -0.684029 -0.718138 -0.127993
vn -0.171493 -0.905116 -0.389043
vn -0.160119 -0.987062 -0.008372
vn -0.665528 -0.731788 0.146831
vn -0.171493 -0.905116 -0.389043
vn 0.000000 -0.881509 -0.472168
vn 0.000000 -0.999775 -0.021233
vn -0.160119 -0.987062 -0.008372
vn -0.160119 -0.987062 -0.008372
vn 0.000000 -0.999775 -0.021233
vn 0.000000 -0.697926 0.716170
vn -0.265763 -0.725952 0.634321
vn -0.665528 -0.731788 0.146831
vn -0.160119 -0.987062 -0.008372
vn -0.265763 -0.725952 0.634321
vn -0.759751 -0.326886 0.562071
vn 0.692978 0.654325 0.302721
vn 0.934381 0.356190 -0.007838
vn 0.488919 0.865223 -0.111119
vn 0.320854 0.931477 -0.171472
vn 0.934381 0.356190 -0.007838
vn 0.808407 0.587208 -0.040809
vn 0.575011 0.814967 -0.072049
vn 0.488919 0.865223 -0.111119
vn 0.488919 0.865223 -0.111119
vn 0.575011 0.814967 -0.072049
vn 0.942741 0.332379 -0.027629
vn 0.936845 0.349226 -0.019030
vn 0.320854 0.931477 -0.171472
vn 0.488919 0.865223 -0.111119
vn 0.936845 0.349226 -0.019030
vn 0.932079 0.361850 -0.017122
vn 0.359032 -0.933244 -0.012341
vn 0.193285 -0.973460 -0.122542
vn 0.330887 -0.942554 -0.045896
vn 0.426910 -0.904236 -0.010254
vn 0.193285 -0.973460 -0.122542
vn -0.600982 -0.796515 0.066224
vn 0.189696 -0.977964 -0.087190
vn 0.330887 -0.942554 -0.045896
vn 0.330887 -0.942554 -0.045896
vn 0.189696 -0.977964 -0.087190
vn 0.931997 -0.362434 -0.004893
vn 0.932523 -0.361106 -0.001700
vn 0.426910 -0.904236 -0.010254
vn 0.330887 -0.942554 -0.045896
vn 0.932523 -0.361106 -0.001700
vn 0.937276 -0.348587 -0.000102
vn -0.166069 -0.183537 -0.968884
vn -0.167177 -0.142267 -0.975609
vn 0.000000 -0.142701 -0.989766
vn 0.000000 -0.270779 -0.962642
vn -0.167177 -0.142267 -0.975609
vn -0.166375 -0.096852 -0.981295
vn 0.000000 -0.011883 -0.999929
vn 0.000000 -0.142701 -0.989766
vn 0.000000 -0.142701 -0.989766
vn 0.000000 -0.011883 -0.999929
vn 0.166375 -0.096852 -0.981295
vn 0.167177 -0.142267 -0.975609
vn 0.000000 -0.270779 -0.962642
vn 0.000000 -0.142701 -0.989766
vn 0.167177 -0.142267 -0.975609
vn 0.166069 -0.183536 -0.968884
vn 0.808407 0.587208 -0.040809
vn 0.828211 0.559776 -0.026783
vn 0.473217 0.878357 -0.067495
vn 0.575011 0.814967 -0.072049
vn 0.828211 0.559776 -0.026783
vn -0.309090 0.948169 -0.073749
vn 0.251744 0.966882 -0.042011
vn 0.473217 0.878357 -0.067495
vn 0.473217 0.878357 -0.067495
vn 0.251744 0.966882 -0.042011
vn 0.935753 0.350861 -0.035530
vn 0.941696 0.334664 -0.034762
vn 0.575011 0.814967 -0.072049
vn 0.473217 0.878357 -0.067495
vn 0.941696 0.334664 -0.034762
vn 0.942741 0.332379 -0.027629
vn 0.000000 0.000000 1.000000
vn 0.000000 0.000000 1.000000
vn -0.000001 0.000000 1.000000
vn 0.000001 0.000000 1.000000
vn 0.000000 0.000000 1.000000
vn -0.000001 0.000000 1.000000
vn -0.000001 0.000000 1.000000
vn -0.000001 0.000000 1.000000
vn -0.000001 0.000000 1.000000
vn -0.000001 0.000000 1.000000
vn -0.000001 0.000000 1.000000
vn 0.000000 0.000000 1.000000
vn 0.000001 0.000000 1.000000
vn -0.000001 0.000000 1.000000
vn 0.000000 0.000000 1.000000
vn 0.000000 0.000000 1.000000
vn -0.721055 -0.692722 -0.014690
vn 0.224394 -0.970831 0.084470
vn 0.336231 -0.941568 0.019942
vn 0.190096 -0.980910 0.040980
vn 0.224394 -0.970831 0.084470
vn 0.359032 -0.933244 -0.012341
vn 0.426910 -0.904236 -0.010254
vn 0.336231 -0.941568 0.019942
vn 0.336231 -0.941568 0.019942
vn 0.426910 -0.904236 -0.010254
vn 0.937276 -0.348587 -0.000102
vn 0.943883 -0.330278 0.000928
vn 0.190096 -0.980910 0.040980
vn 0.336231 -0.941568 0.019942
vn 0.943883 -0.330278 0.000928
vn 0.949215 -0.314625 0.001082
vn -0.808406 0.587208 -0.040809
vn -0.934381 0.356190 -0.007838
vn -0.488919 0.865223 -0.111119
vn -0.575011 0.814967 -0.072049
vn -0.934381 0.356190 -0.007838
vn -0.692977 0.654325 0.302722
vn -0.320854 0.931477 -0.171472
vn -0.488919 0.865223 -0.111119
vn -0.488919 0.865223 -0.111119
vn -0.320854 0.931477 -0.171472
vn -0.932079 0.361850 -0.017122
vn -0.936845 0.349226 -0.019030
vn -0.575011 0.814967 -0.072049
vn -0.488919 0.865223 -0.111119
vn -0.936845 0.349226 -0.019030
vn -0.942741 0.332379 -0.027629
vn 0.166375 -0.096852 -0.981295
vn 0.167177 -0.142267 -0.975609
vn 0.000000 -0.142701 -0.989766
vn 0.000000 -0.011883 -0.999929
vn 0.167177 -0.142267 -0.975609
vn 0.166069 -0.183537 -0.968884
vn 0.000000 -0.270779 -0.962642
vn 0.000000 -0.142701 -0.989766
vn 0.000000 -0.142701 -0.989766
vn 0.000000 -0.270779 -0.962642
vn -0.166068 -0.183537 -0.968884
vn -0.167176 -0.142267 -0.975609
vn 0.000000 -0.011883 -0.999929
vn 0.000000 -0.142701 -0.989766
vn -0.167176 -0.142267 -0.975609
vn -0.166375 -0.096852 -0.981295
vn 0.600982 -0.796514 0.066224
vn -0.193285 -0.973460 -0.122542
vn -0.330887 -0.942554 -0.045896
vn -0.189696 -0.977964 -0.087190
vn -0.193285 -0.973460 -0.122542
vn -0.359031 -0.933244 -0.012341
vn -0.426909 -0.904236 -0.010254
vn -0.330887 -0.942554 -0.045896
vn -0.330887 -0.942554 -0.045896
vn -0.426909 -0.904236 -0.010254
vn -0.937276 -0.348587 -0.000102
vn -0.932524 -0.361105 -0.001700
vn -0.189696 -0.977964 -0.087190
vn -0.330887 -0.942554 -0.045896
vn -0.932524 -0.361105 -0.001700
vn -0.931997 -0.362434 -0.004893
vn 0.309090 0.948169 -0.073749
vn -0.828211 0.559776 -0.026783
vn -0.473216 0.878357 -0.067495
vn -0.251744 0.966882 -0.042011
vn -0.828211 0.559776 -0.026783
vn -0.808406 0.587208 -0.040809
vn -0.575011 0.814967 -0.072049
vn -0.473216 0.878357 -0.067495
vn -0.473216 0.878357 -0.067495
vn -0.575011 0.814967 -0.072049
vn -0.942741 0.332379 -0.027629
vn -0.941696 0.334664 -0.034762
vn -0.251744 0.966882 -0.042011
vn -0.473216 0.878357 -0.067495
vn -0.941696 0.334664 -0.034762
vn -0.935753 0.350861 -0.035530
vn -0.359031 -0.933244 -0.012341
vn -0.224395 -0.970830 0.084470
vn -0.336231 -0.941568 0.019942
vn -0.426909 -0.904236 -0.010254
vn -0.224395 -0.970830 0.084470
vn 0.721055 -0.692722 -0.014690
vn -0.190097 -0.980910 0.040980
vn -0.336231 -0.941568 0.019942
vn -0.336231 -0.941568 0.019942
vn -0.190097 -0.980910 0.040980
vn -0.949215 -0.314625 0.001082
vn -0.943883 -0.330278 0.000928
vn -0.426909 -0.904236 -0.010254
vn -0.336231 -0.941568 0.019942
vn -0.943883 -0.330278 0.000928
vn -0.937276 -0.348587 -0.000102
vn 0.000000 0.000000 1.000000
vn 0.000000 0.000000 1.000000
vn 0.000000 0.000000 1.000000
vn -0.000001 0.000000 1.000000
vn 0.000000 0.000000 1.000000
vn 0.000000 0.000000 1.000000
vn 0.000001 0.000000 1.000000
vn 0.000000 0.000000 1.000000
vn 0.000000 0.000000 1.000000
vn 0.000001 0.000000 1.000000
vn 0.000000 0.000000 1.000000
vn 0.000000 0.000000 1.000000
vn -0.000001 0.000000 1.000000
vn 0.000000 0.000000 1.000000
vn 0.000000 0.000000 1.000000
vn -0.000001 0.000000 1.000000
vn 0.382470 0.665551 0.640905
vn 0.090302 0.973807 0.208674
vn 0.092669 0.909877 0.404396
vn 0.752713 0.468931 0.462089
vn 0.090302 0.973807 0.208674
vn 0.000000 0.989820 -0.142324
vn 0.000000 0.928850 0.370456
vn 0.092669 0.909877 0.404396
vn 0.092669 0.909877 0.404396
vn 0.000000 0.928850 0.370456
vn 0.000000 0.411993 0.911187
vn 0.094511 0.462976 0.881318
vn 0.752713 0.468931 0.462089
vn 0.092669 0.909877 0.404396
vn 0.094511 0.462976 0.881318
vn 0.389689 0.317867 0.864351
vn -0.426473 0.657404 0.621241
vn -0.986634 -0.041462 0.157592
vn -0.925386 0.049144 0.375826
vn -0.801323 0.423382 0.422646
vn -0.986634 -0.041462 0.157592
vn -0.833713 -0.547309 0.073317
vn -0.779411 -0.443302 0.442721
vn -0.925386 0.049144 0.375826
vn -0.925386 0.049144 0.375826
vn -0.779411 -0.443302 0.442721
vn -0.447955 -0.055038 0.892361
vn -0.454893 0.141028 0.879308
vn -0.801323 0.423382 0.422646
vn -0.925386 0.049144 0.375826
vn -0.454893 0.141028 0.879308
vn -0.443142 0.304926 0.842998
vn 0.000000 -0.989820 0.142327
vn 0.195607 -0.970699 0.139577
vn 0.170775 -0.827885 0.534268
vn 0.000000 -0.786842 0.617155
vn 0.195607 -0.970699 0.139577
vn 0.791149 -0.606096 0.082038
vn 0.733863 -0.483445 0.477207
vn 0.170775 -0.827885 0.534268
vn 0.170775 -0.827885 0.534268
vn 0.733863 -0.483445 0.477207
vn 0.394516 -0.061500 0.916829
vn 0.094764 -0.194253 0.976364
vn 0.000000 -0.786842 0.617155
vn 0.170775 -0.827885 0.534268
vn 0.094764 -0.194253 0.976364
vn 0.000000 -0.138571 0.990353
vn 0.791149 -0.606096 0.082038
vn 0.981638 -0.048082 0.184592
vn 0.902257 0.057265 0.427379
vn 0.733863 -0.483445 0.477207
vn 0.981638 -0.048082 0.184592
vn 0.382470 0.665551 0.640905
vn 0.752713 0.468931 0.462089
vn 0.902257 0.057265 0.427379
vn 0.902257 0.057265 0.427379
vn 0.752713 0.468931 0.462089
vn 0.389689 0.317867 0.864351
vn 0.402424 0.144366 0.903999
vn 0.733863 -0.483445 0.477207
vn 0.902257 0.057265 0.427379
vn 0.402424 0.144366 0.903999
vn 0.394516 -0.061500 0.916829
vn -0.600982 -0.796515 0.066224
vn 0.193285 -0.973460 -0.122542
vn 0.966144 0.251267 -0.058580
vn 0.193285 -0.973460 -0.122542
vn 0.359032 -0.933244 -0.012341
vn 0.907077 0.420848 0.009891
vn 0.870366 0.492362 -0.006549
vn 0.966144 0.251267 -0.058580
vn 0.193285 -0.973460 -0.122542
vn 0.870366 0.492362 -0.006549
vn 0.853516 0.510965 -0.102106
vn 0.305669 0.934521 0.182308
vn 0.229749 0.914421 0.333242
vn 0.842245 -0.507491 -0.181871
vn 0.890332 -0.448349 -0.079326
vn 0.343495 0.935620 0.081402
vn 0.305669 0.934521 0.182308
vn 0.890332 -0.448349 -0.079326
vn 0.898799 -0.437089 -0.033365
vn 0.354872 0.608584 0.709712
vn -0.600982 -0.796515 0.066224
vn 0.966144 0.251267 -0.058580
vn 0.354872 0.608584 0.709712
vn 0.966144 0.251267 -0.058580
vn 0.853516 0.510965 -0.102106
vn 0.981242 -0.042147 -0.188119
vn 0.229749 0.914421 0.333242
vn 0.354872 0.608584 0.709712
vn 0.981242 -0.042147 -0.188119
vn 0.842245 -0.507491 -0.181871
vn 0.224394 -0.970831 0.084470
vn -0.721055 -0.692722 -0.014690
vn 0.978997 0.196605 0.053951
vn 0.224394 -0.970831 0.084470
vn 0.978997 0.196605 0.053951
vn 0.918556 0.384789 0.090513
vn 0.909887 0.413912 0.027962
vn 0.359032 -0.933244 -0.012341
vn 0.224394 -0.970831 0.084470
vn 0.909887 0.413912 0.027962
vn 0.907077 0.420848 0.009891
vn -0.721055 -0.692722 -0.014690
vn 0.561805 0.405483 -0.721082
vn 0.978997 0.196605 0.053951
vn 0.561805 0.405483 -0.721082
vn 0.300508 0.932627 -0.199756
vn 0.918859 -0.386049 0.081638
vn 0.992862 0.001982 0.119257
vn 0.978997 0.196605 0.053951
vn 0.561805 0.405483 -0.721082
vn 0.992862 0.001982 0.119257
vn 0.918556 0.384789 0.090513
vn 0.303773 0.952729 -0.005501
vn 0.343495 0.935620 0.081402
vn 0.898799 -0.437089 -0.033365
vn 0.900813 -0.434125 0.008480
vn 0.300508 0.932627 -0.199756
vn 0.303773 0.952729 -0.005501
vn 0.900813 -0.434125 0.008480
vn 0.918859 -0.386049 0.081638
vn -0.193285 -0.973460 -0.122542
vn 0.600982 -0.796514 0.066224
vn -0.966143 0.251268 -0.058580
vn -0.193285 -0.973460 -0.122542
vn -0.966143 0.251268 -0.058580
vn -0.853516 0.510964 -0.102107
vn -0.870366 0.492362 -0.006549
vn -0.359031 -0.933244 -0.012341
vn -0.193285 -0.973460 -0.122542
vn -0.870366 0.492362 -0.006549
vn -0.907077 0.420848 0.009891
vn 0.600982 -0.796514 0.066224
vn -0.354872 0.608584 0.709712
vn -0.966143 0.251268 -0.058580
vn -0.354872 0.608584 0.709712
vn -0.229749 0.914421 0.333242
vn -0.842244 -0.507492 -0.181870
vn -0.981242 -0.042147 -0.188119
vn -0.966143 0.251268 -0.058580
vn -0.354872 0.608584 0.709712
vn -0.981242 -0.042147 -0.188119
vn -0.853516 0.510964 -0.102107
vn -0.305670 0.934521 0.182309
vn -0.343496 0.935620 0.081402
vn -0.898800 -0.437088 -0.033365
vn -0.890332 -0.448349 -0.079326
vn -0.229749 0.914421 0.333242
vn -0.305670 0.934521 0.182309
vn -0.890332 -0.448349 -0.079326
vn -0.842244 -0.507492 -0.181870
vn 0.721055 -0.692722 -0.014690
vn -0.224395 -0.970830 0.084470
vn -0.978997 0.196605 0.053951
vn -0.224395 -0.970830 0.084470
vn -0.359031 -0.933244 -0.012341
vn -0.907077 0.420848 0.009891
vn -0.909887 0.413912 0.027962
vn -0.978997 0.196605 0.053951
vn -0.224395 -0.970830 0.084470
vn -0.909887 0.413912 0.027962
vn -0.918556 0.384790 0.090512
vn -0.303774 0.952728 -0.005501
vn -0.300508 0.932627 -0.199756
vn -0.918859 -0.386049 0.081638
vn -0.900813 -0.434125 0.008480
vn -0.343496 0.935620 0.081402
vn -0.303774 0.952728 -0.005501
vn -0.900813 -0.434125 0.008480
vn -0.898800 -0.437088 -0.033365
vn -0.561806 0.405483 -0.721081
vn 0.721055 -0.692722 -0.014690
vn -0.978997 0.196605 0.053951
vn -0.561806 0.405483 -0.721081
vn -0.978997 0.196605 0.053951
vn -0.918556 0.384790 0.090512
vn -0.992862 0.001982 0.119256
vn -0.300508 0.932627 -0.199756
vn -0.561806 0.405483 -0.721081
vn -0.992862 0.001982 0.119256
vn -0.918859 -0.386049 0.081638
vn 0.000000 -0.987442 0.157981
vn 0.000000 -0.928297 0.371840
vn -0.186784 -0.945477 0.266804
vn -0.265127 -0.952105 0.152328
vn 0.000000 -0.928297 0.371840
vn 0.000000 -0.870935 0.491398
vn -0.087515 -0.923124 0.374410
vn -0.186784 -0.945477 0.266804
vn -0.186784 -0.945477 0.266804
vn -0.087515 -0.923124 0.374410
vn -0.300552 -0.951328 0.068139
vn -0.901565 -0.283745 -0.326602
vn -0.265127 -0.952105 0.152328
vn -0.186784 -0.945477 0.266804
vn -0.901565 -0.283745 -0.326602
vn -0.901078 -0.428211 0.068510
vn -0.300552 -0.951328 0.068139
vn -0.975513 -0.049450 0.214313
vn -0.901565 -0.283745 -0.326602
vn -0.975513 -0.049450 0.214313
vn 0.005675 0.272983 -0.962002
vn -0.958496 0.218651 -0.182968
vn -0.975513 -0.049450 0.214313
vn -0.958496 0.218651 -0.182968
vn -0.779016 -0.018806 0.626722
vn -0.982016 -0.081838 0.170138
vn -0.901565 -0.283745 -0.326602
vn -0.975513 -0.049450 0.214313
vn -0.982016 -0.081838 0.170138
vn -0.901078 -0.428211 0.068510
vn 0.005675 0.272983 -0.962002
vn 0.002327 0.264493 -0.964385
vn -0.023388 0.613747 -0.789156
vn -0.958496 0.218651 -0.182968
vn 0.002327 0.264493 -0.964385
vn 0.000000 0.258378 -0.966044
vn 0.000000 0.635774 -0.771875
vn -0.023388 0.613747 -0.789156
vn -0.023388 0.613747 -0.789156
vn 0.000000 0.635774 -0.771875
vn 0.000000 0.987442 -0.157983
vn -0.958496 0.218651 -0.182968
vn -0.023388 0.613747 -0.789156
vn -0.779016 -0.018806 0.626722
vn 0.807191 0.275065 -0.522286
vn 0.989929 -0.121399 0.072826
vn 0.997043 -0.050507 0.057920
vn 0.856211 0.462596 -0.230017
vn 0.989929 -0.121399 0.072826
vn 0.685278 -0.620713 0.380931
vn 0.795370 -0.550370 0.253927
vn 0.997043 -0.050507 0.057920
vn 0.997043 -0.050507 0.057920
vn 0.795370 -0.550370 0.253927
vn 0.925306 -0.374458 0.059910
vn 0.999463 0.032368 -0.005179
vn 0.856211 0.462596 -0.230017
vn 0.997043 -0.050507 0.057920
vn 0.999463 0.032368 -0.005179
vn 0.857921 0.507329 -0.081168
vn 0.000000 -0.987442 0.157981
vn -0.265127 -0.952105 0.152328
vn -0.167614 -0.849707 -0.499903
vn 0.000000 -0.826895 -0.562357
vn -0.265127 -0.952105 0.152328
vn -0.901078 -0.428211 0.068510
vn -0.728964 -0.528524 -0.435056
vn -0.167614 -0.849707 -0.499903
vn -0.167614 -0.849707 -0.499903
vn -0.728964 -0.528524 -0.435056
vn -0.395588 0.121905 -0.910302
vn -0.104673 -0.000986 -0.994506
vn 0.000000 -0.826895 -0.562357
vn -0.167614 -0.849707 -0.499903
vn -0.104673 -0.000986 -0.994506
vn 0.000000 0.061718 -0.998094
vn -0.901078 -0.428211 0.068510
vn -0.982016 -0.081838 0.170138
vn -0.947328 0.015339 -0.319896
vn -0.728964 -0.528524 -0.435056
vn -0.982016 -0.081838 0.170138
vn -0.779016 -0.018806 0.626722
vn -0.987725 0.075921 -0.136508
vn -0.947328 0.015339 -0.319896
vn -0.947328 0.015339 -0.319896
vn -0.987725 0.075921 -0.136508
vn -0.398778 0.261991 -0.878827
vn -0.372858 0.210974 -0.903586
vn -0.728964 -0.528524 -0.435056
vn -0.947328 0.015339 -0.319896
vn -0.372858 0.210974 -0.903586
vn -0.395588 0.121905 -0.910302
vn 0.000000 0.987442 -0.157984
vn 0.000000 0.987442 -0.157983
vn 0.000000 0.987442 -0.157982
vn 0.000000 0.987442 -0.157982
vn 0.000000 0.987442 -0.157983
vn 0.000000 0.987442 -0.157983
vn 0.000000 0.987442 -0.157983
vn 0.000000 0.987442 -0.157982
vn 0.000000 0.987442 -0.157982
vn 0.000000 0.987442 -0.157983
vn 0.000000 0.987442 -0.157984
vn 0.000000 0.987442 -0.157983
vn 0.000000 0.987442 -0.157982
vn 0.000000 0.987442 -0.157982
vn 0.000000 0.987442 -0.157983
vn 0.000000 0.987442 -0.157982
vn 0.857921 0.507329 -0.081168
vn 0.999463 0.032368 -0.005179
vn 0.942530 0.086586 -0.322708
vn 0.750470 0.501652 -0.430279
vn 0.999463 0.032368 -0.005179
vn 0.925306 -0.374458 0.059910
vn 0.775527 -0.486250 -0.402641
vn 0.942530 0.086586 -0.322708
vn 0.942530 0.086586 -0.322708
vn 0.775527 -0.486250 -0.402641
vn 0.448680 0.122024 -0.885323
vn 0.433342 0.243656 -0.867667
vn 0.750470 0.501652 -0.430279
vn 0.942530 0.086586 -0.322708
vn 0.433342 0.243656 -0.867667
vn 0.405700 0.375317 -0.833393
vn 0.000000 0.643198 -0.765700
vn 0.027713 0.588395 -0.808098
vn 0.053784 0.861902 -0.504214
vn 0.000000 0.867337 -0.497721
vn 0.027713 0.588395 -0.808098
vn 0.157523 0.551151 -0.819401
vn 0.386631 0.739279 -0.551346
vn 0.053784 0.861902 -0.504214
vn 0.053784 0.861902 -0.504214
vn 0.386631 0.739279 -0.551346
vn 0.180579 0.416852 -0.890857
vn 0.040134 0.478759 -0.877029
vn 0.000000 0.867337 -0.497721
vn 0.053784 0.861902 -0.504214
vn 0.040134 0.478759 -0.877029
vn 0.000000 0.449262 -0.893400
vn 0.157523 0.551151 -0.819401
vn 0.920395 -0.071550 -0.384387
vn 0.751019 0.025195 -0.659800
vn 0.386631 0.739279 -0.551346
vn 0.920395 -0.071550 -0.384387
vn 0.392295 -0.919263 -0.032549
vn 0.363378 -0.840700 -0.401472
vn 0.751019 0.025195 -0.659800
vn 0.751019 0.025195 -0.659800
vn 0.363378 -0.840700 -0.401472
vn 0.182240 -0.351836 -0.918150
vn 0.223137 0.038652 -0.974021
vn 0.386631 0.739279 -0.551346
vn 0.751019 0.025195 -0.659800
vn 0.223137 0.038652 -0.974021
vn 0.180579 0.416852 -0.890857
vn 0.392295 -0.919263 -0.032549
vn 0.063253 -0.997372 -0.035316
vn 0.056407 -0.933160 -0.355008
vn 0.363378 -0.840700 -0.401472
vn 0.063253 -0.997372 -0.035316
vn 0.000000 -0.999374 -0.035384
vn 0.000000 -0.927361 -0.374167
vn 0.056407 -0.933160 -0.355008
vn 0.056407 -0.933160 -0.355008
vn 0.000000 -0.927361 -0.374167
vn 0.000000 -0.384951 -0.922937
vn 0.040168 -0.414889 -0.908985
vn 0.363378 -0.840700 -0.401472
vn 0.056407 -0.933160 -0.355008
vn 0.040168 -0.414889 -0.908985
vn 0.182240 -0.351836 -0.918150
vn -0.446067 -0.894439 -0.031671
vn -0.869865 -0.078669 -0.486977
vn -0.761655 0.013020 -0.647852
vn -0.405668 -0.825300 -0.392828
vn -0.869865 -0.078669 -0.486977
vn 0.016252 0.363376 -0.931501
vn -0.425154 0.582712 -0.692597
vn -0.761655 0.013020 -0.647852
vn -0.761655 0.013020 -0.647852
vn -0.425154 0.582712 -0.692597
vn -0.213171 0.405730 -0.888786
vn -0.253628 0.038830 -0.966522
vn -0.405668 -0.825300 -0.392828
vn -0.761655 0.013020 -0.647852
vn -0.253628 0.038830 -0.966522
vn -0.215035 -0.341030 -0.915128
vn -0.309090 0.948169 -0.073749
vn -0.999998 0.000000 0.002113
vn -0.999999 0.000000 0.001208
vn -0.932788 0.360228 -0.011968
vn -0.999998 0.000000 0.002113
vn -0.721055 -0.692722 -0.014690
vn -0.935143 -0.354269 -0.000404
vn -0.999999 0.000000 0.001208
vn -0.999999 0.000000 0.001208
vn -0.935143 -0.354269 -0.000404
vn -0.951778 -0.306789 0.000000
vn -1.000000 -0.000001 0.000000
vn -0.932788 0.360228 -0.011968
vn -0.999999 0.000000 0.001208
vn -1.000000 -0.000001 0.000000
vn -0.951778 0.306787 0.000000
vn -0.721055 -0.692722 -0.014690
vn 0.190096 -0.980910 0.040980
vn 0.121155 -0.992628 -0.003404
vn -0.935143 -0.354269 -0.000404
vn 0.190096 -0.980910 0.040980
vn 0.949215 -0.314625 0.001082
vn 0.951896 -0.306420 0.000631
vn 0.121155 -0.992628 -0.003404
vn 0.121155 -0.992628 -0.003404
vn 0.951896 -0.306420 0.000631
vn 0.951779 -0.306786 0.000000
vn 0.000001 -1.000000 0.000000
vn -0.935143 -0.354269 -0.000404
vn 0.121155 -0.992628 -0.003404
vn 0.000001 -1.000000 0.000000
vn -0.951778 -0.306789 0.000000
vn 0.949215 -0.314625 0.001082
vn 0.999963 0.008018 -0.003159
vn 0.999959 0.008817 -0.001915
vn 0.951896 -0.306420 0.000631
vn 0.999963 0.008018 -0.003159
vn 0.935753 0.350861 -0.035530
vn 0.936316 0.350485 -0.021727
vn 0.999959 0.008817 -0.001915
vn 0.999959 0.008817 -0.001915
vn 0.936316 0.350485 -0.021727
vn 0.951778 0.306788 0.000000
vn 1.000000 0.000000 0.000000
vn 0.951896 -0.306420 0.000631
vn 0.999959 0.008817 -0.001915
vn 1.000000 0.000000 0.000000
vn 0.951779 -0.306786 0.000000
vn 0.935753 0.350861 -0.035530
vn 0.251744 0.966882 -0.042011
vn 0.129007 0.990314 -0.051336
vn 0.936316 0.350485 -0.021727
vn 0.251744 0.966882 -0.042011
vn -0.309090 0.948169 -0.073749
vn -0.932788 0.360228 -0.011968
vn 0.129007 0.990314 -0.051336
vn 0.129007 0.990314 -0.051336
vn -0.932788 0.360228 -0.011968
vn -0.951778 0.306787 0.000000
vn 0.000000 1.000000 0.000000
vn 0.936316 0.350485 -0.021727
vn 0.129007 0.990314 -0.051336
vn 0.000000 1.000000 0.000000
vn 0.951778 0.306788 0.000000
vn 0.721055 -0.692722 -0.014690
vn 0.999998 0.000000 0.002113
vn 0.999999 0.000000 0.001208
vn 0.935143 -0.354270 -0.000404
vn 0.999998 0.000000 0.002113
vn 0.309090 0.948169 -0.073749
vn 0.932788 0.360228 -0.011968
vn 0.999999 0.000000 0.001208
vn 0.999999 0.000000 0.001208
vn 0.932788 0.360228 -0.011968
vn 0.951778 0.306788 0.000000
vn 1.000000 0.000000 0.000000
vn 0.935143 -0.354270 -0.000404
vn 0.999999 0.000000 0.001208
vn 1.000000 0.000000 0.000000
vn 0.951779 -0.306786 0.000000
vn 0.309090 0.948169 -0.073749
vn -0.251744 0.966882 -0.042011
vn -0.129007 0.990314 -0.051336
vn 0.932788 0.360228 -0.011968
vn -0.251744 0.966882 -0.042011
vn -0.935753 0.350861 -0.035530
vn -0.936316 0.350485 -0.021727
vn -0.129007 0.990314 -0.051336
vn -0.129007 0.990314 -0.051336
vn -0.936316 0.350485 -0.021727
vn -0.951778 0.306788 0.000000
vn 0.000000 1.000000 0.000000
vn 0.932788 0.360228 -0.011968
vn -0.129007 0.990314 -0.051336
vn 0.000000 1.000000 0.000000
vn 0.951778 0.306788 0.000000
vn -0.935753 0.350861 -0.035530
vn -0.999963 0.008018 -0.003159
vn -0.999959 0.008817 -0.001915
vn -0.936316 0.350485 -0.021727
vn -0.999963 0.008018 -0.003159
vn -0.949215 -0.314625 0.001082
vn -0.951896 -0.306420 0.000631
vn -0.999959 0.008817 -0.001915
vn -0.999959 0.008817 -0.001915
vn -0.951896 -0.306420 0.000631
vn -0.951778 -0.306789 0.000000
vn -1.000000 -0.000001 0.000000
vn -0.936316 0.350485 -0.021727
vn -0.999959 0.008817 -0.001915
vn -1.000000 -0.000001 0.000000
vn -0.951778 0.306788 0.000000
vn -0.949215 -0.314625 0.001082
vn -0.190097 -0.980910 0.040980
vn -0.121154 -0.992628 -0.003404
vn -0.951896 -0.306420 0.000631
vn -0.190097 -0.980910 0.040980
vn 0.721055 -0.692722 -0.014690
vn 0.935143 -0.354270 -0.000404
vn -0.121154 -0.992628 -0.003404
vn -0.121154 -0.992628 -0.003404
vn 0.935143 -0.354270 -0.000404
vn 0.951779 -0.306786 0.000000
vn 0.000001 -1.000000 0.000000
vn -0.951896 -0.306420 0.000631
vn -0.121154 -0.992628 -0.003404
vn 0.000001 -1.000000 0.000000
vn -0.951778 -0.306789 0.000000
vn -0.160065 0.903153 0.398364
vn -0.040404 0.865905 0.498574
vn -0.093918 0.612776 0.784656
vn -0.508877 0.628928 0.587787
vn -0.040404 0.865905 0.498574
vn 0.000000 0.846952 0.531669
vn 0.000000 0.601850 0.798609
vn -0.093918 0.612776 0.784656
vn -0.093918 0.612776 0.784656
vn 0.000000 0.601850 0.798609
vn 0.000000 0.898914 0.438126
vn -0.055332 0.896865 0.438830
vn -0.508877 0.628928 0.587787
vn -0.093918 0.612776 0.784656
vn -0.055332 0.896865 0.438830
vn -0.269725 0.866350 0.420341
vn 0.177505 0.902927 0.391427
vn 0.516862 0.841453 0.157512
vn 0.793372 0.602425 0.087431
vn 0.562856 0.608419 0.559482
vn 0.516862 0.841453 0.157512
vn 0.198605 0.978684 -0.052277
vn 0.511714 0.784668 -0.349922
vn 0.793372 0.602425 0.087431
vn 0.793372 0.602425 0.087431
vn 0.511714 0.784668 -0.349922
vn 0.266221 0.958595 -0.101103
vn 0.314914 0.937371 0.148878
vn 0.562856 0.608419 0.559482
vn 0.793372 0.602425 0.087431
vn 0.314914 0.937371 0.148878
vn 0.315619 0.853905 0.413799
vn 0.000000 0.917973 -0.396642
vn -0.044403 0.944551 -0.325348
vn -0.086503 0.815603 -0.572110
vn 0.000000 0.785456 -0.618917
vn -0.044403 0.944551 -0.325348
vn -0.189274 0.979977 -0.061808
vn -0.456462 0.814332 -0.358476
vn -0.086503 0.815603 -0.572110
vn -0.086503 0.815603 -0.572110
vn -0.456462 0.814332 -0.358476
vn -0.227332 0.968395 -0.102618
vn -0.049388 0.993002 -0.107272
vn 0.000000 0.785456 -0.618917
vn -0.086503 0.815603 -0.572110
vn -0.049388 0.993002 -0.107272
vn 0.000000 0.994356 -0.106096
vn -0.189274 0.979977 -0.061808
vn -0.497763 0.851775 0.163435
vn -0.753021 0.650817 0.096936
vn -0.456462 0.814332 -0.358476
vn -0.497763 0.851775 0.163435
vn -0.160065 0.903153 0.398364
vn -0.508877 0.628928 0.587787
vn -0.753021 0.650817 0.096936
vn -0.753021 0.650817 0.096936
vn -0.508877 0.628928 0.587787
vn -0.269725 0.866350 0.420341
vn -0.281036 0.947867 0.150226
vn -0.456462 0.814332 -0.358476
vn -0.753021 0.650817 0.096936
vn -0.281036 0.947867 0.150226
vn -0.227332 0.968395 -0.102618
vn -0.057263 -0.067446 0.996078
vn 0.038038 -0.485592 0.873358
vn -0.040944 0.087658 0.995309
vn 0.038038 -0.485592 0.873358
vn 0.000000 -0.539587 0.841930
vn 0.000000 0.141487 0.989940
vn 0.000000 0.141323 0.989964
vn -0.040944 0.087658 0.995309
vn 0.038038 -0.485592 0.873358
vn 0.000000 0.141323 0.989964
vn 0.000000 0.149393 0.988778
vn 0.060287 -0.066867 0.995939
vn 0.143956 0.256632 0.955728
vn 0.134835 0.202628 0.969929
vn 0.047049 0.089761 0.994851
vn 0.143956 0.256632 0.955728
vn 0.092891 0.876595 0.472178
vn 0.196313 0.537781 0.819910
vn 0.134835 0.202628 0.969929
vn 0.134835 0.202628 0.969929
vn 0.196313 0.537781 0.819910
vn 0.000000 0.153524 0.988145
vn 0.000000 0.153524 0.988145
vn 0.047049 0.089761 0.994851
vn 0.134835 0.202628 0.969929
vn 0.000000 0.153524 0.988145
vn 0.000000 0.149797 0.988717
vn 0.000000 0.961111 0.276162
vn -0.029406 0.949889 0.311201
vn -0.044720 0.771127 0.635108
vn 0.000000 0.752786 0.658265
vn -0.029406 0.949889 0.311201
vn -0.083280 0.881614 0.464566
vn -0.171591 0.560611 0.810106
vn -0.044720 0.771127 0.635108
vn -0.044720 0.771127 0.635108
vn -0.171591 0.560611 0.810106
vn 0.000000 0.153524 0.988145
vn 0.000000 0.153524 0.988145
vn 0.000000 0.752786 0.658265
vn -0.044720 0.771127 0.635108
vn 0.000000 0.153524 0.988145
vn 0.000000 0.153524 0.988145
vn -0.083280 0.881614 0.464566
vn -0.136996 0.258904 0.956138
vn -0.121404 0.203594 0.971499
vn -0.171591 0.560611 0.810106
vn -0.136996 0.258904 0.956138
vn -0.057263 -0.067446 0.996078
vn -0.040944 0.087658 0.995309
vn -0.121404 0.203594 0.971499
vn -0.121404 0.203594 0.971499
vn -0.040944 0.087658 0.995309
vn 0.000000 0.149393 0.988778
vn 0.000000 0.153524 0.988145
vn -0.171591 0.560611 0.810106
vn -0.121404 0.203594 0.971499
vn 0.000000 0.153524 0.988145
vn 0.000000 0.153524 0.988145
vn 0.903440 -0.358706 0.234791
vn 0.267095 -0.833943 0.482906
vn 0.218442 -0.845250 0.487683
vn 0.814602 -0.490553 0.309485
vn 0.267095 -0.833943 0.482906
vn 0.000000 -0.870935 0.491398
vn 0.000000 -0.870935 0.491398
vn 0.218442 -0.845250 0.487683
vn 0.218442 -0.845250 0.487683
vn 0.000000 -0.870935 0.491398
vn 0.000000 -0.870935 0.491398
vn 0.164598 -0.855398 0.491124
vn 0.814602 -0.490553 0.309485
vn 0.218442 -0.845250 0.487683
vn 0.164598 -0.855398 0.491124
vn 0.685278 -0.620713 0.380931
vn 0.000000 0.000000 -1.000000
vn 0.000000 -0.970722 0.240207
vn 0.345195 -0.929598 -0.129183
vn 0.000000 0.000001 -1.000000
vn 0.000000 -0.970722 0.240207
vn 0.000000 -0.870935 0.491398
vn 0.267095 -0.833943 0.482906
vn 0.345195 -0.929598 -0.129183
vn 0.345195 -0.929598 -0.129183
vn 0.267095 -0.833943 0.482906
vn 0.903440 -0.358706 0.234791
vn 0.904891 -0.236151 -0.354126
vn 0.000000 0.000001 -1.000000
vn 0.345195 -0.929598 -0.129183
vn 0.904891 -0.236151 -0.354126
vn -0.000001 0.000000 -1.000000
vn 0.000000 0.000000 -1.000000
vn 0.000000 0.000000 -1.000000
vn 0.000000 0.000000 -1.000000
vn 0.000000 0.000000 -1.000000
vn 0.000000 0.000000 -1.000000
vn 0.000000 0.000000 -1.000000
vn 0.000000 0.000001 -1.000000
vn 0.000000 0.000000 -1.000000
vn 0.000000 0.000000 -1.000000
vn 0.000000 0.000001 -1.000000
vn -0.000001 0.000000 -1.000000
vn -0.000001 0.000001 -1.000000
vn 0.000000 0.000000 -1.000000
vn 0.000000 0.000000 -1.000000
vn -0.000001 0.000001 -1.000000
vn 0.000000 0.000000 -1.000000
vn 0.000000 0.000000 -1.000000
vn 0.000000 0.000000 -1.000000
vn 0.000000 0.000000 -1.000000
vn 0.000000 0.000000 -1.000000
vn 0.000000 0.000000 -1.000000
vn 0.000000 0.000000 -1.000000
vn 0.000000 0.000000 -1.000000
vn 0.000000 0.000000 -1.000000
vn 0.000000 0.000000 -1.000000
vn 0.000000 0.000000 -1.000000
vn 0.000000 0.000000 -1.000000
vn 0.000000 0.000000 -1.000000
vn 0.000000 0.000000 -1.000000
vn 0.000000 0.000000 -1.000000
vn 0.000000 0.000000 -1.000000
vn 0.000000 0.000000 -1.000000
vn 0.000000 -0.870679 -0.491852
vn 0.000000 -0.753954 -0.656927
vn 0.064339 -0.768146 -0.637034
vn 0.032694 -0.862997 -0.504151
vn 0.000000 -0.753954 -0.656927
vn 0.000000 0.000000 -1.000000
vn 0.000000 0.000000 -1.000000
vn 0.064339 -0.768146 -0.637034
vn 0.064339 -0.768146 -0.637034
vn 0.000000 0.000000 -1.000000
vn 0.000000 0.000000 -1.000000
vn 0.287163 -0.535260 -0.794377
vn 0.032694 -0.862997 -0.504151
vn 0.064339 -0.768146 -0.637034
vn 0.287163 -0.535260 -0.794377
vn 0.088125 -0.792583 -0.603363
vn 0.000000 -0.936377 -0.350996
vn 0.000000 -0.936377 -0.350996
vn 0.012501 -0.884401 -0.466561
vn 0.025013 -0.877568 -0.478800
vn 0.000000 -0.936377 -0.350996
vn 0.000000 -0.936377 -0.350996
vn 0.000000 -0.887247 -0.461295
vn 0.012501 -0.884401 -0.466561
vn 0.012501 -0.884401 -0.466561
vn 0.000000 -0.887247 -0.461295
vn 0.000000 -0.870679 -0.491852
vn 0.032694 -0.862997 -0.504151
vn 0.025013 -0.877568 -0.478800
vn 0.012501 -0.884401 -0.466561
vn 0.032694 -0.862997 -0.504151
vn 0.088125 -0.792583 -0.603363
vn 0.189214 -0.944335 0.269126
vn 0.045899 -0.998721 -0.021184
vn 0.017052 -0.990709 -0.134926
vn 0.052032 -0.994855 -0.086932
vn 0.045899 -0.998721 -0.021184
vn 0.000000 -0.999561 -0.029638
vn 0.000000 -0.988345 -0.152231
vn 0.017052 -0.990709 -0.134926
vn 0.017052 -0.990709 -0.134926
vn 0.000000 -0.988345 -0.152231
vn 0.000000 -0.936377 -0.350996
vn 0.000000 -0.936377 -0.350996
vn 0.052032 -0.994855 -0.086932
vn 0.017052 -0.990709 -0.134926
vn 0.000000 -0.936377 -0.350996
vn 0.000000 -0.936377 -0.350996
vn 0.000000 0.000000 0.000000
vn 0.053336 -0.998369 -0.020366
vn 0.213950 -0.976784 -0.010837
vn 0.053336 -0.998369 -0.020366
vn 0.000000 -0.999793 -0.020339
vn 0.000000 -0.999561 -0.029638
vn 0.045899 -0.998721 -0.021184
vn 0.213950 -0.976784 -0.010837
vn 0.053336 -0.998369 -0.020366
vn 0.045899 -0.998721 -0.021184
vn 0.189214 -0.944335 0.269126
vn 0.242211 -0.946800 -0.211906
vn 0.047592 -0.998703 -0.018072
vn 0.053336 -0.998369 -0.020366
vn 0.213950 -0.976784 -0.010837
vn 0.047592 -0.998703 -0.018072
vn 0.000000 -0.999958 -0.009191
vn 0.000000 -0.999793 -0.020339
vn 0.053336 -0.998369 -0.020366
vn 0.213950 -0.976784 -0.010837
vn 0.053336 -0.998369 -0.020366
vn 0.000000 0.000000 0.000000
vn 0.000000 -0.987396 0.158266
vn 0.000000 -0.999220 0.039487
vn 0.019890 -0.999622 0.018956
vn 0.000000 -0.987396 0.158266
vn 0.000000 -0.999220 0.039487
vn 0.000000 -0.999958 -0.009191
vn 0.047592 -0.998703 -0.018072
vn 0.019890 -0.999622 0.018956
vn 0.019890 -0.999622 0.018956
vn 0.047592 -0.998703 -0.018072
vn 0.242211 -0.946800 -0.211906
vn 0.071288 -0.996889 -0.033618
vn 0.000000 -0.987396 0.158266
vn 0.019890 -0.999622 0.018956
vn 0.071288 -0.996889 -0.033618
vn 0.000000 -0.987396 0.158266
vn 0.000000 -0.950476 0.310799
vn 0.000000 -0.961643 0.274304
vn 0.000000 -0.961643 0.274304
vn 0.000000 -0.950476 0.310799
vn 0.000000 -0.961643 0.274304
vn 0.000000 -0.987396 0.158266
vn 0.000000 -0.987396 0.158266
vn 0.000000 -0.961643 0.274304
vn 0.000000 -0.961643 0.274304
vn 0.000000 -0.987396 0.158266
vn 0.000000 -0.987396 0.158266
vn 0.000000 -0.961643 0.274304
vn 0.000000 -0.950476 0.310799
vn 0.000000 -0.961643 0.274304
vn 0.000000 -0.961643 0.274304
vn 0.000000 -0.950476 0.310799
vn 0.000000 -0.950476 0.310799
vn 0.000000 -0.950476 0.310799
vn 0.012689 -0.946526 0.322377
vn 0.036225 -0.937893 0.345029
vn 0.000000 -0.950476 0.310799
vn 0.000000 -0.950476 0.310799
vn 0.000000 -0.950476 0.310799
vn 0.012689 -0.946526 0.322377
vn 0.012689 -0.946526 0.322377
vn 0.000000 -0.950476 0.310799
vn 0.000000 -0.950476 0.310799
vn 0.030123 -0.936695 0.348847
vn 0.036225 -0.937893 0.345029
vn 0.012689 -0.946526 0.322377
vn 0.030123 -0.936695 0.348847
vn 0.098778 -0.859567 0.501385
vn 0.000000 -0.647439 -0.762117
vn 0.000000 -0.986726 -0.162395
vn 0.119269 -0.990486 -0.068648
vn 0.128274 -0.686192 -0.716021
vn 0.000000 -0.986726 -0.162395
vn 0.000000 -0.950476 0.310799
vn 0.036225 -0.937893 0.345029
vn 0.119269 -0.990486 -0.068648
vn 0.119269 -0.990486 -0.068648
vn 0.036225 -0.937893 0.345029
vn 0.098778 -0.859567 0.501385
vn 0.558780 -0.680636 0.473813
vn 0.128274 -0.686192 -0.716021
vn 0.119269 -0.990486 -0.068648
vn 0.558780 -0.680636 0.473813
vn 0.758884 -0.646927 -0.074700
vn 0.000000 -0.881509 -0.472168
vn 0.000000 -0.714176 -0.699967
vn 0.140233 -0.759636 -0.635049
vn 0.180041 -0.907490 -0.379535
vn 0.000000 -0.714176 -0.699967
vn 0.000000 -0.647439 -0.762117
vn 0.128274 -0.686192 -0.716021
vn 0.140233 -0.759636 -0.635049
vn 0.140233 -0.759636 -0.635049
vn 0.128274 -0.686192 -0.716021
vn 0.758884 -0.646927 -0.074700
vn 0.699330 -0.690764 -0.183799
vn 0.180041 -0.907490 -0.379535
vn 0.140233 -0.759636 -0.635049
vn 0.699330 -0.690764 -0.183799
vn 0.711070 -0.697948 -0.085137
vn 0.000000 -0.697926 0.716170
vn 0.000000 -0.999775 -0.021233
vn 0.161733 -0.986829 -0.003254
vn 0.265272 -0.722005 0.639014
vn 0.000000 -0.999775 -0.021233
vn 0.000000 -0.881509 -0.472168
vn 0.180041 -0.907490 -0.379535
vn 0.161733 -0.986829 -0.003254
vn 0.161733 -0.986829 -0.003254
vn 0.180041 -0.907490 -0.379535
vn 0.711070 -0.697948 -0.085137
vn 0.677370 -0.717231 0.163554
vn 0.265272 -0.722005 0.639014
vn 0.161733 -0.986829 -0.003254
vn 0.677370 -0.717231 0.163554
vn 0.757996 -0.322476 0.566966
vn 0.000000 0.725066 0.688679
vn 0.000000 0.150599 0.988595
vn 0.248248 0.123779 0.960756
vn 0.193872 0.720819 0.665457
vn 0.000000 0.150599 0.988595
vn 0.000000 -0.697926 0.716170
vn 0.265272 -0.722005 0.639014
vn 0.248248 0.123779 0.960756
vn 0.248248 0.123779 0.960756
vn 0.265272 -0.722005 0.639014
vn 0.757996 -0.322476 0.566966
vn 0.766738 -0.003886 0.641949
vn 0.193872 0.720819 0.665457
vn 0.248248 0.123779 0.960756
vn 0.766738 -0.003886 0.641949
vn 0.695796 0.314054 0.645939
vn 0.729474 0.241379 0.640003
vn 0.082032 0.972234 0.219163
vn 0.118684 0.950657 0.286645
vn 0.765460 0.354740 0.536871
vn 0.082032 0.972234 0.219163
vn 0.000000 0.997158 0.075344
vn 0.000000 0.971403 0.237435
vn 0.118684 0.950657 0.286645
vn 0.118684 0.950657 0.286645
vn 0.000000 0.971403 0.237435
vn 0.000000 0.725066 0.688679
vn 0.193872 0.720819 0.665457
vn 0.765460 0.354740 0.536871
vn 0.118684 0.950657 0.286645
vn 0.193872 0.720819 0.665457
vn 0.695796 0.314054 0.645939
vn -0.150252 0.386716 0.909876
vn -0.032779 0.284932 0.957987
vn -0.020679 0.469123 0.882891
vn -0.152508 0.507122 0.848274
vn -0.032779 0.284932 0.957987
vn 0.000000 0.305201 0.952288
vn 0.000000 0.463727 0.885978
vn -0.020679 0.469123 0.882891
vn -0.020679 0.469123 0.882891
vn 0.000000 0.463727 0.885978
vn 0.000000 0.581857 0.813291
vn -0.032461 0.603692 0.796556
vn -0.152508 0.507122 0.848274
vn -0.020679 0.469123 0.882891
vn -0.032461 0.603692 0.796556
vn -0.144012 0.596545 0.789554
vn 0.060287 -0.066867 0.995939
vn -0.041254 -0.482992 0.874652
vn 0.176033 -0.047334 0.983246
vn 0.176033 -0.047334 0.983246
vn -0.041254 -0.482992 0.874652
vn 0.662604 0.161482 0.731354
vn 0.000000 0.141487 0.989940
vn 0.000000 -0.539587 0.841930
vn -0.041254 -0.482992 0.874652
vn 0.000000 0.141098 0.989996
vn -0.041254 -0.482992 0.874652
vn 0.060287 -0.066867 0.995939
vn 0.047049 0.089761 0.994851
vn 0.000000 0.141098 0.989996
vn -0.041254 -0.482992 0.874652
vn 0.047049 0.089761 0.994851
vn 0.000000 0.149797 0.988717
vn 0.000000 0.153524 0.988145
vn 0.000000 0.153524 0.988145
vn 0.000000 0.153524 0.988145
vn 0.000000 0.153524 0.988145
vn 0.000000 0.153524 0.988145
vn 0.000000 0.141487 0.989940
vn 0.000000 0.141098 0.989996
vn 0.000000 0.153524 0.988145
vn 0.000000 0.153524 0.988145
vn 0.000000 0.141098 0.989996
vn 0.000000 0.149797 0.988717
vn 0.000000 0.153524 0.988145
vn 0.000000 0.153524 0.988145
vn 0.000000 0.153524 0.988145
vn 0.000000 0.153524 0.988145
vn 0.000000 0.153524 0.988145
vn 0.092891 0.876595 0.472178
vn 0.032826 0.950151 0.310059
vn 0.051049 0.774735 0.630222
vn 0.196313 0.537781 0.819910
vn 0.032826 0.950151 0.310059
vn 0.000000 0.961111 0.276162
vn 0.000000 0.752786 0.658265
vn 0.051049 0.774735 0.630222
vn 0.051049 0.774735 0.630222
vn 0.000000 0.752786 0.658265
vn 0.000000 0.153524 0.988145
vn 0.000000 0.153524 0.988145
vn 0.196313 0.537781 0.819910
vn 0.051049 0.774735 0.630222
vn 0.000000 0.153524 0.988145
vn 0.000000 0.153524 0.988145
vn 0.000000 0.846952 0.531669
vn 0.000000 0.946338 0.323180
vn 0.022013 0.944662 0.327307
vn 0.044836 0.866289 0.497527
vn 0.000000 0.946338 0.323180
vn 0.000000 0.961111 0.276162
vn 0.032826 0.950151 0.310059
vn 0.022013 0.944662 0.327307
vn 0.022013 0.944662 0.327307
vn 0.032826 0.950151 0.310059
vn 0.092891 0.876595 0.472178
vn 0.053354 0.940996 0.334186
vn 0.044836 0.866289 0.497527
vn 0.022013 0.944662 0.327307
vn 0.053354 0.940996 0.334186
vn 0.177505 0.902927 0.391427
vn 0.000000 0.898914 0.438126
vn 0.000000 0.601850 0.798609
vn 0.104883 0.611559 0.784217
vn 0.061218 0.896489 0.438817
vn 0.000000 0.601850 0.798609
vn 0.000000 0.846952 0.531669
vn 0.044836 0.866289 0.497527
vn 0.104883 0.611559 0.784217
vn 0.104883 0.611559 0.784217
vn 0.044836 0.866289 0.497527
vn 0.177505 0.902927 0.391427
vn 0.562856 0.608419 0.559482
vn 0.061218 0.896489 0.438817
vn 0.104883 0.611559 0.784217
vn 0.562856 0.608419 0.559482
vn 0.315619 0.853905 0.413799
vn 0.000000 0.994356 -0.106096
vn 0.000000 0.984968 0.172737
vn 0.043471 0.984677 0.168881
vn 0.053510 0.992778 -0.107371
vn 0.000000 0.984968 0.172737
vn 0.000000 0.898914 0.438126
vn 0.061218 0.896489 0.438817
vn 0.043471 0.984677 0.168881
vn 0.043471 0.984677 0.168881
vn 0.061218 0.896489 0.438817
vn 0.315619 0.853905 0.413799
vn 0.314914 0.937371 0.148878
vn 0.053510 0.992778 -0.107371
vn 0.043471 0.984677 0.168881
vn 0.314914 0.937371 0.148878
vn 0.266221 0.958595 -0.101103
vn 0.198605 0.978684 -0.052277
vn 0.049373 0.943669 -0.327186
vn 0.097484 0.812700 -0.574470
vn 0.511714 0.784668 -0.349922
vn 0.049373 0.943669 -0.327186
vn 0.000000 0.917973 -0.396642
vn 0.000000 0.785456 -0.618917
vn 0.097484 0.812700 -0.574470
vn 0.097484 0.812700 -0.574470
vn 0.000000 0.785456 -0.618917
vn 0.000000 0.994356 -0.106096
vn 0.053510 0.992778 -0.107371
vn 0.511714 0.784668 -0.349922
vn 0.097484 0.812700 -0.574470
vn 0.053510 0.992778 -0.107371
vn 0.266221 0.958595 -0.101103
vn 0.000000 0.377996 0.925807
vn 0.000000 0.954268 0.298952
vn 0.060353 0.972486 0.225007
vn 0.155204 0.420775 0.893790
vn 0.000000 0.954268 0.298952
vn 0.000000 0.917973 -0.396642
vn 0.049373 0.943669 -0.327186
vn 0.060353 0.972486 0.225007
vn 0.060353 0.972486 0.225007
vn 0.049373 0.943669 -0.327186
vn 0.198605 0.978684 -0.052277
vn 0.119098 0.985698 0.119225
vn 0.155204 0.420775 0.893790
vn 0.060353 0.972486 0.225007
vn 0.119098 0.985698 0.119225
vn 0.646902 0.526832 0.551330
vn 0.000000 -0.083096 0.996542
vn 0.000000 0.017516 0.999847
vn 0.179336 0.025769 0.983450
vn 0.181656 -0.080966 0.980023
vn 0.000000 0.017516 0.999847
vn 0.000000 0.377996 0.925807
vn 0.155204 0.420775 0.893790
vn 0.179336 0.025769 0.983450
vn 0.179336 0.025769 0.983450
vn 0.155204 0.420775 0.893790
vn 0.646902 0.526832 0.551330
vn 0.785911 0.059284 0.615491
vn 0.181656 -0.080966 0.980023
vn 0.179336 0.025769 0.983450
vn 0.785911 0.059284 0.615491
vn 0.796489 -0.050273 0.602560
vn 0.000000 0.530593 0.847627
vn 0.000000 -0.088052 0.996116
vn 0.181647 -0.086289 0.979571
vn 0.201064 0.595393 0.777869
vn 0.000000 -0.088052 0.996116
vn 0.000000 -0.083096 0.996542
vn 0.181656 -0.080966 0.980023
vn 0.181647 -0.086289 0.979571
vn 0.181647 -0.086289 0.979571
vn 0.181656 -0.080966 0.980023
vn 0.796489 -0.050273 0.602560
vn 0.801710 -0.029454 0.596987
vn 0.201064 0.595393 0.777869
vn 0.181647 -0.086289 0.979571
vn 0.801710 -0.029454 0.596987
vn 0.751695 0.267196 0.602961
vn 0.000000 0.797768 -0.602965
vn 0.000000 0.997686 0.067995
vn 0.128301 0.989761 0.062542
vn 0.159823 0.822518 -0.545820
vn 0.000000 0.997686 0.067995
vn 0.000000 0.530593 0.847627
vn 0.201064 0.595393 0.777869
vn 0.128301 0.989761 0.062542
vn 0.128301 0.989761 0.062542
vn 0.201064 0.595393 0.777869
vn 0.751695 0.267196 0.602961
vn 0.656304 0.752886 0.049264
vn 0.159823 0.822518 -0.545820
vn 0.128301 0.989761 0.062542
vn 0.656304 0.752886 0.049264
vn 0.671906 0.547621 -0.498652
vn 0.776334 0.052348 -0.628144
vn 0.178237 0.082525 -0.980521
vn 0.173913 0.258033 -0.950354
vn 0.761581 0.189958 -0.619605
vn 0.178237 0.082525 -0.980521
vn 0.000000 0.083096 -0.996542
vn 0.000000 0.264106 -0.964494
vn 0.173913 0.258033 -0.950354
vn 0.173913 0.258033 -0.950354
vn 0.000000 0.264106 -0.964494
vn 0.000000 0.797768 -0.602965
vn 0.159823 0.822518 -0.545820
vn 0.761581 0.189958 -0.619605
vn 0.173913 0.258033 -0.950354
vn 0.159823 0.822518 -0.545820
vn 0.671906 0.547621 -0.498652
vn 0.736339 0.423602 -0.527605
vn 0.174089 0.291572 -0.940574
vn 0.179381 0.081624 -0.980388
vn 0.785564 0.086369 -0.612724
vn 0.174089 0.291572 -0.940574
vn 0.000000 0.256709 -0.966489
vn 0.000000 0.076803 -0.997046
vn 0.179381 0.081624 -0.980388
vn 0.179381 0.081624 -0.980388
vn 0.000000 0.076803 -0.997046
vn 0.000000 0.083096 -0.996542
vn 0.178237 0.082525 -0.980521
vn 0.785564 0.086369 -0.612724
vn 0.179381 0.081624 -0.980388
vn 0.178237 0.082525 -0.980521
vn 0.776334 0.052348 -0.628144
vn 0.190168 0.951803 -0.240640
vn 0.085989 0.996197 0.014022
vn 0.123953 0.913458 -0.387595
vn 0.254981 0.962632 -0.091238
vn 0.085989 0.996197 0.014022
vn 0.000000 0.994644 0.103363
vn 0.000000 0.852629 -0.522517
vn 0.123953 0.913458 -0.387595
vn 0.123953 0.913458 -0.387595
vn 0.000000 0.852629 -0.522517
vn 0.000000 0.256709 -0.966489
vn 0.174089 0.291572 -0.940574
vn 0.254981 0.962632 -0.091238
vn 0.123953 0.913458 -0.387595
vn 0.174089 0.291572 -0.940574
vn 0.736339 0.423602 -0.527605
vn 0.000000 0.989820 -0.142324
vn 0.000000 0.998863 -0.047668
vn 0.130891 0.990324 0.046111
vn -0.102592 0.975609 0.194066
vn 0.000000 0.998863 -0.047668
vn 0.000000 0.994644 0.103363
vn 0.085989 0.996197 0.014022
vn 0.130891 0.990324 0.046111
vn 0.130891 0.990324 0.046111
vn 0.085989 0.996197 0.014022
vn 0.190168 0.951803 -0.240640
vn 0.791935 0.595325 0.135748
vn -0.102592 0.975609 0.194066
vn 0.130891 0.990324 0.046111
vn 0.791935 0.595325 0.135748
vn -0.426473 0.657404 0.621241
vn 0.000000 0.411993 0.911187
vn 0.000000 0.928850 0.370456
vn -0.098802 0.911704 0.398791
vn -0.104935 0.463143 0.880050
vn 0.000000 0.928850 0.370456
vn 0.000000 0.989820 -0.142324
vn -0.102592 0.975609 0.194066
vn -0.098802 0.911704 0.398791
vn -0.098802 0.911704 0.398791
vn -0.102592 0.975609 0.194066
vn -0.426473 0.657404 0.621241
vn -0.801323 0.423382 0.422646
vn -0.104935 0.463143 0.880050
vn -0.098802 0.911704 0.398791
vn -0.801323 0.423382 0.422646
vn -0.443142 0.304926 0.842998
vn 0.000000 -0.138571 0.990353
vn 0.000000 0.142326 0.989820
vn -0.069140 0.143675 0.987207
vn -0.105347 -0.195069 0.975115
vn 0.000000 0.142326 0.989820
vn 0.000000 0.411993 0.911187
vn -0.104935 0.463143 0.880050
vn -0.069140 0.143675 0.987207
vn -0.069140 0.143675 0.987207
vn -0.104935 0.463143 0.880050
vn -0.443142 0.304926 0.842998
vn -0.454893 0.141028 0.879308
vn -0.105347 -0.195069 0.975115
vn -0.069140 0.143675 0.987207
vn -0.454893 0.141028 0.879308
vn -0.447955 -0.055038 0.892361
vn -0.833713 -0.547309 0.073317
vn -0.216424 -0.966360 0.138954
vn -0.187450 -0.826273 0.531164
vn -0.779411 -0.443302 0.442721
vn -0.216424 -0.966360 0.138954
vn 0.000000 -0.989820 0.142327
vn 0.000000 -0.786842 0.617155
vn -0.187450 -0.826273 0.531164
vn -0.187450 -0.826273 0.531164
vn 0.000000 -0.786842 0.617155
vn 0.000000 -0.138571 0.990353
vn -0.105347 -0.195069 0.975115
vn -0.779411 -0.443302 0.442721
vn -0.187450 -0.826273 0.531164
vn -0.105347 -0.195069 0.975115
vn -0.447955 -0.055038 0.892361
vn 0.000000 0.358932 0.933364
vn 0.000000 -0.734554 0.678550
vn -0.109914 -0.368424 0.923137
vn 0.014494 0.297149 0.954721
vn 0.000000 -0.734554 0.678550
vn 0.000000 -0.989820 0.142327
vn -0.216424 -0.966360 0.138954
vn -0.109914 -0.368424 0.923137
vn -0.109914 -0.368424 0.923137
vn -0.216424 -0.966360 0.138954
vn -0.833713 -0.547309 0.073317
vn -0.386167 -0.139603 0.911804
vn 0.014494 0.297149 0.954721
vn -0.109914 -0.368424 0.923137
vn -0.386167 -0.139603 0.911804
vn 0.796112 -0.171172 0.580435
vn 0.000000 0.936891 0.349622
vn 0.000000 0.712251 0.701925
vn 0.006197 0.646642 0.762769
vn 0.000000 0.936891 0.349622
vn 0.000000 0.712251 0.701925
vn 0.000000 0.358932 0.933364
vn 0.014494 0.297149 0.954721
vn 0.006197 0.646642 0.762769
vn 0.006197 0.646642 0.762769
vn 0.014494 0.297149 0.954721
vn 0.796112 -0.171172 0.580435
vn -0.003110 0.592156 0.805817
vn 0.000000 0.936891 0.349622
vn 0.006197 0.646642 0.762769
vn -0.003110 0.592156 0.805817
vn 0.000000 0.936891 0.349623
vn 0.000000 0.996755 0.080500
vn 0.000000 0.984444 0.175698
vn 0.000000 0.984444 0.175698
vn 0.000000 0.996755 0.080500
vn 0.000000 0.984444 0.175698
vn 0.000000 0.936891 0.349622
vn 0.000000 0.936891 0.349622
vn 0.000000 0.984444 0.175698
vn 0.000000 0.984444 0.175698
vn 0.000000 0.936891 0.349622
vn 0.000000 0.936891 0.349623
vn 0.000000 0.984444 0.175699
vn 0.000000 0.996755 0.080500
vn 0.000000 0.984444 0.175698
vn 0.000000 0.984444 0.175699
vn 0.000000 0.996755 0.080500
vn 0.000000 0.999901 0.014094
vn 0.000000 0.999541 0.030304
vn 0.009331 0.999649 0.024816
vn 0.025879 0.999664 -0.001425
vn 0.000000 0.999541 0.030304
vn 0.000000 0.996755 0.080500
vn 0.000000 0.996755 0.080500
vn 0.009331 0.999649 0.024816
vn 0.009331 0.999649 0.024816
vn 0.000000 0.996755 0.080500
vn 0.000000 0.996755 0.080500
vn 0.018825 0.999758 0.011401
vn 0.025879 0.999664 -0.001425
vn 0.009331 0.999649 0.024816
vn 0.018825 0.999758 0.011401
vn 0.071218 0.991714 -0.106916
vn 0.043347 0.998790 -0.023246
vn 0.000000 0.999934 0.011529
vn 0.000000 0.999901 0.014094
vn 0.025879 0.999664 -0.001425
vn 0.195021 0.952378 -0.234398
vn 0.043347 0.998790 -0.023246
vn 0.025879 0.999664 -0.001425
vn 0.071218 0.991714 -0.106916
vn -0.446067 -0.894439 -0.031671
vn -0.070605 -0.996880 -0.035296
vn 0.043347 0.998790 -0.023246
vn 0.195021 0.952378 -0.234398
vn -0.070605 -0.996880 -0.035296
vn 0.000000 -0.999374 -0.035384
vn 0.000000 0.999934 0.011529
vn 0.043347 0.998790 -0.023246
vn 0.000000 -0.384951 -0.922937
vn 0.000000 -0.927361 -0.374167
vn -0.062131 -0.933658 -0.352735
vn -0.044746 -0.417541 -0.907556
vn 0.000000 -0.927361 -0.374167
vn 0.000000 -0.999374 -0.035384
vn -0.070605 -0.996880 -0.035296
vn -0.062131 -0.933658 -0.352735
vn -0.062131 -0.933658 -0.352735
vn -0.070605 -0.996880 -0.035296
vn -0.446067 -0.894439 -0.031671
vn -0.405668 -0.825300 -0.392828
vn -0.044746 -0.417541 -0.907556
vn -0.062131 -0.933658 -0.352735
vn -0.405668 -0.825300 -0.392828
vn -0.215035 -0.341030 -0.915128
vn -0.213171 0.405730 -0.888786
vn -0.044697 0.481322 -0.875404
vn -0.032715 0.035686 -0.998827
vn -0.253628 0.038830 -0.966522
vn -0.044697 0.481322 -0.875404
vn 0.000000 0.449262 -0.893400
vn 0.000000 0.035384 -0.999374
vn -0.032715 0.035686 -0.998827
vn -0.032715 0.035686 -0.998827
vn 0.000000 0.035384 -0.999374
vn 0.000000 -0.384951 -0.922937
vn -0.044746 -0.417541 -0.907556
vn -0.253628 0.038830 -0.966522
vn -0.032715 0.035686 -0.998827
vn -0.044746 -0.417541 -0.907556
vn -0.215035 -0.341030 -0.915128
vn 0.016252 0.363376 -0.931501
vn 0.015249 0.569822 -0.821627
vn -0.020595 0.801433 -0.597730
vn -0.425154 0.582712 -0.692597
vn 0.015249 0.569822 -0.821627
vn 0.000000 0.643198 -0.765700
vn 0.000000 0.867337 -0.497721
vn -0.020595 0.801433 -0.597730
vn -0.020595 0.801433 -0.597730
vn 0.000000 0.867337 -0.497721
vn 0.000000 0.449262 -0.893400
vn -0.044697 0.481322 -0.875404
vn -0.425154 0.582712 -0.692597
vn -0.020595 0.801433 -0.597730
vn -0.044697 0.481322 -0.875404
vn -0.213171 0.405730 -0.888786
vn 0.000000 0.258378 -0.966044
vn 0.000000 0.339815 -0.940492
vn 0.036554 0.321614 -0.946165
vn 0.051835 0.299411 -0.952715
vn 0.000000 0.339815 -0.940492
vn 0.000000 0.643198 -0.765700
vn 0.015249 0.569822 -0.821627
vn 0.036554 0.321614 -0.946165
vn 0.036554 0.321614 -0.946165
vn 0.015249 0.569822 -0.821627
vn 0.016252 0.363376 -0.931501
vn 0.619012 0.238082 -0.748425
vn 0.051835 0.299411 -0.952715
vn 0.036554 0.321614 -0.946165
vn 0.619012 0.238082 -0.748425
vn 0.807191 0.275065 -0.522286
vn 0.000000 0.987442 -0.157983
vn 0.000000 0.635774 -0.771875
vn 0.134136 0.666147 -0.733659
vn 0.260087 0.953459 -0.152545
vn 0.000000 0.635774 -0.771875
vn 0.000000 0.258378 -0.966044
vn 0.051835 0.299411 -0.952715
vn 0.134136 0.666147 -0.733659
vn 0.134136 0.666147 -0.733659
vn 0.051835 0.299411 -0.952715
vn 0.807191 0.275065 -0.522286
vn 0.856211 0.462596 -0.230017
vn 0.260087 0.953459 -0.152545
vn 0.134136 0.666147 -0.733659
vn 0.856211 0.462596 -0.230017
vn 0.857921 0.507329 -0.081168
vn 0.049631 0.414688 -0.908609
vn 0.076060 0.863431 -0.498700
vn 0.237334 0.859855 -0.452019
vn 0.108760 0.447242 -0.887776
vn 0.076060 0.863431 -0.498700
vn 0.000000 0.987442 -0.157983
vn 0.260087 0.953459 -0.152545
vn 0.237334 0.859855 -0.452019
vn 0.237334 0.859855 -0.452019
vn 0.260087 0.953459 -0.152545
vn 0.857921 0.507329 -0.081168
vn 0.750470 0.501652 -0.430279
vn 0.108760 0.447242 -0.887776
vn 0.237334 0.859855 -0.452019
vn 0.750470 0.501652 -0.430279
vn 0.405700 0.375317 -0.833393
vn 0.448680 0.122024 -0.885323
vn 0.116126 -0.000911 -0.993234
vn 0.072618 0.279278 -0.957460
vn 0.433342 0.243656 -0.867667
vn 0.116126 -0.000911 -0.993234
vn 0.000000 0.061718 -0.998094
vn 0.014773 0.271144 -0.962425
vn 0.072618 0.279278 -0.957460
vn 0.072618 0.279278 -0.957460
vn 0.014773 0.271144 -0.962425
vn 0.049631 0.414688 -0.908609
vn 0.108760 0.447242 -0.887776
vn 0.433342 0.243656 -0.867667
vn 0.072618 0.279278 -0.957460
vn 0.108760 0.447242 -0.887776
vn 0.405700 0.375317 -0.833393
vn 0.925306 -0.374458 0.059910
vn 0.295566 -0.943326 0.150923
vn 0.178004 -0.849168 -0.497221
vn 0.775527 -0.486250 -0.402641
vn 0.295566 -0.943326 0.150923
vn 0.000000 -0.987442 0.157981
vn 0.000000 -0.826895 -0.562357
vn 0.178004 -0.849168 -0.497221
vn 0.178004 -0.849168 -0.497221
vn 0.000000 -0.826895 -0.562357
vn 0.000000 0.061718 -0.998094
vn 0.116126 -0.000911 -0.993234
vn 0.775527 -0.486250 -0.402641
vn 0.178004 -0.849168 -0.497221
vn 0.116126 -0.000911 -0.993234
vn 0.448680 0.122024 -0.885323
vn 0.685278 -0.620713 0.380931
vn 0.164598 -0.855398 0.491124
vn 0.212374 -0.920409 0.328244
vn 0.795370 -0.550370 0.253927
vn 0.164598 -0.855398 0.491124
vn 0.000000 -0.870935 0.491398
vn 0.000000 -0.928297 0.371840
vn 0.212374 -0.920409 0.328244
vn 0.212374 -0.920409 0.328244
vn 0.000000 -0.928297 0.371840
vn 0.000000 -0.987442 0.157981
vn 0.295566 -0.943326 0.150923
vn 0.795370 -0.550370 0.253927
vn 0.212374 -0.920409 0.328244
vn 0.295566 -0.943326 0.150923
vn 0.925306 -0.374458 0.059910
vn 0.692978 0.654325 0.302721
vn 0.320854 0.931477 -0.171472
vn 0.229704 0.100557 0.968052
vn 0.320854 0.931477 -0.171472
vn 0.932079 0.361850 -0.017122
vn 0.797793 0.389328 0.460381
vn 0.229704 0.100557 0.968052
vn 0.932079 0.361850 -0.017122
vn 0.999988 0.000144 -0.004883
vn 0.996222 -0.019571 0.084606
vn 0.797793 0.389328 0.460381
vn 0.999988 0.000144 -0.004883
vn 0.931997 -0.362434 -0.004893
vn 0.796112 -0.171172 0.580435
vn 0.996222 -0.019571 0.084606
vn 0.931997 -0.362434 -0.004893
vn 0.189696 -0.977964 -0.087190
vn 0.075653 -0.118925 0.990017
vn 0.796112 -0.171172 0.580435
vn 0.189696 -0.977964 -0.087190
vn -0.600982 -0.796515 0.066224
vn 0.075653 -0.118925 0.990017
vn 0.600982 -0.796514 0.066224
vn -0.189696 -0.977964 -0.087190
vn -0.073858 -0.109837 0.991202
vn -0.189696 -0.977964 -0.087190
vn -0.931997 -0.362434 -0.004893
vn -0.764667 -0.148133 0.627169
vn -0.073858 -0.109837 0.991202
vn -0.931997 -0.362434 -0.004893
vn -0.999988 0.000144 -0.004883
vn -0.994568 -0.024394 0.101185
vn -0.764667 -0.148133 0.627169
vn -0.999988 0.000144 -0.004883
vn -0.932079 0.361850 -0.017122
vn -0.797793 0.389328 0.460381
vn -0.994568 -0.024394 0.101185
vn -0.932079 0.361850 -0.017122
vn -0.320854 0.931477 -0.171472
vn -0.229703 0.100557 0.968052
vn -0.797793 0.389328 0.460381
vn -0.320854 0.931477 -0.171472
vn -0.692977 0.654325 0.302722
vn -0.229703 0.100557 0.968052
vn -0.600982 -0.796515 0.066224
vn -0.999219 0.038692 -0.008003
vn -0.743931 -0.108061 -0.659462
vn -0.494978 -0.427516 -0.756457
vn -0.999219 0.038692 -0.008003
vn 0.692978 0.654325 0.302721
vn -0.587662 0.146419 -0.795748
vn -0.743931 -0.108061 -0.659462
vn -0.743931 -0.108061 -0.659462
vn -0.587662 0.146419 -0.795748
vn -0.166375 -0.096852 -0.981295
vn -0.167177 -0.142267 -0.975609
vn -0.494978 -0.427516 -0.756457
vn -0.743931 -0.108061 -0.659462
vn -0.167177 -0.142267 -0.975609
vn -0.166069 -0.183537 -0.968884
vn 0.692978 0.654325 0.302721
vn 0.229704 0.100557 0.968052
vn 0.002741 0.766965 -0.641683
vn -0.587662 0.146419 -0.795748
vn 0.229704 0.100557 0.968052
vn 0.797793 0.389328 0.460381
vn 0.599696 0.150606 -0.785928
vn 0.002741 0.766965 -0.641683
vn 0.002741 0.766965 -0.641683
vn 0.599696 0.150606 -0.785928
vn 0.166375 -0.096852 -0.981295
vn 0.000000 -0.011883 -0.999929
vn -0.587662 0.146419 -0.795748
vn 0.002741 0.766965 -0.641683
vn 0.000000 -0.011883 -0.999929
vn -0.166375 -0.096852 -0.981295
vn 0.797793 0.389328 0.460381
vn 0.996222 -0.019571 0.084606
vn 0.757111 -0.106149 -0.644605
vn 0.599696 0.150606 -0.785928
vn 0.996222 -0.019571 0.084606
vn 0.796112 -0.171172 0.580435
vn 0.502814 -0.429317 -0.750243
vn 0.757111 -0.106149 -0.644605
vn 0.757111 -0.106149 -0.644605
vn 0.502814 -0.429317 -0.750243
vn 0.166069 -0.183536 -0.968884
vn 0.167177 -0.142267 -0.975609
vn 0.599696 0.150606 -0.785928
vn 0.757111 -0.106149 -0.644605
vn 0.167177 -0.142267 -0.975609
vn 0.166375 -0.096852 -0.981295
vn 0.796112 -0.171172 0.580435
vn 0.075653 -0.118925 0.990017
vn 0.003684 -0.797726 -0.603009
vn 0.502814 -0.429317 -0.750243
vn 0.075653 -0.118925 0.990017
vn -0.600982 -0.796515 0.066224
vn -0.494978 -0.427516 -0.756457
vn 0.003684 -0.797726 -0.603009
vn 0.003684 -0.797726 -0.603009
vn -0.494978 -0.427516 -0.756457
vn -0.166069 -0.183537 -0.968884
vn 0.000000 -0.270779 -0.962642
vn 0.502814 -0.429317 -0.750243
vn 0.003684 -0.797726 -0.603009
vn 0.000000 -0.270779 -0.962642
vn 0.166069 -0.183536 -0.968884
vn -0.692977 0.654325 0.302722
vn 0.999219 0.038692 -0.008003
vn 0.743931 -0.108061 -0.659462
vn 0.587662 0.146420 -0.795748
vn 0.999219 0.038692 -0.008003
vn 0.600982 -0.796514 0.066224
vn 0.494977 -0.427516 -0.756457
vn 0.743931 -0.108061 -0.659462
vn 0.743931 -0.108061 -0.659462
vn 0.494977 -0.427516 -0.756457
vn 0.166069 -0.183537 -0.968884
vn 0.167177 -0.142267 -0.975609
vn 0.587662 0.146420 -0.795748
vn 0.743931 -0.108061 -0.659462
vn 0.167177 -0.142267 -0.975609
vn 0.166375 -0.096852 -0.981295
vn 0.600982 -0.796514 0.066224
vn -0.073858 -0.109837 0.991202
vn -0.003685 -0.797726 -0.603009
vn 0.494977 -0.427516 -0.756457
vn -0.073858 -0.109837 0.991202
vn -0.764667 -0.148133 0.627169
vn -0.502815 -0.429317 -0.750243
vn -0.003685 -0.797726 -0.603009
vn -0.003685 -0.797726 -0.603009
vn -0.502815 -0.429317 -0.750243
vn -0.166068 -0.183537 -0.968884
vn 0.000000 -0.270779 -0.962642
vn 0.494977 -0.427516 -0.756457
vn -0.003685 -0.797726 -0.603009
vn 0.000000 -0.270779 -0.962642
vn 0.166069 -0.183537 -0.968884
vn -0.764667 -0.148133 0.627169
vn -0.994568 -0.024394 0.101185
vn -0.757111 -0.106149 -0.644605
vn -0.502815 -0.429317 -0.750243
vn -0.994568 -0.024394 0.101185
vn -0.797793 0.389328 0.460381
vn -0.599696 0.150606 -0.785928
vn -0.757111 -0.106149 -0.644605
vn -0.757111 -0.106149 -0.644605
vn -0.599696 0.150606 -0.785928
vn -0.166375 -0.096852 -0.981295
vn -0.167176 -0.142267 -0.975609
vn -0.502815 -0.429317 -0.750243
vn -0.757111 -0.106149 -0.644605
vn -0.167176 -0.142267 -0.975609
vn -0.166068 -0.183537 -0.968884
vn -0.797793 0.389328 0.460381
vn -0.229703 0.100557 0.968052
vn -0.002740 0.766967 -0.641681
vn -0.599696 0.150606 -0.785928
vn -0.229703 0.100557 0.968052
vn -0.692977 0.654325 0.302722
vn 0.587662 0.146420 -0.795748
vn -0.002740 0.766967 -0.641681
vn -0.002740 0.766967 -0.641681
vn 0.587662 0.146420 -0.795748
vn 0.166375 -0.096852 -0.981295
vn 0.000000 -0.011883 -0.999929
vn -0.599696 0.150606 -0.785928
vn -0.002740 0.766967 -0.641681
vn 0.000000 -0.011883 -0.999929
vn -0.166375 -0.096852 -0.981295
vn -0.951778 0.306787 0.000000
vn -1.000000 -0.000001 0.000000
vn -0.513912 0.000000 0.857843
vn -0.389810 0.125646 0.912283
vn -1.000000 -0.000001 0.000000
vn -0.951778 -0.306789 0.000000
vn -0.389812 -0.125645 0.912283
vn -0.513912 0.000000 0.857843
vn -0.513912 0.000000 0.857843
vn -0.389812 -0.125645 0.912283
vn -0.000001 0.000000 1.000000
vn 0.000000 0.000000 1.000000
vn -0.389810 0.125646 0.912283
vn -0.513912 0.000000 0.857843
vn 0.000000 0.000000 1.000000
vn 0.000000 0.000000 1.000000
vn -0.951778 -0.306789 0.000000
vn 0.000001 -1.000000 0.000000
vn -0.000001 -0.696180 0.717867
vn -0.389812 -0.125645 0.912283
vn 0.000001 -1.000000 0.000000
vn 0.951779 -0.306786 0.000000
vn 0.389808 -0.125647 0.912284
vn -0.000001 -0.696180 0.717867
vn -0.000001 -0.696180 0.717867
vn 0.389808 -0.125647 0.912284
vn -0.000001 0.000000 1.000000
vn -0.000001 0.000000 1.000000
vn -0.389812 -0.125645 0.912283
vn -0.000001 -0.696180 0.717867
vn -0.000001 0.000000 1.000000
vn -0.000001 0.000000 1.000000
vn 0.951779 -0.306786 0.000000
vn 1.000000 0.000000 0.000000
vn 0.513911 0.000000 0.857843
vn 0.389808 -0.125647 0.912284
vn 1.000000 0.000000 0.000000
vn 0.951778 0.306788 0.000000
vn 0.389812 0.125646 0.912283
vn 0.513911 0.000000 0.857843
vn 0.513911 0.000000 0.857843
vn 0.389812 0.125646 0.912283
vn 0.000000 0.000000 1.000000
vn 0.000000 0.000000 1.000000
vn 0.389808 -0.125647 0.912284
vn 0.513911 0.000000 0.857843
vn 0.000000 0.000000 1.000000
vn -0.000001 0.000000 1.000000
vn 0.951778 0.306788 0.000000
vn 0.000000 1.000000 0.000000
vn 0.000000 0.696186 0.717862
vn 0.389812 0.125646 0.912283
vn 0.000000 1.000000 0.000000
vn -0.951778 0.306787 0.000000
vn -0.389810 0.125646 0.912283
vn 0.000000 0.696186 0.717862
vn 0.000000 0.696186 0.717862
vn -0.389810 0.125646 0.912283
vn 0.000000 0.000000 1.000000
vn 0.000001 0.000000 1.000000
vn 0.389812 0.125646 0.912283
vn 0.000000 0.696186 0.717862
vn 0.000001 0.000000 1.000000
vn 0.000000 0.000000 1.000000
vn 0.951779 -0.306786 0.000000
vn 1.000000 0.000000 0.000000
vn 0.513913 0.000000 0.857843
vn 0.389808 -0.125647 0.912284
vn 1.000000 0.000000 0.000000
vn 0.951778 0.306788 0.000000
vn 0.389812 0.125646 0.912283
vn 0.513913 0.000000 0.857843
vn 0.513913 0.000000 0.857843
vn 0.389812 0.125646 0.912283
vn 0.000000 0.000000 1.000000
vn 0.000000 0.000000 1.000000
vn 0.389808 -0.125647 0.912284
vn 0.513913 0.000000 0.857843
vn 0.000000 0.000000 1.000000
vn 0.000000 0.000000 1.000000
vn 0.951778 0.306788 0.000000
vn 0.000000 1.000000 0.000000
vn 0.000001 0.696186 0.717862
vn 0.389812 0.125646 0.912283
vn 0.000000 1.000000 0.000000
vn -0.951778 0.306788 0.000000
vn -0.389810 0.125646 0.912283
vn 0.000001 0.696186 0.717862
vn 0.000001 0.696186 0.717862
vn -0.389810 0.125646 0.912283
vn 0.000000 0.000000 1.000000
vn 0.000001 0.000000 1.000000
vn 0.389812 0.125646 0.912283
vn 0.000001 0.696186 0.717862
vn 0.000001 0.000000 1.000000
vn 0.000000 0.000000 1.000000
vn -0.951778 0.306788 0.000000
vn -1.000000 -0.000001 0.000000
vn -0.513912 0.000000 0.857843
vn -0.389810 0.125646 0.912283
vn -1.000000 -0.000001 0.000000
vn -0.951778 -0.306789 0.000000
vn -0.389812 -0.125645 0.912283
vn -0.513912 0.000000 0.857843
vn -0.513912 0.000000 0.857843
vn -0.389812 -0.125645 0.912283
vn -0.000001 0.000000 1.000000
vn 0.000000 0.000000 1.000000
vn -0.389810 0.125646 0.912283
vn -0.513912 0.000000 0.857843
vn 0.000000 0.000000 1.000000
vn 0.000000 0.000000 1.000000
vn -0.951778 -0.306789 0.000000
vn 0.000001 -1.000000 0.000000
vn 0.000000 -0.696181 0.717867
vn -0.389812 -0.125645 0.912283
vn 0.000001 -1.000000 0.000000
vn 0.951779 -0.306786 0.000000
vn 0.389808 -0.125647 0.912284
vn 0.000000 -0.696181 0.717867
vn 0.000000 -0.696181 0.717867
vn 0.389808 -0.125647 0.912284
vn 0.000000 0.000000 1.000000
vn -0.000001 0.000000 1.000000
vn -0.389812 -0.125645 0.912283
vn 0.000000 -0.696181 0.717867
vn -0.000001 0.000000 1.000000
vn -0.000001 0.000000 1.000000
vn 0.000000 -0.987396 0.158266
vn 0.071288 -0.996889 -0.033618
vn 0.415774 -0.906638 -0.071697
vn 0.406136 -0.904037 0.133304
vn 0.071288 -0.996889 -0.033618
vn 0.242211 -0.946800 -0.211906
vn 0.578605 -0.442801 -0.684941
vn 0.415774 -0.906638 -0.071697
vn 0.415774 -0.906638 -0.071697
vn 0.578605 -0.442801 -0.684941
vn 0.949496 -0.139233 -0.281198
vn 0.957435 -0.282179 -0.060768
vn 0.406136 -0.904037 0.133304
vn 0.415774 -0.906638 -0.071697
vn 0.957435 -0.282179 -0.060768
vn 0.967138 -0.251370 0.038179
vn 0.242211 -0.946800 -0.211906
vn 0.202801 -0.082402 -0.975747
vn 0.530985 -0.079351 -0.843658
vn 0.578605 -0.442801 -0.684941
vn 0.202801 -0.082402 -0.975747
vn 0.000000 0.000000 -1.000000
vn 0.523945 0.002315 -0.851749
vn 0.530985 -0.079351 -0.843658
vn 0.530985 -0.079351 -0.843658
vn 0.523945 0.002315 -0.851749
vn 0.964905 0.002860 -0.262583
vn 0.961552 -0.039724 -0.271734
vn 0.578605 -0.442801 -0.684941
vn 0.530985 -0.079351 -0.843658
vn 0.961552 -0.039724 -0.271734
vn 0.949496 -0.139233 -0.281198
vn 0.098778 -0.859567 0.501385
vn 0.030123 -0.936695 0.348847
vn 0.324078 -0.885061 0.334126
vn 0.332432 -0.728478 0.599007
vn 0.030123 -0.936695 0.348847
vn 0.000000 -0.950476 0.310799
vn 0.355776 -0.890208 0.284521
vn 0.324078 -0.885061 0.334126
vn 0.324078 -0.885061 0.334126
vn 0.355776 -0.890208 0.284521
vn 0.958650 -0.273845 0.077460
vn 0.949847 -0.287523 0.122972
vn 0.332432 -0.728478 0.599007
vn 0.324078 -0.885061 0.334126
vn 0.949847 -0.287523 0.122972
vn 0.898687 -0.304912 0.315264
vn 0.060287 -0.066867 0.995939
vn 0.139817 -0.348556 0.926801
vn 0.436869 -0.295368 0.849649
vn 0.458847 -0.071515 0.885633
vn 0.139817 -0.348556 0.926801
vn 0.098778 -0.859567 0.501385
vn 0.332432 -0.728478 0.599007
vn 0.436869 -0.295368 0.849649
vn 0.436869 -0.295368 0.849649
vn 0.332432 -0.728478 0.599007
vn 0.898687 -0.304912 0.315264
vn 0.954825 -0.116145 0.273530
vn 0.458847 -0.071515 0.885633
vn 0.436869 -0.295368 0.849649
vn 0.954825 -0.116145 0.273530
vn 0.960072 -0.021177 0.278951
vn 0.000000 -0.950476 0.310799
vn 0.000000 -0.961643 0.274304
vn 0.394485 -0.886660 0.241278
vn 0.355776 -0.890208 0.284521
vn 0.000000 -0.961643 0.274304
vn 0.000000 -0.987396 0.158266
vn 0.406136 -0.904037 0.133304
vn 0.394485 -0.886660 0.241278
vn 0.394485 -0.886660 0.241278
vn 0.406136 -0.904037 0.133304
vn 0.967138 -0.251370 0.038179
vn 0.965527 -0.251993 0.065251
vn 0.355776 -0.890208 0.284521
vn 0.394485 -0.886660 0.241278
vn 0.965527 -0.251993 0.065251
vn 0.958650 -0.273845 0.077460
vn 0.000000 0.000000 -1.000000
vn 0.196292 0.146306 -0.969569
vn 0.546286 0.133799 -0.826843
vn 0.523945 0.002315 -0.851749
vn 0.196292 0.146306 -0.969569
vn 0.190168 0.951803 -0.240640
vn 0.521850 0.650583 -0.551738
vn 0.546286 0.133799 -0.826843
vn 0.546286 0.133799 -0.826843
vn 0.521850 0.650583 -0.551738
vn 0.944430 0.223580 -0.240963
vn 0.963220 0.061780 -0.261514
vn 0.523945 0.002315 -0.851749
vn 0.546286 0.133799 -0.826843
vn 0.963220 0.061780 -0.261514
vn 0.964905 0.002860 -0.262583
vn 0.190168 0.951803 -0.240640
vn 0.068382 0.997657 0.002201
vn 0.365306 0.930715 -0.017938
vn 0.521850 0.650583 -0.551738
vn 0.068382 0.997657 0.002201
vn 0.198605 0.978684 -0.052277
vn 0.425752 0.900786 0.085552
vn 0.365306 0.930715 -0.017938
vn 0.365306 0.930715 -0.017938
vn 0.425752 0.900786 0.085552
vn 0.953539 0.299575 0.031904
vn 0.931774 0.361505 -0.033331
vn 0.521850 0.650583 -0.551738
vn 0.365306 0.930715 -0.017938
vn 0.931774 0.361505 -0.033331
vn 0.944430 0.223580 -0.240963
vn 0.198605 0.978684 -0.052277
vn 0.516862 0.841453 0.157512
vn 0.467007 0.871994 0.146737
vn 0.425752 0.900786 0.085552
vn 0.516862 0.841453 0.157512
vn 0.177505 0.902927 0.391427
vn 0.385788 0.896281 0.218740
vn 0.467007 0.871994 0.146737
vn 0.467007 0.871994 0.146737
vn 0.385788 0.896281 0.218740
vn 0.938430 0.338337 0.069837
vn 0.948154 0.313983 0.049171
vn 0.425752 0.900786 0.085552
vn 0.467007 0.871994 0.146737
vn 0.948154 0.313983 0.049171
vn 0.953539 0.299575 0.031904
vn 0.177505 0.902927 0.391427
vn 0.053354 0.940996 0.334186
vn 0.308526 0.902516 0.300460
vn 0.385788 0.896281 0.218740
vn 0.053354 0.940996 0.334186
vn 0.092891 0.876595 0.472178
vn 0.317450 0.744387 0.587464
vn 0.308526 0.902516 0.300460
vn 0.308526 0.902516 0.300460
vn 0.317450 0.744387 0.587464
vn 0.891852 0.319492 0.320195
vn 0.932501 0.338470 0.126013
vn 0.385788 0.896281 0.218740
vn 0.308526 0.902516 0.300460
vn 0.932501 0.338470 0.126013
vn 0.938430 0.338337 0.069837
vn 0.092891 0.876595 0.472178
vn 0.143956 0.256632 0.955728
vn 0.448735 0.203802 0.870116
vn 0.317450 0.744387 0.587464
vn 0.143956 0.256632 0.955728
vn 0.060287 -0.066867 0.995939
vn 0.458847 -0.071515 0.885633
vn 0.448735 0.203802 0.870116
vn 0.448735 0.203802 0.870116
vn 0.458847 -0.071515 0.885633
vn 0.960072 -0.021177 0.278951
vn 0.957099 0.086981 0.276400
vn 0.317450 0.744387 0.587464
vn 0.448735 0.203802 0.870116
vn 0.957099 0.086981 0.276400
vn 0.891852 0.319492 0.320195
vn -0.218746 -0.956162 -0.194691
vn -0.062912 -0.997526 -0.031381
vn -0.396418 -0.915317 -0.071041
vn -0.569227 -0.451550 -0.687083
vn -0.062912 -0.997526 -0.031381
vn 0.000000 -0.987396 0.158266
vn -0.387338 -0.911983 0.135115
vn -0.396418 -0.915317 -0.071041
vn -0.396418 -0.915317 -0.071041
vn -0.387338 -0.911983 0.135115
vn -0.967138 -0.251370 0.038179
vn -0.957435 -0.282179 -0.060768
vn -0.569227 -0.451550 -0.687083
vn -0.396418 -0.915317 -0.071041
vn -0.957435 -0.282179 -0.060768
vn -0.949496 -0.139233 -0.281198
vn 0.000000 0.000000 -1.000000
vn -0.202542 -0.085142 -0.975565
vn -0.527986 -0.080455 -0.845433
vn -0.523945 0.002315 -0.851749
vn -0.202542 -0.085142 -0.975565
vn -0.218746 -0.956162 -0.194691
vn -0.569227 -0.451550 -0.687083
vn -0.527986 -0.080455 -0.845433
vn -0.527986 -0.080455 -0.845433
vn -0.569227 -0.451550 -0.687083
vn -0.949496 -0.139233 -0.281198
vn -0.961552 -0.039724 -0.271734
vn -0.523945 0.002315 -0.851749
vn -0.527986 -0.080455 -0.845433
vn -0.961552 -0.039724 -0.271734
vn -0.964905 0.002860 -0.262583
vn 0.000000 -0.950476 0.310799
vn -0.026760 -0.937080 0.348089
vn -0.309513 -0.889409 0.336384
vn -0.339446 -0.895876 0.286676
vn -0.026760 -0.937080 0.348089
vn -0.088620 -0.864737 0.494345
vn -0.320893 -0.734097 0.598439
vn -0.309513 -0.889409 0.336384
vn -0.309513 -0.889409 0.336384
vn -0.320893 -0.734097 0.598439
vn -0.898687 -0.304911 0.315264
vn -0.949847 -0.287523 0.122972
vn -0.339446 -0.895876 0.286676
vn -0.309513 -0.889409 0.336384
vn -0.949847 -0.287523 0.122972
vn -0.958650 -0.273845 0.077460
vn -0.088620 -0.864737 0.494345
vn -0.133093 -0.350541 0.927042
vn -0.430062 -0.297559 0.852353
vn -0.320893 -0.734097 0.598439
vn -0.133093 -0.350541 0.927042
vn -0.057263 -0.067446 0.996078
vn -0.453313 -0.071557 0.888474
vn -0.430062 -0.297559 0.852353
vn -0.430062 -0.297559 0.852353
vn -0.453313 -0.071557 0.888474
vn -0.960072 -0.021177 0.278951
vn -0.954825 -0.116145 0.273530
vn -0.320893 -0.734097 0.598439
vn -0.430062 -0.297559 0.852353
vn -0.954825 -0.116145 0.273530
vn -0.898687 -0.304911 0.315264
vn 0.000000 -0.987396 0.158266
vn 0.000000 -0.961643 0.274304
vn -0.376631 -0.893703 0.243813
vn -0.387338 -0.911983 0.135115
vn 0.000000 -0.961643 0.274304
vn 0.000000 -0.950476 0.310799
vn -0.339446 -0.895876 0.286676
vn -0.376631 -0.893703 0.243813
vn -0.376631 -0.893703 0.243813
vn -0.339446 -0.895876 0.286676
vn -0.958650 -0.273845 0.077460
vn -0.965527 -0.251993 0.065251
vn -0.387338 -0.911983 0.135115
vn -0.376631 -0.893703 0.243813
vn -0.965527 -0.251993 0.065251
vn -0.967138 -0.251370 0.038179
vn -0.057263 -0.067446 0.996078
vn -0.136996 0.258904 0.956138
vn -0.441887 0.205941 0.873112
vn -0.453313 -0.071557 0.888474
vn -0.136996 0.258904 0.956138
vn -0.083280 0.881614 0.464566
vn -0.306014 0.750140 0.586213
vn -0.441887 0.205941 0.873112
vn -0.441887 0.205941 0.873112
vn -0.306014 0.750140 0.586213
vn -0.891852 0.319492 0.320195
vn -0.957099 0.086980 0.276400
vn -0.453313 -0.071557 0.888474
vn -0.441887 0.205941 0.873112
vn -0.957099 0.086980 0.276400
vn -0.960072 -0.021177 0.278951
vn -0.083280 0.881614 0.464566
vn -0.047357 0.941342 0.334115
vn -0.295548 0.906069 0.302803
vn -0.306014 0.750140 0.586213
vn -0.047357 0.941342 0.334115
vn -0.160065 0.903153 0.398364
vn -0.374224 0.900573 0.221188
vn -0.295548 0.906069 0.302803
vn -0.295548 0.906069 0.302803
vn -0.374224 0.900573 0.221188
vn -0.938430 0.338337 0.069837
vn -0.932501 0.338470 0.126013
vn -0.306014 0.750140 0.586213
vn -0.295548 0.906069 0.302803
vn -0.932501 0.338470 0.126013
vn -0.891852 0.319492 0.320195
vn -0.160065 0.903153 0.398364
vn -0.497763 0.851775 0.163435
vn -0.460324 0.875315 0.148073
vn -0.374224 0.900573 0.221188
vn -0.497763 0.851775 0.163435
vn -0.189274 0.979977 -0.061808
vn -0.421438 0.902812 0.085565
vn -0.460324 0.875315 0.148073
vn -0.460324 0.875315 0.148073
vn -0.421438 0.902812 0.085565
vn -0.953539 0.299574 0.031904
vn -0.948155 0.313983 0.049171
vn -0.374224 0.900573 0.221188
vn -0.460324 0.875315 0.148073
vn -0.948155 0.313983 0.049171
vn -0.938430 0.338337 0.069837
vn -0.189274 0.979977 -0.061808
vn -0.068038 0.997682 0.001328
vn -0.361379 0.932241 -0.018239
vn -0.421438 0.902812 0.085565
vn -0.068038 0.997682 0.001328
vn -0.185265 0.949123 -0.254641
vn -0.516542 0.653121 -0.553730
vn -0.361379 0.932241 -0.018239
vn -0.361379 0.932241 -0.018239
vn -0.516542 0.653121 -0.553730
vn -0.944430 0.223580 -0.240963
vn -0.931774 0.361505 -0.033331
vn -0.421438 0.902812 0.085565
vn -0.361379 0.932241 -0.018239
vn -0.931774 0.361505 -0.033331
vn -0.953539 0.299574 0.031904
vn -0.185265 0.949123 -0.254641
vn -0.191791 0.149689 -0.969953
vn -0.543878 0.135154 -0.828209
vn -0.516542 0.653121 -0.553730
vn -0.191791 0.149689 -0.969953
vn 0.000000 0.000000 -1.000000
vn -0.523945 0.002315 -0.851749
vn -0.543878 0.135154 -0.828209
vn -0.543878 0.135154 -0.828209
vn -0.523945 0.002315 -0.851749
vn -0.964905 0.002860 -0.262583
vn -0.963220 0.061779 -0.261514
vn -0.516542 0.653121 -0.553730
vn -0.543878 0.135154 -0.828209
vn -0.963220 0.061779 -0.261514
vn -0.944430 0.223580 -0.240963
vn 0.000000 -0.539587 0.841930
vn 0.038038 -0.485592 0.873358
vn 0.080571 -0.656045 0.750409
vn 0.000000 -0.638120 0.769937
vn 0.038038 -0.485592 0.873358
vn -0.667341 0.183985 0.721668
vn 0.312433 -0.453340 0.834787
vn 0.080571 -0.656045 0.750409
vn 0.080571 -0.656045 0.750409
vn 0.312433 -0.453340 0.834787
vn 0.130506 0.371760 0.919110
vn 0.029393 0.285614 0.957894
vn 0.000000 -0.638120 0.769937
vn 0.080571 -0.656045 0.750409
vn 0.029393 0.285614 0.957894
vn 0.000000 0.305201 0.952288
vn -0.667341 0.183985 0.721668
vn -0.709684 0.087972 0.699006
vn 0.201662 0.515333 0.832925
vn 0.312433 -0.453340 0.834787
vn -0.709684 0.087972 0.699006
vn -0.710936 0.276941 0.646431
vn 0.119738 0.732353 0.670315
vn 0.201662 0.515333 0.832925
vn 0.201662 0.515333 0.832925
vn 0.119738 0.732353 0.670315
vn 0.126840 0.592094 0.795825
vn 0.135178 0.499438 0.855739
vn 0.312433 -0.453340 0.834787
vn 0.201662 0.515333 0.832925
vn 0.135178 0.499438 0.855739
vn 0.130506 0.371760 0.919110
vn -0.710936 0.276941 0.646431
vn -0.072388 0.973878 0.215227
vn 0.034286 0.897322 0.440043
vn 0.119738 0.732353 0.670315
vn -0.072388 0.973878 0.215227
vn 0.000000 0.997158 0.075344
vn 0.000000 0.918481 0.395465
vn 0.034286 0.897322 0.440043
vn 0.034286 0.897322 0.440043
vn 0.000000 0.918481 0.395465
vn 0.000000 0.581857 0.813291
vn 0.029759 0.601973 0.797962
vn 0.119738 0.732353 0.670315
vn 0.034286 0.897322 0.440043
vn 0.029759 0.601973 0.797962
vn 0.126840 0.592094 0.795825
vn 0.662604 0.161482 0.731354
vn -0.041254 -0.482992 0.874652
vn -0.088083 -0.660197 0.745909
vn -0.347370 -0.415278 0.840761
vn -0.041254 -0.482992 0.874652
vn 0.000000 -0.539587 0.841930
vn 0.000000 -0.638120 0.769937
vn -0.088083 -0.660197 0.745909
vn -0.088083 -0.660197 0.745909
vn 0.000000 -0.638120 0.769937
vn 0.000000 0.305201 0.952288
vn -0.032779 0.284932 0.957987
vn -0.347370 -0.415278 0.840761
vn -0.088083 -0.660197 0.745909
vn -0.032779 0.284932 0.957987
vn -0.150252 0.386716 0.909876
vn 0.000000 0.997158 0.075344
vn 0.082032 0.972234 0.219163
vn -0.036702 0.897943 0.438579
vn 0.000000 0.918481 0.395465
vn 0.082032 0.972234 0.219163
vn 0.729474 0.241379 0.640003
vn -0.130884 0.731440 0.669228
vn -0.036702 0.897943 0.438579
vn -0.036702 0.897943 0.438579
vn -0.130884 0.731440 0.669228
vn -0.144012 0.596545 0.789554
vn -0.032461 0.603692 0.796556
vn 0.000000 0.918481 0.395465
vn -0.036702 0.897943 0.438579
vn -0.032461 0.603692 0.796556
vn 0.000000 0.581857 0.813291
vn 0.729474 0.241379 0.640003
vn 0.716076 0.065756 0.694918
vn -0.220591 0.523279 0.823115
vn -0.130884 0.731440 0.669228
vn 0.716076 0.065756 0.694918
vn 0.662604 0.161482 0.731354
vn -0.347370 -0.415278 0.840761
vn -0.220591 0.523279 0.823115
vn -0.220591 0.523279 0.823115
vn -0.347370 -0.415278 0.840761
vn -0.150252 0.386716 0.909876
vn -0.152508 0.507122 0.848274
vn -0.130884 0.731440 0.669228
vn -0.220591 0.523279 0.823115
vn -0.152508 0.507122 0.848274
vn -0.144012 0.596545 0.789554
vn -0.779016 -0.018806 0.626722
vn -0.023388 0.613747 -0.789156
vn -0.500434 0.466685 0.729226
vn -0.023388 0.613747 -0.789156
vn 0.000000 0.987442 -0.157983
vn 0.000000 0.987442 -0.157982
vn -0.023388 0.613747 -0.789156
vn 0.000000 0.987442 -0.157982
vn 0.000000 0.987442 -0.157983
vn 0.000000 0.987442 -0.157983
vn -0.500434 0.466685 0.729226
vn -0.023388 0.613747 -0.789156
vn 0.000000 0.987442 -0.157983
vn 0.000000 0.987442 -0.157984
vn 0.000000 0.987442 -0.157983
vn 0.076060 0.863431 -0.498700
vn 0.172791 0.905174 -0.388333
vn 0.000000 0.987442 -0.157982
vn 0.076060 0.863431 -0.498700
vn 0.049631 0.414688 -0.908609
vn 0.143604 0.601097 -0.786168
vn 0.172791 0.905174 -0.388333
vn 0.172791 0.905174 -0.388333
vn 0.143604 0.601097 -0.786168
vn 0.000000 0.987442 -0.157984
vn 0.000000 0.987442 -0.157983
vn 0.000000 0.987442 -0.157982
vn 0.172791 0.905174 -0.388333
vn 0.000000 0.987442 -0.157983
vn 0.000000 0.987442 -0.157983
vn 0.049631 0.414688 -0.908609
vn -0.031099 0.300432 -0.953296
vn -0.021877 0.451914 -0.891793
vn 0.143604 0.601097 -0.786168
vn -0.031099 0.300432 -0.953296
vn -0.398778 0.261991 -0.878827
vn -0.386594 0.420444 -0.820836
vn -0.021877 0.451914 -0.891793
vn -0.021877 0.451914 -0.891793
vn -0.386594 0.420444 -0.820836
vn 0.000000 0.987442 -0.157982
vn 0.000000 0.987442 -0.157983
vn 0.143604 0.601097 -0.786168
vn -0.021877 0.451914 -0.891793
vn 0.000000 0.987442 -0.157983
vn 0.000000 0.987442 -0.157984
vn -0.398778 0.261991 -0.878827
vn -0.987725 0.075921 -0.136508
vn -0.930896 0.365216 -0.007039
vn -0.386594 0.420444 -0.820836
vn -0.987725 0.075921 -0.136508
vn -0.779016 -0.018806 0.626722
vn -0.500434 0.466685 0.729226
vn -0.930896 0.365216 -0.007039
vn -0.930896 0.365216 -0.007039
vn -0.500434 0.466685 0.729226
vn 0.000000 0.987442 -0.157984
vn 0.000000 0.987442 -0.157982
vn -0.386594 0.420444 -0.820836
vn -0.930896 0.365216 -0.007039
vn 0.000000 0.987442 -0.157982
vn 0.000000 0.987442 -0.157982
s off
g tractor1:pasted__pasted__pasted__pCylinder1pasted__group8pasted__group7pasted__group6group1
usemtl tractor1:pasted__lambert3SG
f 82/1/1 343/2/2 503/3/3 346/4/4
f 343/2/5 83/5/6 344/6/7 503/3/8
f 503/3/9 344/6/10 84/7/11 345/8/12
f 346/4/13 503/3/14 345/8/15 85/9/16
f 2/10/17 347/11/18 504/12/19 350/13/20
f 347/11/21 3/14/22 348/15/23 504/12/24
f 504/12/25 348/15/26 23/16/27 349/17/28
f 350/13/29 504/12/30 349/17/31 22/18/32
f 86/19/33 351/20/34 505/21/35 354/22/36
f 351/20/37 87/23/38 352/24/39 505/21/40
f 505/21/41 352/24/42 88/25/43 353/26/44
f 354/22/45 505/21/46 353/26/47 89/27/48
f 4/28/49 355/29/50 506/30/51 358/31/52
f 355/29/53 5/32/54 356/33/55 506/30/56
f 506/30/57 356/33/58 25/34/59 357/35/60
f 358/31/61 506/30/62 357/35/63 24/36/64
f 90/37/65 359/38/66 507/39/67 362/40/68
f 359/38/69 91/41/70 360/42/71 507/39/72
f 507/39/73 360/42/74 92/43/75 361/44/76
f 362/40/77 507/39/78 361/44/79 93/45/80
f 6/46/81 363/47/82 508/48/83 366/49/84
f 363/47/85 7/50/86 364/51/87 508/48/88
f 508/48/89 364/51/90 27/52/91 365/53/92
f 366/49/93 508/48/94 365/53/95 26/54/96
f 94/55/97 367/56/98 509/57/99 370/58/100
f 367/56/101 95/59/102 368/60/103 509/57/104
f 509/57/105 368/60/106 96/61/107 369/62/108
f 370/58/109 509/57/110 369/62/111 97/63/112
f 8/64/113 371/65/114 510/66/115 374/67/116
f 371/65/117 9/68/118 372/69/119 510/66/120
f 510/66/121 372/69/122 29/70/123 373/71/124
f 374/67/125 510/66/126 373/71/127 28/72/128
f 98/73/129 375/74/130 511/75/131 378/76/132
f 375/74/133 99/77/134 376/78/135 511/75/136
f 511/75/137 376/78/138 100/79/139 377/80/140
f 378/76/141 511/75/142 377/80/143 101/81/144
f 10/82/145 379/83/146 512/84/147 382/85/148
f 379/83/149 11/86/150 380/87/151 512/84/152
f 512/84/153 380/87/154 31/88/155 381/89/156
f 382/85/157 512/84/158 381/89/159 30/90/160
f 102/91/161 383/92/162 513/93/163 386/94/164
f 383/92/165 103/95/166 384/96/167 513/93/168
f 513/93/169 384/96/170 104/97/171 385/98/172
f 386/94/173 513/93/174 385/98/175 105/99/176
f 12/100/177 387/101/178 514/102/179 390/103/180
f 387/101/181 13/104/182 388/105/183 514/102/184
f 514/102/185 388/105/186 33/106/187 389/107/188
f 390/103/189 514/102/190 389/107/191 32/108/192
f 106/109/193 391/110/194 515/111/195 394/112/196
f 391/110/197 107/113/198 392/114/199 515/111/200
f 515/111/201 392/114/202 108/115/203 393/116/204
f 394/112/205 515/111/206 393/116/207 109/117/208
f 14/118/209 395/119/210 516/120/211 398/121/212
f 395/119/213 15/122/214 396/123/215 516/120/216
f 516/120/217 396/123/218 35/124/219 397/125/220
f 398/121/221 516/120/222 397/125/223 34/126/224
f 110/127/225 399/128/226 517/129/227 402/130/228
f 399/128/229 111/131/230 400/132/231 517/129/232
f 517/129/233 400/132/234 112/133/235 401/134/236
f 402/130/237 517/129/238 401/134/239 113/135/240
f 16/136/241 403/137/242 518/138/243 406/139/244
f 403/137/245 17/140/246 404/141/247 518/138/248
f 518/138/249 404/141/250 37/142/251 405/143/252
f 406/139/253 518/138/254 405/143/255 36/144/256
f 114/145/257 407/146/258 519/147/259 410/148/260
f 407/146/261 115/149/262 408/150/263 519/147/264
f 519/147/265 408/150/266 116/151/267 409/152/268
f 410/148/269 519/147/270 409/152/271 117/153/272
f 18/154/273 411/155/274 520/156/275 414/157/276
f 411/155/277 19/158/278 412/159/279 520/156/280
f 520/156/281 412/159/282 39/160/283 413/161/284
f 414/157/285 520/156/286 413/161/287 38/162/288
f 118/163/289 415/164/290 521/165/291 418/166/292
f 415/164/293 119/167/294 416/168/295 521/165/296
f 521/165/297 416/168/298 120/169/299 417/170/300
f 418/166/301 521/165/302 417/170/303 121/171/304
f 20/172/305 419/173/306 522/174/307 422/175/308
f 419/173/309 1/176/310 420/177/311 522/174/312
f 522/174/313 420/177/314 21/178/315 421/179/316
f 422/175/317 522/174/318 421/179/319 40/180/320
usemtl tractor1:pasted__lambert2SG
f 143/181/321 423/182/322 523/183/323 425/184/324
f 142/185/325 424/186/326 523/183/327 423/182/328
f 144/187/329 425/184/330 523/183/331 424/186/332
f 145/188/333 426/189/334 524/190/335 427/191/336
f 143/181/337 425/184/338 524/190/339 426/189/340
f 144/187/341 427/191/342 524/190/343 425/184/344
f 146/192/345 428/193/346 525/194/347 429/195/348
f 145/188/349 427/191/350 525/194/351 428/193/352
f 144/187/353 429/195/354 525/194/355 427/191/356
f 147/196/357 430/197/358 526/198/359 431/199/360
f 146/192/361 429/195/362 526/198/363 430/197/364
f 144/187/365 431/199/366 526/198/367 429/195/368
f 148/200/369 432/201/370 527/202/371 433/203/372
f 147/196/373 431/199/374 527/202/375 432/201/376
f 144/187/377 433/203/378 527/202/379 431/199/380
f 149/204/381 434/205/382 528/206/383 435/207/384
f 148/200/385 433/203/386 528/206/387 434/205/388
f 144/187/389 435/207/390 528/206/391 433/203/392
f 150/208/393 436/209/394 529/210/395 437/211/396
f 149/204/397 435/207/398 529/210/399 436/209/400
f 144/187/401 437/211/402 529/210/403 435/207/404
f 151/212/405 438/213/406 530/214/407 439/215/408
f 150/208/409 437/211/410 530/214/411 438/213/412
f 144/187/413 439/215/414 530/214/415 437/211/416
f 152/216/417 440/217/418 531/218/419 441/219/420
f 151/212/421 439/215/422 531/218/423 440/217/424
f 144/187/425 441/219/426 531/218/427 439/215/428
f 153/220/429 442/221/430 532/222/431 443/223/432
f 152/216/433 441/219/434 532/222/435 442/221/436
f 144/187/437 443/223/438 532/222/439 441/219/440
f 154/224/441 444/225/442 533/226/443 445/227/444
f 153/220/445 443/223/446 533/226/447 444/225/448
f 144/187/449 445/227/450 533/226/451 443/223/452
f 155/228/453 446/229/454 534/230/455 447/231/456
f 154/224/457 445/227/458 534/230/459 446/229/460
f 144/187/461 447/231/462 534/230/463 445/227/464
f 156/232/465 448/233/466 535/234/467 449/235/468
f 155/228/469 447/231/470 535/234/471 448/233/472
f 144/187/473 449/235/474 535/234/475 447/231/476
f 157/236/477 450/237/478 536/238/479 451/239/480
f 156/232/481 449/235/482 536/238/483 450/237/484
f 144/187/485 451/239/486 536/238/487 449/235/488
f 158/240/489 452/241/490 537/242/491 453/243/492
f 157/236/493 451/239/494 537/242/495 452/241/496
f 144/187/497 453/243/498 537/242/499 451/239/500
f 159/244/501 454/245/502 538/246/503 455/247/504
f 158/240/505 453/243/506 538/246/507 454/245/508
f 144/187/509 455/247/510 538/246/511 453/243/512
f 160/248/513 456/249/514 539/250/515 457/251/516
f 159/244/517 455/247/518 539/250/519 456/249/520
f 144/187/521 457/251/522 539/250/523 455/247/524
f 161/252/525 458/253/526 540/254/527 459/255/528
f 160/248/529 457/251/530 540/254/531 458/253/532
f 144/187/533 459/255/534 540/254/535 457/251/536
f 162/256/537 460/257/538 541/258/539 461/259/540
f 161/252/541 459/255/542 541/258/543 460/257/544
f 144/187/545 461/259/546 541/258/547 459/255/548
f 142/185/549 462/260/550 542/261/551 424/186/552
f 162/256/553 461/259/554 542/261/555 462/260/556
f 144/187/557 424/186/558 542/261/559 461/259/560
usemtl tractor1:pasted__lambert3SG
f 21/262/561 463/263/562 543/264/563 465/265/564
f 22/266/565 464/267/566 543/264/567 463/263/568
f 41/268/569 465/265/570 543/264/571 464/267/572
f 22/266/573 349/269/574 544/270/575 464/267/576
f 23/271/577 466/272/578 544/270/579 349/269/580
f 41/268/581 464/267/582 544/270/583 466/272/584
f 23/271/585 467/273/586 545/274/587 466/272/588
f 24/275/589 468/276/590 545/274/591 467/273/592
f 41/268/593 466/272/594 545/274/595 468/276/596
f 24/275/597 357/277/598 546/278/599 468/276/600
f 25/279/601 469/280/602 546/278/603 357/277/604
f 41/268/605 468/276/606 546/278/607 469/280/608
f 25/279/609 470/281/610 547/282/611 469/280/612
f 26/283/613 471/284/614 547/282/615 470/281/616
f 41/268/617 469/280/618 547/282/619 471/284/620
f 26/283/621 365/285/622 548/286/623 471/284/624
f 27/287/625 472/288/626 548/286/627 365/285/628
f 41/268/629 471/284/630 548/286/631 472/288/632
f 27/287/633 473/289/634 549/290/635 472/288/636
f 28/291/637 474/292/638 549/290/639 473/289/640
f 41/268/641 472/288/642 549/290/643 474/292/644
f 28/291/645 373/293/646 550/294/647 474/292/648
f 29/295/649 475/296/650 550/294/651 373/293/652
f 41/268/653 474/292/654 550/294/655 475/296/656
f 29/295/657 476/297/658 551/298/659 475/296/660
f 30/299/661 477/300/662 551/298/663 476/297/664
f 41/268/665 475/296/666 551/298/667 477/300/668
f 30/299/669 381/301/670 552/302/671 477/300/672
f 31/303/673 478/304/674 552/302/675 381/301/676
f 41/268/677 477/300/678 552/302/679 478/304/680
f 31/303/681 479/305/682 553/306/683 478/304/684
f 32/307/685 480/308/686 553/306/687 479/305/688
f 41/268/689 478/304/690 553/306/691 480/308/692
f 32/307/693 389/309/694 554/310/695 480/308/696
f 33/311/697 481/312/698 554/310/699 389/309/700
f 41/268/701 480/308/702 554/310/703 481/312/704
f 33/311/705 482/313/706 555/314/707 481/312/708
f 34/315/709 483/316/710 555/314/711 482/313/712
f 41/268/713 481/312/714 555/314/715 483/316/716
f 34/315/717 397/317/718 556/318/719 483/316/720
f 35/319/721 484/320/722 556/318/723 397/317/724
f 41/268/725 483/316/726 556/318/727 484/320/728
f 35/319/729 485/321/730 557/322/731 484/320/732
f 36/323/733 486/324/734 557/322/735 485/321/736
f 41/268/737 484/320/738 557/322/739 486/324/740
f 36/323/741 405/325/742 558/326/743 486/324/744
f 37/327/745 487/328/746 558/326/747 405/325/748
f 41/268/749 486/324/750 558/326/751 487/328/752
f 37/327/753 488/329/754 559/330/755 487/328/756
f 38/331/757 489/332/758 559/330/759 488/329/760
f 41/268/761 487/328/762 559/330/763 489/332/764
f 38/331/765 413/333/766 560/334/767 489/332/768
f 39/335/769 490/336/770 560/334/771 413/333/772
f 41/268/773 489/332/774 560/334/775 490/336/776
f 39/335/777 491/337/778 561/338/779 490/336/780
f 40/339/781 492/340/782 561/338/783 491/337/784
f 41/268/785 490/336/786 561/338/787 492/340/788
f 40/339/789 421/341/790 562/342/791 492/340/792
f 21/262/793 465/265/794 562/342/795 421/341/796
f 41/268/797 492/340/798 562/342/799 465/265/800
f 2/343/801 493/344/802 496/345/803
f 493/344/804 1/346/805 494/347/806
f 493/344/807 494/347/808 42/348/809 495/349/810
f 496/345/811 493/344/812 495/349/813 43/350/814
f 3/351/815 347/352/816 563/353/817 498/354/818
f 347/352/819 2/343/820 496/345/821 563/353/822
f 563/353/823 496/345/824 43/350/825 497/355/826
f 498/354/827 563/353/828 497/355/829 44/356/830
f 4/357/831 499/358/832 501/359/833
f 499/358/834 3/351/835 498/354/836
f 499/358/837 498/354/838 44/356/839 500/360/840
f 501/359/841 499/358/842 500/360/843 45/361/844
f 5/362/845 355/363/846 564/364/847 163/365/848
f 355/363/849 4/357/850 501/359/851 564/364/852
f 564/364/853 501/359/854 45/361/855 502/366/856
f 163/365/857 564/364/858 502/366/859 46/367/860
f 6/368/861 164/369/862 166/370/863
f 164/369/864 5/362/865 163/365/866
f 164/369/867 163/365/868 46/367/869 165/371/870
f 166/370/871 164/369/872 165/371/873 47/372/874
f 7/373/875 363/374/876 565/375/877 168/376/878
f 363/374/879 6/368/880 166/370/881 565/375/882
f 565/375/883 166/370/884 47/372/885 167/377/886
f 168/376/887 565/375/888 167/377/889 48/378/890
f 8/379/891 169/380/892 171/381/893
f 169/380/894 7/373/895 168/376/896
f 169/380/897 168/376/898 48/378/899 170/382/900
f 171/381/901 169/380/902 170/382/903 49/383/904
f 9/384/905 371/385/906 566/386/907 173/387/908
f 371/385/909 8/379/910 171/381/911 566/386/912
f 566/386/913 171/381/914 49/383/915 172/388/916
f 173/387/917 566/386/918 172/388/919 50/389/920
f 10/390/921 174/391/922 176/392/923
f 174/391/924 9/384/925 173/387/926
f 174/391/927 173/387/928 50/389/929 175/393/930
f 176/392/931 174/391/932 175/393/933 51/394/934
f 11/395/935 379/396/936 567/397/937 178/398/938
f 379/396/939 10/390/940 176/392/941 567/397/942
f 567/397/943 176/392/944 51/394/945 177/399/946
f 178/398/947 567/397/948 177/399/949 52/400/950
f 12/401/951 179/402/952 181/403/953
f 179/402/954 11/395/955 178/398/956
f 179/402/957 178/398/958 52/400/959 180/404/960
f 181/403/961 179/402/962 180/404/963 53/405/964
f 13/406/965 387/407/966 568/408/967 183/409/968
f 387/407/969 12/401/970 181/403/971 568/408/972
f 568/408/973 181/403/974 53/405/975 182/410/976
f 183/409/977 568/408/978 182/410/979 54/411/980
f 14/412/981 184/413/982 186/414/983
f 184/413/984 13/406/985 183/409/986
f 184/413/987 183/409/988 54/411/989 185/415/990
f 186/414/991 184/413/992 185/415/993 55/416/994
f 15/417/995 395/418/996 569/419/997 188/420/998
f 395/418/999 14/412/1000 186/414/1001 569/419/1002
f 569/419/1003 186/414/1004 55/416/1005 187/421/1006
f 188/420/1007 569/419/1008 187/421/1009 56/422/1010
f 16/423/1011 189/424/1012 191/425/1013
f 189/424/1014 15/417/1015 188/420/1016
f 189/424/1017 188/420/1018 56/422/1019 190/426/1020
f 191/425/1021 189/424/1022 190/426/1023 57/427/1024
f 17/428/1025 403/429/1026 570/430/1027 193/431/1028
f 403/429/1029 16/423/1030 191/425/1031 570/430/1032
f 570/430/1033 191/425/1034 57/427/1035 192/432/1036
f 193/431/1037 570/430/1038 192/432/1039 58/433/1040
f 18/434/1041 194/435/1042 196/436/1043
f 194/435/1044 17/428/1045 193/431/1046
f 194/435/1047 193/431/1048 58/433/1049 195/437/1050
f 196/436/1051 194/435/1052 195/437/1053 59/438/1054
f 19/439/1055 411/440/1056 571/441/1057 198/442/1058
f 411/440/1059 18/434/1060 196/436/1061 571/441/1062
f 571/441/1063 196/436/1064 59/438/1065 197/443/1066
f 198/442/1067 571/441/1068 197/443/1069 60/444/1070
f 20/445/1071 199/446/1072 201/447/1073
f 199/446/1074 19/439/1075 198/442/1076
f 199/446/1077 198/442/1078 60/444/1079 200/448/1080
f 201/447/1081 199/446/1082 200/448/1083 61/449/1084
f 1/346/1085 419/450/1086 572/451/1087 494/347/1088
f 419/450/1089 20/445/1090 201/447/1091 572/451/1092
f 572/451/1093 201/447/1094 61/449/1095 202/452/1096
f 494/347/1097 572/451/1098 202/452/1099 42/348/1100
f 43/350/1101 495/349/1102 573/453/1103 205/454/1104
f 495/349/1105 42/348/1106 203/455/1107 573/453/1108
f 573/453/1109 203/455/1110 62/456/1111 204/457/1112
f 205/454/1113 573/453/1114 204/457/1115 63/458/1116
f 44/356/1117 497/355/1118 574/459/1119 207/460/1120
f 497/355/1121 43/350/1122 205/454/1123 574/459/1124
f 574/459/1125 205/454/1126 63/458/1127 206/461/1128
f 207/460/1129 574/459/1130 206/461/1131 64/462/1132
f 45/361/1133 500/360/1134 575/463/1135 209/464/1136
f 500/360/1137 44/356/1138 207/460/1139 575/463/1140
f 575/463/1141 207/460/1142 64/462/1143 208/465/1144
f 209/464/1145 575/463/1146 208/465/1147 65/466/1148
f 46/367/1149 502/366/1150 576/467/1151 211/468/1152
f 502/366/1153 45/361/1154 209/464/1155 576/467/1156
f 576/467/1157 209/464/1158 65/466/1159 210/469/1160
f 211/468/1161 576/467/1162 210/469/1163 66/470/1164
f 47/372/1165 165/371/1166 577/471/1167 213/472/1168
f 165/371/1169 46/367/1170 211/468/1171 577/471/1172
f 577/471/1173 211/468/1174 66/470/1175 212/473/1176
f 213/472/1177 577/471/1178 212/473/1179 67/474/1180
f 48/378/1181 167/377/1182 578/475/1183 215/476/1184
f 167/377/1185 47/372/1186 213/472/1187 578/475/1188
f 578/475/1189 213/472/1190 67/474/1191 214/477/1192
f 215/476/1193 578/475/1194 214/477/1195 68/478/1196
f 49/383/1197 170/382/1198 579/479/1199 217/480/1200
f 170/382/1201 48/378/1202 215/476/1203 579/479/1204
f 579/479/1205 215/476/1206 68/478/1207 216/481/1208
f 217/480/1209 579/479/1210 216/481/1211 69/482/1212
f 50/389/1213 172/388/1214 580/483/1215 219/484/1216
f 172/388/1217 49/383/1218 217/480/1219 580/483/1220
f 580/483/1221 217/480/1222 69/482/1223 218/485/1224
f 219/484/1225 580/483/1226 218/485/1227 70/486/1228
f 51/394/1229 175/393/1230 581/487/1231 221/488/1232
f 175/393/1233 50/389/1234 219/484/1235 581/487/1236
f 581/487/1237 219/484/1238 70/486/1239 220/489/1240
f 221/488/1241 581/487/1242 220/489/1243 71/490/1244
f 52/400/1245 177/399/1246 582/491/1247 223/492/1248
f 177/399/1249 51/394/1250 221/488/1251 582/491/1252
f 582/491/1253 221/488/1254 71/490/1255 222/493/1256
f 223/492/1257 582/491/1258 222/493/1259 72/494/1260
f 53/405/1261 180/404/1262 583/495/1263 225/496/1264
f 180/404/1265 52/400/1266 223/492/1267 583/495/1268
f 583/495/1269 223/492/1270 72/494/1271 224/497/1272
f 225/496/1273 583/495/1274 224/497/1275 73/498/1276
f 54/411/1277 182/410/1278 584/499/1279 227/500/1280
f 182/410/1281 53/405/1282 225/496/1283 584/499/1284
f 584/499/1285 225/496/1286 73/498/1287 226/501/1288
f 227/500/1289 584/499/1290 226/501/1291 74/502/1292
f 55/416/1293 185/415/1294 585/503/1295 229/504/1296
f 185/415/1297 54/411/1298 227/500/1299 585/503/1300
f 585/503/1301 227/500/1302 74/502/1303 228/505/1304
f 229/504/1305 585/503/1306 228/505/1307 75/506/1308
f 56/422/1309 187/421/1310 586/507/1311 231/508/1312
f 187/421/1313 55/416/1314 229/504/1315 586/507/1316
f 586/507/1317 229/504/1318 75/506/1319 230/509/1320
f 231/508/1321 586/507/1322 230/509/1323 76/510/1324
f 57/427/1325 190/426/1326 587/511/1327 233/512/1328
f 190/426/1329 56/422/1330 231/508/1331 587/511/1332
f 587/511/1333 231/508/1334 76/510/1335 232/513/1336
f 233/512/1337 587/511/1338 232/513/1339 77/514/1340
f 58/433/1341 192/432/1342 588/515/1343 235/516/1344
f 192/432/1345 57/427/1346 233/512/1347 588/515/1348
f 588/515/1349 233/512/1350 77/514/1351 234/517/1352
f 235/516/1353 588/515/1354 234/517/1355 78/518/1356
f 59/438/1357 195/437/1358 589/519/1359 237/520/1360
f 195/437/1361 58/433/1362 235/516/1363 589/519/1364
f 589/519/1365 235/516/1366 78/518/1367 236/521/1368
f 237/520/1369 589/519/1370 236/521/1371 79/522/1372
f 60/444/1373 197/443/1374 590/523/1375 239/524/1376
f 197/443/1377 59/438/1378 237/520/1379 590/523/1380
f 590/523/1381 237/520/1382 79/522/1383 238/525/1384
f 239/524/1385 590/523/1386 238/525/1387 80/526/1388
f 61/449/1389 200/448/1390 591/527/1391 241/528/1392
f 200/448/1393 60/444/1394 239/524/1395 591/527/1396
f 591/527/1397 239/524/1398 80/526/1399 240/529/1400
f 241/528/1401 591/527/1402 240/529/1403 81/530/1404
f 42/348/1405 202/452/1406 592/531/1407 203/455/1408
f 202/452/1409 61/449/1410 241/528/1411 592/531/1412
f 592/531/1413 241/528/1414 81/530/1415 242/532/1416
f 203/455/1417 592/531/1418 242/532/1419 62/456/1420
f 1/533/1421 493/534/1422 593/535/1423 244/536/1424
f 493/534/1425 2/10/1426 243/537/1427 593/535/1428
f 593/535/1429 243/537/1430 83/5/1431 343/2/1432
f 244/536/1433 593/535/1434 343/2/1435 82/1/1436
f 2/10/1437 350/13/1438 594/538/1439 243/537/1440
f 350/13/1441 22/18/1442 245/539/1443 594/538/1444
f 594/538/1445 245/539/1446 84/7/1447 344/6/1448
f 243/537/1449 594/538/1450 344/6/1451 83/5/1452
f 22/18/1453 463/540/1454 595/541/1455 245/539/1456
f 463/540/1457 21/542/1458 246/543/1459 595/541/1460
f 595/541/1461 246/543/1462 85/9/1463 345/8/1464
f 245/539/1465 595/541/1466 345/8/1467 84/7/1468
f 21/542/1469 420/544/1470 596/545/1471 246/543/1472
f 420/544/1473 1/533/1474 244/536/1475 596/545/1476
f 596/545/1477 244/536/1478 82/1/1479 346/4/1480
f 246/543/1481 596/545/1482 346/4/1483 85/9/1484
f 3/14/1485 499/546/1486 597/547/1487 248/548/1488
f 499/546/1489 4/28/1490 247/549/1491 597/547/1492
f 597/547/1493 247/549/1494 87/23/1495 351/20/1496
f 248/548/1497 597/547/1498 351/20/1499 86/19/1500
f 4/28/1501 358/31/1502 598/550/1503 247/549/1504
f 358/31/1505 24/36/1506 249/551/1507 598/550/1508
f 598/550/1509 249/551/1510 88/25/1511 352/24/1512
f 247/549/1513 598/550/1514 352/24/1515 87/23/1516
f 24/36/1517 467/552/1518 599/553/1519 249/551/1520
f 467/552/1521 23/16/1522 250/554/1523 599/553/1524
f 599/553/1525 250/554/1526 89/27/1527 353/26/1528
f 249/551/1529 599/553/1530 353/26/1531 88/25/1532
f 23/16/1533 348/15/1534 600/555/1535 250/554/1536
f 348/15/1537 3/14/1538 248/548/1539 600/555/1540
f 600/555/1541 248/548/1542 86/19/1543 354/22/1544
f 250/554/1545 600/555/1546 354/22/1547 89/27/1548
f 5/32/1549 164/556/1550 601/557/1551 252/558/1552
f 164/556/1553 6/46/1554 251/559/1555 601/557/1556
f 601/557/1557 251/559/1558 91/41/1559 359/38/1560
f 252/558/1561 601/557/1562 359/38/1563 90/37/1564
f 6/46/1565 366/49/1566 602/560/1567 251/559/1568
f 366/49/1569 26/54/1570 253/561/1571 602/560/1572
f 602/560/1573 253/561/1574 92/43/1575 360/42/1576
f 251/559/1577 602/560/1578 360/42/1579 91/41/1580
f 26/54/1581 470/562/1582 603/563/1583 253/561/1584
f 470/562/1585 25/34/1586 254/564/1587 603/563/1588
f 603/563/1589 254/564/1590 93/45/1591 361/44/1592
f 253/561/1593 603/563/1594 361/44/1595 92/43/1596
f 25/34/1597 356/33/1598 604/565/1599 254/564/1600
f 356/33/1601 5/32/1602 252/558/1603 604/565/1604
f 604/565/1605 252/558/1606 90/37/1607 362/40/1608
f 254/564/1609 604/565/1610 362/40/1611 93/45/1612
f 7/50/1613 169/566/1614 605/567/1615 256/568/1616
f 169/566/1617 8/64/1618 255/569/1619 605/567/1620
f 605/567/1621 255/569/1622 95/59/1623 367/56/1624
f 256/568/1625 605/567/1626 367/56/1627 94/55/1628
f 8/64/1629 374/67/1630 606/570/1631 255/569/1632
f 374/67/1633 28/72/1634 257/571/1635 606/570/1636
f 606/570/1637 257/571/1638 96/61/1639 368/60/1640
f 255/569/1641 606/570/1642 368/60/1643 95/59/1644
f 28/72/1645 473/572/1646 607/573/1647 257/571/1648
f 473/572/1649 27/52/1650 258/574/1651 607/573/1652
f 607/573/1653 258/574/1654 97/63/1655 369/62/1656
f 257/571/1657 607/573/1658 369/62/1659 96/61/1660
f 27/52/1661 364/51/1662 608/575/1663 258/574/1664
f 364/51/1665 7/50/1666 256/568/1667 608/575/1668
f 608/575/1669 256/568/1670 94/55/1671 370/58/1672
f 258/574/1673 608/575/1674 370/58/1675 97/63/1676
f 9/68/1677 174/576/1678 609/577/1679 260/578/1680
f 174/576/1681 10/82/1682 259/579/1683 609/577/1684
f 609/577/1685 259/579/1686 99/77/1687 375/74/1688
f 260/578/1689 609/577/1690 375/74/1691 98/73/1692
f 10/82/1693 382/85/1694 610/580/1695 259/579/1696
f 382/85/1697 30/90/1698 261/581/1699 610/580/1700
f 610/580/1701 261/581/1702 100/79/1703 376/78/1704
f 259/579/1705 610/580/1706 376/78/1707 99/77/1708
f 30/90/1709 476/582/1710 611/583/1711 261/581/1712
f 476/582/1713 29/70/1714 262/584/1715 611/583/1716
f 611/583/1717 262/584/1718 101/81/1719 377/80/1720
f 261/581/1721 611/583/1722 377/80/1723 100/79/1724
f 29/70/1725 372/69/1726 612/585/1727 262/584/1728
f 372/69/1729 9/68/1730 260/578/1731 612/585/1732
f 612/585/1733 260/578/1734 98/73/1735 378/76/1736
f 262/584/1737 612/585/1738 378/76/1739 101/81/1740
f 11/86/1741 179/586/1742 613/587/1743 264/588/1744
f 179/586/1745 12/100/1746 263/589/1747 613/587/1748
f 613/587/1749 263/589/1750 103/95/1751 383/92/1752
f 264/588/1753 613/587/1754 383/92/1755 102/91/1756
f 12/100/1757 390/103/1758 614/590/1759 263/589/1760
f 390/103/1761 32/108/1762 265/591/1763 614/590/1764
f 614/590/1765 265/591/1766 104/97/1767 384/96/1768
f 263/589/1769 614/590/1770 384/96/1771 103/95/1772
f 32/108/1773 479/592/1774 615/593/1775 265/591/1776
f 479/592/1777 31/88/1778 266/594/1779 615/593/1780
f 615/593/1781 266/594/1782 105/99/1783 385/98/1784
f 265/591/1785 615/593/1786 385/98/1787 104/97/1788
f 31/88/1789 380/87/1790 616/595/1791 266/594/1792
f 380/87/1793 11/86/1794 264/588/1795 616/595/1796
f 616/595/1797 264/588/1798 102/91/1799 386/94/1800
f 266/594/1801 616/595/1802 386/94/1803 105/99/1804
f 13/104/1805 184/596/1806 617/597/1807 268/598/1808
f 184/596/1809 14/118/1810 267/599/1811 617/597/1812
f 617/597/1813 267/599/1814 107/113/1815 391/110/1816
f 268/598/1817 617/597/1818 391/110/1819 106/109/1820
f 14/118/1821 398/121/1822 618/600/1823 267/599/1824
f 398/121/1825 34/126/1826 269/601/1827 618/600/1828
f 618/600/1829 269/601/1830 108/115/1831 392/114/1832
f 267/599/1833 618/600/1834 392/114/1835 107/113/1836
f 34/126/1837 482/602/1838 619/603/1839 269/601/1840
f 482/602/1841 33/106/1842 270/604/1843 619/603/1844
f 619/603/1845 270/604/1846 109/117/1847 393/116/1848
f 269/601/1849 619/603/1850 393/116/1851 108/115/1852
f 33/106/1853 388/105/1854 620/605/1855 270/604/1856
f 388/105/1857 13/104/1858 268/598/1859 620/605/1860
f 620/605/1861 268/598/1862 106/109/1863 394/112/1864
f 270/604/1865 620/605/1866 394/112/1867 109/117/1868
f 15/122/1869 189/606/1870 621/607/1871 272/608/1872
f 189/606/1873 16/136/1874 271/609/1875 621/607/1876
f 621/607/1877 271/609/1878 111/131/1879 399/128/1880
f 272/608/1881 621/607/1882 399/128/1883 110/127/1884
f 16/136/1885 406/139/1886 622/610/1887 271/609/1888
f 406/139/1889 36/144/1890 273/611/1891 622/610/1892
f 622/610/1893 273/611/1894 112/133/1895 400/132/1896
f 271/609/1897 622/610/1898 400/132/1899 111/131/1900
f 36/144/1901 485/612/1902 623/613/1903 273/611/1904
f 485/612/1905 35/124/1906 274/614/1907 623/613/1908
f 623/613/1909 274/614/1910 113/135/1911 401/134/1912
f 273/611/1913 623/613/1914 401/134/1915 112/133/1916
f 35/124/1917 396/123/1918 624/615/1919 274/614/1920
f 396/123/1921 15/122/1922 272/608/1923 624/615/1924
f 624/615/1925 272/608/1926 110/127/1927 402/130/1928
f 274/614/1929 624/615/1930 402/130/1931 113/135/1932
f 17/140/1933 194/616/1934 625/617/1935 276/618/1936
f 194/616/1937 18/154/1938 275/619/1939 625/617/1940
f 625/617/1941 275/619/1942 115/149/1943 407/146/1944
f 276/618/1945 625/617/1946 407/146/1947 114/145/1948
f 18/154/1949 414/157/1950 626/620/1951 275/619/1952
f 414/157/1953 38/162/1954 277/621/1955 626/620/1956
f 626/620/1957 277/621/1958 116/151/1959 408/150/1960
f 275/619/1961 626/620/1962 408/150/1963 115/149/1964
f 38/162/1965 488/622/1966 627/623/1967 277/621/1968
f 488/622/1969 37/142/1970 278/624/1971 627/623/1972
f 627/623/1973 278/624/1974 117/153/1975 409/152/1976
f 277/621/1977 627/623/1978 409/152/1979 116/151/1980
f 37/142/1981 404/141/1982 628/625/1983 278/624/1984
f 404/141/1985 17/140/1986 276/618/1987 628/625/1988
f 628/625/1989 276/618/1990 114/145/1991 410/148/1992
f 278/624/1993 628/625/1994 410/148/1995 117/153/1996
f 19/158/1997 199/626/1998 629/627/1999 280/628/2000
f 199/626/2001 20/172/2002 279/629/2003 629/627/2004
f 629/627/2005 279/629/2006 119/167/2007 415/164/2008
f 280/628/2009 629/627/2010 415/164/2011 118/163/2012
f 20/172/2013 422/175/2014 630/630/2015 279/629/2016
f 422/175/2017 40/180/2018 281/631/2019 630/630/2020
f 630/630/2021 281/631/2022 120/169/2023 416/168/2024
f 279/629/2025 630/630/2026 416/168/2027 119/167/2028
f 40/180/2029 491/632/2030 631/633/2031 281/631/2032
f 491/632/2033 39/160/2034 282/634/2035 631/633/2036
f 631/633/2037 282/634/2038 121/171/2039 417/170/2040
f 281/631/2041 631/633/2042 417/170/2043 120/169/2044
f 39/160/2045 412/159/2046 632/635/2047 282/634/2048
f 412/159/2049 19/158/2050 280/628/2051 632/635/2052
f 632/635/2053 280/628/2054 118/163/2055 418/166/2056
f 282/634/2057 632/635/2058 418/166/2059 121/171/2060
f 63/458/2061 204/457/2062 633/636/2063 285/637/2064
f 204/457/2065 62/456/2066 283/638/2067 633/636/2068
f 633/636/2069 283/638/2070 122/639/2071 284/640/2072
f 285/637/2073 633/636/2074 284/640/2075 123/641/2076
f 64/462/2077 206/461/2078 634/642/2079 287/643/2080
f 206/461/2081 63/458/2082 285/637/2083 634/642/2084
f 634/642/2085 285/637/2086 123/641/2087 286/644/2088
f 287/643/2089 634/642/2090 286/644/2091 124/645/2092
f 65/466/2093 208/465/2094 635/646/2095 289/647/2096
f 208/465/2097 64/462/2098 287/643/2099 635/646/2100
f 635/646/2101 287/643/2102 124/645/2103 288/648/2104
f 289/647/2105 635/646/2106 288/648/2107 125/649/2108
f 66/470/2109 210/469/2110 636/650/2111 291/651/2112
f 210/469/2113 65/466/2114 289/647/2115 636/650/2116
f 636/650/2117 289/647/2118 125/649/2119 290/652/2120
f 291/651/2121 636/650/2122 290/652/2123 126/653/2124
f 67/474/2125 212/473/2126 637/654/2127 293/655/2128
f 212/473/2129 66/470/2130 291/651/2131 637/654/2132
f 637/654/2133 291/651/2134 126/653/2135 292/656/2136
f 293/655/2137 637/654/2138 292/656/2139 127/657/2140
f 68/478/2141 214/477/2142 638/658/2143 295/659/2144
f 214/477/2145 67/474/2146 293/655/2147 638/658/2148
f 638/658/2149 293/655/2150 127/657/2151 294/660/2152
f 295/659/2153 638/658/2154 294/660/2155 128/661/2156
f 69/482/2157 216/481/2158 639/662/2159 297/663/2160
f 216/481/2161 68/478/2162 295/659/2163 639/662/2164
f 639/662/2165 295/659/2166 128/661/2167 296/664/2168
f 297/663/2169 639/662/2170 296/664/2171 129/665/2172
f 70/486/2173 218/485/2174 640/666/2175 299/667/2176
f 218/485/2177 69/482/2178 297/663/2179 640/666/2180
f 640/666/2181 297/663/2182 129/665/2183 298/668/2184
f 299/667/2185 640/666/2186 298/668/2187 130/669/2188
f 71/490/2189 220/489/2190 641/670/2191 301/671/2192
f 220/489/2193 70/486/2194 299/667/2195 641/670/2196
f 641/670/2197 299/667/2198 130/669/2199 300/672/2200
f 301/671/2201 641/670/2202 300/672/2203 131/673/2204
f 72/494/2205 222/493/2206 642/674/2207 303/675/2208
f 222/493/2209 71/490/2210 301/671/2211 642/674/2212
f 642/674/2213 301/671/2214 131/673/2215 302/676/2216
f 303/675/2217 642/674/2218 302/676/2219 132/677/2220
f 73/498/2221 224/497/2222 643/678/2223 305/679/2224
f 224/497/2225 72/494/2226 303/675/2227 643/678/2228
f 643/678/2229 303/675/2230 132/677/2231 304/680/2232
f 305/679/2233 643/678/2234 304/680/2235 133/681/2236
f 74/502/2237 226/501/2238 644/682/2239 307/683/2240
f 226/501/2241 73/498/2242 305/679/2243 644/682/2244
f 644/682/2245 305/679/2246 133/681/2247 306/684/2248
f 307/683/2249 644/682/2250 306/684/2251 134/685/2252
f 75/506/2253 228/505/2254 645/686/2255 309/687/2256
f 228/505/2257 74/502/2258 307/683/2259 645/686/2260
f 645/686/2261 307/683/2262 134/685/2263 308/688/2264
f 309/687/2265 645/686/2266 308/688/2267 135/689/2268
f 76/510/2269 230/509/2270 646/690/2271 311/691/2272
f 230/509/2273 75/506/2274 309/687/2275 646/690/2276
f 646/690/2277 309/687/2278 135/689/2279 310/692/2280
f 311/691/2281 646/690/2282 310/692/2283 136/693/2284
f 77/514/2285 232/513/2286 647/694/2287 313/695/2288
f 232/513/2289 76/510/2290 311/691/2291 647/694/2292
f 647/694/2293 311/691/2294 136/693/2295 312/696/2296
f 313/695/2297 647/694/2298 312/696/2299 137/697/2300
f 78/518/2301 234/517/2302 648/698/2303 315/699/2304
f 234/517/2305 77/514/2306 313/695/2307 648/698/2308
f 648/698/2309 313/695/2310 137/697/2311 314/700/2312
f 315/699/2313 648/698/2314 314/700/2315 138/701/2316
f 79/522/2317 236/521/2318 649/702/2319 317/703/2320
f 236/521/2321 78/518/2322 315/699/2323 649/702/2324
f 649/702/2325 315/699/2326 138/701/2327 316/704/2328
f 317/703/2329 649/702/2330 316/704/2331 139/705/2332
f 80/526/2333 238/525/2334 650/706/2335 319/707/2336
f 238/525/2337 79/522/2338 317/703/2339 650/706/2340
f 650/706/2341 317/703/2342 139/705/2343 318/708/2344
f 319/707/2345 650/706/2346 318/708/2347 140/709/2348
f 81/530/2349 240/529/2350 651/710/2351 321/711/2352
f 240/529/2353 80/526/2354 319/707/2355 651/710/2356
f 651/710/2357 319/707/2358 140/709/2359 320/712/2360
f 321/711/2361 651/710/2362 320/712/2363 141/713/2364
f 62/456/2365 242/532/2366 652/714/2367 283/638/2368
f 242/532/2369 81/530/2370 321/711/2371 652/714/2372
f 652/714/2373 321/711/2374 141/713/2375 322/715/2376
f 283/638/2377 652/714/2378 322/715/2379 122/639/2380
f 123/641/2381 284/640/2382 653/716/2383 324/717/2384
f 284/640/2385 122/639/2386 323/718/2387 653/716/2388
f 653/716/2389 323/718/2390 142/185/2391 423/182/2392
f 324/717/2393 653/716/2394 423/182/2395 143/181/2396
f 124/645/2397 286/644/2398 654/719/2399 325/720/2400
f 286/644/2401 123/641/2402 324/717/2403 654/719/2404
f 654/719/2405 324/717/2406 143/181/2407 426/189/2408
f 325/720/2409 654/719/2410 426/189/2411 145/188/2412
f 125/649/2413 288/648/2414 655/721/2415 326/722/2416
f 288/648/2417 124/645/2418 325/720/2419 655/721/2420
f 655/721/2421 325/720/2422 145/188/2423 428/193/2424
f 326/722/2425 655/721/2426 428/193/2427 146/192/2428
f 126/653/2429 290/652/2430 656/723/2431 327/724/2432
f 290/652/2433 125/649/2434 326/722/2435 656/723/2436
f 656/723/2437 326/722/2438 146/192/2439 430/197/2440
f 327/724/2441 656/723/2442 430/197/2443 147/196/2444
f 127/657/2445 292/656/2446 657/725/2447 328/726/2448
f 292/656/2449 126/653/2450 327/724/2451 657/725/2452
f 657/725/2453 327/724/2454 147/196/2455 432/201/2456
f 328/726/2457 657/725/2458 432/201/2459 148/200/2460
f 128/661/2461 294/660/2462 658/727/2463 329/728/2464
f 294/660/2465 127/657/2466 328/726/2467 658/727/2468
f 658/727/2469 328/726/2470 148/200/2471 434/205/2472
f 329/728/2473 658/727/2474 434/205/2475 149/204/2476
f 129/665/2477 296/664/2478 659/729/2479 330/730/2480
f 296/664/2481 128/661/2482 329/728/2483 659/729/2484
f 659/729/2485 329/728/2486 149/204/2487 436/209/2488
f 330/730/2489 659/729/2490 436/209/2491 150/208/2492
f 130/669/2493 298/668/2494 660/731/2495 331/732/2496
f 298/668/2497 129/665/2498 330/730/2499 660/731/2500
f 660/731/2501 330/730/2502 150/208/2503 438/213/2504
f 331/732/2505 660/731/2506 438/213/2507 151/212/2508
f 131/673/2509 300/672/2510 661/733/2511 332/734/2512
f 300/672/2513 130/669/2514 331/732/2515 661/733/2516
f 661/733/2517 331/732/2518 151/212/2519 440/217/2520
f 332/734/2521 661/733/2522 440/217/2523 152/216/2524
f 132/677/2525 302/676/2526 662/735/2527 333/736/2528
f 302/676/2529 131/673/2530 332/734/2531 662/735/2532
f 662/735/2533 332/734/2534 152/216/2535 442/221/2536
f 333/736/2537 662/735/2538 442/221/2539 153/220/2540
f 133/681/2541 304/680/2542 663/737/2543 334/738/2544
f 304/680/2545 132/677/2546 333/736/2547 663/737/2548
f 663/737/2549 333/736/2550 153/220/2551 444/225/2552
f 334/738/2553 663/737/2554 444/225/2555 154/224/2556
f 134/685/2557 306/684/2558 664/739/2559 335/740/2560
f 306/684/2561 133/681/2562 334/738/2563 664/739/2564
f 664/739/2565 334/738/2566 154/224/2567 446/229/2568
f 335/740/2569 664/739/2570 446/229/2571 155/228/2572
f 135/689/2573 308/688/2574 665/741/2575 336/742/2576
f 308/688/2577 134/685/2578 335/740/2579 665/741/2580
f 665/741/2581 335/740/2582 155/228/2583 448/233/2584
f 336/742/2585 665/741/2586 448/233/2587 156/232/2588
f 136/693/2589 310/692/2590 666/743/2591 337/744/2592
f 310/692/2593 135/689/2594 336/742/2595 666/743/2596
f 666/743/2597 336/742/2598 156/232/2599 450/237/2600
f 337/744/2601 666/743/2602 450/237/2603 157/236/2604
f 137/697/2605 312/696/2606 667/745/2607 338/746/2608
f 312/696/2609 136/693/2610 337/744/2611 667/745/2612
f 667/745/2613 337/744/2614 157/236/2615 452/241/2616
f 338/746/2617 667/745/2618 452/241/2619 158/240/2620
f 138/701/2621 314/700/2622 668/747/2623 339/748/2624
f 314/700/2625 137/697/2626 338/746/2627 668/747/2628
f 668/747/2629 338/746/2630 158/240/2631 454/245/2632
f 339/748/2633 668/747/2634 454/245/2635 159/244/2636
f 139/705/2637 316/704/2638 669/749/2639 340/750/2640
f 316/704/2641 138/701/2642 339/748/2643 669/749/2644
f 669/749/2645 339/748/2646 159/244/2647 456/249/2648
f 340/750/2649 669/749/2650 456/249/2651 160/248/2652
f 140/709/2653 318/708/2654 670/751/2655 341/752/2656
f 318/708/2657 139/705/2658 340/750/2659 670/751/2660
f 670/751/2661 340/750/2662 160/248/2663 458/253/2664
f 341/752/2665 670/751/2666 458/253/2667 161/252/2668
f 141/713/2669 320/712/2670 671/753/2671 342/754/2672
f 320/712/2673 140/709/2674 341/752/2675 671/753/2676
f 671/753/2677 341/752/2678 161/252/2679 460/257/2680
f 342/754/2681 671/753/2682 460/257/2683 162/256/2684
f 122/639/2685 322/715/2686 672/755/2687 323/718/2688
f 322/715/2689 141/713/2690 342/754/2691 672/755/2692
f 672/755/2693 342/754/2694 162/256/2695 462/260/2696
f 323/718/2697 672/755/2698 462/260/2699 142/185/2700
f 673/756/2701 975/757/2702 1115/758/2703 978/759/2704
f 975/757/2705 674/760/2706 976/761/2707 1115/758/2708
f 1115/758/2709 976/761/2710 694/762/2711 977/763/2712
f 978/759/2713 1115/758/2714 977/763/2715 693/764/2716
f 734/765/2717 979/766/2718 1116/767/2719 982/768/2720
f 979/766/2721 735/769/2722 980/770/2723 1116/767/2724
f 1116/767/2725 980/770/2726 736/771/2727 981/772/2728
f 982/768/2729 1116/767/2730 981/772/2731 737/773/2732
f 675/774/2733 983/775/2734 1117/776/2735 986/777/2736
f 983/775/2737 676/778/2738 984/779/2739 1117/776/2740
f 1117/776/2741 984/779/2742 696/780/2743 985/781/2744
f 986/777/2745 1117/776/2746 985/781/2747 695/782/2748
f 738/783/2749 987/784/2750 1118/785/2751 990/786/2752
f 987/784/2753 739/787/2754 988/788/2755 1118/785/2756
f 1118/785/2757 988/788/2758 740/789/2759 989/790/2760
f 990/786/2761 1118/785/2762 989/790/2763 741/791/2764
f 677/792/2765 991/793/2766 1119/794/2767 994/795/2768
f 991/793/2769 678/796/2770 992/797/2771 1119/794/2772
f 1119/794/2773 992/797/2774 698/798/2775 993/799/2776
f 994/795/2777 1119/794/2778 993/799/2779 697/800/2780
f 742/801/2781 995/802/2782 1120/803/2783 998/804/2784
f 995/802/2785 743/805/2786 996/806/2787 1120/803/2788
f 1120/803/2789 996/806/2790 744/807/2791 997/808/2792
f 998/804/2793 1120/803/2794 997/808/2795 745/809/2796
f 679/810/2797 999/811/2798 1121/812/2799 1002/813/2800
f 999/811/2801 680/814/2802 1000/815/2803 1121/812/2804
f 1121/812/2805 1000/815/2806 700/816/2807 1001/817/2808
f 1002/813/2809 1121/812/2810 1001/817/2811 699/818/2812
f 746/819/2813 1003/820/2814 1122/821/2815 1006/822/2816
f 1003/820/2817 747/823/2818 1004/824/2819 1122/821/2820
f 1122/821/2821 1004/824/2822 748/825/2823 1005/826/2824
f 1006/822/2825 1122/821/2826 1005/826/2827 749/827/2828
f 681/828/2829 1007/829/2830 1123/830/2831 1010/831/2832
f 1007/829/2833 682/832/2834 1008/833/2835 1123/830/2836
f 1123/830/2837 1008/833/2838 702/834/2839 1009/835/2840
f 1010/831/2841 1123/830/2842 1009/835/2843 701/836/2844
f 750/837/2845 1011/838/2846 1124/839/2847 1014/840/2848
f 1011/838/2849 751/841/2850 1012/842/2851 1124/839/2852
f 1124/839/2853 1012/842/2854 752/843/2855 1013/844/2856
f 1014/840/2857 1124/839/2858 1013/844/2859 753/845/2860
f 683/846/2861 1015/847/2862 1125/848/2863 1018/849/2864
f 1015/847/2865 684/850/2866 1016/851/2867 1125/848/2868
f 1125/848/2869 1016/851/2870 704/852/2871 1017/853/2872
f 1018/849/2873 1125/848/2874 1017/853/2875 703/854/2876
f 754/855/2877 1019/856/2878 1126/857/2879 1022/858/2880
f 1019/856/2881 755/859/2882 1020/860/2883 1126/857/2884
f 1126/857/2885 1020/860/2886 756/861/2887 1021/862/2888
f 1022/858/2889 1126/857/2890 1021/862/2891 757/863/2892
f 685/864/2893 1023/865/2894 1127/866/2895 1026/867/2896
f 1023/865/2897 686/868/2898 1024/869/2899 1127/866/2900
f 1127/866/2901 1024/869/2902 706/870/2903 1025/871/2904
f 1026/867/2905 1127/866/2906 1025/871/2907 705/872/2908
f 758/873/2909 1027/874/2910 1128/875/2911 1030/876/2912
f 1027/874/2913 759/877/2914 1028/878/2915 1128/875/2916
f 1128/875/2917 1028/878/2918 760/879/2919 1029/880/2920
f 1030/876/2921 1128/875/2922 1029/880/2923 761/881/2924
f 687/882/2925 1031/883/2926 1129/884/2927 1034/885/2928
f 1031/883/2929 688/886/2930 1032/887/2931 1129/884/2932
f 1129/884/2933 1032/887/2934 708/888/2935 1033/889/2936
f 1034/885/2937 1129/884/2938 1033/889/2939 707/890/2940
f 762/891/2941 1035/892/2942 1130/893/2943 1038/894/2944
f 1035/892/2945 763/895/2946 1036/896/2947 1130/893/2948
f 1130/893/2949 1036/896/2950 764/897/2951 1037/898/2952
f 1038/894/2953 1130/893/2954 1037/898/2955 765/899/2956
f 689/900/2957 1039/901/2958 1131/902/2959 1042/903/2960
f 1039/901/2961 690/904/2962 1040/905/2963 1131/902/2964
f 1131/902/2965 1040/905/2966 710/906/2967 1041/907/2968
f 1042/903/2969 1131/902/2970 1041/907/2971 709/908/2972
f 766/909/2973 1043/910/2974 1132/911/2975 1046/912/2976
f 1043/910/2977 767/913/2978 1044/914/2979 1132/911/2980
f 1132/911/2981 1044/914/2982 768/915/2983 1045/916/2984
f 1046/912/2985 1132/911/2986 1045/916/2987 769/917/2988
f 691/918/2989 1047/919/2990 1133/920/2991 1050/921/2992
f 1047/919/2993 692/922/2994 1048/923/2995 1133/920/2996
f 1133/920/2997 1048/923/2998 712/924/2999 1049/925/3000
f 1050/921/3001 1133/920/3002 1049/925/3003 711/926/3004
f 770/927/3005 1051/928/3006 1134/929/3007 1054/930/3008
f 1051/928/3009 771/931/3010 1052/932/3011 1134/929/3012
f 1134/929/3013 1052/932/3014 772/933/3015 1053/934/3016
f 1054/930/3017 1134/929/3018 1053/934/3019 773/935/3020
f 674/936/3021 975/937/3022 1135/938/3023 1056/939/3024
f 673/940/3025 1055/941/3026 1135/938/3027 975/937/3028
f 713/942/3029 1056/939/3030 1135/938/3031 1055/941/3032
f 675/943/3033 1057/944/3034 1136/945/3035 1058/946/3036
f 674/936/3037 1056/939/3038 1136/945/3039 1057/944/3040
f 713/942/3041 1058/946/3042 1136/945/3043 1056/939/3044
f 676/947/3045 983/948/3046 1137/949/3047 1059/950/3048
f 675/943/3049 1058/946/3050 1137/949/3051 983/948/3052
f 713/942/3053 1059/950/3054 1137/949/3055 1058/946/3056
f 677/951/3057 1060/952/3058 1138/953/3059 1061/954/3060
f 676/947/3061 1059/950/3062 1138/953/3063 1060/952/3064
f 713/942/3065 1061/954/3066 1138/953/3067 1059/950/3068
f 678/955/3069 991/956/3070 1139/957/3071 1062/958/3072
f 677/951/3073 1061/954/3074 1139/957/3075 991/956/3076
f 713/942/3077 1062/958/3078 1139/957/3079 1061/954/3080
f 679/959/3081 1063/960/3082 1140/961/3083 1064/962/3084
f 678/955/3085 1062/958/3086 1140/961/3087 1063/960/3088
f 713/942/3089 1064/962/3090 1140/961/3091 1062/958/3092
f 680/963/3093 999/964/3094 1141/965/3095 1065/966/3096
f 679/959/3097 1064/962/3098 1141/965/3099 999/964/3100
f 713/942/3101 1065/966/3102 1141/965/3103 1064/962/3104
f 681/967/3105 1066/968/3106 1142/969/3107 1067/970/3108
f 680/963/3109 1065/966/3110 1142/969/3111 1066/968/3112
f 713/942/3113 1067/970/3114 1142/969/3115 1065/966/3116
f 682/971/3117 1007/972/3118 1143/973/3119 1068/974/3120
f 681/967/3121 1067/970/3122 1143/973/3123 1007/972/3124
f 713/942/3125 1068/974/3126 1143/973/3127 1067/970/3128
f 683/975/3129 1069/976/3130 1144/977/3131 1070/978/3132
f 682/971/3133 1068/974/3134 1144/977/3135 1069/976/3136
f 713/942/3137 1070/978/3138 1144/977/3139 1068/974/3140
f 684/979/3141 1015/980/3142 1145/981/3143 1071/982/3144
f 683/975/3145 1070/978/3146 1145/981/3147 1015/980/3148
f 713/942/3149 1071/982/3150 1145/981/3151 1070/978/3152
f 685/983/3153 1072/984/3154 1146/985/3155 1073/986/3156
f 684/979/3157 1071/982/3158 1146/985/3159 1072/984/3160
f 713/942/3161 1073/986/3162 1146/985/3163 1071/982/3164
f 686/987/3165 1023/988/3166 1147/989/3167 1074/990/3168
f 685/983/3169 1073/986/3170 1147/989/3171 1023/988/3172
f 713/942/3173 1074/990/3174 1147/989/3175 1073/986/3176
f 687/991/3177 1075/992/3178 1148/993/3179 1076/994/3180
f 686/987/3181 1074/990/3182 1148/993/3183 1075/992/3184
f 713/942/3185 1076/994/3186 1148/993/3187 1074/990/3188
f 688/995/3189 1031/996/3190 1149/997/3191 1077/998/3192
f 687/991/3193 1076/994/3194 1149/997/3195 1031/996/3196
f 713/942/3197 1077/998/3198 1149/997/3199 1076/994/3200
f 689/999/3201 1078/1000/3202 1150/1001/3203 1079/1002/3204
f 688/995/3205 1077/998/3206 1150/1001/3207 1078/1000/3208
f 713/942/3209 1079/1002/3210 1150/1001/3211 1077/998/3212
f 690/1003/3213 1039/1004/3214 1151/1005/3215 1080/1006/3216
f 689/999/3217 1079/1002/3218 1151/1005/3219 1039/1004/3220
f 713/942/3221 1080/1006/3222 1151/1005/3223 1079/1002/3224
f 691/1007/3225 1081/1008/3226 1152/1009/3227 1082/1010/3228
f 690/1003/3229 1080/1006/3230 1152/1009/3231 1081/1008/3232
f 713/942/3233 1082/1010/3234 1152/1009/3235 1080/1006/3236
f 692/1011/3237 1047/1012/3238 1153/1013/3239 1083/1014/3240
f 691/1007/3241 1082/1010/3242 1153/1013/3243 1047/1012/3244
f 713/942/3245 1083/1014/3246 1153/1013/3247 1082/1010/3248
f 673/940/3249 1084/1015/3250 1154/1016/3251 1055/941/3252
f 692/1011/3253 1083/1014/3254 1154/1016/3255 1084/1015/3256
f 713/942/3257 1055/941/3258 1154/1016/3259 1083/1014/3260
usemtl tractor1:pasted__lambert2SG
f 794/1017/3261 1085/1018/3262 1155/1019/3263 1087/1020/3264
f 795/1021/3265 1086/1022/3266 1155/1019/3267 1085/1018/3268
f 796/1023/3269 1087/1020/3270 1155/1019/3271 1086/1022/3272
f 795/1021/3273 1088/1024/3274 1156/1025/3275 1086/1022/3276
f 797/1026/3277 1089/1027/3278 1156/1025/3279 1088/1024/3280
f 796/1023/3281 1086/1022/3282 1156/1025/3283 1089/1027/3284
f 797/1026/3285 1090/1028/3286 1157/1029/3287 1089/1027/3288
f 798/1030/3289 1091/1031/3290 1157/1029/3291 1090/1028/3292
f 796/1023/3293 1089/1027/3294 1157/1029/3295 1091/1031/3296
f 798/1030/3297 1092/1032/3298 1158/1033/3299 1091/1031/3300
f 799/1034/3301 1093/1035/3302 1158/1033/3303 1092/1032/3304
f 796/1023/3305 1091/1031/3306 1158/1033/3307 1093/1035/3308
f 799/1034/3309 1094/1036/3310 1159/1037/3311 1093/1035/3312
f 800/1038/3313 1095/1039/3314 1159/1037/3315 1094/1036/3316
f 796/1023/3317 1093/1035/3318 1159/1037/3319 1095/1039/3320
f 800/1038/3321 1096/1040/3322 1160/1041/3323 1095/1039/3324
f 801/1042/3325 1097/1043/3326 1160/1041/3327 1096/1040/3328
f 796/1023/3329 1095/1039/3330 1160/1041/3331 1097/1043/3332
f 801/1042/3333 1098/1044/3334 1161/1045/3335 1097/1043/3336
f 802/1046/3337 1099/1047/3338 1161/1045/3339 1098/1044/3340
f 796/1023/3341 1097/1043/3342 1161/1045/3343 1099/1047/3344
f 802/1046/3345 1100/1048/3346 1162/1049/3347 1099/1047/3348
f 803/1050/3349 1101/1051/3350 1162/1049/3351 1100/1048/3352
f 796/1023/3353 1099/1047/3354 1162/1049/3355 1101/1051/3356
f 803/1050/3357 1102/1052/3358 1163/1053/3359 1101/1051/3360
f 804/1054/3361 1103/1055/3362 1163/1053/3363 1102/1052/3364
f 796/1023/3365 1101/1051/3366 1163/1053/3367 1103/1055/3368
f 804/1054/3369 1104/1056/3370 1164/1057/3371 1103/1055/3372
f 805/1058/3373 1105/1059/3374 1164/1057/3375 1104/1056/3376
f 796/1023/3377 1103/1055/3378 1164/1057/3379 1105/1059/3380
f 805/1058/3381 1106/1060/3382 1165/1061/3383 1105/1059/3384
f 806/1062/3385 1107/1063/3386 1165/1061/3387 1106/1060/3388
f 796/1023/3389 1105/1059/3390 1165/1061/3391 1107/1063/3392
f 806/1062/3393 1108/1064/3394 1166/1065/3395 1107/1063/3396
f 807/1066/3397 1109/1067/3398 1166/1065/3399 1108/1064/3400
f 796/1023/3401 1107/1063/3402 1166/1065/3403 1109/1067/3404
f 807/1066/3405 1110/1068/3406 1167/1069/3407 1109/1067/3408
f 808/1070/3409 1111/1071/3410 1167/1069/3411 1110/1068/3412
f 796/1023/3413 1109/1067/3414 1167/1069/3415 1111/1071/3416
f 808/1070/3417 1112/1072/3418 1168/1073/3419 1111/1071/3420
f 809/1074/3421 1113/1075/3422 1168/1073/3423 1112/1072/3424
f 796/1023/3425 1111/1071/3426 1168/1073/3427 1113/1075/3428
f 809/1074/3429 1114/1076/3430 1169/1077/3431 1113/1075/3432
f 810/1078/3433 815/1079/3434 1169/1077/3435 1114/1076/3436
f 796/1023/3437 1113/1075/3438 1169/1077/3439 815/1079/3440
f 810/1078/3441 816/1080/3442 1170/1081/3443 815/1079/3444
f 811/1082/3445 817/1083/3446 1170/1081/3447 816/1080/3448
f 796/1023/3449 815/1079/3450 1170/1081/3451 817/1083/3452
f 811/1082/3453 818/1084/3454 1171/1085/3455 817/1083/3456
f 812/1086/3457 819/1087/3458 1171/1085/3459 818/1084/3460
f 796/1023/3461 817/1083/3462 1171/1085/3463 819/1087/3464
f 812/1086/3465 820/1088/3466 1172/1089/3467 819/1087/3468
f 813/1090/3469 821/1091/3470 1172/1089/3471 820/1088/3472
f 796/1023/3473 819/1087/3474 1172/1089/3475 821/1091/3476
f 813/1090/3477 822/1092/3478 1173/1093/3479 821/1091/3480
f 814/1094/3481 823/1095/3482 1173/1093/3483 822/1092/3484
f 796/1023/3485 821/1091/3486 1173/1093/3487 823/1095/3488
f 814/1094/3489 824/1096/3490 1174/1097/3491 823/1095/3492
f 794/1017/3493 1087/1020/3494 1174/1097/3495 824/1096/3496
f 796/1023/3497 823/1095/3498 1174/1097/3499 1087/1020/3500
usemtl tractor1:pasted__lambert3SG
f 693/1098/3501 977/1099/3502 1175/1100/3503 827/1101/3504
f 977/1099/3505 694/1102/3506 825/1103/3507 1175/1100/3508
f 1175/1100/3509 825/1103/3510 715/1104/3511 826/1105/3512
f 827/1101/3513 1175/1100/3514 826/1105/3515 714/1106/3516
f 694/1102/3517 828/1107/3518 1176/1108/3519 825/1103/3520
f 828/1107/3521 695/1109/3522 829/1110/3523 1176/1108/3524
f 1176/1108/3525 829/1110/3526 716/1111/3527 830/1112/3528
f 825/1103/3529 1176/1108/3530 830/1112/3531 715/1104/3532
f 695/1109/3533 985/1113/3534 1177/1114/3535 829/1110/3536
f 985/1113/3537 696/1115/3538 831/1116/3539 1177/1114/3540
f 1177/1114/3541 831/1116/3542 717/1117/3543 832/1118/3544
f 829/1110/3545 1177/1114/3546 832/1118/3547 716/1111/3548
f 696/1115/3549 833/1119/3550 1178/1120/3551 831/1116/3552
f 833/1119/3553 697/1121/3554 834/1122/3555 1178/1120/3556
f 1178/1120/3557 834/1122/3558 718/1123/3559 835/1124/3560
f 831/1116/3561 1178/1120/3562 835/1124/3563 717/1117/3564
f 697/1121/3565 993/1125/3566 1179/1126/3567 834/1122/3568
f 993/1125/3569 698/1127/3570 836/1128/3571 1179/1126/3572
f 1179/1126/3573 836/1128/3574 719/1129/3575 837/1130/3576
f 834/1122/3577 1179/1126/3578 837/1130/3579 718/1123/3580
f 698/1127/3581 838/1131/3582 1180/1132/3583 836/1128/3584
f 838/1131/3585 699/1133/3586 839/1134/3587 1180/1132/3588
f 1180/1132/3589 839/1134/3590 720/1135/3591 840/1136/3592
f 836/1128/3593 1180/1132/3594 840/1136/3595 719/1129/3596
f 699/1133/3597 1001/1137/3598 1181/1138/3599 839/1134/3600
f 1001/1137/3601 700/1139/3602 841/1140/3603 1181/1138/3604
f 1181/1138/3605 841/1140/3606 721/1141/3607 842/1142/3608
f 839/1134/3609 1181/1138/3610 842/1142/3611 720/1135/3612
f 700/1139/3613 843/1143/3614 1182/1144/3615 841/1140/3616
f 843/1143/3617 701/1145/3618 844/1146/3619 1182/1144/3620
f 1182/1144/3621 844/1146/3622 722/1147/3623 845/1148/3624
f 841/1140/3625 1182/1144/3626 845/1148/3627 721/1141/3628
f 701/1145/3629 1009/1149/3630 1183/1150/3631 844/1146/3632
f 1009/1149/3633 702/1151/3634 846/1152/3635 1183/1150/3636
f 1183/1150/3637 846/1152/3638 723/1153/3639 847/1154/3640
f 844/1146/3641 1183/1150/3642 847/1154/3643 722/1147/3644
f 702/1151/3645 848/1155/3646 1184/1156/3647 846/1152/3648
f 848/1155/3649 703/1157/3650 849/1158/3651 1184/1156/3652
f 1184/1156/3653 849/1158/3654 724/1159/3655 850/1160/3656
f 846/1152/3657 1184/1156/3658 850/1160/3659 723/1153/3660
f 703/1157/3661 1017/1161/3662 1185/1162/3663 849/1158/3664
f 1017/1161/3665 704/1163/3666 851/1164/3667 1185/1162/3668
f 1185/1162/3669 851/1164/3670 725/1165/3671 852/1166/3672
f 849/1158/3673 1185/1162/3674 852/1166/3675 724/1159/3676
f 704/1163/3677 853/1167/3678 1186/1168/3679 851/1164/3680
f 853/1167/3681 705/1169/3682 854/1170/3683 1186/1168/3684
f 1186/1168/3685 854/1170/3686 726/1171/3687 855/1172/3688
f 851/1164/3689 1186/1168/3690 855/1172/3691 725/1165/3692
f 705/1169/3693 1025/1173/3694 1187/1174/3695 854/1170/3696
f 1025/1173/3697 706/1175/3698 856/1176/3699 1187/1174/3700
f 1187/1174/3701 856/1176/3702 727/1177/3703 857/1178/3704
f 854/1170/3705 1187/1174/3706 857/1178/3707 726/1171/3708
f 706/1175/3709 858/1179/3710 1188/1180/3711 856/1176/3712
f 858/1179/3713 707/1181/3714 859/1182/3715 1188/1180/3716
f 1188/1180/3717 859/1182/3718 728/1183/3719 860/1184/3720
f 856/1176/3721 1188/1180/3722 860/1184/3723 727/1177/3724
f 707/1181/3725 1033/1185/3726 1189/1186/3727 859/1182/3728
f 1033/1185/3729 708/1187/3730 861/1188/3731 1189/1186/3732
f 1189/1186/3733 861/1188/3734 729/1189/3735 862/1190/3736
f 859/1182/3737 1189/1186/3738 862/1190/3739 728/1183/3740
f 708/1187/3741 863/1191/3742 1190/1192/3743 861/1188/3744
f 863/1191/3745 709/1193/3746 864/1194/3747 1190/1192/3748
f 1190/1192/3749 864/1194/3750 730/1195/3751 865/1196/3752
f 861/1188/3753 1190/1192/3754 865/1196/3755 729/1189/3756
f 709/1193/3757 1041/1197/3758 1191/1198/3759 864/1194/3760
f 1041/1197/3761 710/1199/3762 866/1200/3763 1191/1198/3764
f 1191/1198/3765 866/1200/3766 731/1201/3767 867/1202/3768
f 864/1194/3769 1191/1198/3770 867/1202/3771 730/1195/3772
f 710/1199/3773 868/1203/3774 1192/1204/3775 866/1200/3776
f 868/1203/3777 711/1205/3778 869/1206/3779 1192/1204/3780
f 1192/1204/3781 869/1206/3782 732/1207/3783 870/1208/3784
f 866/1200/3785 1192/1204/3786 870/1208/3787 731/1201/3788
f 711/1205/3789 1049/1209/3790 1193/1210/3791 869/1206/3792
f 1049/1209/3793 712/1211/3794 871/1212/3795 1193/1210/3796
f 1193/1210/3797 871/1212/3798 733/1213/3799 872/1214/3800
f 869/1206/3801 1193/1210/3802 872/1214/3803 732/1207/3804
f 712/1211/3805 873/1215/3806 1194/1216/3807 871/1212/3808
f 873/1215/3809 693/1098/3810 827/1101/3811 1194/1216/3812
f 1194/1216/3813 827/1101/3814 714/1106/3815 874/1217/3816
f 871/1212/3817 1194/1216/3818 874/1217/3819 733/1213/3820
f 674/760/3821 1057/1218/3822 1195/1219/3823 876/1220/3824
f 1057/1218/3825 675/774/3826 875/1221/3827 1195/1219/3828
f 1195/1219/3829 875/1221/3830 735/769/3831 979/766/3832
f 876/1220/3833 1195/1219/3834 979/766/3835 734/765/3836
f 675/774/3837 986/777/3838 1196/1222/3839 875/1221/3840
f 986/777/3841 695/782/3842 877/1223/3843 1196/1222/3844
f 1196/1222/3845 877/1223/3846 736/771/3847 980/770/3848
f 875/1221/3849 1196/1222/3850 980/770/3851 735/769/3852
f 695/782/3853 828/1224/3854 1197/1225/3855 877/1223/3856
f 828/1224/3857 694/762/3858 878/1226/3859 1197/1225/3860
f 1197/1225/3861 878/1226/3862 737/773/3863 981/772/3864
f 877/1223/3865 1197/1225/3866 981/772/3867 736/771/3868
f 694/762/3869 976/761/3870 1198/1227/3871 878/1226/3872
f 976/761/3873 674/760/3874 876/1220/3875 1198/1227/3876
f 1198/1227/3877 876/1220/3878 734/765/3879 982/768/3880
f 878/1226/3881 1198/1227/3882 982/768/3883 737/773/3884
f 676/778/3885 1060/1228/3886 1199/1229/3887 880/1230/3888
f 1060/1228/3889 677/792/3890 879/1231/3891 1199/1229/3892
f 1199/1229/3893 879/1231/3894 739/787/3895 987/784/3896
f 880/1230/3897 1199/1229/3898 987/784/3899 738/783/3900
f 677/792/3901 994/795/3902 1200/1232/3903 879/1231/3904
f 994/795/3905 697/800/3906 881/1233/3907 1200/1232/3908
f 1200/1232/3909 881/1233/3910 740/789/3911 988/788/3912
f 879/1231/3913 1200/1232/3914 988/788/3915 739/787/3916
f 697/800/3917 833/1234/3918 1201/1235/3919 881/1233/3920
f 833/1234/3921 696/780/3922 882/1236/3923 1201/1235/3924
f 1201/1235/3925 882/1236/3926 741/791/3927 989/790/3928
f 881/1233/3929 1201/1235/3930 989/790/3931 740/789/3932
f 696/780/3933 984/779/3934 1202/1237/3935 882/1236/3936
f 984/779/3937 676/778/3938 880/1230/3939 1202/1237/3940
f 1202/1237/3941 880/1230/3942 738/783/3943 990/786/3944
f 882/1236/3945 1202/1237/3946 990/786/3947 741/791/3948
f 678/796/3949 1063/1238/3950 1203/1239/3951 884/1240/3952
f 1063/1238/3953 679/810/3954 883/1241/3955 1203/1239/3956
f 1203/1239/3957 883/1241/3958 743/805/3959 995/802/3960
f 884/1240/3961 1203/1239/3962 995/802/3963 742/801/3964
f 679/810/3965 1002/813/3966 1204/1242/3967 883/1241/3968
f 1002/813/3969 699/818/3970 885/1243/3971 1204/1242/3972
f 1204/1242/3973 885/1243/3974 744/807/3975 996/806/3976
f 883/1241/3977 1204/1242/3978 996/806/3979 743/805/3980
f 699/818/3981 838/1244/3982 1205/1245/3983 885/1243/3984
f 838/1244/3985 698/798/3986 886/1246/3987 1205/1245/3988
f 1205/1245/3989 886/1246/3990 745/809/3991 997/808/3992
f 885/1243/3993 1205/1245/3994 997/808/3995 744/807/3996
f 698/798/3997 992/797/3998 1206/1247/3999 886/1246/4000
f 992/797/4001 678/796/4002 884/1240/4003 1206/1247/4004
f 1206/1247/4005 884/1240/4006 742/801/4007 998/804/4008
f 886/1246/4009 1206/1247/4010 998/804/4011 745/809/4012
f 680/814/4013 1066/1248/4014 1207/1249/4015 888/1250/4016
f 1066/1248/4017 681/828/4018 887/1251/4019 1207/1249/4020
f 1207/1249/4021 887/1251/4022 747/823/4023 1003/820/4024
f 888/1250/4025 1207/1249/4026 1003/820/4027 746/819/4028
f 681/828/4029 1010/831/4030 1208/1252/4031 887/1251/4032
f 1010/831/4033 701/836/4034 889/1253/4035 1208/1252/4036
f 1208/1252/4037 889/1253/4038 748/825/4039 1004/824/4040
f 887/1251/4041 1208/1252/4042 1004/824/4043 747/823/4044
f 701/836/4045 843/1254/4046 1209/1255/4047 889/1253/4048
f 843/1254/4049 700/816/4050 890/1256/4051 1209/1255/4052
f 1209/1255/4053 890/1256/4054 749/827/4055 1005/826/4056
f 889/1253/4057 1209/1255/4058 1005/826/4059 748/825/4060
f 700/816/4061 1000/815/4062 1210/1257/4063 890/1256/4064
f 1000/815/4065 680/814/4066 888/1250/4067 1210/1257/4068
f 1210/1257/4069 888/1250/4070 746/819/4071 1006/822/4072
f 890/1256/4073 1210/1257/4074 1006/822/4075 749/827/4076
f 682/832/4077 1069/1258/4078 1211/1259/4079 892/1260/4080
f 1069/1258/4081 683/846/4082 891/1261/4083 1211/1259/4084
f 1211/1259/4085 891/1261/4086 751/841/4087 1011/838/4088
f 892/1260/4089 1211/1259/4090 1011/838/4091 750/837/4092
f 683/846/4093 1018/849/4094 1212/1262/4095 891/1261/4096
f 1018/849/4097 703/854/4098 893/1263/4099 1212/1262/4100
f 1212/1262/4101 893/1263/4102 752/843/4103 1012/842/4104
f 891/1261/4105 1212/1262/4106 1012/842/4107 751/841/4108
f 703/854/4109 848/1264/4110 1213/1265/4111 893/1263/4112
f 848/1264/4113 702/834/4114 894/1266/4115 1213/1265/4116
f 1213/1265/4117 894/1266/4118 753/845/4119 1013/844/4120
f 893/1263/4121 1213/1265/4122 1013/844/4123 752/843/4124
f 702/834/4125 1008/833/4126 1214/1267/4127 894/1266/4128
f 1008/833/4129 682/832/4130 892/1260/4131 1214/1267/4132
f 1214/1267/4133 892/1260/4134 750/837/4135 1014/840/4136
f 894/1266/4137 1214/1267/4138 1014/840/4139 753/845/4140
f 684/850/4141 1072/1268/4142 1215/1269/4143 896/1270/4144
f 1072/1268/4145 685/864/4146 895/1271/4147 1215/1269/4148
f 1215/1269/4149 895/1271/4150 755/859/4151 1019/856/4152
f 896/1270/4153 1215/1269/4154 1019/856/4155 754/855/4156
f 685/864/4157 1026/867/4158 1216/1272/4159 895/1271/4160
f 1026/867/4161 705/872/4162 897/1273/4163 1216/1272/4164
f 1216/1272/4165 897/1273/4166 756/861/4167 1020/860/4168
f 895/1271/4169 1216/1272/4170 1020/860/4171 755/859/4172
f 705/872/4173 853/1274/4174 1217/1275/4175 897/1273/4176
f 853/1274/4177 704/852/4178 898/1276/4179 1217/1275/4180
f 1217/1275/4181 898/1276/4182 757/863/4183 1021/862/4184
f 897/1273/4185 1217/1275/4186 1021/862/4187 756/861/4188
f 704/852/4189 1016/851/4190 1218/1277/4191 898/1276/4192
f 1016/851/4193 684/850/4194 896/1270/4195 1218/1277/4196
f 1218/1277/4197 896/1270/4198 754/855/4199 1022/858/4200
f 898/1276/4201 1218/1277/4202 1022/858/4203 757/863/4204
f 686/868/4205 1075/1278/4206 1219/1279/4207 900/1280/4208
f 1075/1278/4209 687/882/4210 899/1281/4211 1219/1279/4212
f 1219/1279/4213 899/1281/4214 759/877/4215 1027/874/4216
f 900/1280/4217 1219/1279/4218 1027/874/4219 758/873/4220
f 687/882/4221 1034/885/4222 1220/1282/4223 899/1281/4224
f 1034/885/4225 707/890/4226 901/1283/4227 1220/1282/4228
f 1220/1282/4229 901/1283/4230 760/879/4231 1028/878/4232
f 899/1281/4233 1220/1282/4234 1028/878/4235 759/877/4236
f 707/890/4237 858/1284/4238 1221/1285/4239 901/1283/4240
f 858/1284/4241 706/870/4242 902/1286/4243 1221/1285/4244
f 1221/1285/4245 902/1286/4246 761/881/4247 1029/880/4248
f 901/1283/4249 1221/1285/4250 1029/880/4251 760/879/4252
f 706/870/4253 1024/869/4254 1222/1287/4255 902/1286/4256
f 1024/869/4257 686/868/4258 900/1280/4259 1222/1287/4260
f 1222/1287/4261 900/1280/4262 758/873/4263 1030/876/4264
f 902/1286/4265 1222/1287/4266 1030/876/4267 761/881/4268
f 688/886/4269 1078/1288/4270 1223/1289/4271 904/1290/4272
f 1078/1288/4273 689/900/4274 903/1291/4275 1223/1289/4276
f 1223/1289/4277 903/1291/4278 763/895/4279 1035/892/4280
f 904/1290/4281 1223/1289/4282 1035/892/4283 762/891/4284
f 689/900/4285 1042/903/4286 1224/1292/4287 903/1291/4288
f 1042/903/4289 709/908/4290 905/1293/4291 1224/1292/4292
f 1224/1292/4293 905/1293/4294 764/897/4295 1036/896/4296
f 903/1291/4297 1224/1292/4298 1036/896/4299 763/895/4300
f 709/908/4301 863/1294/4302 1225/1295/4303 905/1293/4304
f 863/1294/4305 708/888/4306 906/1296/4307 1225/1295/4308
f 1225/1295/4309 906/1296/4310 765/899/4311 1037/898/4312
f 905/1293/4313 1225/1295/4314 1037/898/4315 764/897/4316
f 708/888/4317 1032/887/4318 1226/1297/4319 906/1296/4320
f 1032/887/4321 688/886/4322 904/1290/4323 1226/1297/4324
f 1226/1297/4325 904/1290/4326 762/891/4327 1038/894/4328
f 906/1296/4329 1226/1297/4330 1038/894/4331 765/899/4332
f 690/904/4333 1081/1298/4334 1227/1299/4335 908/1300/4336
f 1081/1298/4337 691/918/4338 907/1301/4339 1227/1299/4340
f 1227/1299/4341 907/1301/4342 767/913/4343 1043/910/4344
f 908/1300/4345 1227/1299/4346 1043/910/4347 766/909/4348
f 691/918/4349 1050/921/4350 1228/1302/4351 907/1301/4352
f 1050/921/4353 711/926/4354 909/1303/4355 1228/1302/4356
f 1228/1302/4357 909/1303/4358 768/915/4359 1044/914/4360
f 907/1301/4361 1228/1302/4362 1044/914/4363 767/913/4364
f 711/926/4365 868/1304/4366 1229/1305/4367 909/1303/4368
f 868/1304/4369 710/906/4370 910/1306/4371 1229/1305/4372
f 1229/1305/4373 910/1306/4374 769/917/4375 1045/916/4376
f 909/1303/4377 1229/1305/4378 1045/916/4379 768/915/4380
f 710/906/4381 1040/905/4382 1230/1307/4383 910/1306/4384
f 1040/905/4385 690/904/4386 908/1300/4387 1230/1307/4388
f 1230/1307/4389 908/1300/4390 766/909/4391 1046/912/4392
f 910/1306/4393 1230/1307/4394 1046/912/4395 769/917/4396
f 692/922/4397 1084/1308/4398 1231/1309/4399 912/1310/4400
f 1084/1308/4401 673/1311/4402 911/1312/4403 1231/1309/4404
f 1231/1309/4405 911/1312/4406 771/931/4407 1051/928/4408
f 912/1310/4409 1231/1309/4410 1051/928/4411 770/927/4412
f 673/1311/4413 978/1313/4414 1232/1314/4415 911/1312/4416
f 978/1313/4417 693/1315/4418 913/1316/4419 1232/1314/4420
f 1232/1314/4421 913/1316/4422 772/933/4423 1052/932/4424
f 911/1312/4425 1232/1314/4426 1052/932/4427 771/931/4428
f 693/1315/4429 873/1317/4430 1233/1318/4431 913/1316/4432
f 873/1317/4433 712/924/4434 914/1319/4435 1233/1318/4436
f 1233/1318/4437 914/1319/4438 773/935/4439 1053/934/4440
f 913/1316/4441 1233/1318/4442 1053/934/4443 772/933/4444
f 712/924/4445 1048/923/4446 1234/1320/4447 914/1319/4448
f 1048/923/4449 692/922/4450 912/1310/4451 1234/1320/4452
f 1234/1320/4453 912/1310/4454 770/927/4455 1054/930/4456
f 914/1319/4457 1234/1320/4458 1054/930/4459 773/935/4460
f 714/1106/4461 826/1105/4462 1235/1321/4463 917/1322/4464
f 826/1105/4465 715/1104/4466 915/1323/4467 1235/1321/4468
f 1235/1321/4469 915/1323/4470 775/1324/4471 916/1325/4472
f 917/1322/4473 1235/1321/4474 916/1325/4475 774/1326/4476
f 715/1104/4477 830/1112/4478 1236/1327/4479 915/1323/4480
f 830/1112/4481 716/1111/4482 918/1328/4483 1236/1327/4484
f 1236/1327/4485 918/1328/4486 776/1329/4487 919/1330/4488
f 915/1323/4489 1236/1327/4490 919/1330/4491 775/1324/4492
f 716/1111/4493 832/1118/4494 1237/1331/4495 918/1328/4496
f 832/1118/4497 717/1117/4498 920/1332/4499 1237/1331/4500
f 1237/1331/4501 920/1332/4502 777/1333/4503 921/1334/4504
f 918/1328/4505 1237/1331/4506 921/1334/4507 776/1329/4508
f 717/1117/4509 835/1124/4510 1238/1335/4511 920/1332/4512
f 835/1124/4513 718/1123/4514 922/1336/4515 1238/1335/4516
f 1238/1335/4517 922/1336/4518 778/1337/4519 923/1338/4520
f 920/1332/4521 1238/1335/4522 923/1338/4523 777/1333/4524
f 718/1123/4525 837/1130/4526 1239/1339/4527 922/1336/4528
f 837/1130/4529 719/1129/4530 924/1340/4531 1239/1339/4532
f 1239/1339/4533 924/1340/4534 779/1341/4535 925/1342/4536
f 922/1336/4537 1239/1339/4538 925/1342/4539 778/1337/4540
f 719/1129/4541 840/1136/4542 1240/1343/4543 924/1340/4544
f 840/1136/4545 720/1135/4546 926/1344/4547 1240/1343/4548
f 1240/1343/4549 926/1344/4550 780/1345/4551 927/1346/4552
f 924/1340/4553 1240/1343/4554 927/1346/4555 779/1341/4556
f 720/1135/4557 842/1142/4558 1241/1347/4559 926/1344/4560
f 842/1142/4561 721/1141/4562 928/1348/4563 1241/1347/4564
f 1241/1347/4565 928/1348/4566 781/1349/4567 929/1350/4568
f 926/1344/4569 1241/1347/4570 929/1350/4571 780/1345/4572
f 721/1141/4573 845/1148/4574 1242/1351/4575 928/1348/4576
f 845/1148/4577 722/1147/4578 930/1352/4579 1242/1351/4580
f 1242/1351/4581 930/1352/4582 782/1353/4583 931/1354/4584
f 928/1348/4585 1242/1351/4586 931/1354/4587 781/1349/4588
f 722/1147/4589 847/1154/4590 1243/1355/4591 930/1352/4592
f 847/1154/4593 723/1153/4594 932/1356/4595 1243/1355/4596
f 1243/1355/4597 932/1356/4598 783/1357/4599 933/1358/4600
f 930/1352/4601 1243/1355/4602 933/1358/4603 782/1353/4604
f 723/1153/4605 850/1160/4606 1244/1359/4607 932/1356/4608
f 850/1160/4609 724/1159/4610 934/1360/4611 1244/1359/4612
f 1244/1359/4613 934/1360/4614 784/1361/4615 935/1362/4616
f 932/1356/4617 1244/1359/4618 935/1362/4619 783/1357/4620
f 724/1159/4621 852/1166/4622 1245/1363/4623 934/1360/4624
f 852/1166/4625 725/1165/4626 936/1364/4627 1245/1363/4628
f 1245/1363/4629 936/1364/4630 785/1365/4631 937/1366/4632
f 934/1360/4633 1245/1363/4634 937/1366/4635 784/1361/4636
f 725/1165/4637 855/1172/4638 1246/1367/4639 936/1364/4640
f 855/1172/4641 726/1171/4642 938/1368/4643 1246/1367/4644
f 1246/1367/4645 938/1368/4646 786/1369/4647 939/1370/4648
f 936/1364/4649 1246/1367/4650 939/1370/4651 785/1365/4652
f 726/1171/4653 857/1178/4654 1247/1371/4655 938/1368/4656
f 857/1178/4657 727/1177/4658 940/1372/4659 1247/1371/4660
f 1247/1371/4661 940/1372/4662 787/1373/4663 941/1374/4664
f 938/1368/4665 1247/1371/4666 941/1374/4667 786/1369/4668
f 727/1177/4669 860/1184/4670 1248/1375/4671 940/1372/4672
f 860/1184/4673 728/1183/4674 942/1376/4675 1248/1375/4676
f 1248/1375/4677 942/1376/4678 788/1377/4679 943/1378/4680
f 940/1372/4681 1248/1375/4682 943/1378/4683 787/1373/4684
f 728/1183/4685 862/1190/4686 1249/1379/4687 942/1376/4688
f 862/1190/4689 729/1189/4690 944/1380/4691 1249/1379/4692
f 1249/1379/4693 944/1380/4694 789/1381/4695 945/1382/4696
f 942/1376/4697 1249/1379/4698 945/1382/4699 788/1377/4700
f 729/1189/4701 865/1196/4702 1250/1383/4703 944/1380/4704
f 865/1196/4705 730/1195/4706 946/1384/4707 1250/1383/4708
f 1250/1383/4709 946/1384/4710 790/1385/4711 947/1386/4712
f 944/1380/4713 1250/1383/4714 947/1386/4715 789/1381/4716
f 730/1195/4717 867/1202/4718 1251/1387/4719 946/1384/4720
f 867/1202/4721 731/1201/4722 948/1388/4723 1251/1387/4724
f 1251/1387/4725 948/1388/4726 791/1389/4727 949/1390/4728
f 946/1384/4729 1251/1387/4730 949/1390/4731 790/1385/4732
f 731/1201/4733 870/1208/4734 1252/1391/4735 948/1388/4736
f 870/1208/4737 732/1207/4738 950/1392/4739 1252/1391/4740
f 1252/1391/4741 950/1392/4742 792/1393/4743 951/1394/4744
f 948/1388/4745 1252/1391/4746 951/1394/4747 791/1389/4748
f 732/1207/4749 872/1214/4750 1253/1395/4751 950/1392/4752
f 872/1214/4753 733/1213/4754 952/1396/4755 1253/1395/4756
f 1253/1395/4757 952/1396/4758 793/1397/4759 953/1398/4760
f 950/1392/4761 1253/1395/4762 953/1398/4763 792/1393/4764
f 733/1213/4765 874/1217/4766 1254/1399/4767 952/1396/4768
f 874/1217/4769 714/1106/4770 917/1322/4771 1254/1399/4772
f 1254/1399/4773 917/1322/4774 774/1326/4775 954/1400/4776
f 952/1396/4777 1254/1399/4778 954/1400/4779 793/1397/4780
f 774/1326/4781 916/1325/4782 1255/1401/4783 956/1402/4784
f 916/1325/4785 775/1324/4786 955/1403/4787 1255/1401/4788
f 1255/1401/4789 955/1403/4790 795/1021/4791 1085/1018/4792
f 956/1402/4793 1255/1401/4794 1085/1018/4795 794/1017/4796
f 775/1324/4797 919/1330/4798 1256/1404/4799 955/1403/4800
f 919/1330/4801 776/1329/4802 957/1405/4803 1256/1404/4804
f 1256/1404/4805 957/1405/4806 797/1026/4807 1088/1024/4808
f 955/1403/4809 1256/1404/4810 1088/1024/4811 795/1021/4812
f 776/1329/4813 921/1334/4814 1257/1406/4815 957/1405/4816
f 921/1334/4817 777/1333/4818 958/1407/4819 1257/1406/4820
f 1257/1406/4821 958/1407/4822 798/1030/4823 1090/1028/4824
f 957/1405/4825 1257/1406/4826 1090/1028/4827 797/1026/4828
f 777/1333/4829 923/1338/4830 1258/1408/4831 958/1407/4832
f 923/1338/4833 778/1337/4834 959/1409/4835 1258/1408/4836
f 1258/1408/4837 959/1409/4838 799/1034/4839 1092/1032/4840
f 958/1407/4841 1258/1408/4842 1092/1032/4843 798/1030/4844
f 778/1337/4845 925/1342/4846 1259/1410/4847 959/1409/4848
f 925/1342/4849 779/1341/4850 960/1411/4851 1259/1410/4852
f 1259/1410/4853 960/1411/4854 800/1038/4855 1094/1036/4856
f 959/1409/4857 1259/1410/4858 1094/1036/4859 799/1034/4860
f 779/1341/4861 927/1346/4862 1260/1412/4863 960/1411/4864
f 927/1346/4865 780/1345/4866 961/1413/4867 1260/1412/4868
f 1260/1412/4869 961/1413/4870 801/1042/4871 1096/1040/4872
f 960/1411/4873 1260/1412/4874 1096/1040/4875 800/1038/4876
f 780/1345/4877 929/1350/4878 1261/1414/4879 961/1413/4880
f 929/1350/4881 781/1349/4882 962/1415/4883 1261/1414/4884
f 1261/1414/4885 962/1415/4886 802/1046/4887 1098/1044/4888
f 961/1413/4889 1261/1414/4890 1098/1044/4891 801/1042/4892
f 781/1349/4893 931/1354/4894 1262/1416/4895 962/1415/4896
f 931/1354/4897 782/1353/4898 963/1417/4899 1262/1416/4900
f 1262/1416/4901 963/1417/4902 803/1050/4903 1100/1048/4904
f 962/1415/4905 1262/1416/4906 1100/1048/4907 802/1046/4908
f 782/1353/4909 933/1358/4910 1263/1418/4911 963/1417/4912
f 933/1358/4913 783/1357/4914 964/1419/4915 1263/1418/4916
f 1263/1418/4917 964/1419/4918 804/1054/4919 1102/1052/4920
f 963/1417/4921 1263/1418/4922 1102/1052/4923 803/1050/4924
f 783/1357/4925 935/1362/4926 1264/1420/4927 964/1419/4928
f 935/1362/4929 784/1361/4930 965/1421/4931 1264/1420/4932
f 1264/1420/4933 965/1421/4934 805/1058/4935 1104/1056/4936
f 964/1419/4937 1264/1420/4938 1104/1056/4939 804/1054/4940
f 784/1361/4941 937/1366/4942 1265/1422/4943 965/1421/4944
f 937/1366/4945 785/1365/4946 966/1423/4947 1265/1422/4948
f 1265/1422/4949 966/1423/4950 806/1062/4951 1106/1060/4952
f 965/1421/4953 1265/1422/4954 1106/1060/4955 805/1058/4956
f 785/1365/4957 939/1370/4958 1266/1424/4959 966/1423/4960
f 939/1370/4961 786/1369/4962 967/1425/4963 1266/1424/4964
f 1266/1424/4965 967/1425/4966 807/1066/4967 1108/1064/4968
f 966/1423/4969 1266/1424/4970 1108/1064/4971 806/1062/4972
f 786/1369/4973 941/1374/4974 1267/1426/4975 967/1425/4976
f 941/1374/4977 787/1373/4978 968/1427/4979 1267/1426/4980
f 1267/1426/4981 968/1427/4982 808/1070/4983 1110/1068/4984
f 967/1425/4985 1267/1426/4986 1110/1068/4987 807/1066/4988
f 787/1373/4989 943/1378/4990 1268/1428/4991 968/1427/4992
f 943/1378/4993 788/1377/4994 969/1429/4995 1268/1428/4996
f 1268/1428/4997 969/1429/4998 809/1074/4999 1112/1072/5000
f 968/1427/5001 1268/1428/5002 1112/1072/5003 808/1070/5004
f 788/1377/5005 945/1382/5006 1269/1430/5007 969/1429/5008
f 945/1382/5009 789/1381/5010 970/1431/5011 1269/1430/5012
f 1269/1430/5013 970/1431/5014 810/1078/5015 1114/1076/5016
f 969/1429/5017 1269/1430/5018 1114/1076/5019 809/1074/5020
f 789/1381/5021 947/1386/5022 1270/1432/5023 970/1431/5024
f 947/1386/5025 790/1385/5026 971/1433/5027 1270/1432/5028
f 1270/1432/5029 971/1433/5030 811/1082/5031 816/1080/5032
f 970/1431/5033 1270/1432/5034 816/1080/5035 810/1078/5036
f 790/1385/5037 949/1390/5038 1271/1434/5039 971/1433/5040
f 949/1390/5041 791/1389/5042 972/1435/5043 1271/1434/5044
f 1271/1434/5045 972/1435/5046 812/1086/5047 818/1084/5048
f 971/1433/5049 1271/1434/5050 818/1084/5051 811/1082/5052
f 791/1389/5053 951/1394/5054 1272/1436/5055 972/1435/5056
f 951/1394/5057 792/1393/5058 973/1437/5059 1272/1436/5060
f 1272/1436/5061 973/1437/5062 813/1090/5063 820/1088/5064
f 972/1435/5065 1272/1436/5066 820/1088/5067 812/1086/5068
f 792/1393/5069 953/1398/5070 1273/1438/5071 973/1437/5072
f 953/1398/5073 793/1397/5074 974/1439/5075 1273/1438/5076
f 1273/1438/5077 974/1439/5078 814/1094/5079 822/1092/5080
f 973/1437/5081 1273/1438/5082 822/1092/5083 813/1090/5084
f 793/1397/5085 954/1400/5086 1274/1440/5087 974/1439/5088
f 954/1400/5089 774/1326/5090 956/1402/5091 1274/1440/5092
f 1274/1440/5093 956/1402/5094 794/1017/5095 824/1096/5096
f 974/1439/5097 1274/1440/5098 824/1096/5099 814/1094/5100
f 1275/1441/5101 1581/1442/5102 1723/1443/5103 1584/1444/5104
f 1581/1442/5105 1276/1445/5106 1582/1446/5107 1723/1443/5108
f 1723/1443/5109 1582/1446/5110 1296/1447/5111 1583/1448/5112
f 1584/1444/5113 1723/1443/5114 1583/1448/5115 1295/1449/5116
f 1336/1450/5117 1585/1451/5118 1724/1452/5119 1588/1453/5120
f 1585/1451/5121 1337/1454/5122 1586/1455/5123 1724/1452/5124
f 1724/1452/5125 1586/1455/5126 1338/1456/5127 1587/1457/5128
f 1588/1453/5129 1724/1452/5130 1587/1457/5131 1339/1458/5132
f 1277/1459/5133 1589/1460/5134 1725/1461/5135 1592/1462/5136
f 1589/1460/5137 1278/1463/5138 1590/1464/5139 1725/1461/5140
f 1725/1461/5141 1590/1464/5142 1298/1465/5143 1591/1466/5144
f 1592/1462/5145 1725/1461/5146 1591/1466/5147 1297/1467/5148
f 1340/1468/5149 1593/1469/5150 1726/1470/5151 1596/1471/5152
f 1593/1469/5153 1341/1472/5154 1594/1473/5155 1726/1470/5156
f 1726/1470/5157 1594/1473/5158 1342/1474/5159 1595/1475/5160
f 1596/1471/5161 1726/1470/5162 1595/1475/5163 1343/1476/5164
f 1279/1477/5165 1597/1478/5166 1727/1479/5167 1600/1480/5168
f 1597/1478/5169 1280/1481/5170 1598/1482/5171 1727/1479/5172
f 1727/1479/5173 1598/1482/5174 1300/1483/5175 1599/1484/5176
f 1600/1480/5177 1727/1479/5178 1599/1484/5179 1299/1485/5180
f 1344/1486/5181 1601/1487/5182 1728/1488/5183 1604/1489/5184
f 1601/1487/5185 1345/1490/5186 1602/1491/5187 1728/1488/5188
f 1728/1488/5189 1602/1491/5190 1346/1492/5191 1603/1493/5192
f 1604/1489/5193 1728/1488/5194 1603/1493/5195 1347/1494/5196
f 1281/1495/5197 1605/1496/5198 1729/1497/5199 1608/1498/5200
f 1605/1496/5201 1282/1499/5202 1606/1500/5203 1729/1497/5204
f 1729/1497/5205 1606/1500/5206 1302/1501/5207 1607/1502/5208
f 1608/1498/5209 1729/1497/5210 1607/1502/5211 1301/1503/5212
f 1348/1504/5213 1609/1505/5214 1730/1506/5215 1612/1507/5216
f 1609/1505/5217 1349/1508/5218 1610/1509/5219 1730/1506/5220
f 1730/1506/5221 1610/1509/5222 1350/1510/5223 1611/1511/5224
f 1612/1507/5225 1730/1506/5226 1611/1511/5227 1351/1512/5228
f 1283/1513/5229 1613/1514/5230 1731/1515/5231 1616/1516/5232
f 1613/1514/5233 1284/1517/5234 1614/1518/5235 1731/1515/5236
f 1731/1515/5237 1614/1518/5238 1304/1519/5239 1615/1520/5240
f 1616/1516/5241 1731/1515/5242 1615/1520/5243 1303/1521/5244
f 1352/1522/5245 1617/1523/5246 1732/1524/5247 1620/1525/5248
f 1617/1523/5249 1353/1526/5250 1618/1527/5251 1732/1524/5252
f 1732/1524/5253 1618/1527/5254 1354/1528/5255 1619/1529/5256
f 1620/1525/5257 1732/1524/5258 1619/1529/5259 1355/1530/5260
f 1285/1531/5261 1621/1532/5262 1733/1533/5263 1624/1534/5264
f 1621/1532/5265 1286/1535/5266 1622/1536/5267 1733/1533/5268
f 1733/1533/5269 1622/1536/5270 1306/1537/5271 1623/1538/5272
f 1624/1534/5273 1733/1533/5274 1623/1538/5275 1305/1539/5276
f 1356/1540/5277 1625/1541/5278 1734/1542/5279 1628/1543/5280
f 1625/1541/5281 1357/1544/5282 1626/1545/5283 1734/1542/5284
f 1734/1542/5285 1626/1545/5286 1358/1546/5287 1627/1547/5288
f 1628/1543/5289 1734/1542/5290 1627/1547/5291 1359/1548/5292
f 1287/1549/5293 1629/1550/5294 1735/1551/5295 1632/1552/5296
f 1629/1550/5297 1288/1553/5298 1630/1554/5299 1735/1551/5300
f 1735/1551/5301 1630/1554/5302 1308/1555/5303 1631/1556/5304
f 1632/1552/5305 1735/1551/5306 1631/1556/5307 1307/1557/5308
f 1360/1558/5309 1633/1559/5310 1736/1560/5311 1636/1561/5312
f 1633/1559/5313 1361/1562/5314 1634/1563/5315 1736/1560/5316
f 1736/1560/5317 1634/1563/5318 1362/1564/5319 1635/1565/5320
f 1636/1561/5321 1736/1560/5322 1635/1565/5323 1363/1566/5324
f 1289/1567/5325 1637/1568/5326 1737/1569/5327 1640/1570/5328
f 1637/1568/5329 1290/1571/5330 1638/1572/5331 1737/1569/5332
f 1737/1569/5333 1638/1572/5334 1310/1573/5335 1639/1574/5336
f 1640/1570/5337 1737/1569/5338 1639/1574/5339 1309/1575/5340
f 1364/1576/5341 1641/1577/5342 1738/1578/5343 1644/1579/5344
f 1641/1577/5345 1365/1580/5346 1642/1581/5347 1738/1578/5348
f 1738/1578/5349 1642/1581/5350 1366/1582/5351 1643/1583/5352
f 1644/1579/5353 1738/1578/5354 1643/1583/5355 1367/1584/5356
f 1291/1585/5357 1645/1586/5358 1739/1587/5359 1648/1588/5360
f 1645/1586/5361 1292/1589/5362 1646/1590/5363 1739/1587/5364
f 1739/1587/5365 1646/1590/5366 1312/1591/5367 1647/1592/5368
f 1648/1588/5369 1739/1587/5370 1647/1592/5371 1311/1593/5372
f 1368/1594/5373 1649/1595/5374 1740/1596/5375 1652/1597/5376
f 1649/1595/5377 1369/1598/5378 1650/1599/5379 1740/1596/5380
f 1740/1596/5381 1650/1599/5382 1370/1600/5383 1651/1601/5384
f 1652/1597/5385 1740/1596/5386 1651/1601/5387 1371/1602/5388
f 1293/1603/5389 1653/1604/5390 1741/1605/5391 1656/1606/5392
f 1653/1604/5393 1294/1607/5394 1654/1608/5395 1741/1605/5396
f 1741/1605/5397 1654/1608/5398 1314/1609/5399 1655/1610/5400
f 1656/1606/5401 1741/1605/5402 1655/1610/5403 1313/1611/5404
f 1372/1612/5405 1657/1613/5406 1742/1614/5407 1660/1615/5408
f 1657/1613/5409 1373/1616/5410 1658/1617/5411 1742/1614/5412
f 1742/1614/5413 1658/1617/5414 1374/1618/5415 1659/1619/5416
f 1660/1615/5417 1742/1614/5418 1659/1619/5419 1375/1620/5420
f 1276/1621/5421 1581/1622/5422 1743/1623/5423 1662/1624/5424
f 1275/1625/5425 1661/1626/5426 1743/1623/5427 1581/1622/5428
f 1315/1627/5429 1662/1624/5430 1743/1623/5431 1661/1626/5432
f 1277/1628/5433 1663/1629/5434 1744/1630/5435 1664/1631/5436
f 1276/1621/5437 1662/1624/5438 1744/1630/5439 1663/1629/5440
f 1315/1627/5441 1664/1631/5442 1744/1630/5443 1662/1624/5444
f 1278/1632/5445 1589/1633/5446 1745/1634/5447 1665/1635/5448
f 1277/1628/5449 1664/1631/5450 1745/1634/5451 1589/1633/5452
f 1315/1627/5453 1665/1635/5454 1745/1634/5455 1664/1631/5456
f 1279/1636/5457 1666/1637/5458 1746/1638/5459 1667/1639/5460
f 1278/1632/5461 1665/1635/5462 1746/1638/5463 1666/1637/5464
f 1315/1627/5465 1667/1639/5466 1746/1638/5467 1665/1635/5468
f 1280/1640/5469 1597/1641/5470 1747/1642/5471 1668/1643/5472
f 1279/1636/5473 1667/1639/5474 1747/1642/5475 1597/1641/5476
f 1315/1627/5477 1668/1643/5478 1747/1642/5479 1667/1639/5480
f 1281/1644/5481 1669/1645/5482 1748/1646/5483 1670/1647/5484
f 1280/1640/5485 1668/1643/5486 1748/1646/5487 1669/1645/5488
f 1315/1627/5489 1670/1647/5490 1748/1646/5491 1668/1643/5492
f 1282/1648/5493 1605/1649/5494 1749/1650/5495 1671/1651/5496
f 1281/1644/5497 1670/1647/5498 1749/1650/5499 1605/1649/5500
f 1315/1627/5501 1671/1651/5502 1749/1650/5503 1670/1647/5504
f 1283/1652/5505 1672/1653/5506 1750/1654/5507 1673/1655/5508
f 1282/1648/5509 1671/1651/5510 1750/1654/5511 1672/1653/5512
f 1315/1627/5513 1673/1655/5514 1750/1654/5515 1671/1651/5516
f 1284/1656/5517 1613/1657/5518 1751/1658/5519 1674/1659/5520
f 1283/1652/5521 1673/1655/5522 1751/1658/5523 1613/1657/5524
f 1315/1627/5525 1674/1659/5526 1751/1658/5527 1673/1655/5528
f 1285/1660/5529 1675/1661/5530 1752/1662/5531 1676/1663/5532
f 1284/1656/5533 1674/1659/5534 1752/1662/5535 1675/1661/5536
f 1315/1627/5537 1676/1663/5538 1752/1662/5539 1674/1659/5540
f 1286/1664/5541 1621/1665/5542 1753/1666/5543 1677/1667/5544
f 1285/1660/5545 1676/1663/5546 1753/1666/5547 1621/1665/5548
f 1315/1627/5549 1677/1667/5550 1753/1666/5551 1676/1663/5552
f 1287/1668/5553 1678/1669/5554 1754/1670/5555 1679/1671/5556
f 1286/1664/5557 1677/1667/5558 1754/1670/5559 1678/1669/5560
f 1315/1627/5561 1679/1671/5562 1754/1670/5563 1677/1667/5564
f 1288/1672/5565 1629/1673/5566 1755/1674/5567 1680/1675/5568
f 1287/1668/5569 1679/1671/5570 1755/1674/5571 1629/1673/5572
f 1315/1627/5573 1680/1675/5574 1755/1674/5575 1679/1671/5576
f 1289/1676/5577 1681/1677/5578 1756/1678/5579 1682/1679/5580
f 1288/1672/5581 1680/1675/5582 1756/1678/5583 1681/1677/5584
f 1315/1627/5585 1682/1679/5586 1756/1678/5587 1680/1675/5588
f 1290/1680/5589 1637/1681/5590 1757/1682/5591 1683/1683/5592
f 1289/1676/5593 1682/1679/5594 1757/1682/5595 1637/1681/5596
f 1315/1627/5597 1683/1683/5598 1757/1682/5599 1682/1679/5600
f 1291/1684/5601 1684/1685/5602 1758/1686/5603 1685/1687/5604
f 1290/1680/5605 1683/1683/5606 1758/1686/5607 1684/1685/5608
f 1315/1627/5609 1685/1687/5610 1758/1686/5611 1683/1683/5612
f 1292/1688/5613 1645/1689/5614 1759/1690/5615 1686/1691/5616
f 1291/1684/5617 1685/1687/5618 1759/1690/5619 1645/1689/5620
f 1315/1627/5621 1686/1691/5622 1759/1690/5623 1685/1687/5624
f 1293/1692/5625 1687/1693/5626 1760/1694/5627 1688/1695/5628
f 1292/1688/5629 1686/1691/5630 1760/1694/5631 1687/1693/5632
f 1315/1627/5633 1688/1695/5634 1760/1694/5635 1686/1691/5636
f 1294/1696/5637 1653/1697/5638 1761/1698/5639 1689/1699/5640
f 1293/1692/5641 1688/1695/5642 1761/1698/5643 1653/1697/5644
f 1315/1627/5645 1689/1699/5646 1761/1698/5647 1688/1695/5648
f 1275/1625/5649 1690/1700/5650 1762/1701/5651 1661/1626/5652
f 1294/1696/5653 1689/1699/5654 1762/1701/5655 1690/1700/5656
f 1315/1627/5657 1661/1626/5658 1762/1701/5659 1689/1699/5660
usemtl tractor1:pasted__lambert2SG
f 1398/1702/5661 1691/1703/5662 1763/1704/5663 1693/1705/5664
f 1399/1706/5665 1692/1707/5666 1763/1704/5667 1691/1703/5668
f 1400/1708/5669 1693/1705/5670 1763/1704/5671 1692/1707/5672
f 1399/1706/5673 1694/1709/5674 1764/1710/5675 1692/1707/5676
f 1401/1711/5677 1695/1712/5678 1764/1710/5679 1694/1709/5680
f 1400/1708/5681 1692/1707/5682 1764/1710/5683 1695/1712/5684
f 1401/1711/5685 1696/1713/5686 1765/1714/5687 1695/1712/5688
f 1402/1715/5689 1697/1716/5690 1765/1714/5691 1696/1713/5692
f 1400/1708/5693 1695/1712/5694 1765/1714/5695 1697/1716/5696
f 1402/1715/5697 1698/1717/5698 1766/1718/5699 1697/1716/5700
f 1403/1719/5701 1699/1720/5702 1766/1718/5703 1698/1717/5704
f 1400/1708/5705 1697/1716/5706 1766/1718/5707 1699/1720/5708
f 1403/1719/5709 1700/1721/5710 1767/1722/5711 1699/1720/5712
f 1404/1723/5713 1701/1724/5714 1767/1722/5715 1700/1721/5716
f 1400/1708/5717 1699/1720/5718 1767/1722/5719 1701/1724/5720
f 1404/1723/5721 1702/1725/5722 1768/1726/5723 1701/1724/5724
f 1405/1727/5725 1703/1728/5726 1768/1726/5727 1702/1725/5728
f 1400/1708/5729 1701/1724/5730 1768/1726/5731 1703/1728/5732
f 1405/1727/5733 1704/1729/5734 1769/1730/5735 1703/1728/5736
f 1406/1731/5737 1705/1732/5738 1769/1730/5739 1704/1729/5740
f 1400/1708/5741 1703/1728/5742 1769/1730/5743 1705/1732/5744
f 1406/1731/5745 1706/1733/5746 1770/1734/5747 1705/1732/5748
f 1407/1735/5749 1707/1736/5750 1770/1734/5751 1706/1733/5752
f 1400/1708/5753 1705/1732/5754 1770/1734/5755 1707/1736/5756
f 1407/1735/5757 1708/1737/5758 1771/1738/5759 1707/1736/5760
f 1408/1739/5761 1709/1740/5762 1771/1738/5763 1708/1737/5764
f 1400/1708/5765 1707/1736/5766 1771/1738/5767 1709/1740/5768
f 1408/1739/5769 1710/1741/5770 1772/1742/5771 1709/1740/5772
f 1409/1743/5773 1711/1744/5774 1772/1742/5775 1710/1741/5776
f 1400/1708/5777 1709/1740/5778 1772/1742/5779 1711/1744/5780
f 1409/1743/5781 1712/1745/5782 1773/1746/5783 1711/1744/5784
f 1410/1747/5785 1713/1748/5786 1773/1746/5787 1712/1745/5788
f 1400/1708/5789 1711/1744/5790 1773/1746/5791 1713/1748/5792
f 1410/1747/5793 1714/1749/5794 1774/1750/5795 1713/1748/5796
f 1411/1751/5797 1715/1752/5798 1774/1750/5799 1714/1749/5800
f 1400/1708/5801 1713/1748/5802 1774/1750/5803 1715/1752/5804
f 1411/1751/5805 1716/1753/5806 1775/1754/5807 1715/1752/5808
f 1412/1755/5809 1717/1756/5810 1775/1754/5811 1716/1753/5812
f 1400/1708/5813 1715/1752/5814 1775/1754/5815 1717/1756/5816
f 1412/1755/5817 1718/1757/5818 1776/1758/5819 1717/1756/5820
f 1413/1759/5821 1719/1760/5822 1776/1758/5823 1718/1757/5824
f 1400/1708/5825 1717/1756/5826 1776/1758/5827 1719/1760/5828
f 1413/1759/5829 1720/1761/5830 1777/1762/5831 1719/1760/5832
f 1414/1763/5833 1721/1764/5834 1777/1762/5835 1720/1761/5836
f 1400/1708/5837 1719/1760/5838 1777/1762/5839 1721/1764/5840
f 1414/1763/5841 1722/1765/5842 1778/1766/5843 1721/1764/5844
f 1415/1767/5845 1419/1768/5846 1778/1766/5847 1722/1765/5848
f 1400/1708/5849 1721/1764/5850 1778/1766/5851 1419/1768/5852
f 1415/1767/5853 1420/1769/5854 1779/1770/5855 1419/1768/5856
f 1416/1771/5857 1421/1772/5858 1779/1770/5859 1420/1769/5860
f 1400/1708/5861 1419/1768/5862 1779/1770/5863 1421/1772/5864
f 1416/1771/5865 1422/1773/5866 1780/1774/5867 1421/1772/5868
f 1417/1775/5869 1423/1776/5870 1780/1774/5871 1422/1773/5872
f 1400/1708/5873 1421/1772/5874 1780/1774/5875 1423/1776/5876
f 1417/1775/5877 1424/1777/5878 1781/1778/5879 1423/1776/5880
f 1418/1779/5881 1425/1780/5882 1781/1778/5883 1424/1777/5884
f 1400/1708/5885 1423/1776/5886 1781/1778/5887 1425/1780/5888
f 1418/1779/5889 1426/1781/5890 1782/1782/5891 1425/1780/5892
f 1398/1702/5893 1693/1705/5894 1782/1782/5895 1426/1781/5896
f 1400/1708/5897 1425/1780/5898 1782/1782/5899 1693/1705/5900
usemtl tractor1:pasted__lambert3SG
f 1295/1783/5901 1583/1784/5902 1783/1785/5903 1429/1786/5904
f 1583/1784/5905 1296/1787/5906 1427/1788/5907 1783/1785/5908
f 1783/1785/5909 1427/1788/5910 1317/1789/5911 1428/1790/5912
f 1429/1786/5913 1783/1785/5914 1428/1790/5915 1316/1791/5916
f 1296/1787/5917 1430/1792/5918 1784/1793/5919 1427/1788/5920
f 1430/1792/5921 1297/1794/5922 1431/1795/5923 1784/1793/5924
f 1784/1793/5925 1431/1795/5926 1318/1796/5927 1432/1797/5928
f 1427/1788/5929 1784/1793/5930 1432/1797/5931 1317/1789/5932
f 1297/1794/5933 1591/1798/5934 1785/1799/5935 1431/1795/5936
f 1591/1798/5937 1298/1800/5938 1433/1801/5939 1785/1799/5940
f 1785/1799/5941 1433/1801/5942 1319/1802/5943 1434/1803/5944
f 1431/1795/5945 1785/1799/5946 1434/1803/5947 1318/1796/5948
f 1298/1800/5949 1435/1804/5950 1786/1805/5951 1433/1801/5952
f 1435/1804/5953 1299/1806/5954 1436/1807/5955 1786/1805/5956
f 1786/1805/5957 1436/1807/5958 1320/1808/5959 1437/1809/5960
f 1433/1801/5961 1786/1805/5962 1437/1809/5963 1319/1802/5964
f 1299/1806/5965 1599/1810/5966 1787/1811/5967 1436/1807/5968
f 1599/1810/5969 1300/1812/5970 1438/1813/5971 1787/1811/5972
f 1787/1811/5973 1438/1813/5974 1321/1814/5975 1439/1815/5976
f 1436/1807/5977 1787/1811/5978 1439/1815/5979 1320/1808/5980
f 1300/1812/5981 1440/1816/5982 1788/1817/5983 1438/1813/5984
f 1440/1816/5985 1301/1818/5986 1441/1819/5987 1788/1817/5988
f 1788/1817/5989 1441/1819/5990 1322/1820/5991 1442/1821/5992
f 1438/1813/5993 1788/1817/5994 1442/1821/5995 1321/1814/5996
f 1301/1818/5997 1607/1822/5998 1789/1823/5999 1441/1819/6000
f 1607/1822/6001 1302/1824/6002 1443/1825/6003 1789/1823/6004
f 1789/1823/6005 1443/1825/6006 1323/1826/6007 1444/1827/6008
f 1441/1819/6009 1789/1823/6010 1444/1827/6011 1322/1820/6012
f 1302/1824/6013 1445/1828/6014 1790/1829/6015 1443/1825/6016
f 1445/1828/6017 1303/1830/6018 1446/1831/6019 1790/1829/6020
f 1790/1829/6021 1446/1831/6022 1324/1832/6023 1447/1833/6024
f 1443/1825/6025 1790/1829/6026 1447/1833/6027 1323/1826/6028
f 1303/1830/6029 1615/1834/6030 1791/1835/6031 1446/1831/6032
f 1615/1834/6033 1304/1836/6034 1448/1837/6035 1791/1835/6036
f 1791/1835/6037 1448/1837/6038 1325/1838/6039 1449/1839/6040
f 1446/1831/6041 1791/1835/6042 1449/1839/6043 1324/1832/6044
f 1304/1836/6045 1450/1840/6046 1792/1841/6047 1448/1837/6048
f 1450/1840/6049 1305/1842/6050 1451/1843/6051 1792/1841/6052
f 1792/1841/6053 1451/1843/6054 1326/1844/6055 1452/1845/6056
f 1448/1837/6057 1792/1841/6058 1452/1845/6059 1325/1838/6060
f 1305/1842/6061 1623/1846/6062 1793/1847/6063 1451/1843/6064
f 1623/1846/6065 1306/1848/6066 1453/1849/6067 1793/1847/6068
f 1793/1847/6069 1453/1849/6070 1327/1850/6071 1454/1851/6072
f 1451/1843/6073 1793/1847/6074 1454/1851/6075 1326/1844/6076
f 1396/1852/6077 1455/1853/6078 1794/1854/6079 1458/1855/6080
f 1455/1853/6081 1397/1856/6082 1456/1857/6083 1794/1854/6084
f 1794/1854/6085 1456/1857/6086 1388/1858/6087 1457/1859/6088
f 1458/1855/6089 1794/1854/6090 1457/1859/6091 1387/1860/6092
f 1307/1861/6093 1631/1862/6094 1795/1863/6095 1461/1864/6096
f 1631/1862/6097 1308/1865/6098 1459/1866/6099 1795/1863/6100
f 1795/1863/6101 1459/1866/6102 1329/1867/6103 1460/1868/6104
f 1461/1864/6105 1795/1863/6106 1460/1868/6107 1328/1869/6108
f 1308/1865/6109 1462/1870/6110 1796/1871/6111 1459/1866/6112
f 1462/1870/6113 1309/1872/6114 1463/1873/6115 1796/1871/6116
f 1796/1871/6117 1463/1873/6118 1330/1874/6119 1464/1875/6120
f 1459/1866/6121 1796/1871/6122 1464/1875/6123 1329/1867/6124
f 1309/1872/6125 1639/1876/6126 1797/1877/6127 1463/1873/6128
f 1639/1876/6129 1310/1878/6130 1465/1879/6131 1797/1877/6132
f 1797/1877/6133 1465/1879/6134 1331/1880/6135 1466/1881/6136
f 1463/1873/6137 1797/1877/6138 1466/1881/6139 1330/1874/6140
f 1310/1878/6141 1467/1882/6142 1798/1883/6143 1465/1879/6144
f 1467/1882/6145 1311/1884/6146 1468/1885/6147 1798/1883/6148
f 1798/1883/6149 1468/1885/6150 1332/1886/6151 1469/1887/6152
f 1465/1879/6153 1798/1883/6154 1469/1887/6155 1331/1880/6156
f 1311/1884/6157 1647/1888/6158 1799/1889/6159 1468/1885/6160
f 1647/1888/6161 1312/1890/6162 1470/1891/6163 1799/1889/6164
f 1799/1889/6165 1470/1891/6166 1333/1892/6167 1471/1893/6168
f 1468/1885/6169 1799/1889/6170 1471/1893/6171 1332/1886/6172
f 1312/1890/6173 1472/1894/6174 1800/1895/6175 1470/1891/6176
f 1472/1894/6177 1313/1896/6178 1473/1897/6179 1800/1895/6180
f 1800/1895/6181 1473/1897/6182 1334/1898/6183 1474/1899/6184
f 1470/1891/6185 1800/1895/6186 1474/1899/6187 1333/1892/6188
f 1313/1896/6189 1655/1900/6190 1801/1901/6191 1473/1897/6192
f 1655/1900/6193 1314/1902/6194 1475/1903/6195 1801/1901/6196
f 1801/1901/6197 1475/1903/6198 1335/1904/6199 1476/1905/6200
f 1473/1897/6201 1801/1901/6202 1476/1905/6203 1334/1898/6204
f 1314/1902/6205 1477/1906/6206 1802/1907/6207 1475/1903/6208
f 1477/1906/6209 1295/1783/6210 1429/1786/6211 1802/1907/6212
f 1802/1907/6213 1429/1786/6214 1316/1791/6215 1478/1908/6216
f 1475/1903/6217 1802/1907/6218 1478/1908/6219 1335/1904/6220
f 1276/1445/6221 1663/1909/6222 1803/1910/6223 1480/1911/6224
f 1663/1909/6225 1277/1459/6226 1479/1912/6227 1803/1910/6228
f 1803/1910/6229 1479/1912/6230 1337/1454/6231 1585/1451/6232
f 1480/1911/6233 1803/1910/6234 1585/1451/6235 1336/1450/6236
f 1277/1459/6237 1592/1462/6238 1804/1913/6239 1479/1912/6240
f 1592/1462/6241 1297/1467/6242 1481/1914/6243 1804/1913/6244
f 1804/1913/6245 1481/1914/6246 1338/1456/6247 1586/1455/6248
f 1479/1912/6249 1804/1913/6250 1586/1455/6251 1337/1454/6252
f 1297/1467/6253 1430/1915/6254 1805/1916/6255 1481/1914/6256
f 1430/1915/6257 1296/1447/6258 1482/1917/6259 1805/1916/6260
f 1805/1916/6261 1482/1917/6262 1339/1458/6263 1587/1457/6264
f 1481/1914/6265 1805/1916/6266 1587/1457/6267 1338/1456/6268
f 1296/1447/6269 1582/1446/6270 1806/1918/6271 1482/1917/6272
f 1582/1446/6273 1276/1445/6274 1480/1911/6275 1806/1918/6276
f 1806/1918/6277 1480/1911/6278 1336/1450/6279 1588/1453/6280
f 1482/1917/6281 1806/1918/6282 1588/1453/6283 1339/1458/6284
f 1278/1463/6285 1666/1919/6286 1807/1920/6287 1484/1921/6288
f 1666/1919/6289 1279/1477/6290 1483/1922/6291 1807/1920/6292
f 1807/1920/6293 1483/1922/6294 1341/1472/6295 1593/1469/6296
f 1484/1921/6297 1807/1920/6298 1593/1469/6299 1340/1468/6300
f 1279/1477/6301 1600/1480/6302 1808/1923/6303 1483/1922/6304
f 1600/1480/6305 1299/1485/6306 1485/1924/6307 1808/1923/6308
f 1808/1923/6309 1485/1924/6310 1342/1474/6311 1594/1473/6312
f 1483/1922/6313 1808/1923/6314 1594/1473/6315 1341/1472/6316
f 1299/1485/6317 1435/1925/6318 1809/1926/6319 1485/1924/6320
f 1435/1925/6321 1298/1465/6322 1486/1927/6323 1809/1926/6324
f 1809/1926/6325 1486/1927/6326 1343/1476/6327 1595/1475/6328
f 1485/1924/6329 1809/1926/6330 1595/1475/6331 1342/1474/6332
f 1298/1465/6333 1590/1464/6334 1810/1928/6335 1486/1927/6336
f 1590/1464/6337 1278/1463/6338 1484/1921/6339 1810/1928/6340
f 1810/1928/6341 1484/1921/6342 1340/1468/6343 1596/1471/6344
f 1486/1927/6345 1810/1928/6346 1596/1471/6347 1343/1476/6348
f 1280/1481/6349 1669/1929/6350 1811/1930/6351 1488/1931/6352
f 1669/1929/6353 1281/1495/6354 1487/1932/6355 1811/1930/6356
f 1811/1930/6357 1487/1932/6358 1345/1490/6359 1601/1487/6360
f 1488/1931/6361 1811/1930/6362 1601/1487/6363 1344/1486/6364
f 1281/1495/6365 1608/1498/6366 1812/1933/6367 1487/1932/6368
f 1608/1498/6369 1301/1503/6370 1489/1934/6371 1812/1933/6372
f 1812/1933/6373 1489/1934/6374 1346/1492/6375 1602/1491/6376
f 1487/1932/6377 1812/1933/6378 1602/1491/6379 1345/1490/6380
f 1301/1503/6381 1440/1935/6382 1813/1936/6383 1489/1934/6384
f 1440/1935/6385 1300/1483/6386 1490/1937/6387 1813/1936/6388
f 1813/1936/6389 1490/1937/6390 1347/1494/6391 1603/1493/6392
f 1489/1934/6393 1813/1936/6394 1603/1493/6395 1346/1492/6396
f 1300/1483/6397 1598/1482/6398 1814/1938/6399 1490/1937/6400
f 1598/1482/6401 1280/1481/6402 1488/1931/6403 1814/1938/6404
f 1814/1938/6405 1488/1931/6406 1344/1486/6407 1604/1489/6408
f 1490/1937/6409 1814/1938/6410 1604/1489/6411 1347/1494/6412
f 1282/1499/6413 1672/1939/6414 1815/1940/6415 1492/1941/6416
f 1672/1939/6417 1283/1513/6418 1491/1942/6419 1815/1940/6420
f 1815/1940/6421 1491/1942/6422 1349/1508/6423 1609/1505/6424
f 1492/1941/6425 1815/1940/6426 1609/1505/6427 1348/1504/6428
f 1283/1513/6429 1616/1516/6430 1816/1943/6431 1491/1942/6432
f 1616/1516/6433 1303/1521/6434 1493/1944/6435 1816/1943/6436
f 1816/1943/6437 1493/1944/6438 1350/1510/6439 1610/1509/6440
f 1491/1942/6441 1816/1943/6442 1610/1509/6443 1349/1508/6444
f 1303/1521/6445 1445/1945/6446 1817/1946/6447 1493/1944/6448
f 1445/1945/6449 1302/1501/6450 1494/1947/6451 1817/1946/6452
f 1817/1946/6453 1494/1947/6454 1351/1512/6455 1611/1511/6456
f 1493/1944/6457 1817/1946/6458 1611/1511/6459 1350/1510/6460
f 1302/1501/6461 1606/1500/6462 1818/1948/6463 1494/1947/6464
f 1606/1500/6465 1282/1499/6466 1492/1941/6467 1818/1948/6468
f 1818/1948/6469 1492/1941/6470 1348/1504/6471 1612/1507/6472
f 1494/1947/6473 1818/1948/6474 1612/1507/6475 1351/1512/6476
f 1284/1517/6477 1675/1949/6478 1819/1950/6479 1496/1951/6480
f 1675/1949/6481 1285/1531/6482 1495/1952/6483 1819/1950/6484
f 1819/1950/6485 1495/1952/6486 1353/1526/6487 1617/1523/6488
f 1496/1951/6489 1819/1950/6490 1617/1523/6491 1352/1522/6492
f 1285/1531/6493 1624/1534/6494 1820/1953/6495 1495/1952/6496
f 1624/1534/6497 1305/1539/6498 1497/1954/6499 1820/1953/6500
f 1820/1953/6501 1497/1954/6502 1354/1528/6503 1618/1527/6504
f 1495/1952/6505 1820/1953/6506 1618/1527/6507 1353/1526/6508
f 1305/1539/6509 1450/1955/6510 1821/1956/6511 1497/1954/6512
f 1450/1955/6513 1304/1519/6514 1498/1957/6515 1821/1956/6516
f 1821/1956/6517 1498/1957/6518 1355/1530/6519 1619/1529/6520
f 1497/1954/6521 1821/1956/6522 1619/1529/6523 1354/1528/6524
f 1304/1519/6525 1614/1518/6526 1822/1958/6527 1498/1957/6528
f 1614/1518/6529 1284/1517/6530 1496/1951/6531 1822/1958/6532
f 1822/1958/6533 1496/1951/6534 1352/1522/6535 1620/1525/6536
f 1498/1957/6537 1822/1958/6538 1620/1525/6539 1355/1530/6540
f 1286/1535/6541 1678/1959/6542 1823/1960/6543 1500/1961/6544
f 1678/1959/6545 1287/1549/6546 1499/1962/6547 1823/1960/6548
f 1823/1960/6549 1499/1962/6550 1357/1544/6551 1625/1541/6552
f 1500/1961/6553 1823/1960/6554 1625/1541/6555 1356/1540/6556
f 1287/1549/6557 1632/1552/6558 1824/1963/6559 1499/1962/6560
f 1632/1552/6561 1307/1557/6562 1501/1964/6563 1824/1963/6564
f 1824/1963/6565 1501/1964/6566 1358/1546/6567 1626/1545/6568
f 1499/1962/6569 1824/1963/6570 1626/1545/6571 1357/1544/6572
f 1307/1557/6573 1502/1965/6574 1825/1966/6575 1501/1964/6576
f 1502/1965/6577 1306/1537/6578 1503/1967/6579 1825/1966/6580
f 1825/1966/6581 1503/1967/6582 1359/1548/6583 1627/1547/6584
f 1501/1964/6585 1825/1966/6586 1627/1547/6587 1358/1546/6588
f 1306/1537/6589 1622/1536/6590 1826/1968/6591 1503/1967/6592
f 1622/1536/6593 1286/1535/6594 1500/1961/6595 1826/1968/6596
f 1826/1968/6597 1500/1961/6598 1356/1540/6599 1628/1543/6600
f 1503/1967/6601 1826/1968/6602 1628/1543/6603 1359/1548/6604
f 1288/1553/6605 1681/1969/6606 1827/1970/6607 1505/1971/6608
f 1681/1969/6609 1289/1567/6610 1504/1972/6611 1827/1970/6612
f 1827/1970/6613 1504/1972/6614 1361/1562/6615 1633/1559/6616
f 1505/1971/6617 1827/1970/6618 1633/1559/6619 1360/1558/6620
f 1289/1567/6621 1640/1570/6622 1828/1973/6623 1504/1972/6624
f 1640/1570/6625 1309/1575/6626 1506/1974/6627 1828/1973/6628
f 1828/1973/6629 1506/1974/6630 1362/1564/6631 1634/1563/6632
f 1504/1972/6633 1828/1973/6634 1634/1563/6635 1361/1562/6636
f 1309/1575/6637 1462/1975/6638 1829/1976/6639 1506/1974/6640
f 1462/1975/6641 1308/1555/6642 1507/1977/6643 1829/1976/6644
f 1829/1976/6645 1507/1977/6646 1363/1566/6647 1635/1565/6648
f 1506/1974/6649 1829/1976/6650 1635/1565/6651 1362/1564/6652
f 1308/1555/6653 1630/1554/6654 1830/1978/6655 1507/1977/6656
f 1630/1554/6657 1288/1553/6658 1505/1971/6659 1830/1978/6660
f 1830/1978/6661 1505/1971/6662 1360/1558/6663 1636/1561/6664
f 1507/1977/6665 1830/1978/6666 1636/1561/6667 1363/1566/6668
f 1290/1571/6669 1684/1979/6670 1831/1980/6671 1509/1981/6672
f 1684/1979/6673 1291/1585/6674 1508/1982/6675 1831/1980/6676
f 1831/1980/6677 1508/1982/6678 1365/1580/6679 1641/1577/6680
f 1509/1981/6681 1831/1980/6682 1641/1577/6683 1364/1576/6684
f 1291/1585/6685 1648/1588/6686 1832/1983/6687 1508/1982/6688
f 1648/1588/6689 1311/1593/6690 1510/1984/6691 1832/1983/6692
f 1832/1983/6693 1510/1984/6694 1366/1582/6695 1642/1581/6696
f 1508/1982/6697 1832/1983/6698 1642/1581/6699 1365/1580/6700
f 1311/1593/6701 1467/1985/6702 1833/1986/6703 1510/1984/6704
f 1467/1985/6705 1310/1573/6706 1511/1987/6707 1833/1986/6708
f 1833/1986/6709 1511/1987/6710 1367/1584/6711 1643/1583/6712
f 1510/1984/6713 1833/1986/6714 1643/1583/6715 1366/1582/6716
f 1310/1573/6717 1638/1572/6718 1834/1988/6719 1511/1987/6720
f 1638/1572/6721 1290/1571/6722 1509/1981/6723 1834/1988/6724
f 1834/1988/6725 1509/1981/6726 1364/1576/6727 1644/1579/6728
f 1511/1987/6729 1834/1988/6730 1644/1579/6731 1367/1584/6732
f 1292/1589/6733 1687/1989/6734 1835/1990/6735 1513/1991/6736
f 1687/1989/6737 1293/1603/6738 1512/1992/6739 1835/1990/6740
f 1835/1990/6741 1512/1992/6742 1369/1598/6743 1649/1595/6744
f 1513/1991/6745 1835/1990/6746 1649/1595/6747 1368/1594/6748
f 1293/1603/6749 1656/1606/6750 1836/1993/6751 1512/1992/6752
f 1656/1606/6753 1313/1611/6754 1514/1994/6755 1836/1993/6756
f 1836/1993/6757 1514/1994/6758 1370/1600/6759 1650/1599/6760
f 1512/1992/6761 1836/1993/6762 1650/1599/6763 1369/1598/6764
f 1313/1611/6765 1472/1995/6766 1837/1996/6767 1514/1994/6768
f 1472/1995/6769 1312/1591/6770 1515/1997/6771 1837/1996/6772
f 1837/1996/6773 1515/1997/6774 1371/1602/6775 1651/1601/6776
f 1514/1994/6777 1837/1996/6778 1651/1601/6779 1370/1600/6780
f 1312/1591/6781 1646/1590/6782 1838/1998/6783 1515/1997/6784
f 1646/1590/6785 1292/1589/6786 1513/1991/6787 1838/1998/6788
f 1838/1998/6789 1513/1991/6790 1368/1594/6791 1652/1597/6792
f 1515/1997/6793 1838/1998/6794 1652/1597/6795 1371/1602/6796
f 1294/1607/6797 1690/1999/6798 1839/2000/6799 1517/2001/6800
f 1690/1999/6801 1275/2002/6802 1516/2003/6803 1839/2000/6804
f 1839/2000/6805 1516/2003/6806 1373/1616/6807 1657/1613/6808
f 1517/2001/6809 1839/2000/6810 1657/1613/6811 1372/1612/6812
f 1275/2002/6813 1584/2004/6814 1840/2005/6815 1516/2003/6816
f 1584/2004/6817 1295/2006/6818 1518/2007/6819 1840/2005/6820
f 1840/2005/6821 1518/2007/6822 1374/1618/6823 1658/1617/6824
f 1516/2003/6825 1840/2005/6826 1658/1617/6827 1373/1616/6828
f 1295/2006/6829 1477/2008/6830 1841/2009/6831 1518/2007/6832
f 1477/2008/6833 1314/1609/6834 1519/2010/6835 1841/2009/6836
f 1841/2009/6837 1519/2010/6838 1375/1620/6839 1659/1619/6840
f 1518/2007/6841 1841/2009/6842 1659/1619/6843 1374/1618/6844
f 1314/1609/6845 1654/1608/6846 1842/2011/6847 1519/2010/6848
f 1654/1608/6849 1294/1607/6850 1517/2001/6851 1842/2011/6852
f 1842/2011/6853 1517/2001/6854 1372/1612/6855 1660/1615/6856
f 1519/2010/6857 1842/2011/6858 1660/1615/6859 1375/1620/6860
f 1316/1791/6861 1428/1790/6862 1843/2012/6863 1522/2013/6864
f 1428/1790/6865 1317/1789/6866 1520/2014/6867 1843/2012/6868
f 1843/2012/6869 1520/2014/6870 1377/2015/6871 1521/2016/6872
f 1522/2013/6873 1843/2012/6874 1521/2016/6875 1376/2017/6876
f 1317/1789/6877 1432/1797/6878 1844/2018/6879 1520/2014/6880
f 1432/1797/6881 1318/1796/6882 1523/2019/6883 1844/2018/6884
f 1844/2018/6885 1523/2019/6886 1378/2020/6887 1524/2021/6888
f 1520/2014/6889 1844/2018/6890 1524/2021/6891 1377/2015/6892
f 1318/1796/6893 1434/1803/6894 1845/2022/6895 1523/2019/6896
f 1434/1803/6897 1319/1802/6898 1525/2023/6899 1845/2022/6900
f 1845/2022/6901 1525/2023/6902 1379/2024/6903 1526/2025/6904
f 1523/2019/6905 1845/2022/6906 1526/2025/6907 1378/2020/6908
f 1319/1802/6909 1437/1809/6910 1846/2026/6911 1525/2023/6912
f 1437/1809/6913 1320/1808/6914 1527/2027/6915 1846/2026/6916
f 1846/2026/6917 1527/2027/6918 1380/2028/6919 1528/2029/6920
f 1525/2023/6921 1846/2026/6922 1528/2029/6923 1379/2024/6924
f 1320/1808/6925 1439/1815/6926 1847/2030/6927 1527/2027/6928
f 1439/1815/6929 1321/1814/6930 1529/2031/6931 1847/2030/6932
f 1847/2030/6933 1529/2031/6934 1381/2032/6935 1530/2033/6936
f 1527/2027/6937 1847/2030/6938 1530/2033/6939 1380/2028/6940
f 1321/1814/6941 1442/1821/6942 1848/2034/6943 1529/2031/6944
f 1442/1821/6945 1322/1820/6946 1531/2035/6947 1848/2034/6948
f 1848/2034/6949 1531/2035/6950 1382/2036/6951 1532/2037/6952
f 1529/2031/6953 1848/2034/6954 1532/2037/6955 1381/2032/6956
f 1322/1820/6957 1444/1827/6958 1849/2038/6959 1531/2035/6960
f 1444/1827/6961 1323/1826/6962 1533/2039/6963 1849/2038/6964
f 1849/2038/6965 1533/2039/6966 1383/2040/6967 1534/2041/6968
f 1531/2035/6969 1849/2038/6970 1534/2041/6971 1382/2036/6972
f 1323/1826/6973 1447/1833/6974 1850/2042/6975 1533/2039/6976
f 1447/1833/6977 1324/1832/6978 1535/2043/6979 1850/2042/6980
f 1850/2042/6981 1535/2043/6982 1384/2044/6983 1536/2045/6984
f 1533/2039/6985 1850/2042/6986 1536/2045/6987 1383/2040/6988
f 1324/1832/6989 1449/1839/6990 1851/2046/6991 1535/2043/6992
f 1449/1839/6993 1325/1838/6994 1537/2047/6995 1851/2046/6996
f 1851/2046/6997 1537/2047/6998 1385/2048/6999 1538/2049/7000
f 1535/2043/7001 1851/2046/7002 1538/2049/7003 1384/2044/7004
f 1325/1838/7005 1452/1845/7006 1852/2050/7007 1537/2047/7008
f 1452/1845/7009 1326/1844/7010 1539/2051/7011 1852/2050/7012
f 1852/2050/7013 1539/2051/7014 1386/2052/7015 1540/2053/7016
f 1537/2047/7017 1852/2050/7018 1540/2053/7019 1385/2048/7020
f 1326/1844/7021 1454/1851/7022 1853/2054/7023 1539/2051/7024
f 1454/1851/7025 1327/1850/7026 1541/2055/7027 1853/2054/7028
f 1853/2054/7029 1541/2055/7030 1387/1860/7031 1542/2056/7032
f 1539/2051/7033 1853/2054/7034 1542/2056/7035 1386/2052/7036
f 1328/1869/7037 1460/1868/7038 1854/2057/7039 1545/2058/7040
f 1460/1868/7041 1329/1867/7042 1543/2059/7043 1854/2057/7044
f 1854/2057/7045 1543/2059/7046 1389/2060/7047 1544/2061/7048
f 1545/2058/7049 1854/2057/7050 1544/2061/7051 1388/1858/7052
f 1329/1867/7053 1464/1875/7054 1855/2062/7055 1543/2059/7056
f 1464/1875/7057 1330/1874/7058 1546/2063/7059 1855/2062/7060
f 1855/2062/7061 1546/2063/7062 1390/2064/7063 1547/2065/7064
f 1543/2059/7065 1855/2062/7066 1547/2065/7067 1389/2060/7068
f 1330/1874/7069 1466/1881/7070 1856/2066/7071 1546/2063/7072
f 1466/1881/7073 1331/1880/7074 1548/2067/7075 1856/2066/7076
f 1856/2066/7077 1548/2067/7078 1391/2068/7079 1549/2069/7080
f 1546/2063/7081 1856/2066/7082 1549/2069/7083 1390/2064/7084
f 1331/1880/7085 1469/1887/7086 1857/2070/7087 1548/2067/7088
f 1469/1887/7089 1332/1886/7090 1550/2071/7091 1857/2070/7092
f 1857/2070/7093 1550/2071/7094 1392/2072/7095 1551/2073/7096
f 1548/2067/7097 1857/2070/7098 1551/2073/7099 1391/2068/7100
f 1332/1886/7101 1471/1893/7102 1858/2074/7103 1550/2071/7104
f 1471/1893/7105 1333/1892/7106 1552/2075/7107 1858/2074/7108
f 1858/2074/7109 1552/2075/7110 1393/2076/7111 1553/2077/7112
f 1550/2071/7113 1858/2074/7114 1553/2077/7115 1392/2072/7116
f 1333/1892/7117 1474/1899/7118 1859/2078/7119 1552/2075/7120
f 1474/1899/7121 1334/1898/7122 1554/2079/7123 1859/2078/7124
f 1859/2078/7125 1554/2079/7126 1394/2080/7127 1555/2081/7128
f 1552/2075/7129 1859/2078/7130 1555/2081/7131 1393/2076/7132
f 1334/1898/7133 1476/1905/7134 1860/2082/7135 1554/2079/7136
f 1476/1905/7137 1335/1904/7138 1556/2083/7139 1860/2082/7140
f 1860/2082/7141 1556/2083/7142 1395/2084/7143 1557/2085/7144
f 1554/2079/7145 1860/2082/7146 1557/2085/7147 1394/2080/7148
f 1335/1904/7149 1478/1908/7150 1861/2086/7151 1556/2083/7152
f 1478/1908/7153 1316/1791/7154 1522/2013/7155 1861/2086/7156
f 1861/2086/7157 1522/2013/7158 1376/2017/7159 1558/2087/7160
f 1556/2083/7161 1861/2086/7162 1558/2087/7163 1395/2084/7164
f 1306/1848/7165 1502/2088/7166 1862/2089/7167 1560/2090/7168
f 1502/2088/7169 1307/1861/7170 1559/2091/7171 1862/2089/7172
f 1862/2089/7173 1559/2091/7174 1397/1856/7175 1455/1853/7176
f 1560/2090/7177 1862/2089/7178 1455/1853/7179 1396/1852/7180
f 1307/1861/7181 1461/1864/7182 1863/2092/7183 1559/2091/7184
f 1461/1864/7185 1328/1869/7186 1545/2058/7187 1863/2092/7188
f 1863/2092/7189 1545/2058/7190 1388/1858/7191 1456/1857/7192
f 1559/2091/7193 1863/2092/7194 1456/1857/7195 1397/1856/7196
f 1327/1850/7197 1453/1849/7198 1864/2093/7199 1541/2055/7200
f 1453/1849/7201 1306/1848/7202 1560/2090/7203 1864/2093/7204
f 1864/2093/7205 1560/2090/7206 1396/1852/7207 1458/1855/7208
f 1541/2055/7209 1864/2093/7210 1458/1855/7211 1387/1860/7212
f 1376/2017/7213 1521/2016/7214 1865/2094/7215 1562/2095/7216
f 1521/2016/7217 1377/2015/7218 1561/2096/7219 1865/2094/7220
f 1865/2094/7221 1561/2096/7222 1399/1706/7223 1691/1703/7224
f 1562/2095/7225 1865/2094/7226 1691/1703/7227 1398/1702/7228
f 1377/2015/7229 1524/2021/7230 1866/2097/7231 1561/2096/7232
f 1524/2021/7233 1378/2020/7234 1563/2098/7235 1866/2097/7236
f 1866/2097/7237 1563/2098/7238 1401/1711/7239 1694/1709/7240
f 1561/2096/7241 1866/2097/7242 1694/1709/7243 1399/1706/7244
f 1378/2020/7245 1526/2025/7246 1867/2099/7247 1563/2098/7248
f 1526/2025/7249 1379/2024/7250 1564/2100/7251 1867/2099/7252
f 1867/2099/7253 1564/2100/7254 1402/1715/7255 1696/1713/7256
f 1563/2098/7257 1867/2099/7258 1696/1713/7259 1401/1711/7260
f 1379/2024/7261 1528/2029/7262 1868/2101/7263 1564/2100/7264
f 1528/2029/7265 1380/2028/7266 1565/2102/7267 1868/2101/7268
f 1868/2101/7269 1565/2102/7270 1403/1719/7271 1698/1717/7272
f 1564/2100/7273 1868/2101/7274 1698/1717/7275 1402/1715/7276
f 1380/2028/7277 1530/2033/7278 1869/2103/7279 1565/2102/7280
f 1530/2033/7281 1381/2032/7282 1566/2104/7283 1869/2103/7284
f 1869/2103/7285 1566/2104/7286 1404/1723/7287 1700/1721/7288
f 1565/2102/7289 1869/2103/7290 1700/1721/7291 1403/1719/7292
f 1381/2032/7293 1532/2037/7294 1870/2105/7295 1566/2104/7296
f 1532/2037/7297 1382/2036/7298 1567/2106/7299 1870/2105/7300
f 1870/2105/7301 1567/2106/7302 1405/1727/7303 1702/1725/7304
f 1566/2104/7305 1870/2105/7306 1702/1725/7307 1404/1723/7308
f 1382/2036/7309 1534/2041/7310 1871/2107/7311 1567/2106/7312
f 1534/2041/7313 1383/2040/7314 1568/2108/7315 1871/2107/7316
f 1871/2107/7317 1568/2108/7318 1406/1731/7319 1704/1729/7320
f 1567/2106/7321 1871/2107/7322 1704/1729/7323 1405/1727/7324
f 1383/2040/7325 1536/2045/7326 1872/2109/7327 1568/2108/7328
f 1536/2045/7329 1384/2044/7330 1569/2110/7331 1872/2109/7332
f 1872/2109/7333 1569/2110/7334 1407/1735/7335 1706/1733/7336
f 1568/2108/7337 1872/2109/7338 1706/1733/7339 1406/1731/7340
f 1384/2044/7341 1538/2049/7342 1873/2111/7343 1569/2110/7344
f 1538/2049/7345 1385/2048/7346 1570/2112/7347 1873/2111/7348
f 1873/2111/7349 1570/2112/7350 1408/1739/7351 1708/1737/7352
f 1569/2110/7353 1873/2111/7354 1708/1737/7355 1407/1735/7356
f 1385/2048/7357 1540/2053/7358 1874/2113/7359 1570/2112/7360
f 1540/2053/7361 1386/2052/7362 1571/2114/7363 1874/2113/7364
f 1874/2113/7365 1571/2114/7366 1409/1743/7367 1710/1741/7368
f 1570/2112/7369 1874/2113/7370 1710/1741/7371 1408/1739/7372
f 1386/2052/7373 1542/2056/7374 1875/2115/7375 1571/2114/7376
f 1542/2056/7377 1387/1860/7378 1572/2116/7379 1875/2115/7380
f 1875/2115/7381 1572/2116/7382 1410/1747/7383 1712/1745/7384
f 1571/2114/7385 1875/2115/7386 1712/1745/7387 1409/1743/7388
f 1387/1860/7389 1457/1859/7390 1876/2117/7391 1572/2116/7392
f 1457/1859/7393 1388/1858/7394 1573/2118/7395 1876/2117/7396
f 1876/2117/7397 1573/2118/7398 1411/1751/7399 1714/1749/7400
f 1572/2116/7401 1876/2117/7402 1714/1749/7403 1410/1747/7404
f 1388/1858/7405 1544/2061/7406 1877/2119/7407 1573/2118/7408
f 1544/2061/7409 1389/2060/7410 1574/2120/7411 1877/2119/7412
f 1877/2119/7413 1574/2120/7414 1412/1755/7415 1716/1753/7416
f 1573/2118/7417 1877/2119/7418 1716/1753/7419 1411/1751/7420
f 1389/2060/7421 1547/2065/7422 1878/2121/7423 1574/2120/7424
f 1547/2065/7425 1390/2064/7426 1575/2122/7427 1878/2121/7428
f 1878/2121/7429 1575/2122/7430 1413/1759/7431 1718/1757/7432
f 1574/2120/7433 1878/2121/7434 1718/1757/7435 1412/1755/7436
f 1390/2064/7437 1549/2069/7438 1879/2123/7439 1575/2122/7440
f 1549/2069/7441 1391/2068/7442 1576/2124/7443 1879/2123/7444
f 1879/2123/7445 1576/2124/7446 1414/1763/7447 1720/1761/7448
f 1575/2122/7449 1879/2123/7450 1720/1761/7451 1413/1759/7452
f 1391/2068/7453 1551/2073/7454 1880/2125/7455 1576/2124/7456
f 1551/2073/7457 1392/2072/7458 1577/2126/7459 1880/2125/7460
f 1880/2125/7461 1577/2126/7462 1415/1767/7463 1722/1765/7464
f 1576/2124/7465 1880/2125/7466 1722/1765/7467 1414/1763/7468
f 1392/2072/7469 1553/2077/7470 1881/2127/7471 1577/2126/7472
f 1553/2077/7473 1393/2076/7474 1578/2128/7475 1881/2127/7476
f 1881/2127/7477 1578/2128/7478 1416/1771/7479 1420/1769/7480
f 1577/2126/7481 1881/2127/7482 1420/1769/7483 1415/1767/7484
f 1393/2076/7485 1555/2081/7486 1882/2129/7487 1578/2128/7488
f 1555/2081/7489 1394/2080/7490 1579/2130/7491 1882/2129/7492
f 1882/2129/7493 1579/2130/7494 1417/1775/7495 1422/1773/7496
f 1578/2128/7497 1882/2129/7498 1422/1773/7499 1416/1771/7500
f 1394/2080/7501 1557/2085/7502 1883/2131/7503 1579/2130/7504
f 1557/2085/7505 1395/2084/7506 1580/2132/7507 1883/2131/7508
f 1883/2131/7509 1580/2132/7510 1418/1779/7511 1424/1777/7512
f 1579/2130/7513 1883/2131/7514 1424/1777/7515 1417/1775/7516
f 1395/2084/7517 1558/2087/7518 1884/2133/7519 1580/2132/7520
f 1558/2087/7521 1376/2017/7522 1562/2095/7523 1884/2133/7524
f 1884/2133/7525 1562/2095/7526 1398/1702/7527 1426/1781/7528
f 1580/2132/7529 1884/2133/7530 1426/1781/7531 1418/1779/7532
f 1966/2134/7533 2227/2135/7534 2387/2136/7535 2230/2137/7536
f 2227/2135/7537 1967/2138/7538 2228/2139/7539 2387/2136/7540
f 2387/2136/7541 2228/2139/7542 1968/2140/7543 2229/2141/7544
f 2230/2137/7545 2387/2136/7546 2229/2141/7547 1969/2142/7548
f 1886/2143/7549 2231/2144/7550 2388/2145/7551 2234/2146/7552
f 2231/2144/7553 1887/2147/7554 2232/2148/7555 2388/2145/7556
f 2388/2145/7557 2232/2148/7558 1907/2149/7559 2233/2150/7560
f 2234/2146/7561 2388/2145/7562 2233/2150/7563 1906/2151/7564
f 1970/2152/7565 2235/2153/7566 2389/2154/7567 2238/2155/7568
f 2235/2153/7569 1971/2156/7570 2236/2157/7571 2389/2154/7572
f 2389/2154/7573 2236/2157/7574 1972/2158/7575 2237/2159/7576
f 2238/2155/7577 2389/2154/7578 2237/2159/7579 1973/2160/7580
f 1888/2161/7581 2239/2162/7582 2390/2163/7583 2242/2164/7584
f 2239/2162/7585 1889/2165/7586 2240/2166/7587 2390/2163/7588
f 2390/2163/7589 2240/2166/7590 1909/2167/7591 2241/2168/7592
f 2242/2164/7593 2390/2163/7594 2241/2168/7595 1908/2169/7596
f 1974/2170/7597 2243/2171/7598 2391/2172/7599 2246/2173/7600
f 2243/2171/7601 1975/2174/7602 2244/2175/7603 2391/2172/7604
f 2391/2172/7605 2244/2175/7606 1976/2176/7607 2245/2177/7608
f 2246/2173/7609 2391/2172/7610 2245/2177/7611 1977/2178/7612
f 1890/2179/7613 2247/2180/7614 2392/2181/7615 2250/2182/7616
f 2247/2180/7617 1891/2183/7618 2248/2184/7619 2392/2181/7620
f 2392/2181/7621 2248/2184/7622 1911/2185/7623 2249/2186/7624
f 2250/2182/7625 2392/2181/7626 2249/2186/7627 1910/2187/7628
f 1978/2188/7629 2251/2189/7630 2393/2190/7631 2254/2191/7632
f 2251/2189/7633 1979/2192/7634 2252/2193/7635 2393/2190/7636
f 2393/2190/7637 2252/2193/7638 1980/2194/7639 2253/2195/7640
f 2254/2191/7641 2393/2190/7642 2253/2195/7643 1981/2196/7644
f 1892/2197/7645 2255/2198/7646 2394/2199/7647 2258/2200/7648
f 2255/2198/7649 1893/2201/7650 2256/2202/7651 2394/2199/7652
f 2394/2199/7653 2256/2202/7654 1913/2203/7655 2257/2204/7656
f 2258/2200/7657 2394/2199/7658 2257/2204/7659 1912/2205/7660
f 1982/2206/7661 2259/2207/7662 2395/2208/7663 2262/2209/7664
f 2259/2207/7665 1983/2210/7666 2260/2211/7667 2395/2208/7668
f 2395/2208/7669 2260/2211/7670 1984/2212/7671 2261/2213/7672
f 2262/2209/7673 2395/2208/7674 2261/2213/7675 1985/2214/7676
f 1894/2215/7677 2263/2216/7678 2396/2217/7679 2266/2218/7680
f 2263/2216/7681 1895/2219/7682 2264/2220/7683 2396/2217/7684
f 2396/2217/7685 2264/2220/7686 1915/2221/7687 2265/2222/7688
f 2266/2218/7689 2396/2217/7690 2265/2222/7691 1914/2223/7692
f 1986/2224/7693 2267/2225/7694 2397/2226/7695 2270/2227/7696
f 2267/2225/7697 1987/2228/7698 2268/2229/7699 2397/2226/7700
f 2397/2226/7701 2268/2229/7702 1988/2230/7703 2269/2231/7704
f 2270/2227/7705 2397/2226/7706 2269/2231/7707 1989/2232/7708
f 1896/2233/7709 2271/2234/7710 2398/2235/7711 2274/2236/7712
f 2271/2234/7713 1897/2237/7714 2272/2238/7715 2398/2235/7716
f 2398/2235/7717 2272/2238/7718 1917/2239/7719 2273/2240/7720
f 2274/2236/7721 2398/2235/7722 2273/2240/7723 1916/2241/7724
f 1990/2242/7725 2275/2243/7726 2399/2244/7727 2278/2245/7728
f 2275/2243/7729 1991/2246/7730 2276/2247/7731 2399/2244/7732
f 2399/2244/7733 2276/2247/7734 1992/2248/7735 2277/2249/7736
f 2278/2245/7737 2399/2244/7738 2277/2249/7739 1993/2250/7740
f 1898/2251/7741 2279/2252/7742 2400/2253/7743 2282/2254/7744
f 2279/2252/7745 1899/2255/7746 2280/2256/7747 2400/2253/7748
f 2400/2253/7749 2280/2256/7750 1919/2257/7751 2281/2258/7752
f 2282/2254/7753 2400/2253/7754 2281/2258/7755 1918/2259/7756
f 1994/2260/7757 2283/2261/7758 2401/2262/7759 2286/2263/7760
f 2283/2261/7761 1995/2264/7762 2284/2265/7763 2401/2262/7764
f 2401/2262/7765 2284/2265/7766 1996/2266/7767 2285/2267/7768
f 2286/2263/7769 2401/2262/7770 2285/2267/7771 1997/2268/7772
f 1900/2269/7773 2287/2270/7774 2402/2271/7775 2290/2272/7776
f 2287/2270/7777 1901/2273/7778 2288/2274/7779 2402/2271/7780
f 2402/2271/7781 2288/2274/7782 1921/2275/7783 2289/2276/7784
f 2290/2272/7785 2402/2271/7786 2289/2276/7787 1920/2277/7788
f 1998/2278/7789 2291/2279/7790 2403/2280/7791 2294/2281/7792
f 2291/2279/7793 1999/2282/7794 2292/2283/7795 2403/2280/7796
f 2403/2280/7797 2292/2283/7798 2000/2284/7799 2293/2285/7800
f 2294/2281/7801 2403/2280/7802 2293/2285/7803 2001/2286/7804
f 1902/2287/7805 2295/2288/7806 2404/2289/7807 2298/2290/7808
f 2295/2288/7809 1903/2291/7810 2296/2292/7811 2404/2289/7812
f 2404/2289/7813 2296/2292/7814 1923/2293/7815 2297/2294/7816
f 2298/2290/7817 2404/2289/7818 2297/2294/7819 1922/2295/7820
f 2002/2296/7821 2299/2297/7822 2405/2298/7823 2302/2299/7824
f 2299/2297/7825 2003/2300/7826 2300/2301/7827 2405/2298/7828
f 2405/2298/7829 2300/2301/7830 2004/2302/7831 2301/2303/7832
f 2302/2299/7833 2405/2298/7834 2301/2303/7835 2005/2304/7836
f 1904/2305/7837 2303/2306/7838 2406/2307/7839 2306/2308/7840
f 2303/2306/7841 1885/2309/7842 2304/2310/7843 2406/2307/7844
f 2406/2307/7845 2304/2310/7846 1905/2311/7847 2305/2312/7848
f 2306/2308/7849 2406/2307/7850 2305/2312/7851 1924/2313/7852
usemtl tractor1:pasted__lambert2SG
f 2027/2314/7853 2307/2315/7854 2407/2316/7855 2309/2317/7856
f 2026/2318/7857 2308/2319/7858 2407/2316/7859 2307/2315/7860
f 2028/2320/7861 2309/2317/7862 2407/2316/7863 2308/2319/7864
f 2029/2321/7865 2310/2322/7866 2408/2323/7867 2311/2324/7868
f 2027/2314/7869 2309/2317/7870 2408/2323/7871 2310/2322/7872
f 2028/2320/7873 2311/2324/7874 2408/2323/7875 2309/2317/7876
f 2030/2325/7877 2312/2326/7878 2409/2327/7879 2313/2328/7880
f 2029/2321/7881 2311/2324/7882 2409/2327/7883 2312/2326/7884
f 2028/2320/7885 2313/2328/7886 2409/2327/7887 2311/2324/7888
f 2031/2329/7889 2314/2330/7890 2410/2331/7891 2315/2332/7892
f 2030/2325/7893 2313/2328/7894 2410/2331/7895 2314/2330/7896
f 2028/2320/7897 2315/2332/7898 2410/2331/7899 2313/2328/7900
f 2032/2333/7901 2316/2334/7902 2411/2335/7903 2317/2336/7904
f 2031/2329/7905 2315/2332/7906 2411/2335/7907 2316/2334/7908
f 2028/2320/7909 2317/2336/7910 2411/2335/7911 2315/2332/7912
f 2033/2337/7913 2318/2338/7914 2412/2339/7915 2319/2340/7916
f 2032/2333/7917 2317/2336/7918 2412/2339/7919 2318/2338/7920
f 2028/2320/7921 2319/2340/7922 2412/2339/7923 2317/2336/7924
f 2034/2341/7925 2320/2342/7926 2413/2343/7927 2321/2344/7928
f 2033/2337/7929 2319/2340/7930 2413/2343/7931 2320/2342/7932
f 2028/2320/7933 2321/2344/7934 2413/2343/7935 2319/2340/7936
f 2035/2345/7937 2322/2346/7938 2414/2347/7939 2323/2348/7940
f 2034/2341/7941 2321/2344/7942 2414/2347/7943 2322/2346/7944
f 2028/2320/7945 2323/2348/7946 2414/2347/7947 2321/2344/7948
f 2036/2349/7949 2324/2350/7950 2415/2351/7951 2325/2352/7952
f 2035/2345/7953 2323/2348/7954 2415/2351/7955 2324/2350/7956
f 2028/2320/7957 2325/2352/7958 2415/2351/7959 2323/2348/7960
f 2037/2353/7961 2326/2354/7962 2416/2355/7963 2327/2356/7964
f 2036/2349/7965 2325/2352/7966 2416/2355/7967 2326/2354/7968
f 2028/2320/7969 2327/2356/7970 2416/2355/7971 2325/2352/7972
f 2038/2357/7973 2328/2358/7974 2417/2359/7975 2329/2360/7976
f 2037/2353/7977 2327/2356/7978 2417/2359/7979 2328/2358/7980
f 2028/2320/7981 2329/2360/7982 2417/2359/7983 2327/2356/7984
f 2039/2361/7985 2330/2362/7986 2418/2363/7987 2331/2364/7988
f 2038/2357/7989 2329/2360/7990 2418/2363/7991 2330/2362/7992
f 2028/2320/7993 2331/2364/7994 2418/2363/7995 2329/2360/7996
f 2040/2365/7997 2332/2366/7998 2419/2367/7999 2333/2368/8000
f 2039/2361/8001 2331/2364/8002 2419/2367/8003 2332/2366/8004
f 2028/2320/8005 2333/2368/8006 2419/2367/8007 2331/2364/8008
f 2041/2369/8009 2334/2370/8010 2420/2371/8011 2335/2372/8012
f 2040/2365/8013 2333/2368/8014 2420/2371/8015 2334/2370/8016
f 2028/2320/8017 2335/2372/8018 2420/2371/8019 2333/2368/8020
f 2042/2373/8021 2336/2374/8022 2421/2375/8023 2337/2376/8024
f 2041/2369/8025 2335/2372/8026 2421/2375/8027 2336/2374/8028
f 2028/2320/8029 2337/2376/8030 2421/2375/8031 2335/2372/8032
f 2043/2377/8033 2338/2378/8034 2422/2379/8035 2339/2380/8036
f 2042/2373/8037 2337/2376/8038 2422/2379/8039 2338/2378/8040
f 2028/2320/8041 2339/2380/8042 2422/2379/8043 2337/2376/8044
f 2044/2381/8045 2340/2382/8046 2423/2383/8047 2341/2384/8048
f 2043/2377/8049 2339/2380/8050 2423/2383/8051 2340/2382/8052
f 2028/2320/8053 2341/2384/8054 2423/2383/8055 2339/2380/8056
f 2045/2385/8057 2342/2386/8058 2424/2387/8059 2343/2388/8060
f 2044/2381/8061 2341/2384/8062 2424/2387/8063 2342/2386/8064
f 2028/2320/8065 2343/2388/8066 2424/2387/8067 2341/2384/8068
f 2046/2389/8069 2344/2390/8070 2425/2391/8071 2345/2392/8072
f 2045/2385/8073 2343/2388/8074 2425/2391/8075 2344/2390/8076
f 2028/2320/8077 2345/2392/8078 2425/2391/8079 2343/2388/8080
f 2026/2318/8081 2346/2393/8082 2426/2394/8083 2308/2319/8084
f 2046/2389/8085 2345/2392/8086 2426/2394/8087 2346/2393/8088
f 2028/2320/8089 2308/2319/8090 2426/2394/8091 2345/2392/8092
usemtl tractor1:pasted__lambert3SG
f 1905/2395/8093 2347/2396/8094 2427/2397/8095 2349/2398/8096
f 1906/2399/8097 2348/2400/8098 2427/2397/8099 2347/2396/8100
f 1925/2401/8101 2349/2398/8102 2427/2397/8103 2348/2400/8104
f 1906/2399/8105 2233/2402/8106 2428/2403/8107 2348/2400/8108
f 1907/2404/8109 2350/2405/8110 2428/2403/8111 2233/2402/8112
f 1925/2401/8113 2348/2400/8114 2428/2403/8115 2350/2405/8116
f 1907/2404/8117 2351/2406/8118 2429/2407/8119 2350/2405/8120
f 1908/2408/8121 2352/2409/8122 2429/2407/8123 2351/2406/8124
f 1925/2401/8125 2350/2405/8126 2429/2407/8127 2352/2409/8128
f 1908/2408/8129 2241/2410/8130 2430/2411/8131 2352/2409/8132
f 1909/2412/8133 2353/2413/8134 2430/2411/8135 2241/2410/8136
f 1925/2401/8137 2352/2409/8138 2430/2411/8139 2353/2413/8140
f 1909/2412/8141 2354/2414/8142 2431/2415/8143 2353/2413/8144
f 1910/2416/8145 2355/2417/8146 2431/2415/8147 2354/2414/8148
f 1925/2401/8149 2353/2413/8150 2431/2415/8151 2355/2417/8152
f 1910/2416/8153 2249/2418/8154 2432/2419/8155 2355/2417/8156
f 1911/2420/8157 2356/2421/8158 2432/2419/8159 2249/2418/8160
f 1925/2401/8161 2355/2417/8162 2432/2419/8163 2356/2421/8164
f 1911/2420/8165 2357/2422/8166 2433/2423/8167 2356/2421/8168
f 1912/2424/8169 2358/2425/8170 2433/2423/8171 2357/2422/8172
f 1925/2401/8173 2356/2421/8174 2433/2423/8175 2358/2425/8176
f 1912/2424/8177 2257/2426/8178 2434/2427/8179 2358/2425/8180
f 1913/2428/8181 2359/2429/8182 2434/2427/8183 2257/2426/8184
f 1925/2401/8185 2358/2425/8186 2434/2427/8187 2359/2429/8188
f 1913/2428/8189 2360/2430/8190 2435/2431/8191 2359/2429/8192
f 1914/2432/8193 2361/2433/8194 2435/2431/8195 2360/2430/8196
f 1925/2401/8197 2359/2429/8198 2435/2431/8199 2361/2433/8200
f 1914/2432/8201 2265/2434/8202 2436/2435/8203 2361/2433/8204
f 1915/2436/8205 2362/2437/8206 2436/2435/8207 2265/2434/8208
f 1925/2401/8209 2361/2433/8210 2436/2435/8211 2362/2437/8212
f 1915/2436/8213 2363/2438/8214 2437/2439/8215 2362/2437/8216
f 1916/2440/8217 2364/2441/8218 2437/2439/8219 2363/2438/8220
f 1925/2401/8221 2362/2437/8222 2437/2439/8223 2364/2441/8224
f 1916/2440/8225 2273/2442/8226 2438/2443/8227 2364/2441/8228
f 1917/2444/8229 2365/2445/8230 2438/2443/8231 2273/2442/8232
f 1925/2401/8233 2364/2441/8234 2438/2443/8235 2365/2445/8236
f 1917/2444/8237 2366/2446/8238 2439/2447/8239 2365/2445/8240
f 1918/2448/8241 2367/2449/8242 2439/2447/8243 2366/2446/8244
f 1925/2401/8245 2365/2445/8246 2439/2447/8247 2367/2449/8248
f 1918/2448/8249 2281/2450/8250 2440/2451/8251 2367/2449/8252
f 1919/2452/8253 2368/2453/8254 2440/2451/8255 2281/2450/8256
f 1925/2401/8257 2367/2449/8258 2440/2451/8259 2368/2453/8260
f 1919/2452/8261 2369/2454/8262 2441/2455/8263 2368/2453/8264
f 1920/2456/8265 2370/2457/8266 2441/2455/8267 2369/2454/8268
f 1925/2401/8269 2368/2453/8270 2441/2455/8271 2370/2457/8272
f 1920/2456/8273 2289/2458/8274 2442/2459/8275 2370/2457/8276
f 1921/2460/8277 2371/2461/8278 2442/2459/8279 2289/2458/8280
f 1925/2401/8281 2370/2457/8282 2442/2459/8283 2371/2461/8284
f 1921/2460/8285 2372/2462/8286 2443/2463/8287 2371/2461/8288
f 1922/2464/8289 2373/2465/8290 2443/2463/8291 2372/2462/8292
f 1925/2401/8293 2371/2461/8294 2443/2463/8295 2373/2465/8296
f 1922/2464/8297 2297/2466/8298 2444/2467/8299 2373/2465/8300
f 1923/2468/8301 2374/2469/8302 2444/2467/8303 2297/2466/8304
f 1925/2401/8305 2373/2465/8306 2444/2467/8307 2374/2469/8308
f 1923/2468/8309 2375/2470/8310 2445/2471/8311 2374/2469/8312
f 1924/2472/8313 2376/2473/8314 2445/2471/8315 2375/2470/8316
f 1925/2401/8317 2374/2469/8318 2445/2471/8319 2376/2473/8320
f 1924/2472/8321 2305/2474/8322 2446/2475/8323 2376/2473/8324
f 1905/2395/8325 2349/2398/8326 2446/2475/8327 2305/2474/8328
f 1925/2401/8329 2376/2473/8330 2446/2475/8331 2349/2398/8332
f 1886/2476/8333 2377/2477/8334 2380/2478/8335
f 2377/2477/8336 1885/2479/8337 2378/2480/8338
f 2377/2477/8339 2378/2480/8340 1926/2481/8341 2379/2482/8342
f 2380/2478/8343 2377/2477/8344 2379/2482/8345 1927/2483/8346
f 1887/2484/8347 2231/2485/8348 2447/2486/8349 2382/2487/8350
f 2231/2485/8351 1886/2476/8352 2380/2478/8353 2447/2486/8354
f 2447/2486/8355 2380/2478/8356 1927/2483/8357 2381/2488/8358
f 2382/2487/8359 2447/2486/8360 2381/2488/8361 1928/2489/8362
f 1888/2490/8363 2383/2491/8364 2385/2492/8365
f 2383/2491/8366 1887/2484/8367 2382/2487/8368
f 2383/2491/8369 2382/2487/8370 1928/2489/8371 2384/2493/8372
f 2385/2492/8373 2383/2491/8374 2384/2493/8375 1929/2494/8376
f 1889/2495/8377 2239/2496/8378 2448/2497/8379 2047/2498/8380
f 2239/2496/8381 1888/2490/8382 2385/2492/8383 2448/2497/8384
f 2448/2497/8385 2385/2492/8386 1929/2494/8387 2386/2499/8388
f 2047/2498/8389 2448/2497/8390 2386/2499/8391 1930/2500/8392
f 1890/2501/8393 2048/2502/8394 2050/2503/8395
f 2048/2502/8396 1889/2495/8397 2047/2498/8398
f 2048/2502/8399 2047/2498/8400 1930/2500/8401 2049/2504/8402
f 2050/2503/8403 2048/2502/8404 2049/2504/8405 1931/2505/8406
f 1891/2506/8407 2247/2507/8408 2449/2508/8409 2052/2509/8410
f 2247/2507/8411 1890/2501/8412 2050/2503/8413 2449/2508/8414
f 2449/2508/8415 2050/2503/8416 1931/2505/8417 2051/2510/8418
f 2052/2509/8419 2449/2508/8420 2051/2510/8421 1932/2511/8422
f 1892/2512/8423 2053/2513/8424 2055/2514/8425
f 2053/2513/8426 1891/2506/8427 2052/2509/8428
f 2053/2513/8429 2052/2509/8430 1932/2511/8431 2054/2515/8432
f 2055/2514/8433 2053/2513/8434 2054/2515/8435 1933/2516/8436
f 1893/2517/8437 2255/2518/8438 2450/2519/8439 2057/2520/8440
f 2255/2518/8441 1892/2512/8442 2055/2514/8443 2450/2519/8444
f 2450/2519/8445 2055/2514/8446 1933/2516/8447 2056/2521/8448
f 2057/2520/8449 2450/2519/8450 2056/2521/8451 1934/2522/8452
f 1894/2523/8453 2058/2524/8454 2060/2525/8455
f 2058/2524/8456 1893/2517/8457 2057/2520/8458
f 2058/2524/8459 2057/2520/8460 1934/2522/8461 2059/2526/8462
f 2060/2525/8463 2058/2524/8464 2059/2526/8465 1935/2527/8466
f 1895/2528/8467 2263/2529/8468 2451/2530/8469 2062/2531/8470
f 2263/2529/8471 1894/2523/8472 2060/2525/8473 2451/2530/8474
f 2451/2530/8475 2060/2525/8476 1935/2527/8477 2061/2532/8478
f 2062/2531/8479 2451/2530/8480 2061/2532/8481 1936/2533/8482
f 1896/2534/8483 2063/2535/8484 2065/2536/8485
f 2063/2535/8486 1895/2528/8487 2062/2531/8488
f 2063/2535/8489 2062/2531/8490 1936/2533/8491 2064/2537/8492
f 2065/2536/8493 2063/2535/8494 2064/2537/8495 1937/2538/8496
f 1897/2539/8497 2271/2540/8498 2452/2541/8499 2067/2542/8500
f 2271/2540/8501 1896/2534/8502 2065/2536/8503 2452/2541/8504
f 2452/2541/8505 2065/2536/8506 1937/2538/8507 2066/2543/8508
f 2067/2542/8509 2452/2541/8510 2066/2543/8511 1938/2544/8512
f 1898/2545/8513 2068/2546/8514 2070/2547/8515
f 2068/2546/8516 1897/2539/8517 2067/2542/8518
f 2068/2546/8519 2067/2542/8520 1938/2544/8521 2069/2548/8522
f 2070/2547/8523 2068/2546/8524 2069/2548/8525 1939/2549/8526
f 1899/2550/8527 2279/2551/8528 2453/2552/8529 2072/2553/8530
f 2279/2551/8531 1898/2545/8532 2070/2547/8533 2453/2552/8534
f 2453/2552/8535 2070/2547/8536 1939/2549/8537 2071/2554/8538
f 2072/2553/8539 2453/2552/8540 2071/2554/8541 1940/2555/8542
f 1900/2556/8543 2073/2557/8544 2075/2558/8545
f 2073/2557/8546 1899/2550/8547 2072/2553/8548
f 2073/2557/8549 2072/2553/8550 1940/2555/8551 2074/2559/8552
f 2075/2558/8553 2073/2557/8554 2074/2559/8555 1941/2560/8556
f 1901/2561/8557 2287/2562/8558 2454/2563/8559 2077/2564/8560
f 2287/2562/8561 1900/2556/8562 2075/2558/8563 2454/2563/8564
f 2454/2563/8565 2075/2558/8566 1941/2560/8567 2076/2565/8568
f 2077/2564/8569 2454/2563/8570 2076/2565/8571 1942/2566/8572
f 1902/2567/8573 2078/2568/8574 2080/2569/8575
f 2078/2568/8576 1901/2561/8577 2077/2564/8578
f 2078/2568/8579 2077/2564/8580 1942/2566/8581 2079/2570/8582
f 2080/2569/8583 2078/2568/8584 2079/2570/8585 1943/2571/8586
f 1903/2572/8587 2295/2573/8588 2455/2574/8589 2082/2575/8590
f 2295/2573/8591 1902/2567/8592 2080/2569/8593 2455/2574/8594
f 2455/2574/8595 2080/2569/8596 1943/2571/8597 2081/2576/8598
f 2082/2575/8599 2455/2574/8600 2081/2576/8601 1944/2577/8602
f 1904/2578/8603 2083/2579/8604 2085/2580/8605
f 2083/2579/8606 1903/2572/8607 2082/2575/8608
f 2083/2579/8609 2082/2575/8610 1944/2577/8611 2084/2581/8612
f 2085/2580/8613 2083/2579/8614 2084/2581/8615 1945/2582/8616
f 1885/2479/8617 2303/2583/8618 2456/2584/8619 2378/2480/8620
f 2303/2583/8621 1904/2578/8622 2085/2580/8623 2456/2584/8624
f 2456/2584/8625 2085/2580/8626 1945/2582/8627 2086/2585/8628
f 2378/2480/8629 2456/2584/8630 2086/2585/8631 1926/2481/8632
f 1927/2483/8633 2379/2482/8634 2457/2586/8635 2089/2587/8636
f 2379/2482/8637 1926/2481/8638 2087/2588/8639 2457/2586/8640
f 2457/2586/8641 2087/2588/8642 1946/2589/8643 2088/2590/8644
f 2089/2587/8645 2457/2586/8646 2088/2590/8647 1947/2591/8648
f 1928/2489/8649 2381/2488/8650 2458/2592/8651 2091/2593/8652
f 2381/2488/8653 1927/2483/8654 2089/2587/8655 2458/2592/8656
f 2458/2592/8657 2089/2587/8658 1947/2591/8659 2090/2594/8660
f 2091/2593/8661 2458/2592/8662 2090/2594/8663 1948/2595/8664
f 1929/2494/8665 2384/2493/8666 2459/2596/8667 2093/2597/8668
f 2384/2493/8669 1928/2489/8670 2091/2593/8671 2459/2596/8672
f 2459/2596/8673 2091/2593/8674 1948/2595/8675 2092/2598/8676
f 2093/2597/8677 2459/2596/8678 2092/2598/8679 1949/2599/8680
f 1930/2500/8681 2386/2499/8682 2460/2600/8683 2095/2601/8684
f 2386/2499/8685 1929/2494/8686 2093/2597/8687 2460/2600/8688
f 2460/2600/8689 2093/2597/8690 1949/2599/8691 2094/2602/8692
f 2095/2601/8693 2460/2600/8694 2094/2602/8695 1950/2603/8696
f 1931/2505/8697 2049/2504/8698 2461/2604/8699 2097/2605/8700
f 2049/2504/8701 1930/2500/8702 2095/2601/8703 2461/2604/8704
f 2461/2604/8705 2095/2601/8706 1950/2603/8707 2096/2606/8708
f 2097/2605/8709 2461/2604/8710 2096/2606/8711 1951/2607/8712
f 1932/2511/8713 2051/2510/8714 2462/2608/8715 2099/2609/8716
f 2051/2510/8717 1931/2505/8718 2097/2605/8719 2462/2608/8720
f 2462/2608/8721 2097/2605/8722 1951/2607/8723 2098/2610/8724
f 2099/2609/8725 2462/2608/8726 2098/2610/8727 1952/2611/8728
f 1933/2516/8729 2054/2515/8730 2463/2612/8731 2101/2613/8732
f 2054/2515/8733 1932/2511/8734 2099/2609/8735 2463/2612/8736
f 2463/2612/8737 2099/2609/8738 1952/2611/8739 2100/2614/8740
f 2101/2613/8741 2463/2612/8742 2100/2614/8743 1953/2615/8744
f 1934/2522/8745 2056/2521/8746 2464/2616/8747 2103/2617/8748
f 2056/2521/8749 1933/2516/8750 2101/2613/8751 2464/2616/8752
f 2464/2616/8753 2101/2613/8754 1953/2615/8755 2102/2618/8756
f 2103/2617/8757 2464/2616/8758 2102/2618/8759 1954/2619/8760
f 1935/2527/8761 2059/2526/8762 2465/2620/8763 2105/2621/8764
f 2059/2526/8765 1934/2522/8766 2103/2617/8767 2465/2620/8768
f 2465/2620/8769 2103/2617/8770 1954/2619/8771 2104/2622/8772
f 2105/2621/8773 2465/2620/8774 2104/2622/8775 1955/2623/8776
f 1936/2533/8777 2061/2532/8778 2466/2624/8779 2107/2625/8780
f 2061/2532/8781 1935/2527/8782 2105/2621/8783 2466/2624/8784
f 2466/2624/8785 2105/2621/8786 1955/2623/8787 2106/2626/8788
f 2107/2625/8789 2466/2624/8790 2106/2626/8791 1956/2627/8792
f 1937/2538/8793 2064/2537/8794 2467/2628/8795 2109/2629/8796
f 2064/2537/8797 1936/2533/8798 2107/2625/8799 2467/2628/8800
f 2467/2628/8801 2107/2625/8802 1956/2627/8803 2108/2630/8804
f 2109/2629/8805 2467/2628/8806 2108/2630/8807 1957/2631/8808
f 1938/2544/8809 2066/2543/8810 2468/2632/8811 2111/2633/8812
f 2066/2543/8813 1937/2538/8814 2109/2629/8815 2468/2632/8816
f 2468/2632/8817 2109/2629/8818 1957/2631/8819 2110/2634/8820
f 2111/2633/8821 2468/2632/8822 2110/2634/8823 1958/2635/8824
f 1939/2549/8825 2069/2548/8826 2469/2636/8827 2113/2637/8828
f 2069/2548/8829 1938/2544/8830 2111/2633/8831 2469/2636/8832
f 2469/2636/8833 2111/2633/8834 1958/2635/8835 2112/2638/8836
f 2113/2637/8837 2469/2636/8838 2112/2638/8839 1959/2639/8840
f 1940/2555/8841 2071/2554/8842 2470/2640/8843 2115/2641/8844
f 2071/2554/8845 1939/2549/8846 2113/2637/8847 2470/2640/8848
f 2470/2640/8849 2113/2637/8850 1959/2639/8851 2114/2642/8852
f 2115/2641/8853 2470/2640/8854 2114/2642/8855 1960/2643/8856
f 1941/2560/8857 2074/2559/8858 2471/2644/8859 2117/2645/8860
f 2074/2559/8861 1940/2555/8862 2115/2641/8863 2471/2644/8864
f 2471/2644/8865 2115/2641/8866 1960/2643/8867 2116/2646/8868
f 2117/2645/8869 2471/2644/8870 2116/2646/8871 1961/2647/8872
f 1942/2566/8873 2076/2565/8874 2472/2648/8875 2119/2649/8876
f 2076/2565/8877 1941/2560/8878 2117/2645/8879 2472/2648/8880
f 2472/2648/8881 2117/2645/8882 1961/2647/8883 2118/2650/8884
f 2119/2649/8885 2472/2648/8886 2118/2650/8887 1962/2651/8888
f 1943/2571/8889 2079/2570/8890 2473/2652/8891 2121/2653/8892
f 2079/2570/8893 1942/2566/8894 2119/2649/8895 2473/2652/8896
f 2473/2652/8897 2119/2649/8898 1962/2651/8899 2120/2654/8900
f 2121/2653/8901 2473/2652/8902 2120/2654/8903 1963/2655/8904
f 1944/2577/8905 2081/2576/8906 2474/2656/8907 2123/2657/8908
f 2081/2576/8909 1943/2571/8910 2121/2653/8911 2474/2656/8912
f 2474/2656/8913 2121/2653/8914 1963/2655/8915 2122/2658/8916
f 2123/2657/8917 2474/2656/8918 2122/2658/8919 1964/2659/8920
f 1945/2582/8921 2084/2581/8922 2475/2660/8923 2125/2661/8924
f 2084/2581/8925 1944/2577/8926 2123/2657/8927 2475/2660/8928
f 2475/2660/8929 2123/2657/8930 1964/2659/8931 2124/2662/8932
f 2125/2661/8933 2475/2660/8934 2124/2662/8935 1965/2663/8936
f 1926/2481/8937 2086/2585/8938 2476/2664/8939 2087/2588/8940
f 2086/2585/8941 1945/2582/8942 2125/2661/8943 2476/2664/8944
f 2476/2664/8945 2125/2661/8946 1965/2663/8947 2126/2665/8948
f 2087/2588/8949 2476/2664/8950 2126/2665/8951 1946/2589/8952
f 1885/2666/8953 2377/2667/8954 2477/2668/8955 2128/2669/8956
f 2377/2667/8957 1886/2143/8958 2127/2670/8959 2477/2668/8960
f 2477/2668/8961 2127/2670/8962 1967/2138/8963 2227/2135/8964
f 2128/2669/8965 2477/2668/8966 2227/2135/8967 1966/2134/8968
f 1886/2143/8969 2234/2146/8970 2478/2671/8971 2127/2670/8972
f 2234/2146/8973 1906/2151/8974 2129/2672/8975 2478/2671/8976
f 2478/2671/8977 2129/2672/8978 1968/2140/8979 2228/2139/8980
f 2127/2670/8981 2478/2671/8982 2228/2139/8983 1967/2138/8984
f 1906/2151/8985 2347/2673/8986 2479/2674/8987 2129/2672/8988
f 2347/2673/8989 1905/2675/8990 2130/2676/8991 2479/2674/8992
f 2479/2674/8993 2130/2676/8994 1969/2142/8995 2229/2141/8996
f 2129/2672/8997 2479/2674/8998 2229/2141/8999 1968/2140/9000
f 1905/2675/9001 2304/2677/9002 2480/2678/9003 2130/2676/9004
f 2304/2677/9005 1885/2666/9006 2128/2669/9007 2480/2678/9008
f 2480/2678/9009 2128/2669/9010 1966/2134/9011 2230/2137/9012
f 2130/2676/9013 2480/2678/9014 2230/2137/9015 1969/2142/9016
f 1887/2147/9017 2383/2679/9018 2481/2680/9019 2132/2681/9020
f 2383/2679/9021 1888/2161/9022 2131/2682/9023 2481/2680/9024
f 2481/2680/9025 2131/2682/9026 1971/2156/9027 2235/2153/9028
f 2132/2681/9029 2481/2680/9030 2235/2153/9031 1970/2152/9032
f 1888/2161/9033 2242/2164/9034 2482/2683/9035 2131/2682/9036
f 2242/2164/9037 1908/2169/9038 2133/2684/9039 2482/2683/9040
f 2482/2683/9041 2133/2684/9042 1972/2158/9043 2236/2157/9044
f 2131/2682/9045 2482/2683/9046 2236/2157/9047 1971/2156/9048
f 1908/2169/9049 2351/2685/9050 2483/2686/9051 2133/2684/9052
f 2351/2685/9053 1907/2149/9054 2134/2687/9055 2483/2686/9056
f 2483/2686/9057 2134/2687/9058 1973/2160/9059 2237/2159/9060
f 2133/2684/9061 2483/2686/9062 2237/2159/9063 1972/2158/9064
f 1907/2149/9065 2232/2148/9066 2484/2688/9067 2134/2687/9068
f 2232/2148/9069 1887/2147/9070 2132/2681/9071 2484/2688/9072
f 2484/2688/9073 2132/2681/9074 1970/2152/9075 2238/2155/9076
f 2134/2687/9077 2484/2688/9078 2238/2155/9079 1973/2160/9080
f 1889/2165/9081 2048/2689/9082 2485/2690/9083 2136/2691/9084
f 2048/2689/9085 1890/2179/9086 2135/2692/9087 2485/2690/9088
f 2485/2690/9089 2135/2692/9090 1975/2174/9091 2243/2171/9092
f 2136/2691/9093 2485/2690/9094 2243/2171/9095 1974/2170/9096
f 1890/2179/9097 2250/2182/9098 2486/2693/9099 2135/2692/9100
f 2250/2182/9101 1910/2187/9102 2137/2694/9103 2486/2693/9104
f 2486/2693/9105 2137/2694/9106 1976/2176/9107 2244/2175/9108
f 2135/2692/9109 2486/2693/9110 2244/2175/9111 1975/2174/9112
f 1910/2187/9113 2354/2695/9114 2487/2696/9115 2137/2694/9116
f 2354/2695/9117 1909/2167/9118 2138/2697/9119 2487/2696/9120
f 2487/2696/9121 2138/2697/9122 1977/2178/9123 2245/2177/9124
f 2137/2694/9125 2487/2696/9126 2245/2177/9127 1976/2176/9128
f 1909/2167/9129 2240/2166/9130 2488/2698/9131 2138/2697/9132
f 2240/2166/9133 1889/2165/9134 2136/2691/9135 2488/2698/9136
f 2488/2698/9137 2136/2691/9138 1974/2170/9139 2246/2173/9140
f 2138/2697/9141 2488/2698/9142 2246/2173/9143 1977/2178/9144
f 1891/2183/9145 2053/2699/9146 2489/2700/9147 2140/2701/9148
f 2053/2699/9149 1892/2197/9150 2139/2702/9151 2489/2700/9152
f 2489/2700/9153 2139/2702/9154 1979/2192/9155 2251/2189/9156
f 2140/2701/9157 2489/2700/9158 2251/2189/9159 1978/2188/9160
f 1892/2197/9161 2258/2200/9162 2490/2703/9163 2139/2702/9164
f 2258/2200/9165 1912/2205/9166 2141/2704/9167 2490/2703/9168
f 2490/2703/9169 2141/2704/9170 1980/2194/9171 2252/2193/9172
f 2139/2702/9173 2490/2703/9174 2252/2193/9175 1979/2192/9176
f 1912/2205/9177 2357/2705/9178 2491/2706/9179 2141/2704/9180
f 2357/2705/9181 1911/2185/9182 2142/2707/9183 2491/2706/9184
f 2491/2706/9185 2142/2707/9186 1981/2196/9187 2253/2195/9188
f 2141/2704/9189 2491/2706/9190 2253/2195/9191 1980/2194/9192
f 1911/2185/9193 2248/2184/9194 2492/2708/9195 2142/2707/9196
f 2248/2184/9197 1891/2183/9198 2140/2701/9199 2492/2708/9200
f 2492/2708/9201 2140/2701/9202 1978/2188/9203 2254/2191/9204
f 2142/2707/9205 2492/2708/9206 2254/2191/9207 1981/2196/9208
f 1893/2201/9209 2058/2709/9210 2493/2710/9211 2144/2711/9212
f 2058/2709/9213 1894/2215/9214 2143/2712/9215 2493/2710/9216
f 2493/2710/9217 2143/2712/9218 1983/2210/9219 2259/2207/9220
f 2144/2711/9221 2493/2710/9222 2259/2207/9223 1982/2206/9224
f 1894/2215/9225 2266/2218/9226 2494/2713/9227 2143/2712/9228
f 2266/2218/9229 1914/2223/9230 2145/2714/9231 2494/2713/9232
f 2494/2713/9233 2145/2714/9234 1984/2212/9235 2260/2211/9236
f 2143/2712/9237 2494/2713/9238 2260/2211/9239 1983/2210/9240
f 1914/2223/9241 2360/2715/9242 2495/2716/9243 2145/2714/9244
f 2360/2715/9245 1913/2203/9246 2146/2717/9247 2495/2716/9248
f 2495/2716/9249 2146/2717/9250 1985/2214/9251 2261/2213/9252
f 2145/2714/9253 2495/2716/9254 2261/2213/9255 1984/2212/9256
f 1913/2203/9257 2256/2202/9258 2496/2718/9259 2146/2717/9260
f 2256/2202/9261 1893/2201/9262 2144/2711/9263 2496/2718/9264
f 2496/2718/9265 2144/2711/9266 1982/2206/9267 2262/2209/9268
f 2146/2717/9269 2496/2718/9270 2262/2209/9271 1985/2214/9272
f 1895/2219/9273 2063/2719/9274 2497/2720/9275 2148/2721/9276
f 2063/2719/9277 1896/2233/9278 2147/2722/9279 2497/2720/9280
f 2497/2720/9281 2147/2722/9282 1987/2228/9283 2267/2225/9284
f 2148/2721/9285 2497/2720/9286 2267/2225/9287 1986/2224/9288
f 1896/2233/9289 2274/2236/9290 2498/2723/9291 2147/2722/9292
f 2274/2236/9293 1916/2241/9294 2149/2724/9295 2498/2723/9296
f 2498/2723/9297 2149/2724/9298 1988/2230/9299 2268/2229/9300
f 2147/2722/9301 2498/2723/9302 2268/2229/9303 1987/2228/9304
f 1916/2241/9305 2363/2725/9306 2499/2726/9307 2149/2724/9308
f 2363/2725/9309 1915/2221/9310 2150/2727/9311 2499/2726/9312
f 2499/2726/9313 2150/2727/9314 1989/2232/9315 2269/2231/9316
f 2149/2724/9317 2499/2726/9318 2269/2231/9319 1988/2230/9320
f 1915/2221/9321 2264/2220/9322 2500/2728/9323 2150/2727/9324
f 2264/2220/9325 1895/2219/9326 2148/2721/9327 2500/2728/9328
f 2500/2728/9329 2148/2721/9330 1986/2224/9331 2270/2227/9332
f 2150/2727/9333 2500/2728/9334 2270/2227/9335 1989/2232/9336
f 1897/2237/9337 2068/2729/9338 2501/2730/9339 2152/2731/9340
f 2068/2729/9341 1898/2251/9342 2151/2732/9343 2501/2730/9344
f 2501/2730/9345 2151/2732/9346 1991/2246/9347 2275/2243/9348
f 2152/2731/9349 2501/2730/9350 2275/2243/9351 1990/2242/9352
f 1898/2251/9353 2282/2254/9354 2502/2733/9355 2151/2732/9356
f 2282/2254/9357 1918/2259/9358 2153/2734/9359 2502/2733/9360
f 2502/2733/9361 2153/2734/9362 1992/2248/9363 2276/2247/9364
f 2151/2732/9365 2502/2733/9366 2276/2247/9367 1991/2246/9368
f 1918/2259/9369 2366/2735/9370 2503/2736/9371 2153/2734/9372
f 2366/2735/9373 1917/2239/9374 2154/2737/9375 2503/2736/9376
f 2503/2736/9377 2154/2737/9378 1993/2250/9379 2277/2249/9380
f 2153/2734/9381 2503/2736/9382 2277/2249/9383 1992/2248/9384
f 1917/2239/9385 2272/2238/9386 2504/2738/9387 2154/2737/9388
f 2272/2238/9389 1897/2237/9390 2152/2731/9391 2504/2738/9392
f 2504/2738/9393 2152/2731/9394 1990/2242/9395 2278/2245/9396
f 2154/2737/9397 2504/2738/9398 2278/2245/9399 1993/2250/9400
f 1899/2255/9401 2073/2739/9402 2505/2740/9403 2156/2741/9404
f 2073/2739/9405 1900/2269/9406 2155/2742/9407 2505/2740/9408
f 2505/2740/9409 2155/2742/9410 1995/2264/9411 2283/2261/9412
f 2156/2741/9413 2505/2740/9414 2283/2261/9415 1994/2260/9416
f 1900/2269/9417 2290/2272/9418 2506/2743/9419 2155/2742/9420
f 2290/2272/9421 1920/2277/9422 2157/2744/9423 2506/2743/9424
f 2506/2743/9425 2157/2744/9426 1996/2266/9427 2284/2265/9428
f 2155/2742/9429 2506/2743/9430 2284/2265/9431 1995/2264/9432
f 1920/2277/9433 2369/2745/9434 2507/2746/9435 2157/2744/9436
f 2369/2745/9437 1919/2257/9438 2158/2747/9439 2507/2746/9440
f 2507/2746/9441 2158/2747/9442 1997/2268/9443 2285/2267/9444
f 2157/2744/9445 2507/2746/9446 2285/2267/9447 1996/2266/9448
f 1919/2257/9449 2280/2256/9450 2508/2748/9451 2158/2747/9452
f 2280/2256/9453 1899/2255/9454 2156/2741/9455 2508/2748/9456
f 2508/2748/9457 2156/2741/9458 1994/2260/9459 2286/2263/9460
f 2158/2747/9461 2508/2748/9462 2286/2263/9463 1997/2268/9464
f 1901/2273/9465 2078/2749/9466 2509/2750/9467 2160/2751/9468
f 2078/2749/9469 1902/2287/9470 2159/2752/9471 2509/2750/9472
f 2509/2750/9473 2159/2752/9474 1999/2282/9475 2291/2279/9476
f 2160/2751/9477 2509/2750/9478 2291/2279/9479 1998/2278/9480
f 1902/2287/9481 2298/2290/9482 2510/2753/9483 2159/2752/9484
f 2298/2290/9485 1922/2295/9486 2161/2754/9487 2510/2753/9488
f 2510/2753/9489 2161/2754/9490 2000/2284/9491 2292/2283/9492
f 2159/2752/9493 2510/2753/9494 2292/2283/9495 1999/2282/9496
f 1922/2295/9497 2372/2755/9498 2511/2756/9499 2161/2754/9500
f 2372/2755/9501 1921/2275/9502 2162/2757/9503 2511/2756/9504
f 2511/2756/9505 2162/2757/9506 2001/2286/9507 2293/2285/9508
f 2161/2754/9509 2511/2756/9510 2293/2285/9511 2000/2284/9512
f 1921/2275/9513 2288/2274/9514 2512/2758/9515 2162/2757/9516
f 2288/2274/9517 1901/2273/9518 2160/2751/9519 2512/2758/9520
f 2512/2758/9521 2160/2751/9522 1998/2278/9523 2294/2281/9524
f 2162/2757/9525 2512/2758/9526 2294/2281/9527 2001/2286/9528
f 1903/2291/9529 2083/2759/9530 2513/2760/9531 2164/2761/9532
f 2083/2759/9533 1904/2305/9534 2163/2762/9535 2513/2760/9536
f 2513/2760/9537 2163/2762/9538 2003/2300/9539 2299/2297/9540
f 2164/2761/9541 2513/2760/9542 2299/2297/9543 2002/2296/9544
f 1904/2305/9545 2306/2308/9546 2514/2763/9547 2163/2762/9548
f 2306/2308/9549 1924/2313/9550 2165/2764/9551 2514/2763/9552
f 2514/2763/9553 2165/2764/9554 2004/2302/9555 2300/2301/9556
f 2163/2762/9557 2514/2763/9558 2300/2301/9559 2003/2300/9560
f 1924/2313/9561 2375/2765/9562 2515/2766/9563 2165/2764/9564
f 2375/2765/9565 1923/2293/9566 2166/2767/9567 2515/2766/9568
f 2515/2766/9569 2166/2767/9570 2005/2304/9571 2301/2303/9572
f 2165/2764/9573 2515/2766/9574 2301/2303/9575 2004/2302/9576
f 1923/2293/9577 2296/2292/9578 2516/2768/9579 2166/2767/9580
f 2296/2292/9581 1903/2291/9582 2164/2761/9583 2516/2768/9584
f 2516/2768/9585 2164/2761/9586 2002/2296/9587 2302/2299/9588
f 2166/2767/9589 2516/2768/9590 2302/2299/9591 2005/2304/9592
f 1947/2591/9593 2088/2590/9594 2517/2769/9595 2169/2770/9596
f 2088/2590/9597 1946/2589/9598 2167/2771/9599 2517/2769/9600
f 2517/2769/9601 2167/2771/9602 2006/2772/9603 2168/2773/9604
f 2169/2770/9605 2517/2769/9606 2168/2773/9607 2007/2774/9608
f 1948/2595/9609 2090/2594/9610 2518/2775/9611 2171/2776/9612
f 2090/2594/9613 1947/2591/9614 2169/2770/9615 2518/2775/9616
f 2518/2775/9617 2169/2770/9618 2007/2774/9619 2170/2777/9620
f 2171/2776/9621 2518/2775/9622 2170/2777/9623 2008/2778/9624
f 1949/2599/9625 2092/2598/9626 2519/2779/9627 2173/2780/9628
f 2092/2598/9629 1948/2595/9630 2171/2776/9631 2519/2779/9632
f 2519/2779/9633 2171/2776/9634 2008/2778/9635 2172/2781/9636
f 2173/2780/9637 2519/2779/9638 2172/2781/9639 2009/2782/9640
f 1950/2603/9641 2094/2602/9642 2520/2783/9643 2175/2784/9644
f 2094/2602/9645 1949/2599/9646 2173/2780/9647 2520/2783/9648
f 2520/2783/9649 2173/2780/9650 2009/2782/9651 2174/2785/9652
f 2175/2784/9653 2520/2783/9654 2174/2785/9655 2010/2786/9656
f 1951/2607/9657 2096/2606/9658 2521/2787/9659 2177/2788/9660
f 2096/2606/9661 1950/2603/9662 2175/2784/9663 2521/2787/9664
f 2521/2787/9665 2175/2784/9666 2010/2786/9667 2176/2789/9668
f 2177/2788/9669 2521/2787/9670 2176/2789/9671 2011/2790/9672
f 1952/2611/9673 2098/2610/9674 2522/2791/9675 2179/2792/9676
f 2098/2610/9677 1951/2607/9678 2177/2788/9679 2522/2791/9680
f 2522/2791/9681 2177/2788/9682 2011/2790/9683 2178/2793/9684
f 2179/2792/9685 2522/2791/9686 2178/2793/9687 2012/2794/9688
f 1953/2615/9689 2100/2614/9690 2523/2795/9691 2181/2796/9692
f 2100/2614/9693 1952/2611/9694 2179/2792/9695 2523/2795/9696
f 2523/2795/9697 2179/2792/9698 2012/2794/9699 2180/2797/9700
f 2181/2796/9701 2523/2795/9702 2180/2797/9703 2013/2798/9704
f 1954/2619/9705 2102/2618/9706 2524/2799/9707 2183/2800/9708
f 2102/2618/9709 1953/2615/9710 2181/2796/9711 2524/2799/9712
f 2524/2799/9713 2181/2796/9714 2013/2798/9715 2182/2801/9716
f 2183/2800/9717 2524/2799/9718 2182/2801/9719 2014/2802/9720
f 1955/2623/9721 2104/2622/9722 2525/2803/9723 2185/2804/9724
f 2104/2622/9725 1954/2619/9726 2183/2800/9727 2525/2803/9728
f 2525/2803/9729 2183/2800/9730 2014/2802/9731 2184/2805/9732
f 2185/2804/9733 2525/2803/9734 2184/2805/9735 2015/2806/9736
f 1956/2627/9737 2106/2626/9738 2526/2807/9739 2187/2808/9740
f 2106/2626/9741 1955/2623/9742 2185/2804/9743 2526/2807/9744
f 2526/2807/9745 2185/2804/9746 2015/2806/9747 2186/2809/9748
f 2187/2808/9749 2526/2807/9750 2186/2809/9751 2016/2810/9752
f 1957/2631/9753 2108/2630/9754 2527/2811/9755 2189/2812/9756
f 2108/2630/9757 1956/2627/9758 2187/2808/9759 2527/2811/9760
f 2527/2811/9761 2187/2808/9762 2016/2810/9763 2188/2813/9764
f 2189/2812/9765 2527/2811/9766 2188/2813/9767 2017/2814/9768
f 1958/2635/9769 2110/2634/9770 2528/2815/9771 2191/2816/9772
f 2110/2634/9773 1957/2631/9774 2189/2812/9775 2528/2815/9776
f 2528/2815/9777 2189/2812/9778 2017/2814/9779 2190/2817/9780
f 2191/2816/9781 2528/2815/9782 2190/2817/9783 2018/2818/9784
f 1959/2639/9785 2112/2638/9786 2529/2819/9787 2193/2820/9788
f 2112/2638/9789 1958/2635/9790 2191/2816/9791 2529/2819/9792
f 2529/2819/9793 2191/2816/9794 2018/2818/9795 2192/2821/9796
f 2193/2820/9797 2529/2819/9798 2192/2821/9799 2019/2822/9800
f 1960/2643/9801 2114/2642/9802 2530/2823/9803 2195/2824/9804
f 2114/2642/9805 1959/2639/9806 2193/2820/9807 2530/2823/9808
f 2530/2823/9809 2193/2820/9810 2019/2822/9811 2194/2825/9812
f 2195/2824/9813 2530/2823/9814 2194/2825/9815 2020/2826/9816
f 1961/2647/9817 2116/2646/9818 2531/2827/9819 2197/2828/9820
f 2116/2646/9821 1960/2643/9822 2195/2824/9823 2531/2827/9824
f 2531/2827/9825 2195/2824/9826 2020/2826/9827 2196/2829/9828
f 2197/2828/9829 2531/2827/9830 2196/2829/9831 2021/2830/9832
f 1962/2651/9833 2118/2650/9834 2532/2831/9835 2199/2832/9836
f 2118/2650/9837 1961/2647/9838 2197/2828/9839 2532/2831/9840
f 2532/2831/9841 2197/2828/9842 2021/2830/9843 2198/2833/9844
f 2199/2832/9845 2532/2831/9846 2198/2833/9847 2022/2834/9848
f 1963/2655/9849 2120/2654/9850 2533/2835/9851 2201/2836/9852
f 2120/2654/9853 1962/2651/9854 2199/2832/9855 2533/2835/9856
f 2533/2835/9857 2199/2832/9858 2022/2834/9859 2200/2837/9860
f 2201/2836/9861 2533/2835/9862 2200/2837/9863 2023/2838/9864
f 1964/2659/9865 2122/2658/9866 2534/2839/9867 2203/2840/9868
f 2122/2658/9869 1963/2655/9870 2201/2836/9871 2534/2839/9872
f 2534/2839/9873 2201/2836/9874 2023/2838/9875 2202/2841/9876
f 2203/2840/9877 2534/2839/9878 2202/2841/9879 2024/2842/9880
f 1965/2663/9881 2124/2662/9882 2535/2843/9883 2205/2844/9884
f 2124/2662/9885 1964/2659/9886 2203/2840/9887 2535/2843/9888
f 2535/2843/9889 2203/2840/9890 2024/2842/9891 2204/2845/9892
f 2205/2844/9893 2535/2843/9894 2204/2845/9895 2025/2846/9896
f 1946/2589/9897 2126/2665/9898 2536/2847/9899 2167/2771/9900
f 2126/2665/9901 1965/2663/9902 2205/2844/9903 2536/2847/9904
f 2536/2847/9905 2205/2844/9906 2025/2846/9907 2206/2848/9908
f 2167/2771/9909 2536/2847/9910 2206/2848/9911 2006/2772/9912
f 2007/2774/9913 2168/2773/9914 2537/2849/9915 2208/2850/9916
f 2168/2773/9917 2006/2772/9918 2207/2851/9919 2537/2849/9920
f 2537/2849/9921 2207/2851/9922 2026/2318/9923 2307/2315/9924
f 2208/2850/9925 2537/2849/9926 2307/2315/9927 2027/2314/9928
f 2008/2778/9929 2170/2777/9930 2538/2852/9931 2209/2853/9932
f 2170/2777/9933 2007/2774/9934 2208/2850/9935 2538/2852/9936
f 2538/2852/9937 2208/2850/9938 2027/2314/9939 2310/2322/9940
f 2209/2853/9941 2538/2852/9942 2310/2322/9943 2029/2321/9944
f 2009/2782/9945 2172/2781/9946 2539/2854/9947 2210/2855/9948
f 2172/2781/9949 2008/2778/9950 2209/2853/9951 2539/2854/9952
f 2539/2854/9953 2209/2853/9954 2029/2321/9955 2312/2326/9956
f 2210/2855/9957 2539/2854/9958 2312/2326/9959 2030/2325/9960
f 2010/2786/9961 2174/2785/9962 2540/2856/9963 2211/2857/9964
f 2174/2785/9965 2009/2782/9966 2210/2855/9967 2540/2856/9968
f 2540/2856/9969 2210/2855/9970 2030/2325/9971 2314/2330/9972
f 2211/2857/9973 2540/2856/9974 2314/2330/9975 2031/2329/9976
f 2011/2790/9977 2176/2789/9978 2541/2858/9979 2212/2859/9980
f 2176/2789/9981 2010/2786/9982 2211/2857/9983 2541/2858/9984
f 2541/2858/9985 2211/2857/9986 2031/2329/9987 2316/2334/9988
f 2212/2859/9989 2541/2858/9990 2316/2334/9991 2032/2333/9992
f 2012/2794/9993 2178/2793/9994 2542/2860/9995 2213/2861/9996
f 2178/2793/9997 2011/2790/9998 2212/2859/9999 2542/2860/10000
f 2542/2860/10001 2212/2859/10002 2032/2333/10003 2318/2338/10004
f 2213/2861/10005 2542/2860/10006 2318/2338/10007 2033/2337/10008
f 2013/2798/10009 2180/2797/10010 2543/2862/10011 2214/2863/10012
f 2180/2797/10013 2012/2794/10014 2213/2861/10015 2543/2862/10016
f 2543/2862/10017 2213/2861/10018 2033/2337/10019 2320/2342/10020
f 2214/2863/10021 2543/2862/10022 2320/2342/10023 2034/2341/10024
f 2014/2802/10025 2182/2801/10026 2544/2864/10027 2215/2865/10028
f 2182/2801/10029 2013/2798/10030 2214/2863/10031 2544/2864/10032
f 2544/2864/10033 2214/2863/10034 2034/2341/10035 2322/2346/10036
f 2215/2865/10037 2544/2864/10038 2322/2346/10039 2035/2345/10040
f 2015/2806/10041 2184/2805/10042 2545/2866/10043 2216/2867/10044
f 2184/2805/10045 2014/2802/10046 2215/2865/10047 2545/2866/10048
f 2545/2866/10049 2215/2865/10050 2035/2345/10051 2324/2350/10052
f 2216/2867/10053 2545/2866/10054 2324/2350/10055 2036/2349/10056
f 2016/2810/10057 2186/2809/10058 2546/2868/10059 2217/2869/10060
f 2186/2809/10061 2015/2806/10062 2216/2867/10063 2546/2868/10064
f 2546/2868/10065 2216/2867/10066 2036/2349/10067 2326/2354/10068
f 2217/2869/10069 2546/2868/10070 2326/2354/10071 2037/2353/10072
f 2017/2814/10073 2188/2813/10074 2547/2870/10075 2218/2871/10076
f 2188/2813/10077 2016/2810/10078 2217/2869/10079 2547/2870/10080
f 2547/2870/10081 2217/2869/10082 2037/2353/10083 2328/2358/10084
f 2218/2871/10085 2547/2870/10086 2328/2358/10087 2038/2357/10088
f 2018/2818/10089 2190/2817/10090 2548/2872/10091 2219/2873/10092
f 2190/2817/10093 2017/2814/10094 2218/2871/10095 2548/2872/10096
f 2548/2872/10097 2218/2871/10098 2038/2357/10099 2330/2362/10100
f 2219/2873/10101 2548/2872/10102 2330/2362/10103 2039/2361/10104
f 2019/2822/10105 2192/2821/10106 2549/2874/10107 2220/2875/10108
f 2192/2821/10109 2018/2818/10110 2219/2873/10111 2549/2874/10112
f 2549/2874/10113 2219/2873/10114 2039/2361/10115 2332/2366/10116
f 2220/2875/10117 2549/2874/10118 2332/2366/10119 2040/2365/10120
f 2020/2826/10121 2194/2825/10122 2550/2876/10123 2221/2877/10124
f 2194/2825/10125 2019/2822/10126 2220/2875/10127 2550/2876/10128
f 2550/2876/10129 2220/2875/10130 2040/2365/10131 2334/2370/10132
f 2221/2877/10133 2550/2876/10134 2334/2370/10135 2041/2369/10136
f 2021/2830/10137 2196/2829/10138 2551/2878/10139 2222/2879/10140
f 2196/2829/10141 2020/2826/10142 2221/2877/10143 2551/2878/10144
f 2551/2878/10145 2221/2877/10146 2041/2369/10147 2336/2374/10148
f 2222/2879/10149 2551/2878/10150 2336/2374/10151 2042/2373/10152
f 2022/2834/10153 2198/2833/10154 2552/2880/10155 2223/2881/10156
f 2198/2833/10157 2021/2830/10158 2222/2879/10159 2552/2880/10160
f 2552/2880/10161 2222/2879/10162 2042/2373/10163 2338/2378/10164
f 2223/2881/10165 2552/2880/10166 2338/2378/10167 2043/2377/10168
f 2023/2838/10169 2200/2837/10170 2553/2882/10171 2224/2883/10172
f 2200/2837/10173 2022/2834/10174 2223/2881/10175 2553/2882/10176
f 2553/2882/10177 2223/2881/10178 2043/2377/10179 2340/2382/10180
f 2224/2883/10181 2553/2882/10182 2340/2382/10183 2044/2381/10184
f 2024/2842/10185 2202/2841/10186 2554/2884/10187 2225/2885/10188
f 2202/2841/10189 2023/2838/10190 2224/2883/10191 2554/2884/10192
f 2554/2884/10193 2224/2883/10194 2044/2381/10195 2342/2386/10196
f 2225/2885/10197 2554/2884/10198 2342/2386/10199 2045/2385/10200
f 2025/2846/10201 2204/2845/10202 2555/2886/10203 2226/2887/10204
f 2204/2845/10205 2024/2842/10206 2225/2885/10207 2555/2886/10208
f 2555/2886/10209 2225/2885/10210 2045/2385/10211 2344/2390/10212
f 2226/2887/10213 2555/2886/10214 2344/2390/10215 2046/2389/10216
f 2006/2772/10217 2206/2848/10218 2556/2888/10219 2207/2851/10220
f 2206/2848/10221 2025/2846/10222 2226/2887/10223 2556/2888/10224
f 2556/2888/10225 2226/2887/10226 2046/2389/10227 2346/2393/10228
f 2207/2851/10229 2556/2888/10230 2346/2393/10231 2026/2318/10232
usemtl tractor1:pasted__lambert5SG
f 2679/2889/10233 3112/2890/10234 3385/2891/10235 3115/2892/10236
f 3112/2890/10237 2758/2893/10238 3113/2894/10239 3385/2891/10240
f 3385/2891/10241 3113/2894/10242 2759/2895/10243 3114/2896/10244
f 3115/2892/10245 3385/2891/10246 3114/2896/10247 2682/2897/10248
f 2671/2898/10249 3116/2899/10250 3386/2900/10251 3119/2901/10252
f 3116/2899/10253 2771/2902/10254 3117/2903/10255 3386/2900/10256
f 3386/2900/10257 3117/2903/10258 2772/2904/10259 3118/2905/10260
f 3119/2901/10261 3386/2900/10262 3118/2905/10263 2674/2906/10264
usemtl tractor1:pasted__lambert4SG
f 2587/2907/10265 3120/2908/10266 3387/2909/10267 3123/2910/10268
f 3120/2908/10269 2746/2911/10270 3121/2912/10271 3387/2909/10272
f 3387/2909/10273 3121/2912/10274 2747/2913/10275 3122/2914/10276
f 3123/2910/10277 3387/2909/10278 3122/2914/10279 2590/2915/10280
f 2563/2916/10281 3124/2917/10282 3388/2918/10283 3127/2919/10284
f 3124/2917/10285 2752/2920/10286 3125/2921/10287 3388/2918/10288
f 3388/2918/10289 3125/2921/10290 2753/2922/10291 3126/2923/10292
f 3127/2919/10293 3388/2918/10294 3126/2923/10295 2576/2924/10296
usemtl tractor1:pasted__lambert5SG
f 2810/2925/10297 3128/2926/10298 3389/2927/10299 3131/2928/10300
f 3128/2926/10301 2811/2929/10302 3129/2930/10303 3389/2927/10304
f 3389/2927/10305 3129/2930/10306 2812/2931/10307 3130/2932/10308
f 3131/2928/10309 3389/2927/10310 3130/2932/10311 2813/2933/10312
f 2822/2934/10313 3132/2935/10314 3390/2936/10315 3135/2937/10316
f 3132/2935/10317 2823/2938/10318 3133/2939/10319 3390/2936/10320
f 3390/2936/10321 3133/2939/10322 2824/2940/10323 3134/2941/10324
f 3135/2937/10325 3390/2936/10326 3134/2941/10327 2825/2942/10328
f 2607/2943/10329 3136/2944/10330 3391/2945/10331 3139/2946/10332
f 3136/2944/10333 2781/2947/10334 3137/2948/10335 3391/2945/10336
f 3391/2945/10337 3137/2948/10338 2782/2949/10339 3138/2950/10340
f 3139/2946/10341 3391/2945/10342 3138/2950/10343 2610/2951/10344
f 2633/2952/10345 3140/2953/10346 3392/2954/10347 3143/2955/10348
f 3140/2953/10349 2634/2956/10350 3141/2957/10351 3392/2954/10352
f 3392/2954/10353 3141/2957/10354 2635/2958/10355 3142/2959/10356
f 3143/2955/10357 3392/2954/10358 3142/2959/10359 2636/2960/10360
usemtl tractor1:pasted__lambert4SG
f 2750/2961/10361 3144/2962/10362 3393/2963/10363 3147/2964/10364
f 3144/2962/10365 2614/2965/10366 3145/2966/10367 3393/2963/10368
f 3393/2963/10369 3145/2966/10370 2615/2967/10371 3146/2968/10372
f 3147/2964/10373 3393/2963/10374 3146/2968/10375 2749/2969/10376
usemtl tractor1:pasted__lambert5SG
f 2649/2970/10377 3148/2971/10378 3394/2972/10379 3151/2973/10380
f 3148/2971/10381 2648/2974/10382 3149/2975/10383 3394/2972/10384
f 3394/2972/10385 3149/2975/10386 2650/2976/10387 3150/2977/10388
f 3151/2973/10389 3394/2972/10390 3150/2977/10391 2651/2978/10392
usemtl tractor1:pasted__lambert1SG
f 2699/2979/10393 3152/2980/10394 3395/2981/10395 3155/2982/10396
f 3152/2980/10397 2777/2983/10398 3153/2984/10399 3395/2981/10400
f 3395/2981/10401 3153/2984/10402 2778/2985/10403 3154/2986/10404
f 3155/2982/10405 3395/2981/10406 3154/2986/10407 2702/2987/10408
f 2687/2988/10409 3156/2989/10410 3396/2990/10411 3159/2991/10412
f 3156/2989/10413 2688/2992/10414 3157/2993/10415 3396/2990/10416
f 3396/2990/10417 3157/2993/10418 2689/2994/10419 3158/2995/10420
f 3159/2991/10421 3396/2990/10422 3158/2995/10423 2690/2996/10424
usemtl tractor1:pasted__lambert5SG
f 2792/2997/10425 3160/2998/10426 3397/2999/10427 3163/3000/10428
f 3160/2998/10429 2719/3001/10430 3161/3002/10431 3397/2999/10432
f 3397/2999/10433 3161/3002/10434 2721/3003/10435 3162/3004/10436
f 3163/3000/10437 3397/2999/10438 3162/3004/10439 2791/3005/10440
usemtl tractor1:pasted__lambert1SG
f 2694/3006/10441 3164/3007/10442 3398/3008/10443 3167/3009/10444
f 3164/3007/10445 2693/3010/10446 3165/3011/10447 3398/3008/10448
f 3398/3008/10449 3165/3011/10450 2695/3012/10451 3166/3013/10452
f 3167/3009/10453 3398/3008/10454 3166/3013/10455 2696/3014/10456
usemtl tractor1:pasted__lambert4SG
f 2744/3015/10457 3168/3016/10458 3399/3017/10459 3171/3018/10460
f 3168/3016/10461 2565/3019/10462 3169/3020/10463 3399/3017/10464
f 3399/3017/10465 3169/3020/10466 2569/3021/10467 3170/3022/10468
f 3171/3018/10469 3399/3017/10470 3170/3022/10471 2743/3023/10472
f 2599/3024/10473 3172/3025/10474 3400/3026/10475 3175/3027/10476
f 3172/3025/10477 2600/3028/10478 3173/3029/10479 3400/3026/10480
f 3400/3026/10481 3173/3029/10482 2601/3030/10483 3174/3031/10484
f 3175/3027/10485 3400/3026/10486 3174/3031/10487 2602/3032/10488
f 2568/3033/10489 3176/3034/10490 3401/3035/10491 3179/3036/10492
f 3176/3034/10493 2788/3037/10494 3177/3038/10495 3401/3035/10496
f 3401/3035/10497 3177/3038/10498 2789/3039/10499 3178/3040/10500
f 3179/3036/10501 3401/3035/10502 3178/3040/10503 2571/3041/10504
f 2567/3042/10505 3180/3043/10506 3402/3044/10507 3183/3045/10508
f 3180/3043/10509 2566/3046/10510 3181/3047/10511 3402/3044/10512
f 3402/3044/10513 3181/3047/10514 2570/3048/10515 3182/3049/10516
f 3183/3045/10517 3402/3044/10518 3182/3049/10519 2572/3050/10520
f 2620/3051/10521 3184/3052/10522 3403/3053/10523 3186/3054/10524
f 3184/3052/10525 2780/3055/10526 3185/3056/10527 3403/3053/10528
f 3403/3053/10529 3185/3056/10530 2781/2947/10531 3136/2944/10532
f 3186/3054/10533 3403/3053/10534 3136/2944/10535 2607/2943/10536
f 2703/3057/10537 3187/3058/10538 3404/3059/10539 3190/3060/10540
f 3187/3058/10541 2704/3061/10542 3188/3062/10543 3404/3059/10544
f 3404/3059/10545 3188/3062/10546 2705/3063/10547 3189/3064/10548
f 3190/3060/10549 3404/3059/10550 3189/3064/10551 2706/3065/10552
f 2787/3066/10553 3191/3067/10554 3405/3068/10555 3194/3069/10556
f 3191/3067/10557 2723/3070/10558 3192/3071/10559 3405/3068/10560
f 3405/3068/10561 3192/3071/10562 2725/3072/10563 3193/3073/10564
f 3194/3069/10565 3405/3068/10566 3193/3073/10567 2786/3074/10568
f 2710/3075/10569 3195/3076/10570 3406/3077/10571 3198/3078/10572
f 3195/3076/10573 2709/3079/10574 3196/3080/10575 3406/3077/10576
f 3406/3077/10577 3196/3080/10578 2711/3081/10579 3197/3082/10580
f 3198/3078/10581 3406/3077/10582 3197/3082/10583 2712/3083/10584
f 2581/3084/10585 3199/3085/10586 3407/3086/10587 3202/3087/10588
f 3199/3085/10589 2754/3088/10590 3200/3089/10591 3407/3086/10592
f 3407/3086/10593 3200/3089/10594 2755/3090/10595 3201/3091/10596
f 3202/3087/10597 3407/3086/10598 3201/3091/10599 2557/3092/10600
usemtl tractor1:pasted__lambert5SG
f 2826/3093/10601 3203/3094/10602 3408/3095/10603 3206/3096/10604
f 3203/3094/10605 2827/3097/10606 3204/3098/10607 3408/3095/10608
f 3408/3095/10609 3204/3098/10610 2828/3099/10611 3205/3100/10612
f 3206/3096/10613 3408/3095/10614 3205/3100/10615 2829/3101/10616
usemtl tractor1:pasted__lambert4SG
f 2559/3102/10617 3207/3103/10618 3409/3104/10619 3210/3105/10620
f 3207/3103/10621 2764/3106/10622 3208/3107/10623 3409/3104/10624
f 3409/3104/10625 3208/3107/10626 2765/3108/10627 3209/3109/10628
f 3210/3105/10629 3409/3104/10630 3209/3109/10631 2580/3110/10632
usemtl tractor1:pasted__lambert5SG
f 2815/3111/10633 3211/3112/10634 3410/3113/10635 3214/3114/10636
f 3211/3112/10637 2814/3115/10638 3212/3116/10639 3410/3113/10640
f 3410/3113/10641 3212/3116/10642 2816/3117/10643 3213/3118/10644
f 3214/3114/10645 3410/3113/10646 3213/3118/10647 2817/3119/10648
usemtl tractor1:pasted__lambert4SG
f 2636/2960/10649 3142/2959/10650 3411/3120/10651 3217/3121/10652
f 3142/2959/10653 2635/2958/10654 3215/3122/10655 3411/3120/10656
f 3411/3120/10657 3215/3122/10658 2643/3123/10659 3216/3124/10660
f 3217/3121/10661 3411/3120/10662 3216/3124/10663 2644/3125/10664
usemtl tractor1:pasted__lambert1SG
f 2689/2994/10665 3157/2993/10666 3412/3126/10667 3220/3127/10668
f 3157/2993/10669 2688/2992/10670 3218/3128/10671 3412/3126/10672
f 3412/3126/10673 3218/3128/10674 2691/3129/10675 3219/3130/10676
f 3220/3127/10677 3412/3126/10678 3219/3130/10679 2692/3131/10680
usemtl tractor1:pasted__lambert4SG
f 2705/3063/10681 3188/3062/10682 3413/3132/10683 3223/3133/10684
f 3188/3062/10685 2704/3061/10686 3221/3134/10687 3413/3132/10688
f 3413/3132/10689 3221/3134/10690 2707/3135/10691 3222/3136/10692
f 3223/3133/10693 3413/3132/10694 3222/3136/10695 2708/3137/10696
usemtl tractor1:pasted__lambert5SG
f 2610/2951/10697 3138/2950/10698 3414/3138/10699 3226/3139/10700
f 3138/2950/10701 2782/2949/10702 3224/3140/10703 3414/3138/10704
f 3414/3138/10705 3224/3140/10706 2783/3141/10707 3225/3142/10708
f 3226/3139/10709 3414/3138/10710 3225/3142/10711 2626/3143/10712
usemtl tractor1:pasted__lambert4SG
f 2713/3144/10713 3227/3145/10714 3415/3146/10715 3229/3147/10716
f 3227/3145/10717 2710/3075/10718 3198/3078/10719 3415/3146/10720
f 3415/3146/10721 3198/3078/10722 2712/3083/10723 3228/3148/10724
f 3229/3147/10725 3415/3146/10726 3228/3148/10727 2714/3149/10728
usemtl tractor1:pasted__lambert1SG
f 2697/3150/10729 3230/3151/10730 3416/3152/10731 3232/3153/10732
f 3230/3151/10733 2694/3006/10734 3167/3009/10735 3416/3152/10736
f 3416/3152/10737 3167/3009/10738 2696/3014/10739 3231/3154/10740
f 3232/3153/10741 3416/3152/10742 3231/3154/10743 2698/3155/10744
usemtl tractor1:pasted__lambert4SG
f 2651/2978/10745 3150/2977/10746 3417/3156/10747 3235/3157/10748
f 3150/2977/10749 2650/2976/10750 3233/3158/10751 3417/3156/10752
f 3417/3156/10753 3233/3158/10754 2661/3159/10755 3234/3160/10756
f 3235/3157/10757 3417/3156/10758 3234/3160/10759 2662/3161/10760
f 2749/2969/10761 3146/2968/10762 3418/3162/10763 3238/3163/10764
f 3146/2968/10765 2615/2967/10766 3236/3164/10767 3418/3162/10768
f 3418/3162/10769 3236/3164/10770 2630/3165/10771 3237/3166/10772
f 3238/3163/10773 3418/3162/10774 3237/3166/10775 2748/3167/10776
usemtl tractor1:pasted__lambert5SG
f 2736/3168/10777 3239/3169/10778 3419/3170/10779 3242/3171/10780
f 3239/3169/10781 2766/3172/10782 3240/3173/10783 3419/3170/10784
f 3419/3170/10785 3240/3173/10786 2767/3174/10787 3241/3175/10788
f 3242/3171/10789 3419/3170/10790 3241/3175/10791 2738/3176/10792
f 2824/2940/10793 3133/2939/10794 3420/3177/10795 3244/3178/10796
f 3133/2939/10797 2823/2938/10798 3243/3179/10799 3420/3177/10800
f 3420/3177/10801 3243/3179/10802 2827/3097/10803 3203/3094/10804
f 3244/3178/10805 3420/3177/10806 3203/3094/10807 2826/3093/10808
usemtl tractor1:pasted__lambert4SG
f 2576/2924/10809 3126/2923/10810 3421/3180/10811 3246/3181/10812
f 3126/2923/10813 2753/2922/10814 3245/3182/10815 3421/3180/10816
f 3421/3180/10817 3245/3182/10818 2754/3088/10819 3199/3085/10820
f 3246/3181/10821 3421/3180/10822 3199/3085/10823 2581/3084/10824
usemtl tractor1:pasted__lambert5SG
f 2816/3117/10825 3212/3116/10826 3422/3183/10827 3248/3184/10828
f 3212/3116/10829 2814/3115/10830 3247/3185/10831 3422/3183/10832
f 3422/3183/10833 3247/3185/10834 2811/2929/10835 3128/2926/10836
f 3248/3184/10837 3422/3183/10838 3128/2926/10839 2810/2925/10840
usemtl tractor1:pasted__lambert4SG
f 2740/3186/10841 3249/3187/10842 3423/3188/10843 3252/3189/10844
f 3249/3187/10845 2762/3190/10846 3250/3191/10847 3423/3188/10848
f 3423/3188/10849 3250/3191/10850 2763/3192/10851 3251/3193/10852
f 3252/3189/10853 3423/3188/10854 3251/3193/10855 2742/3194/10856
f 2830/3195/10857 3253/3196/10858 3424/3197/10859 3255/3198/10860
f 3253/3196/10861 2826/3093/10862 3206/3096/10863 3424/3197/10864
f 3424/3197/10865 3206/3096/10866 2829/3101/10867 3254/3199/10868
f 3255/3198/10869 3424/3197/10870 3254/3199/10871 2831/3200/10872
f 2832/3201/10873 3256/3202/10874 3425/3203/10875 3257/3204/10876
f 3256/3202/10877 2824/2940/10878 3244/3178/10879 3425/3203/10880
f 3425/3203/10881 3244/3178/10882 2826/3093/10883 3253/3196/10884
f 3257/3204/10885 3425/3203/10886 3253/3196/10887 2830/3195/10888
f 2825/2942/10889 3134/2941/10890 3426/3205/10891 3259/3206/10892
f 3134/2941/10893 2824/2940/10894 3256/3202/10895 3426/3205/10896
f 3426/3205/10897 3256/3202/10898 2832/3201/10899 3258/3207/10900
f 3259/3206/10901 3426/3205/10902 3258/3207/10903 2833/3208/10904
f 2650/2976/10905 3149/2975/10906 3427/3209/10907 3262/3210/10908
f 3149/2975/10909 2648/2974/10910 3260/3211/10911 3427/3209/10912
f 3427/3209/10913 3260/3211/10914 2652/3212/10915 3261/3213/10916
f 3262/3210/10917 3427/3209/10918 3261/3213/10919 2653/3214/10920
f 2661/3159/10921 3233/3158/10922 3428/3215/10923 3264/3216/10924
f 3233/3158/10925 2650/2976/10926 3262/3210/10927 3428/3215/10928
f 3428/3215/10929 3262/3210/10930 2653/3214/10931 3263/3217/10932
f 3264/3216/10933 3428/3215/10934 3263/3217/10935 2660/3218/10936
f 2599/3024/10937 3265/3219/10938 3429/3220/10939 3267/3221/10940
f 3265/3219/10941 2745/3222/10942 3266/3223/10943 3429/3220/10944
f 3429/3220/10945 3266/3223/10946 2746/2911/10947 3120/2908/10948
f 3267/3221/10949 3429/3220/10950 3120/2908/10951 2587/2907/10952
f 2638/3224/10953 3268/3225/10954 3430/3226/10955 3270/3227/10956
f 3268/3225/10957 2636/2960/10958 3217/3121/10959 3430/3226/10960
f 3430/3226/10961 3217/3121/10962 2644/3125/10963 3269/3228/10964
f 3270/3227/10965 3430/3226/10966 3269/3228/10967 2645/3229/10968
f 2637/3230/10969 3271/3231/10970 3431/3232/10971 3272/3233/10972
f 3271/3231/10973 2633/2952/10974 3143/2955/10975 3431/3232/10976
f 3431/3232/10977 3143/2955/10978 2636/2960/10979 3268/3225/10980
f 3272/3233/10981 3431/3232/10982 3268/3225/10983 2638/3224/10984
f 2818/3234/10985 3273/3235/10986 3432/3236/10987 3275/3237/10988
f 3273/3235/10989 2810/2925/10990 3131/2928/10991 3432/3236/10992
f 3432/3236/10993 3131/2928/10994 2813/2933/10995 3274/3238/10996
f 3275/3237/10997 3432/3236/10998 3274/3238/10999 2819/3239/11000
f 2820/3240/11001 3276/3241/11002 3433/3242/11003 3277/3243/11004
f 3276/3241/11005 2816/3117/11006 3248/3184/11007 3433/3242/11008
f 3433/3242/11009 3248/3184/11010 2810/2925/11011 3273/3235/11012
f 3277/3243/11013 3433/3242/11014 3273/3235/11015 2818/3234/11016
f 2817/3119/11017 3213/3118/11018 3434/3244/11019 3279/3245/11020
f 3213/3118/11021 2816/3117/11022 3276/3241/11023 3434/3244/11024
f 3434/3244/11025 3276/3241/11026 2820/3240/11027 3278/3246/11028
f 3279/3245/11029 3434/3244/11030 3278/3246/11031 2821/3247/11032
f 2586/3248/11033 3280/3249/11034 3282/3250/11035 2591/3251/11036
f 3280/3249/11037 2564/3252/11038 3281/3253/11039 3282/3250/11040
f 3282/3250/11041 3281/3253/11042 2592/3254/11043
f 3283/3255/11044 2631/3256/11045 3284/3257/11046
f 3283/3255/11047 3284/3257/11048 2614/2965/11049 3144/2962/11050
f 2751/3258/11051 3283/3255/11052 3144/2962/11053 2750/2961/11054
f 2563/2916/11055 3285/3259/11056 3286/3260/11057 3287/3261/11058
f 3285/3259/11059 2585/3262/11060 2594/3263/11061 3286/3260/11062
f 3287/3261/11063 3286/3260/11064 2593/3264/11065
f 2561/3265/11066 3288/3266/11067 3435/3267/11068 3291/3268/11069
f 3288/3266/11070 2775/3269/11071 3289/3270/11072 3435/3267/11073
f 3435/3267/11074 3289/3270/11075 2776/3271/11076 3290/3272/11077
f 3291/3268/11078 3435/3267/11079 3290/3272/11080 2595/3273/11081
f 2568/3033/11082 3179/3036/11083 3436/3274/11084 3293/3275/11085
f 3179/3036/11086 2571/3041/11087 3292/3276/11088 3436/3274/11089
f 3436/3274/11090 3292/3276/11091 2601/3030/11092 3173/3029/11093
f 3293/3275/11094 3436/3274/11095 3173/3029/11096 2600/3028/11097
f 2571/3041/11098 3294/3277/11099 3292/3276/11100
f 3294/3277/11101 2569/3021/11102 3295/3278/11103
f 3294/3277/11104 3295/3278/11105 2602/3032/11106 3174/3031/11107
f 3292/3276/11108 3294/3277/11109 3174/3031/11110 2601/3030/11111
f 2569/3021/11112 3169/3020/11113 3437/3279/11114 3295/3278/11115
f 3169/3020/11116 2565/3019/11117 3296/3280/11118 3437/3279/11119
f 3437/3279/11120 3296/3280/11121 2599/3024/11122 3175/3027/11123
f 3295/3278/11124 3437/3279/11125 3175/3027/11126 2602/3032/11127
f 2566/3046/11128 3180/3043/11129 3297/3281/11130 3298/3282/11131
f 3180/3043/11132 2567/3042/11133 2604/3283/11134 3297/3281/11135
f 3298/3282/11136 3297/3281/11137 2603/3284/11138
f 2567/3042/11139 3299/3285/11140 3300/3286/11141 2604/3283/11142
f 3299/3285/11143 2573/3287/11144 2605/3288/11145 3300/3286/11146
f 2785/3289/11147 3301/3290/11148 3302/3291/11149 2784/3292/11150
f 3301/3290/11151 2574/3293/11152 2606/3294/11153 3302/3291/11154
f 2574/3293/11155 3303/3295/11156 3304/3296/11157 2606/3294/11158
f 3303/3295/11159 2568/3033/11160 3293/3275/11161 3304/3296/11162
f 3304/3296/11163 3293/3275/11164 2600/3028/11165
f 2585/3262/11166 3305/3297/11167 3306/3298/11168 2594/3263/11169
f 3305/3297/11170 2561/3265/11171 3291/3268/11172 3306/3298/11173
f 3306/3298/11174 3291/3268/11175 2595/3273/11176
f 2565/3019/11177 3168/3016/11178 3438/3299/11179 3296/3280/11180
f 3168/3016/11181 2744/3015/11182 3307/3300/11183 3438/3299/11184
f 3438/3299/11185 3307/3300/11186 2745/3222/11187 3265/3219/11188
f 3296/3280/11189 3438/3299/11190 3265/3219/11191 2599/3024/11192
f 2562/3301/11193 3308/3302/11194 3309/3303/11195 3310/3304/11196
f 3308/3302/11197 2586/3248/11198 2591/3251/11199 3309/3303/11200
f 3310/3304/11201 3309/3303/11202 2596/3305/11203
f 3282/3250/11204 2592/3254/11205 3281/3253/11206
f 3282/3306/11207 3281/3253/11208 2612/3307/11209 3311/3308/11210
f 2591/3251/11211 3282/3306/11212 3311/3308/11213 2611/3309/11214
f 2593/3264/11215 3286/3260/11216 3287/3261/11217
f 3286/3310/11218 2594/3263/11219 2616/3311/11220 3312/3312/11221
f 3287/3261/11222 3286/3310/11223 3312/3312/11224 2614/2965/11225
f 2597/3313/11226 3313/3314/11227 3060/3315/11228 3315/3316/11229
f 3313/3314/11230 2596/3305/11231 3314/3317/11232 3060/3315/11233
f 3060/3315/11234 3314/3317/11235 2617/3318/11236
f 3315/3316/11237 3060/3315/11238 2618/3319/11239
f 2595/3273/11240 3316/3320/11241 3064/3321/11242 3318/3322/11243
f 3316/3320/11244 2598/3323/11245 3317/3324/11246 3064/3321/11247
f 3064/3321/11248 3317/3324/11249 2620/3051/11250
f 3318/3322/11251 3064/3321/11252 2619/3325/11253
f 2598/3323/11254 3319/3326/11255 3439/3327/11256 3317/3324/11257
f 3319/3326/11258 2779/3328/11259 3320/3329/11260 3439/3327/11261
f 3439/3327/11262 3320/3329/11263 2780/3055/11264 3184/3052/11265
f 3317/3324/11266 3439/3327/11267 3184/3052/11268 2620/3051/11269
f 2589/3330/11270 3321/3331/11271 3440/3332/11272 3324/3333/11273
f 3321/3331/11274 2588/3334/11275 3322/3335/11276 3440/3332/11277
f 3440/3332/11278 3322/3335/11279 2622/3336/11280 3323/3337/11281
f 3324/3333/11282 3440/3332/11283 3323/3337/11284 2621/3338/11285
f 2603/3284/11286 3297/3281/11287 3325/3339/11288
f 3297/3340/11289 2604/3283/11290 2624/3341/11291
f 3325/3339/11292 3297/3340/11293 2623/3342/11294
f 3300/3343/11295 2605/3288/11296 2625/3344/11297 3326/3345/11298
f 2604/3283/11299 3300/3343/11300 3326/3345/11301 2624/3341/11302
f 3302/3346/11303 2606/3294/11304 2626/3143/11305 3225/3142/11306
f 2784/3292/11307 3302/3346/11308 3225/3142/11309 2783/3141/11310
f 3304/3296/11311 2600/3028/11312 3327/3347/11313
f 3304/3348/11314 3327/3347/11315 2627/3349/11316 3328/3350/11317
f 2606/3294/11318 3304/3348/11319 3328/3350/11320 2626/3143/11321
f 2600/3028/11322 3172/3025/11323 3330/3351/11324 3327/3347/11325
f 3172/3025/11326 2599/3024/11327 3329/3352/11328 3330/3351/11329
f 3330/3351/11330 3329/3352/11331 2628/3353/11332
f 3327/3347/11333 3330/3351/11334 2627/3349/11335
f 2587/2907/11336 3123/2910/11337 3441/3354/11338 3333/3355/11339
f 3123/2910/11340 2590/2915/11341 3331/3356/11342 3441/3354/11343
f 3441/3354/11344 3331/3356/11345 2630/3165/11346 3332/3357/11347
f 3333/3355/11348 3441/3354/11349 3332/3357/11350 2629/3358/11351
f 2590/2915/11352 3122/2914/11353 3442/3359/11354 3331/3356/11355
f 3122/2914/11356 2747/2913/11357 3334/3360/11358 3442/3359/11359
f 3442/3359/11360 3334/3360/11361 2748/3167/11362 3237/3166/11363
f 3331/3356/11364 3442/3359/11365 3237/3166/11366 2630/3165/11367
f 3306/3298/11368 2595/3273/11369 3318/3322/11370
f 3306/3361/11371 3318/3322/11372 2619/3325/11373 3335/3362/11374
f 2594/3263/11375 3306/3361/11376 3335/3362/11377 2616/3311/11378
f 2599/3024/11379 3267/3221/11380 3443/3363/11381 3329/3352/11382
f 3267/3221/11383 2587/2907/11384 3333/3355/11385 3443/3363/11386
f 3443/3363/11387 3333/3355/11388 2629/3358/11389 3336/3364/11390
f 3329/3352/11391 3443/3363/11392 3336/3364/11393 2628/3353/11394
f 2588/3334/11395 3337/3365/11396 3444/3366/11397 3322/3335/11398
f 3337/3365/11399 2603/3284/11400 3325/3339/11401 3444/3366/11402
f 3444/3366/11403 3325/3339/11404 2623/3342/11405 3338/3367/11406
f 3322/3335/11407 3444/3366/11408 3338/3367/11409 2622/3336/11410
f 2596/3305/11411 3309/3303/11412 3314/3317/11413
f 3309/3368/11414 2591/3251/11415 2611/3309/11416 3339/3369/11417
f 3314/3317/11418 3309/3368/11419 3339/3369/11420 2617/3318/11421
f 2752/2920/11422 3124/2917/11423 3283/3370/11424 2751/3258/11425
f 3124/2917/11426 2563/2916/11427 3284/3257/11428 3283/3370/11429
f 3283/3370/11430 3284/3257/11431 2631/3256/11432
f 2563/2916/11433 3287/3261/11434 3445/3371/11435 3284/3257/11436
f 3445/3371/11437 3287/3261/11438 2614/2965/11439 3284/3257/11440
f 3281/3253/11441 2564/3252/11442 3340/3372/11443 3446/3373/11444
f 3281/3253/11445 3446/3373/11446 3340/3372/11447 2612/3307/11448
f 2611/3309/11449 3311/3308/11450 3447/3374/11451 3342/3375/11452
f 3311/3308/11453 2612/3307/11454 3341/3376/11455 3447/3374/11456
f 3447/3374/11457 3341/3376/11458 2634/2956/11459 3140/2953/11460
f 3342/3375/11461 3447/3374/11462 3140/2953/11463 2633/2952/11464
f 2612/3307/11465 3343/3377/11466 3448/3378/11467 3341/3376/11468
f 3343/3377/11469 2613/3379/11470 3344/3380/11471 3448/3378/11472
f 3448/3378/11473 3344/3380/11474 2635/2958/11475 3141/2957/11476
f 3341/3376/11477 3448/3378/11478 3141/2957/11479 2634/2956/11480
usemtl tractor1:pasted__lambert5SG
f 2609/3381/11481 3345/3382/11482 3449/3383/11483 3348/3384/11484
f 3345/3382/11485 2608/3385/11486 3346/3386/11487 3449/3383/11488
f 3449/3383/11489 3346/3386/11490 2642/3387/11491 3347/3388/11492
f 3348/3384/11493 3449/3383/11494 3347/3388/11495 2641/3389/11496
usemtl tractor1:pasted__lambert4SG
f 2608/3390/11497 3349/3391/11498 3450/3392/11499 3346/3393/11500
f 3349/3391/11501 2618/3394/11502 3061/3395/11503 3450/3392/11504
f 3450/3392/11505 3061/3395/11506 2640/3396/11507 3350/3397/11508
f 3346/3393/11509 3450/3392/11510 3350/3397/11511 2642/3398/11512
f 2613/3399/11513 3351/3400/11514 3451/3401/11515 3344/3402/11516
f 3351/3400/11517 2621/3403/11518 3352/3404/11519 3451/3401/11520
f 3451/3401/11521 3352/3404/11522 2643/3405/11523 3215/3406/11524
f 3344/3402/11525 3451/3401/11526 3215/3406/11527 2635/3407/11528
f 2621/3408/11529 3323/3409/11530 3452/3410/11531 3352/3411/11532
f 3323/3409/11533 2622/3412/11534 3353/3413/11535 3452/3410/11536
f 3452/3410/11537 3353/3413/11538 2644/3414/11539 3216/3415/11540
f 3352/3411/11541 3452/3410/11542 3216/3415/11543 2643/3416/11544
f 2624/3417/11545 3326/3418/11546 3453/3419/11547 3356/3420/11548
f 3326/3418/11549 2625/3421/11550 3354/3422/11551 3453/3419/11552
f 3453/3419/11553 3354/3422/11554 2647/3423/11555 3355/3424/11556
f 3356/3420/11557 3453/3419/11558 3355/3424/11559 2646/3425/11560
usemtl tractor1:pasted__lambert5SG
f 2625/3421/11561 3357/3426/11562 3454/3427/11563 3354/3422/11564
f 3357/3426/11565 2609/3428/11566 3348/3429/11567 3454/3427/11568
f 3454/3427/11569 3348/3429/11570 2641/3430/11571 3358/3431/11572
f 3354/3422/11573 3454/3427/11574 3358/3431/11575 2647/3423/11576
usemtl tractor1:pasted__lambert4SG
f 2622/3432/11577 3338/3433/11578 3455/3434/11579 3353/3435/11580
f 3338/3433/11581 2623/3436/11582 3359/3437/11583 3455/3434/11584
f 3455/3434/11585 3359/3437/11586 2645/3438/11587 3269/3439/11588
f 3353/3435/11589 3455/3434/11590 3269/3439/11591 2644/3440/11592
f 2617/3441/11593 3339/3442/11594 3456/3443/11595 3059/3444/11596
f 3339/3442/11597 2611/3445/11598 3342/3446/11599 3456/3443/11600
f 3456/3443/11601 3342/3446/11602 2633/3447/11603 3271/3448/11604
f 3059/3444/11605 3456/3443/11606 3271/3448/11607 2637/3449/11608
usemtl tractor1:pasted__lambert5SG
f 2614/3450/11609 3312/3451/11610 3457/3452/11611 3361/3453/11612
f 3312/3451/11613 2616/3454/11614 3360/3455/11615 3457/3452/11616
f 3457/3452/11617 3360/3455/11618 2648/3456/11619 3148/3457/11620
f 3361/3453/11621 3457/3452/11622 3148/3457/11623 2649/3458/11624
usemtl tractor1:pasted__lambert4SG
f 2615/3459/11625 3145/3460/11626 3458/3461/11627 3362/3462/11628
f 3145/3460/11629 2614/3463/11630 3361/3464/11631 3458/3461/11632
f 3458/3461/11633 3361/3464/11634 2649/3465/11635 3151/3466/11636
f 3362/3462/11637 3458/3461/11638 3151/3466/11639 2651/3467/11640
f 2620/3468/11641 3186/3469/11642 3459/3470/11643 3063/3471/11644
f 3186/3469/11645 2607/3472/11646 3363/3473/11647 3459/3470/11648
f 3459/3470/11649 3363/3473/11650 2656/3474/11651 3364/3475/11652
f 3063/3471/11653 3459/3470/11654 3364/3475/11655 2654/3476/11656
usemtl tractor1:pasted__lambert5SG
f 2607/3472/11657 3139/3477/11658 3460/3478/11659 3363/3473/11660
f 3139/3477/11661 2610/3479/11662 3365/3480/11663 3460/3478/11664
f 3460/3478/11665 3365/3480/11666 2657/3481/11667 3366/3482/11668
f 3363/3473/11669 3460/3478/11670 3366/3482/11671 2656/3474/11672
f 2610/3479/11673 3226/3483/11674 3461/3484/11675 3365/3480/11676
f 3226/3483/11677 2626/3485/11678 3367/3486/11679 3461/3484/11680
f 3461/3484/11681 3367/3486/11682 2659/3487/11683 3368/3488/11684
f 3365/3480/11685 3461/3484/11686 3368/3488/11687 2657/3481/11688
usemtl tractor1:pasted__lambert4SG
f 2626/3489/11689 3328/3490/11690 3462/3491/11691 3367/3492/11692
f 3328/3490/11693 2627/3493/11694 3369/3494/11695 3462/3491/11696
f 3462/3491/11697 3369/3494/11698 2658/3495/11699 3370/3496/11700
f 3367/3492/11701 3462/3491/11702 3370/3496/11703 2659/3497/11704
f 2629/3498/11705 3332/3499/11706 3463/3500/11707 3372/3501/11708
f 3332/3499/11709 2630/3502/11710 3371/3503/11711 3463/3500/11712
f 3463/3500/11713 3371/3503/11714 2662/3504/11715 3234/3505/11716
f 3372/3501/11717 3463/3500/11718 3234/3505/11719 2661/3506/11720
f 2630/3507/11721 3236/3508/11722 3464/3509/11723 3371/3510/11724
f 3236/3508/11725 2615/3511/11726 3362/3512/11727 3464/3509/11728
f 3464/3509/11729 3362/3512/11730 2651/3513/11731 3235/3514/11732
f 3371/3510/11733 3464/3509/11734 3235/3514/11735 2662/3515/11736
f 2616/3516/11737 3335/3517/11738 3465/3518/11739 3360/3519/11740
f 3335/3517/11741 2619/3520/11742 3065/3521/11743 3465/3518/11744
f 3465/3518/11745 3065/3521/11746 2652/3522/11747 3260/3523/11748
f 3360/3519/11749 3465/3518/11750 3260/3523/11751 2648/3524/11752
f 2628/3525/11753 3336/3526/11754 3466/3527/11755 3373/3528/11756
f 3336/3526/11757 2629/3529/11758 3372/3530/11759 3466/3527/11760
f 3466/3527/11761 3372/3530/11762 2661/3531/11763 3264/3532/11764
f 3373/3528/11765 3466/3527/11766 3264/3532/11767 2660/3533/11768
usemtl tractor1:pasted__lambert5SG
f 2577/3534/11769 3374/3535/11770 3467/3536/11771 3377/3537/11772
f 3374/3535/11773 2768/3538/11774 3375/3539/11775 3467/3536/11776
f 3467/3536/11777 3375/3539/11778 2769/3540/11779 3376/3541/11780
f 3377/3537/11781 3467/3536/11782 3376/3541/11783 2663/3542/11784
f 2578/3543/11785 3378/3544/11786 3468/3545/11787 3381/3546/11788
f 3378/3544/11789 2562/3301/11790 3379/3547/11791 3468/3545/11792
f 3468/3545/11793 3379/3547/11794 2665/3548/11795 3380/3549/11796
f 3381/3546/11797 3468/3545/11798 3380/3549/11799 2664/3550/11800
f 2775/3269/11801 3288/3266/11802 3469/3551/11803 3384/3552/11804
f 3288/3266/11805 2561/3265/11806 3382/3553/11807 3469/3551/11808
f 3469/3551/11809 3382/3553/11810 2666/3554/11811 3383/3555/11812
f 3384/3552/11813 3469/3551/11814 3383/3555/11815 2774/3556/11816
f 2561/3265/11817 2844/3557/11818 3470/3558/11819 3382/3553/11820
f 2844/3557/11821 2577/3534/11822 3377/3537/11823 3470/3558/11824
f 3470/3558/11825 3377/3537/11826 2663/3542/11827 2845/3559/11828
f 3382/3553/11829 3470/3558/11830 2845/3559/11831 2666/3554/11832
usemtl tractor1:pasted__lambert4SG
f 2663/3542/11833 3376/3541/11834 3471/3560/11835 2848/3561/11836
f 3376/3541/11837 2769/3540/11838 2846/3562/11839 3471/3560/11840
f 3471/3560/11841 2846/3562/11842 2770/3563/11843 2847/3564/11844
f 2848/3561/11845 3471/3560/11846 2847/3564/11847 2667/3565/11848
f 2664/3550/11849 3380/3549/11850 3472/3566/11851 2851/3567/11852
f 3380/3549/11853 2665/3548/11854 2849/3568/11855 3472/3566/11856
f 3472/3566/11857 2849/3568/11858 2669/3569/11859 2850/3570/11860
f 2851/3567/11861 3472/3566/11862 2850/3570/11863 2668/3571/11864
f 2774/3556/11865 3383/3555/11866 3473/3572/11867 2854/3573/11868
f 3383/3555/11869 2666/3554/11870 2852/3574/11871 3473/3572/11872
f 3473/3572/11873 2852/3574/11874 2670/3575/11875 2853/3576/11876
f 2854/3573/11877 3473/3572/11878 2853/3576/11879 2773/3577/11880
f 2666/3554/11881 2845/3559/11882 3474/3578/11883 2852/3574/11884
f 2845/3559/11885 2663/3542/11886 2848/3561/11887 3474/3578/11888
f 3474/3578/11889 2848/3561/11890 2667/3565/11891 2855/3579/11892
f 2852/3574/11893 3474/3578/11894 2855/3579/11895 2670/3575/11896
usemtl tractor1:pasted__lambert5SG
f 2667/3565/11897 2847/3564/11898 3475/3580/11899 2857/3581/11900
f 2847/3564/11901 2770/3563/11902 2856/3582/11903 3475/3580/11904
f 3475/3580/11905 2856/3582/11906 2771/2902/11907 3116/2899/11908
f 2857/3581/11909 3475/3580/11910 3116/2899/11911 2671/2898/11912
f 2668/3571/11913 2850/3570/11914 3476/3583/11915 2860/3584/11916
f 2850/3570/11917 2669/3569/11918 2858/3585/11919 3476/3583/11920
f 3476/3583/11921 2858/3585/11922 2673/3586/11923 2859/3587/11924
f 2860/3584/11925 3476/3583/11926 2859/3587/11927 2672/3588/11928
f 2773/3577/11929 2853/3576/11930 3477/3589/11931 2862/3590/11932
f 2853/3576/11933 2670/3575/11934 2861/3591/11935 3477/3589/11936
f 3477/3589/11937 2861/3591/11938 2674/2906/11939 3118/2905/11940
f 2862/3590/11941 3477/3589/11942 3118/2905/11943 2772/2904/11944
f 2670/3575/11945 2855/3579/11946 3478/3592/11947 2861/3591/11948
f 2855/3579/11949 2667/3565/11950 2857/3581/11951 3478/3592/11952
f 3478/3592/11953 2857/3581/11954 2671/2898/11955 3119/2901/11956
f 2861/3591/11957 3478/3592/11958 3119/2901/11959 2674/2906/11960
usemtl tractor1:pasted__lambert4SG
f 2557/3593/11961 3201/3594/11962 3479/3595/11963 2865/3596/11964
f 3201/3594/11965 2755/3597/11966 2863/3598/11967 3479/3595/11968
f 3479/3595/11969 2863/3598/11970 2756/3599/11971 2864/3600/11972
f 2865/3596/11973 3479/3595/11974 2864/3600/11975 2675/3601/11976
f 2558/3602/11977 2866/3603/11978 3480/3604/11979 2869/3605/11980
f 2866/3603/11981 2583/3606/11982 2867/3607/11983 3480/3604/11984
f 3480/3604/11985 2867/3607/11986 2677/3608/11987 2868/3609/11988
f 2869/3605/11989 3480/3604/11990 2868/3609/11991 2676/3610/11992
f 2870/3611/11993 2584/3612/11994 2871/3613/11995
f 2870/3611/11996 2871/3613/11997 2678/3614/11998
f 2584/3612/11999 2872/3615/12000 3481/3616/12001 2871/3613/12002
f 2872/3615/12003 2557/3593/12004 2865/3596/12005 3481/3616/12006
f 3481/3616/12007 2865/3596/12008 2675/3601/12009 2873/3617/12010
f 2871/3613/12011 3481/3616/12012 2873/3617/12013 2678/3614/12014
f 2675/3601/12015 2864/3600/12016 3482/3618/12017 2876/3619/12018
f 2864/3600/12019 2756/3599/12020 2874/3620/12021 3482/3618/12022
f 3482/3618/12023 2874/3620/12024 2757/3621/12025 2875/3622/12026
f 2876/3619/12027 3482/3618/12028 2875/3622/12029 2683/3623/12030
usemtl tractor1:pasted__lambert5SG
f 2676/3610/12031 2868/3609/12032 3483/3624/12033 2879/3625/12034
f 2868/3609/12035 2677/3608/12036 2877/3626/12037 3483/3624/12038
f 3483/3624/12039 2877/3626/12040 2685/3627/12041 2878/3628/12042
f 2879/3625/12043 3483/3624/12044 2878/3628/12045 2686/3629/12046
usemtl tractor1:pasted__lambert4SG
f 2834/3630/12047 2880/3631/12048 3484/3632/12049 2883/3633/12050
f 2880/3631/12051 2835/3634/12052 2881/3635/12053 3484/3632/12054
f 3484/3632/12055 2881/3635/12056 2836/3636/12057 2882/3637/12058
f 2883/3633/12059 3484/3632/12060 2882/3637/12061 2837/3638/12062
usemtl tractor1:pasted__lambert5SG
f 2678/3614/12063 2873/3617/12064 3485/3639/12065 2885/3640/12066
f 2873/3617/12067 2675/3601/12068 2876/3619/12069 3485/3639/12070
f 3485/3639/12071 2876/3619/12072 2683/3623/12073 2884/3641/12074
f 2885/3640/12075 3485/3639/12076 2884/3641/12077 2684/3642/12078
f 2684/3642/12079 2884/3641/12080 3486/3643/12081 2887/3644/12082
f 2884/3641/12083 2683/3623/12084 2886/3645/12085 3486/3643/12086
f 3486/3643/12087 2886/3645/12088 2679/2889/12089 3115/2892/12090
f 2887/3644/12091 3486/3643/12092 3115/2892/12093 2682/2897/12094
f 2760/3646/12095 2888/3647/12096 3487/3648/12097 2889/3649/12098
f 2888/3647/12099 2684/3642/12100 2887/3644/12101 3487/3648/12102
f 3487/3648/12103 2887/3644/12104 2682/2897/12105 3114/2896/12106
f 2889/3649/12107 3487/3648/12108 3114/2896/12109 2759/2895/12110
f 2686/3629/12111 2878/3628/12112 3488/3650/12113 2892/3651/12114
f 2878/3628/12115 2685/3627/12116 2890/3652/12117 3488/3650/12118
f 3488/3650/12119 2890/3652/12120 2681/3653/12121 2891/3654/12122
f 2892/3651/12123 3488/3650/12124 2891/3654/12125 2680/3655/12126
usemtl tractor1:pasted__lambert4SG
f 2683/3623/12127 2875/3622/12128 3489/3656/12129 2886/3645/12130
f 2875/3622/12131 2757/3621/12132 2893/3657/12133 3489/3656/12134
f 3489/3656/12135 2893/3657/12136 2758/2893/12137 3112/2890/12138
f 2886/3645/12139 3489/3656/12140 3112/2890/12141 2679/2889/12142
f 2637/3230/12143 3272/3233/12144 3490/3658/12145 2895/3659/12146
f 3272/3233/12147 2638/3224/12148 2894/3660/12149 3490/3658/12150
f 3490/3658/12151 2894/3660/12152 2688/2992/12153 3156/2989/12154
f 2895/3659/12155 3490/3658/12156 3156/2989/12157 2687/2988/12158
f 2639/3661/12159 2896/3662/12160 3491/3663/12161 2898/3664/12162
f 2896/3662/12163 2640/3665/12164 2897/3666/12165 3491/3663/12166
f 3491/3663/12167 2897/3666/12168 2690/2996/12169 3158/2995/12170
f 2898/3664/12171 3491/3663/12172 3158/2995/12173 2689/2994/12174
f 2795/3667/12175 2899/3668/12176 3492/3669/12177 2902/3670/12178
f 2899/3668/12179 2794/3671/12180 2900/3672/12181 3492/3669/12182
f 3492/3669/12183 2900/3672/12184 2796/3673/12185 2901/3674/12186
f 2902/3670/12187 3492/3669/12188 2901/3674/12189 2797/3675/12190
f 2638/3676/12191 3270/3677/12192 3493/3678/12193 2894/3679/12194
f 3270/3677/12195 2645/3680/12196 2903/3681/12197 3493/3678/12198
f 3493/3678/12199 2903/3681/12200 2691/3682/12201 3218/3683/12202
f 2894/3679/12203 3493/3678/12204 3218/3683/12205 2688/3684/12206
f 2802/3685/12207 2904/3686/12208 3494/3687/12209 2907/3688/12210
f 2904/3686/12211 2803/3689/12212 2905/3690/12213 3494/3687/12214
f 3494/3687/12215 2905/3690/12216 2804/3691/12217 2906/3692/12218
f 2907/3688/12219 3494/3687/12220 2906/3692/12221 2805/3693/12222
f 2646/3425/12223 2908/3694/12224 3495/3695/12225 2909/3696/12226
f 2908/3694/12227 2639/3697/12228 2898/3698/12229 3495/3695/12230
f 3495/3695/12231 2898/3698/12232 2689/3699/12233 3220/3700/12234
f 2909/3696/12235 3495/3695/12236 3220/3700/12237 2692/3701/12238
f 2653/3702/12239 3261/3703/12240 3496/3704/12241 2911/3705/12242
f 3261/3703/12243 2652/3522/12244 2910/3706/12245 3496/3704/12246
f 3496/3704/12247 2910/3706/12248 2693/3707/12249 3164/3708/12250
f 2911/3705/12251 3496/3704/12252 3164/3708/12253 2694/3709/12254
f 2798/3710/12255 2912/3711/12256 3497/3712/12257 2915/3713/12258
f 2912/3711/12259 2799/3714/12260 2913/3715/12261 3497/3712/12262
f 3497/3712/12263 2913/3715/12264 2800/3716/12265 2914/3717/12266
f 2915/3713/12267 3497/3712/12268 2914/3717/12269 2801/3718/12270
f 2654/3719/12271 2916/3720/12272 3498/3721/12273 2918/3722/12274
f 2916/3720/12275 2655/3723/12276 2917/3724/12277 3498/3721/12278
f 3498/3721/12279 2917/3724/12280 2696/3725/12281 3166/3726/12282
f 2918/3722/12283 3498/3721/12284 3166/3726/12285 2695/3727/12286
f 2660/3218/12287 3263/3217/12288 3499/3728/12289 2919/3729/12290
f 3263/3217/12291 2653/3214/12292 2911/3730/12293 3499/3728/12294
f 3499/3728/12295 2911/3730/12296 2694/3006/12297 3230/3151/12298
f 2919/3729/12299 3499/3728/12300 3230/3151/12301 2697/3150/12302
f 2655/3731/12303 2920/3732/12304 3500/3733/12305 2917/3734/12306
f 2920/3732/12307 2658/3735/12308 2921/3736/12309 3500/3733/12310
f 3500/3733/12311 2921/3736/12312 2698/3155/12313 3231/3154/12314
f 2917/3734/12315 3500/3733/12316 3231/3154/12317 2696/3014/12318
f 2807/3737/12319 2922/3738/12320 3501/3739/12321 2925/3740/12322
f 2922/3738/12323 2806/3741/12324 2923/3742/12325 3501/3739/12326
f 3501/3739/12327 2923/3742/12328 2808/3743/12329 2924/3744/12330
f 2925/3740/12331 3501/3739/12332 2924/3744/12333 2809/3745/12334
f 2595/3273/12335 3290/3272/12336 3502/3746/12337 2927/3747/12338
f 3290/3272/12339 2776/3271/12340 2926/3748/12341 3502/3746/12342
f 3502/3746/12343 2926/3748/12344 2777/2983/12345 3152/2980/12346
f 2927/3747/12347 3502/3746/12348 3152/2980/12349 2699/2979/12350
f 2596/3305/12351 3313/3314/12352 3503/3749/12353 2930/3750/12354
f 3313/3314/12355 2597/3313/12356 2928/3751/12357 3503/3749/12358
f 3503/3749/12359 2928/3751/12360 2701/3752/12361 2929/3753/12362
f 2930/3750/12363 3503/3749/12364 2929/3753/12365 2700/3754/12366
f 2779/3328/12367 3319/3326/12368 3504/3755/12369 2932/3756/12370
f 3319/3326/12371 2598/3323/12372 2931/3757/12373 3504/3755/12374
f 3504/3755/12375 2931/3757/12376 2702/2987/12377 3154/2986/12378
f 2932/3756/12379 3504/3755/12380 3154/2986/12381 2778/2985/12382
f 2598/3323/12383 3316/3320/12384 3505/3758/12385 2931/3757/12386
f 3316/3320/12387 2595/3273/12388 2927/3747/12389 3505/3758/12390
f 3505/3758/12391 2927/3747/12392 2699/2979/12393 3155/2982/12394
f 2931/3757/12395 3505/3758/12396 3155/2982/12397 2702/2987/12398
f 2640/3665/12399 2896/3662/12400 2933/3759/12401
f 2896/3662/12402 2639/3661/12403 2704/3061/12404 3187/3058/12405
f 2933/3759/12406 2896/3662/12407 3187/3058/12408 2703/3057/12409
f 3347/3760/12410 2642/3761/12411 2706/3065/12412 3189/3064/12413
f 2641/3762/12414 3347/3760/12415 3189/3064/12416 2705/3063/12417
f 3350/3763/12418 2640/3665/12419 2933/3759/12420
f 3350/3763/12421 2933/3759/12422 2703/3057/12423 3190/3060/12424
f 2642/3761/12425 3350/3763/12426 3190/3060/12427 2706/3065/12428
f 2908/3694/12429 2646/3425/12430 2934/3764/12431
f 2908/3694/12432 2934/3764/12433 2707/3765/12434 3221/3766/12435
f 2639/3697/12436 2908/3694/12437 3221/3766/12438 2704/3767/12439
f 2646/3425/12440 3355/3424/12441 2934/3764/12442
f 3355/3424/12443 2647/3423/12444 2708/3768/12445 3222/3769/12446
f 2934/3764/12447 3355/3424/12448 3222/3769/12449 2707/3765/12450
f 3358/3431/12451 2641/3430/12452 2705/3770/12453 3223/3771/12454
f 2647/3423/12455 3358/3431/12456 3223/3771/12457 2708/3768/12458
f 2916/3720/12459 2654/3719/12460 2935/3772/12461
f 2916/3720/12462 2935/3772/12463 2709/3773/12464 3195/3774/12465
f 2655/3723/12466 2916/3720/12467 3195/3774/12468 2710/3775/12469
f 2654/3719/12470 3364/3776/12471 2935/3772/12472
f 3364/3776/12473 2656/3777/12474 2711/3778/12475 3196/3779/12476
f 2935/3772/12477 3364/3776/12478 3196/3779/12479 2709/3773/12480
f 3366/3780/12481 2657/3781/12482 2712/3782/12483 3197/3783/12484
f 2656/3777/12485 3366/3780/12486 3197/3783/12487 2711/3778/12488
f 2658/3735/12489 2920/3732/12490 2936/3784/12491
f 2920/3732/12492 2655/3731/12493 2710/3075/12494 3227/3145/12495
f 2936/3784/12496 2920/3732/12497 3227/3145/12498 2713/3144/12499
f 3368/3785/12500 2659/3786/12501 2714/3149/12502 3228/3148/12503
f 2657/3787/12504 3368/3785/12505 3228/3148/12506 2712/3083/12507
f 3370/3788/12508 2658/3735/12509 2936/3784/12510
f 3370/3788/12511 2936/3784/12512 2713/3144/12513 3229/3147/12514
f 2659/3786/12515 3370/3788/12516 3229/3147/12517 2714/3149/12518
f 2793/3789/12519 2937/3790/12520 3506/3791/12521 2939/3792/12522
f 2937/3790/12523 2743/3023/12524 3170/3022/12525 3506/3791/12526
f 3506/3791/12527 3170/3022/12528 2569/3021/12529 2938/3793/12530
f 2939/3792/12531 3506/3791/12532 2938/3793/12533 2715/3794/12534
f 2569/3021/12535 3294/3277/12536 2938/3793/12537
f 3294/3277/12538 2571/3041/12539 2940/3795/12540
f 3294/3796/12541 2940/3795/12542 2717/3797/12543 2941/3798/12544
f 2938/3793/12545 3294/3796/12546 2941/3798/12547 2715/3794/12548
f 2571/3041/12549 3178/3040/12550 2943/3799/12551 2940/3795/12552
f 3178/3040/12553 2789/3039/12554 2942/3800/12555 2943/3799/12556
f 2943/3799/12557 2942/3800/12558 2790/3801/12559
f 2940/3795/12560 2943/3799/12561 2717/3797/12562
f 2572/3050/12563 3182/3049/12564 3507/3802/12565 2946/3803/12566
f 3182/3049/12567 2570/3048/12568 2944/3804/12569 3507/3802/12570
f 3507/3802/12571 2944/3804/12572 2716/3805/12573 2945/3806/12574
f 2946/3803/12575 3507/3802/12576 2945/3806/12577 2718/3807/12578
f 2793/3789/12579 2939/3792/12580 3508/3808/12581 2948/3809/12582
f 2939/3792/12583 2715/3794/12584 2947/3810/12585 3508/3808/12586
f 3508/3808/12587 2947/3810/12588 2719/3001/12589 3160/2998/12590
f 2948/3809/12591 3508/3808/12592 3160/2998/12593 2792/2997/12594
f 2715/3794/12595 2941/3798/12596 3509/3811/12597 2947/3810/12598
f 2941/3798/12599 2717/3797/12600 2949/3812/12601 3509/3811/12602
f 3509/3811/12603 2949/3812/12604 2721/3003/12605 3161/3002/12606
f 2947/3810/12607 3509/3811/12608 3161/3002/12609 2719/3001/12610
f 2840/3813/12611 2950/3814/12612 3510/3815/12613 2953/3816/12614
f 2950/3814/12615 2841/3817/12616 2951/3818/12617 3510/3815/12618
f 3510/3815/12619 2951/3818/12620 2842/3819/12621 2952/3820/12622
f 2953/3816/12623 3510/3815/12624 2952/3820/12625 2843/3821/12626
f 2718/3807/12627 2945/3806/12628 3511/3822/12629 2956/3823/12630
f 2945/3806/12631 2716/3805/12632 2954/3824/12633 3511/3822/12634
f 3511/3822/12635 2954/3824/12636 2720/3825/12637 2955/3826/12638
f 2956/3823/12639 3511/3822/12640 2955/3826/12641 2722/3827/12642
f 2788/3037/12643 3176/3034/12644 3512/3828/12645 2958/3829/12646
f 3176/3034/12647 2568/3033/12648 2957/3830/12649 3512/3828/12650
f 3512/3828/12651 2957/3830/12652 2723/3070/12653 3191/3067/12654
f 2958/3829/12655 3512/3828/12656 3191/3067/12657 2787/3066/12658
f 2568/3033/12659 3303/3295/12660 3513/3831/12661 2957/3830/12662
f 3303/3295/12663 2574/3293/12664 2959/3832/12665 3513/3831/12666
f 3513/3831/12667 2959/3832/12668 2725/3072/12669 3192/3071/12670
f 2957/3830/12671 3513/3831/12672 3192/3071/12673 2723/3070/12674
f 2574/3293/12675 3301/3290/12676 3514/3833/12677 2959/3832/12678
f 3301/3290/12679 2785/3289/12680 2960/3834/12681 3514/3833/12682
f 3514/3833/12683 2960/3834/12684 2786/3074/12685 3193/3073/12686
f 2959/3832/12687 3514/3833/12688 3193/3073/12689 2725/3072/12690
f 2573/3287/12691 3299/3285/12692 3515/3835/12693 2963/3836/12694
f 3299/3285/12695 2567/3042/12696 2961/3837/12697 3515/3835/12698
f 3515/3835/12699 2961/3837/12700 2724/3838/12701 2962/3839/12702
f 2963/3836/12703 3515/3835/12704 2962/3839/12705 2726/3840/12706
f 2645/3680/12707 2964/3841/12708 3516/3842/12709 2967/3843/12710
f 2964/3841/12711 2646/3425/12712 2965/3844/12713 3516/3842/12714
f 3516/3842/12715 2965/3844/12716 2728/3845/12717 2966/3846/12718
f 2967/3843/12719 3516/3842/12720 2966/3846/12721 2727/3847/12722
f 2646/3425/12723 2909/3696/12724 3517/3848/12725 2965/3844/12726
f 2909/3696/12727 2692/3701/12728 2968/3849/12729 3517/3848/12730
f 3517/3848/12731 2968/3849/12732 2729/3850/12733 2969/3851/12734
f 2965/3844/12735 3517/3848/12736 2969/3851/12737 2728/3845/12738
f 2692/3701/12739 3219/3852/12740 3518/3853/12741 2968/3849/12742
f 3219/3852/12743 2691/3682/12744 2970/3854/12745 3518/3853/12746
f 3518/3853/12747 2970/3854/12748 2730/3855/12749 2971/3856/12750
f 2968/3849/12751 3518/3853/12752 2971/3856/12753 2729/3850/12754
f 2691/3682/12755 2903/3681/12756 3519/3857/12757 2970/3854/12758
f 2903/3681/12759 2645/3680/12760 2967/3843/12761 3519/3857/12762
f 3519/3857/12763 2967/3843/12764 2727/3847/12765 2972/3858/12766
f 2970/3854/12767 3519/3857/12768 2972/3858/12769 2730/3855/12770
f 2658/3735/12771 2973/3859/12772 3520/3860/12773 2976/3861/12774
f 2973/3859/12775 2660/3218/12776 2974/3862/12777 3520/3860/12778
f 3520/3860/12779 2974/3862/12780 2731/3863/12781 2975/3864/12782
f 2976/3861/12783 3520/3860/12784 2975/3864/12785 2732/3865/12786
f 2660/3218/12787 2919/3729/12788 3521/3866/12789 2974/3862/12790
f 2919/3729/12791 2697/3150/12792 2977/3867/12793 3521/3866/12794
f 3521/3866/12795 2977/3867/12796 2733/3868/12797 2978/3869/12798
f 2974/3862/12799 3521/3866/12800 2978/3869/12801 2731/3863/12802
f 2697/3150/12803 3232/3153/12804 3522/3870/12805 2977/3867/12806
f 3232/3153/12807 2698/3155/12808 2979/3871/12809 3522/3870/12810
f 3522/3870/12811 2979/3871/12812 2734/3872/12813 2980/3873/12814
f 2977/3867/12815 3522/3870/12816 2980/3873/12817 2733/3868/12818
f 2698/3155/12819 2921/3736/12820 3523/3874/12821 2979/3871/12822
f 2921/3736/12823 2658/3735/12824 2976/3861/12825 3523/3874/12826
f 3523/3874/12827 2976/3861/12828 2732/3865/12829 2981/3875/12830
f 2979/3871/12831 3523/3874/12832 2981/3875/12833 2734/3872/12834
f 2580/3110/12835 3209/3109/12836 3524/3876/12837 2983/3877/12838
f 3209/3109/12839 2765/3108/12840 2982/3878/12841 3524/3876/12842
f 3524/3876/12843 2982/3878/12844 2766/3172/12845 3239/3169/12846
f 2983/3877/12847 3524/3876/12848 3239/3169/12849 2736/3168/12850
f 2579/3879/12851 2984/3880/12852 3525/3881/12853 2987/3882/12854
f 2984/3880/12855 2578/3543/12856 2985/3883/12857 3525/3881/12858
f 3525/3881/12859 2985/3883/12860 2737/3884/12861 2986/3885/12862
f 2987/3882/12863 3525/3881/12864 2986/3885/12865 2735/3886/12866
f 2768/3538/12867 3374/3535/12868 3526/3887/12869 2989/3888/12870
f 3374/3535/12871 2577/3534/12872 2988/3889/12873 3526/3887/12874
f 3526/3887/12875 2988/3889/12876 2738/3176/12877 3241/3175/12878
f 2989/3888/12879 3526/3887/12880 3241/3175/12881 2767/3174/12882
f 2577/3534/12883 2990/3890/12884 3527/3891/12885 2988/3889/12886
f 2990/3890/12887 2580/3110/12888 2983/3877/12889 3527/3891/12890
f 3527/3891/12891 2983/3877/12892 2736/3168/12893 3242/3171/12894
f 2988/3889/12895 3527/3891/12896 3242/3171/12897 2738/3176/12898
f 2584/3612/12899 2870/3611/12900 2991/3892/12901
f 2870/3893/12902 2761/3894/12903 2762/3190/12904 3249/3187/12905
f 2991/3892/12906 2870/3893/12907 3249/3187/12908 2740/3186/12909
f 2583/3606/12910 2992/3895/12911 3528/3896/12912 2995/3897/12913
f 2992/3895/12914 2560/3898/12915 2993/3899/12916 3528/3896/12917
f 3528/3896/12918 2993/3899/12919 2741/3900/12920 2994/3901/12921
f 2995/3897/12922 3528/3896/12923 2994/3901/12924 2739/3902/12925
f 2764/3106/12926 3207/3103/12927 3529/3903/12928 2997/3904/12929
f 3207/3103/12930 2559/3102/12931 2996/3905/12932 3529/3903/12933
f 3529/3903/12934 2996/3905/12935 2742/3194/12936 3251/3193/12937
f 2997/3904/12938 3529/3903/12939 3251/3193/12940 2763/3192/12941
f 2559/3102/12942 2998/3906/12943 3530/3907/12944 2996/3905/12945
f 2998/3906/12946 2584/3612/12947 2991/3892/12948 3530/3907/12949
f 3530/3907/12950 2991/3892/12951 2740/3186/12952 3252/3189/12953
f 2996/3905/12954 3530/3907/12955 3252/3189/12956 2742/3194/12957
f 2566/3046/12958 2999/3908/12959 3531/3909/12960 3181/3047/12961
f 2999/3908/12962 2744/3015/12963 3171/3018/12964 3531/3909/12965
f 3531/3909/12966 3171/3018/12967 2743/3023/12968 3000/3910/12969
f 3181/3047/12970 3531/3909/12971 3000/3910/12972 2570/3048/12973
f 2745/3222/12974 3307/3300/12975 3532/3911/12976 3001/3912/12977
f 3307/3300/12978 2744/3015/12979 2999/3908/12980 3532/3911/12981
f 3532/3911/12982 2999/3908/12983 2566/3046/12984 3298/3282/12985
f 3001/3912/12986 3532/3911/12987 3298/3282/12988 2603/3284/12989
f 2746/2911/12990 3266/3223/12991 3533/3913/12992 3002/3914/12993
f 3266/3223/12994 2745/3222/12995 3001/3912/12996 3533/3913/12997
f 3533/3913/12998 3001/3912/12999 2603/3284/13000 3337/3365/13001
f 3002/3914/13002 3533/3913/13003 3337/3365/13004 2588/3334/13005
f 2747/2913/13006 3121/2912/13007 3534/3915/13008 3003/3916/13009
f 3121/2912/13010 2746/2911/13011 3002/3914/13012 3534/3915/13013
f 3534/3915/13014 3002/3914/13015 2588/3334/13016 3321/3331/13017
f 3003/3916/13018 3534/3915/13019 3321/3331/13020 2589/3330/13021
f 2748/3167/13022 3334/3360/13023 3535/3917/13024 3004/3918/13025
f 3334/3360/13026 2747/2913/13027 3003/3916/13028 3535/3917/13029
f 3535/3917/13030 3003/3916/13031 2589/3330/13032 3324/3333/13033
f 3004/3918/13034 3535/3917/13035 3324/3333/13036 2621/3338/13037
f 2613/3379/13038 3005/3919/13039 3536/3920/13040 3351/3921/13041
f 3005/3919/13042 2749/2969/13043 3238/3163/13044 3536/3920/13045
f 3536/3920/13046 3238/3163/13047 2748/3167/13048 3004/3918/13049
f 3351/3921/13050 3536/3920/13051 3004/3918/13052 2621/3338/13053
f 2612/3307/13054 3006/3922/13055 3537/3923/13056 3343/3377/13057
f 3006/3922/13058 2750/2961/13059 3147/2964/13060 3537/3923/13061
f 3537/3923/13062 3147/2964/13063 2749/2969/13064 3005/3919/13065
f 3343/3377/13066 3537/3923/13067 3005/3919/13068 2613/3379/13069
f 2632/3924/13070 3007/3925/13071 3340/3372/13072
f 3007/3925/13073 2751/3258/13074 2750/2961/13075 3006/3922/13076
f 3340/3372/13077 3007/3925/13078 3006/3922/13079 2612/3307/13080
f 2564/3252/13081 3008/3926/13082 3007/3927/13083 3340/3372/13084
f 3008/3926/13085 2752/2920/13086 2751/3258/13087 3007/3927/13088
f 3340/3372/13089 3007/3927/13090 2632/3924/13091
f 2753/2922/13092 3125/2921/13093 3538/3928/13094 3010/3929/13095
f 3125/2921/13096 2752/2920/13097 3008/3926/13098 3538/3928/13099
f 3538/3928/13100 3008/3926/13101 2564/3252/13102 3009/3930/13103
f 3010/3929/13104 3538/3928/13105 3009/3930/13106 2575/3931/13107
f 2754/3088/13108 3245/3182/13109 3539/3932/13110 3012/3933/13111
f 3245/3182/13112 2753/2922/13113 3010/3929/13114 3539/3932/13115
f 3539/3932/13116 3010/3929/13117 2575/3931/13118 3011/3934/13119
f 3012/3933/13120 3539/3932/13121 3011/3934/13122 2582/3935/13123
f 2755/3090/13124 3200/3089/13125 3540/3936/13126 3014/3937/13127
f 3200/3089/13128 2754/3088/13129 3012/3933/13130 3540/3936/13131
f 3540/3936/13132 3012/3933/13133 2582/3935/13134 3013/3938/13135
f 3014/3937/13136 3540/3936/13137 3013/3938/13138 2558/3939/13139
f 2756/3599/13140 2863/3598/13141 3541/3940/13142 3015/3941/13143
f 2863/3598/13144 2755/3597/13145 3014/3942/13146 3541/3940/13147
f 3541/3940/13148 3014/3942/13149 2558/3602/13150 2869/3605/13151
f 3015/3941/13152 3541/3940/13153 2869/3605/13154 2676/3610/13155
f 2757/3621/13156 2874/3620/13157 3542/3943/13158 3016/3944/13159
f 2874/3620/13160 2756/3599/13161 3015/3941/13162 3542/3943/13163
f 3542/3943/13164 3015/3941/13165 2676/3610/13166 2879/3625/13167
f 3016/3944/13168 3542/3943/13169 2879/3625/13170 2686/3629/13171
f 2758/2893/13172 2893/3657/13173 3543/3945/13174 3017/3946/13175
f 2893/3657/13176 2757/3621/13177 3016/3944/13178 3543/3945/13179
f 3543/3945/13180 3016/3944/13181 2686/3629/13182 2892/3651/13183
f 3017/3946/13184 3543/3945/13185 2892/3651/13186 2680/3655/13187
usemtl tractor1:pasted__lambert5SG
f 2759/2895/13188 3113/2894/13189 3544/3947/13190 3018/3948/13191
f 3113/2894/13192 2758/2893/13193 3017/3946/13194 3544/3947/13195
f 3544/3947/13196 3017/3946/13197 2680/3655/13198 2891/3654/13199
f 3018/3948/13200 3544/3947/13201 2891/3654/13202 2681/3653/13203
f 2685/3627/13204 3019/3949/13205 3545/3950/13206 2890/3652/13207
f 3019/3949/13208 2760/3646/13209 2889/3649/13210 3545/3950/13211
f 3545/3950/13212 2889/3649/13213 2759/2895/13214 3018/3948/13215
f 2890/3652/13216 3545/3950/13217 3018/3948/13218 2681/3653/13219
usemtl tractor1:pasted__lambert4SG
f 2838/3951/13220 3020/3952/13221 3546/3953/13222 3022/3954/13223
f 3020/3952/13224 2834/3630/13225 2883/3633/13226 3546/3953/13227
f 3546/3953/13228 2883/3633/13229 2837/3638/13230 3021/3955/13231
f 3022/3954/13232 3546/3953/13233 3021/3955/13234 2839/3956/13235
f 2583/3606/13236 3023/3957/13237 2867/3607/13238
f 2867/3607/13239 3023/3957/13240 2677/3608/13241
f 2762/3190/13242 2761/3894/13243 3023/3958/13244 3024/3959/13245
f 3023/3958/13246 2583/3606/13247 2995/3897/13248
f 3024/3959/13249 3023/3958/13250 2995/3897/13251 2739/3902/13252
f 2763/3192/13253 3250/3191/13254 3547/3960/13255 3025/3961/13256
f 3250/3191/13257 2762/3190/13258 3024/3959/13259 3547/3960/13260
f 3547/3960/13261 3024/3959/13262 2739/3902/13263 2994/3901/13264
f 3025/3961/13265 3547/3960/13266 2994/3901/13267 2741/3900/13268
f 2560/3898/13269 3026/3962/13270 3548/3963/13271 2993/3899/13272
f 3026/3962/13273 2764/3106/13274 2997/3904/13275 3548/3963/13276
f 3548/3963/13277 2997/3904/13278 2763/3192/13279 3025/3961/13280
f 2993/3899/13281 3548/3963/13282 3025/3961/13283 2741/3900/13284
f 2765/3108/13285 3208/3107/13286 3549/3964/13287 3028/3965/13288
f 3208/3107/13289 2764/3106/13290 3026/3962/13291 3549/3964/13292
f 3549/3964/13293 3026/3962/13294 2560/3898/13295 3027/3966/13296
f 3028/3965/13297 3549/3964/13298 3027/3966/13299 2579/3879/13300
f 2766/3172/13301 2982/3878/13302 3550/3967/13303 3029/3968/13304
f 2982/3878/13305 2765/3108/13306 3028/3965/13307 3550/3967/13308
f 3550/3967/13309 3028/3965/13310 2579/3879/13311 2987/3882/13312
f 3029/3968/13313 3550/3967/13314 2987/3882/13315 2735/3886/13316
usemtl tractor1:pasted__lambert5SG
f 2767/3174/13317 3240/3173/13318 3551/3969/13319 3030/3970/13320
f 3240/3173/13321 2766/3172/13322 3029/3968/13323 3551/3969/13324
f 3551/3969/13325 3029/3968/13326 2735/3886/13327 2986/3885/13328
f 3030/3970/13329 3551/3969/13330 2986/3885/13331 2737/3884/13332
usemtl tractor1:pasted__lambert4SG
f 2578/3543/13333 3031/3971/13334 3552/3972/13335 2985/3883/13336
f 3031/3971/13337 2768/3538/13338 2989/3888/13339 3552/3972/13340
f 3552/3972/13341 2989/3888/13342 2767/3174/13343 3030/3970/13344
f 2985/3883/13345 3552/3972/13346 3030/3970/13347 2737/3884/13348
usemtl tractor1:pasted__lambert5SG
f 2769/3540/13349 3375/3539/13350 3553/3973/13351 3032/3974/13352
f 3375/3539/13353 2768/3538/13354 3031/3971/13355 3553/3973/13356
f 3553/3973/13357 3031/3971/13358 2578/3543/13359 3381/3546/13360
f 3032/3974/13361 3553/3973/13362 3381/3546/13363 2664/3550/13364
usemtl tractor1:pasted__lambert4SG
f 2770/3563/13365 2846/3562/13366 3554/3975/13367 3033/3976/13368
f 2846/3562/13369 2769/3540/13370 3032/3974/13371 3554/3975/13372
f 3554/3975/13373 3032/3974/13374 2664/3550/13375 2851/3567/13376
f 3033/3976/13377 3554/3975/13378 2851/3567/13379 2668/3571/13380
usemtl tractor1:pasted__lambert5SG
f 2771/2902/13381 2856/3582/13382 3555/3977/13383 3034/3978/13384
f 2856/3582/13385 2770/3563/13386 3033/3976/13387 3555/3977/13388
f 3555/3977/13389 3033/3976/13390 2668/3571/13391 2860/3584/13392
f 3034/3978/13393 3555/3977/13394 2860/3584/13395 2672/3588/13396
f 2772/2904/13397 3117/2903/13398 3556/3979/13399 3035/3980/13400
f 3117/2903/13401 2771/2902/13402 3034/3978/13403 3556/3979/13404
f 3556/3979/13405 3034/3978/13406 2672/3588/13407 2859/3587/13408
f 3035/3980/13409 3556/3979/13410 2859/3587/13411 2673/3586/13412
f 2669/3569/13413 3036/3981/13414 3557/3982/13415 2858/3585/13416
f 3036/3981/13417 2773/3577/13418 2862/3590/13419 3557/3982/13420
f 3557/3982/13421 2862/3590/13422 2772/2904/13423 3035/3980/13424
f 2858/3585/13425 3557/3982/13426 3035/3980/13427 2673/3586/13428
usemtl tractor1:pasted__lambert4SG
f 2665/3548/13429 3037/3983/13430 3558/3984/13431 2849/3568/13432
f 3037/3983/13433 2774/3556/13434 2854/3573/13435 3558/3984/13436
f 3558/3984/13437 2854/3573/13438 2773/3577/13439 3036/3981/13440
f 2849/3568/13441 3558/3984/13442 3036/3981/13443 2669/3569/13444
usemtl tractor1:pasted__lambert5SG
f 2562/3301/13445 3038/3985/13446 3559/3986/13447 3379/3547/13448
f 3038/3985/13449 2775/3269/13450 3384/3552/13451 3559/3986/13452
f 3559/3986/13453 3384/3552/13454 2774/3556/13455 3037/3983/13456
f 3379/3547/13457 3559/3986/13458 3037/3983/13459 2665/3548/13460
usemtl tractor1:pasted__lambert4SG
f 2776/3271/13461 3289/3270/13462 3560/3987/13463 3039/3988/13464
f 3289/3270/13465 2775/3269/13466 3038/3985/13467 3560/3987/13468
f 3560/3987/13469 3038/3985/13470 2562/3301/13471 3310/3304/13472
f 3039/3988/13473 3560/3987/13474 3310/3304/13475 2596/3305/13476
f 2777/2983/13477 2926/3748/13478 3561/3989/13479 3040/3990/13480
f 2926/3748/13481 2776/3271/13482 3039/3988/13483 3561/3989/13484
f 3561/3989/13485 3039/3988/13486 2596/3305/13487 2930/3750/13488
f 3040/3990/13489 3561/3989/13490 2930/3750/13491 2700/3754/13492
usemtl tractor1:pasted__lambert1SG
f 2778/2985/13493 3153/2984/13494 3562/3991/13495 3041/3992/13496
f 3153/2984/13497 2777/2983/13498 3040/3990/13499 3562/3991/13500
f 3562/3991/13501 3040/3990/13502 2700/3754/13503 2929/3753/13504
f 3041/3992/13505 3562/3991/13506 2929/3753/13507 2701/3752/13508
usemtl tractor1:pasted__lambert4SG
f 2597/3313/13509 3042/3993/13510 3563/3994/13511 2928/3751/13512
f 3042/3993/13513 2779/3328/13514 2932/3756/13515 3563/3994/13516
f 3563/3994/13517 2932/3756/13518 2778/2985/13519 3041/3992/13520
f 2928/3751/13521 3563/3994/13522 3041/3992/13523 2701/3752/13524
f 2780/3055/13525 3320/3329/13526 3564/3995/13527 3043/3996/13528
f 3320/3329/13529 2779/3328/13530 3042/3993/13531 3564/3995/13532
f 3564/3995/13533 3042/3993/13534 2597/3313/13535 3315/3316/13536
f 3043/3996/13537 3564/3995/13538 3315/3316/13539 2618/3319/13540
f 2781/2947/13541 3185/3056/13542 3565/3997/13543 3044/3998/13544
f 3185/3056/13545 2780/3055/13546 3043/3996/13547 3565/3997/13548
f 3565/3997/13549 3043/3996/13550 2618/3319/13551 3349/3999/13552
f 3044/3998/13553 3565/3997/13554 3349/3999/13555 2608/4000/13556
usemtl tractor1:pasted__lambert5SG
f 2782/2949/13557 3137/2948/13558 3566/4001/13559 3045/4002/13560
f 3137/2948/13561 2781/2947/13562 3044/3998/13563 3566/4001/13564
f 3566/4001/13565 3044/3998/13566 2608/4000/13567 3345/4003/13568
f 3045/4002/13569 3566/4001/13570 3345/4003/13571 2609/4004/13572
f 2783/3141/13573 3224/3140/13574 3567/4005/13575 3046/4006/13576
f 3224/3140/13577 2782/2949/13578 3045/4002/13579 3567/4005/13580
f 3567/4005/13581 3045/4002/13582 2609/4004/13583 3357/4007/13584
f 3046/4006/13585 3567/4005/13586 3357/4007/13587 2625/3344/13588
usemtl tractor1:pasted__lambert4SG
f 3047/4008/13589 2784/3292/13590 2783/3141/13591 3046/4006/13592
f 2605/3288/13593 3047/4008/13594 3046/4006/13595 2625/3344/13596
f 2573/3287/13597 3048/4009/13598 3047/4010/13599 2605/3288/13600
f 3048/4009/13601 2785/3289/13602 2784/3292/13603 3047/4010/13604
f 2786/3074/13605 2960/3834/13606 3568/4011/13607 3049/4012/13608
f 2960/3834/13609 2785/3289/13610 3048/4009/13611 3568/4011/13612
f 3568/4011/13613 3048/4009/13614 2573/3287/13615 2963/3836/13616
f 3049/4012/13617 3568/4011/13618 2963/3836/13619 2726/3840/13620
f 2724/3838/13621 3050/4013/13622 3569/4014/13623 2962/3839/13624
f 3050/4013/13625 2787/3066/13626 3194/3069/13627 3569/4014/13628
f 3569/4014/13629 3194/3069/13630 2786/3074/13631 3049/4012/13632
f 2962/3839/13633 3569/4014/13634 3049/4012/13635 2726/3840/13636
f 2567/3042/13637 3051/4015/13638 3570/4016/13639 2961/3837/13640
f 3051/4015/13641 2788/3037/13642 2958/3829/13643 3570/4016/13644
f 3570/4016/13645 2958/3829/13646 2787/3066/13647 3050/4013/13648
f 2961/3837/13649 3570/4016/13650 3050/4013/13651 2724/3838/13652
f 2789/3039/13653 3177/3038/13654 3571/4017/13655 3052/4018/13656
f 3177/3038/13657 2788/3037/13658 3051/4015/13659 3571/4017/13660
f 3571/4017/13661 3051/4015/13662 2567/3042/13663 3183/3045/13664
f 3052/4018/13665 3571/4017/13666 3183/3045/13667 2572/3050/13668
f 2790/3801/13669 2942/3800/13670 3572/4019/13671 3053/4020/13672
f 2942/3800/13673 2789/3039/13674 3052/4018/13675 3572/4019/13676
f 3572/4019/13677 3052/4018/13678 2572/3050/13679 2946/3803/13680
f 3053/4020/13681 3572/4019/13682 2946/3803/13683 2718/3807/13684
f 2791/3005/13685 3054/4021/13686 3573/4022/13687 3055/4023/13688
f 3054/4021/13689 2790/3801/13690 3053/4020/13691 3573/4022/13692
f 3573/4022/13693 3053/4020/13694 2718/3807/13695 2956/3823/13696
f 3055/4023/13697 3573/4022/13698 2956/3823/13699 2722/3827/13700
usemtl tractor1:pasted__lambert5SG
f 2720/3825/13701 3056/4024/13702 3574/4025/13703 2955/3826/13704
f 3056/4024/13705 2792/2997/13706 3163/3000/13707 3574/4025/13708
f 3574/4025/13709 3163/3000/13710 2791/3005/13711 3055/4023/13712
f 2955/3826/13713 3574/4025/13714 3055/4023/13715 2722/3827/13716
usemtl tractor1:pasted__lambert4SG
f 2716/3805/13717 3057/4026/13718 3575/4027/13719 2954/3824/13720
f 3057/4026/13721 2793/3789/13722 2948/3809/13723 3575/4027/13724
f 3575/4027/13725 2948/3809/13726 2792/2997/13727 3056/4024/13728
f 2954/3824/13729 3575/4027/13730 3056/4024/13731 2720/3825/13732
f 2570/3048/13733 3000/3910/13734 3576/4028/13735 2944/3804/13736
f 3000/3910/13737 2743/3023/13738 2937/3790/13739 3576/4028/13740
f 3576/4028/13741 2937/3790/13742 2793/3789/13743 3057/4026/13744
f 2944/3804/13745 3576/4028/13746 3057/4026/13747 2716/3805/13748
f 2637/3230/13749 2895/3659/13750 3059/4029/13751
f 2895/3659/13752 2687/2988/13753 2617/4030/13754 3059/4029/13755
f 2687/2988/13756 3159/2991/13757 3060/4031/13758 2617/4030/13759
f 3159/2991/13760 2690/2996/13761 2618/4032/13762 3060/4031/13763
f 2690/2996/13764 2897/3666/13765 3061/4033/13766 2618/4032/13767
f 2897/3666/13768 2640/3665/13769 3061/4033/13770
f 2654/3719/13771 2918/3722/13772 3063/4034/13773
f 2918/3722/13774 2695/3727/13775 2620/4035/13776 3063/4034/13777
f 2695/3727/13778 3165/4036/13779 3064/4037/13780 2620/4035/13781
f 3165/4036/13782 2693/3707/13783 2619/4038/13784 3064/4037/13785
f 2693/3707/13786 2910/3706/13787 3065/4039/13788 2619/4038/13789
f 2910/3706/13790 2652/3522/13791 3065/4039/13792
f 2640/4040/13793 3058/4041/13794 3577/4042/13795 3067/4043/13796
f 3058/4041/13797 2637/4044/13798 3066/4045/13799 3577/4042/13800
f 3577/4042/13801 3066/4045/13802 2794/3671/13803 2899/3668/13804
f 3067/4043/13805 3577/4042/13806 2899/3668/13807 2795/3667/13808
f 2637/4044/13809 3059/4029/13810 3578/4046/13811 3066/4045/13812
f 3059/4029/13813 2617/4030/13814 3068/4047/13815 3578/4046/13816
f 3578/4046/13817 3068/4047/13818 2796/3673/13819 2900/3672/13820
f 3066/4045/13821 3578/4046/13822 2900/3672/13823 2794/3671/13824
f 2617/4030/13825 3060/4031/13826 3579/4048/13827 3068/4047/13828
f 3060/4031/13829 2618/4032/13830 3069/4049/13831 3579/4048/13832
f 3579/4048/13833 3069/4049/13834 2797/3675/13835 2901/3674/13836
f 3068/4047/13837 3579/4048/13838 2901/3674/13839 2796/3673/13840
f 2618/4032/13841 3061/4033/13842 3580/4050/13843 3069/4049/13844
f 3061/4033/13845 2640/4040/13846 3067/4043/13847 3580/4050/13848
f 3580/4050/13849 3067/4043/13850 2795/3667/13851 2902/3670/13852
f 3069/4049/13853 3580/4050/13854 2902/3670/13855 2797/3675/13856
f 2652/4051/13857 3062/4052/13858 3581/4053/13859 3071/4054/13860
f 3062/4052/13861 2654/4055/13862 3070/4056/13863 3581/4053/13864
f 3581/4053/13865 3070/4056/13866 2799/3714/13867 2912/3711/13868
f 3071/4054/13869 3581/4053/13870 2912/3711/13871 2798/3710/13872
f 2654/4055/13873 3063/4034/13874 3582/4057/13875 3070/4056/13876
f 3063/4034/13877 2620/4035/13878 3072/4058/13879 3582/4057/13880
f 3582/4057/13881 3072/4058/13882 2800/3716/13883 2913/3715/13884
f 3070/4056/13885 3582/4057/13886 2913/3715/13887 2799/3714/13888
f 2620/4035/13889 3064/4037/13890 3583/4059/13891 3072/4058/13892
f 3064/4037/13893 2619/4038/13894 3073/4060/13895 3583/4059/13896
f 3583/4059/13897 3073/4060/13898 2801/3718/13899 2914/3717/13900
f 3072/4058/13901 3583/4059/13902 2914/3717/13903 2800/3716/13904
f 2619/4038/13905 3065/4039/13906 3584/4061/13907 3073/4060/13908
f 3065/4039/13909 2652/4051/13910 3071/4054/13911 3584/4061/13912
f 3584/4061/13913 3071/4054/13914 2798/3710/13915 2915/3713/13916
f 3073/4060/13917 3584/4061/13918 2915/3713/13919 2801/3718/13920
f 2727/3847/13921 2966/3846/13922 3585/4062/13923 3075/4063/13924
f 2966/3846/13925 2728/3845/13926 3074/4064/13927 3585/4062/13928
f 3585/4062/13929 3074/4064/13930 2803/3689/13931 2904/3686/13932
f 3075/4063/13933 3585/4062/13934 2904/3686/13935 2802/3685/13936
f 2728/3845/13937 2969/3851/13938 3586/4065/13939 3074/4064/13940
f 2969/3851/13941 2729/3850/13942 3076/4066/13943 3586/4065/13944
f 3586/4065/13945 3076/4066/13946 2804/3691/13947 2905/3690/13948
f 3074/4064/13949 3586/4065/13950 2905/3690/13951 2803/3689/13952
f 2729/3850/13953 2971/3856/13954 3587/4067/13955 3076/4066/13956
f 2971/3856/13957 2730/3855/13958 3077/4068/13959 3587/4067/13960
f 3587/4067/13961 3077/4068/13962 2805/3693/13963 2906/3692/13964
f 3076/4066/13965 3587/4067/13966 2906/3692/13967 2804/3691/13968
f 2730/3855/13969 2972/3858/13970 3588/4069/13971 3077/4068/13972
f 2972/3858/13973 2727/3847/13974 3075/4063/13975 3588/4069/13976
f 3588/4069/13977 3075/4063/13978 2802/3685/13979 2907/3688/13980
f 3077/4068/13981 3588/4069/13982 2907/3688/13983 2805/3693/13984
f 2732/3865/13985 2975/3864/13986 3589/4070/13987 3079/4071/13988
f 2975/3864/13989 2731/3863/13990 3078/4072/13991 3589/4070/13992
f 3589/4070/13993 3078/4072/13994 2806/3741/13995 2922/3738/13996
f 3079/4071/13997 3589/4070/13998 2922/3738/13999 2807/3737/14000
f 2731/3863/14001 2978/3869/14002 3590/4073/14003 3078/4072/14004
f 2978/3869/14005 2733/3868/14006 3080/4074/14007 3590/4073/14008
f 3590/4073/14009 3080/4074/14010 2808/3743/14011 2923/3742/14012
f 3078/4072/14013 3590/4073/14014 2923/3742/14015 2806/3741/14016
f 2733/3868/14017 2980/3873/14018 3591/4075/14019 3080/4074/14020
f 2980/3873/14021 2734/3872/14022 3081/4076/14023 3591/4075/14024
f 3591/4075/14025 3081/4076/14026 2809/3745/14027 2924/3744/14028
f 3080/4074/14029 3591/4075/14030 2924/3744/14031 2808/3743/14032
f 2734/3872/14033 2981/3875/14034 3592/4077/14035 3081/4076/14036
f 2981/3875/14037 2732/3865/14038 3079/4071/14039 3592/4077/14040
f 3592/4077/14041 3079/4071/14042 2807/3737/14043 2925/3740/14044
f 3081/4076/14045 3592/4077/14046 2925/3740/14047 2809/3745/14048
usemtl tractor1:pasted__lambert5SG
f 2575/4078/14049 3009/4079/14050 3593/4080/14051 3083/4081/14052
f 3009/4079/14053 2564/4082/14054 3082/4083/14055 3593/4080/14056
f 3593/4080/14057 3082/4083/14058 2812/2931/14059 3129/2930/14060
f 3083/4081/14061 3593/4080/14062 3129/2930/14063 2811/2929/14064
f 2564/4082/14065 3280/4084/14066 3594/4085/14067 3082/4083/14068
f 3280/4084/14069 2586/4086/14070 3084/4087/14071 3594/4085/14072
f 3594/4085/14073 3084/4087/14074 2813/2933/14075 3130/2932/14076
f 3082/4083/14077 3594/4085/14078 3130/2932/14079 2812/2931/14080
f 2558/4088/14081 3013/4089/14082 3595/4090/14083 3086/4091/14084
f 3013/4089/14085 2582/4092/14086 3085/4093/14087 3595/4090/14088
f 3595/4090/14089 3085/4093/14090 2814/4094/14091 3211/4095/14092
f 3086/4091/14093 3595/4090/14094 3211/4095/14095 2815/4096/14096
f 2583/4097/14097 2866/4098/14098 3596/4099/14099 3087/4100/14100
f 2866/4098/14101 2558/4088/14102 3086/4091/14103 3596/4099/14104
f 3596/4099/14105 3086/4091/14106 2815/4096/14107 3214/4101/14108
f 3087/4100/14109 3596/4099/14110 3214/4101/14111 2817/4102/14112
f 2582/4103/14113 3011/4104/14114 3597/4105/14115 3085/4106/14116
f 3011/4104/14117 2575/4107/14118 3083/4108/14119 3597/4105/14120
f 3597/4105/14121 3083/4108/14122 2811/4109/14123 3247/4110/14124
f 3085/4106/14125 3597/4105/14126 3247/4110/14127 2814/4111/14128
usemtl tractor1:pasted__lambert4SG
f 2586/4112/14129 3308/4113/14130 3598/4114/14131 3084/4115/14132
f 3308/4113/14133 2562/4116/14134 3088/4117/14135 3598/4114/14136
f 3598/4114/14137 3088/4117/14138 2819/4118/14139 3274/4119/14140
f 3084/4115/14141 3598/4114/14142 3274/4119/14143 2813/4120/14144
f 2562/4121/14145 3378/4122/14146 3599/4123/14147 3088/4124/14148
f 3378/4122/14149 2578/4125/14150 3089/4126/14151 3599/4123/14152
f 3599/4123/14153 3089/4126/14154 2818/4127/14155 3275/4128/14156
f 3088/4124/14157 3599/4123/14158 3275/4128/14159 2819/4129/14160
f 2578/4130/14161 2984/4131/14162 3600/4132/14163 3089/4133/14164
f 2984/4131/14165 2579/4134/14166 3090/4135/14167 3600/4132/14168
f 3600/4132/14169 3090/4135/14170 2820/4136/14171 3277/4137/14172
f 3089/4133/14173 3600/4132/14174 3277/4137/14175 2818/4138/14176
f 2579/4139/14177 3027/4140/14178 3601/4141/14179 3090/4142/14180
f 3027/4140/14181 2560/4143/14182 3091/4144/14183 3601/4141/14184
f 3601/4141/14185 3091/4144/14186 2821/4145/14187 3278/4146/14188
f 3090/4142/14189 3601/4141/14190 3278/4146/14191 2820/4147/14192
f 2560/4148/14193 2992/4149/14194 3602/4150/14195 3091/4151/14196
f 2992/4149/14197 2583/4152/14198 3087/4153/14199 3602/4150/14200
f 3602/4150/14201 3087/4153/14202 2817/4154/14203 3279/4155/14204
f 3091/4151/14205 3602/4150/14206 3279/4155/14207 2821/4156/14208
usemtl tractor1:pasted__lambert5SG
f 2563/4157/14209 3127/4158/14210 3603/4159/14211 3093/4160/14212
f 3127/4158/14213 2576/4161/14214 3092/4162/14215 3603/4159/14216
f 3603/4159/14217 3092/4162/14218 2823/4163/14219 3132/4164/14220
f 3093/4160/14221 3603/4159/14222 3132/4164/14223 2822/4165/14224
f 2585/4166/14225 3285/4167/14226 3604/4168/14227 3094/4169/14228
f 3285/4167/14229 2563/4170/14230 3093/4171/14231 3604/4168/14232
f 3604/4168/14233 3093/4171/14234 2822/4172/14235 3135/4173/14236
f 3094/4169/14237 3604/4168/14238 3135/4173/14239 2825/4174/14240
f 2581/4175/14241 3202/4176/14242 3605/4177/14243 3096/4178/14244
f 3202/4176/14245 2557/4179/14246 3095/4180/14247 3605/4177/14248
f 3605/4177/14249 3095/4180/14250 2828/4181/14251 3204/4182/14252
f 3096/4178/14253 3605/4177/14254 3204/4182/14255 2827/4183/14256
f 2557/4179/14257 2872/4184/14258 3606/4185/14259 3095/4180/14260
f 2872/4184/14261 2584/4186/14262 3097/4187/14263 3606/4185/14264
f 3606/4185/14265 3097/4187/14266 2829/4188/14267 3205/4189/14268
f 3095/4180/14269 3606/4185/14270 3205/4189/14271 2828/4181/14272
f 2576/4190/14273 3246/4191/14274 3607/4192/14275 3092/4193/14276
f 3246/4191/14277 2581/4194/14278 3096/4195/14279 3607/4192/14280
f 3607/4192/14281 3096/4195/14282 2827/4196/14283 3243/4197/14284
f 3092/4193/14285 3607/4192/14286 3243/4197/14287 2823/4198/14288
usemtl tractor1:pasted__lambert4SG
f 2584/4199/14289 2998/4200/14290 3608/4201/14291 3097/4202/14292
f 2998/4200/14293 2559/4203/14294 3098/4204/14295 3608/4201/14296
f 3608/4201/14297 3098/4204/14298 2831/4205/14299 3254/4206/14300
f 3097/4202/14301 3608/4201/14302 3254/4206/14303 2829/4207/14304
f 2559/4203/14305 3210/4208/14306 3609/4209/14307 3098/4204/14308
f 3210/4208/14309 2580/4210/14310 3099/4211/14311 3609/4209/14312
f 3609/4209/14313 3099/4211/14314 2830/4212/14315 3255/4213/14316
f 3098/4204/14317 3609/4209/14318 3255/4213/14319 2831/4205/14320
f 2580/4210/14321 2990/4214/14322 3610/4215/14323 3099/4211/14324
f 2990/4214/14325 2577/4216/14326 3100/4217/14327 3610/4215/14328
f 3610/4215/14329 3100/4217/14330 2832/4218/14331 3257/4219/14332
f 3099/4211/14333 3610/4215/14334 3257/4219/14335 2830/4212/14336
f 2577/4216/14337 2844/4220/14338 3611/4221/14339 3100/4217/14340
f 2844/4220/14341 2561/4222/14342 3101/4223/14343 3611/4221/14344
f 3611/4221/14345 3101/4223/14346 2833/4224/14347 3258/4225/14348
f 3100/4217/14349 3611/4221/14350 3258/4225/14351 2832/4218/14352
f 2561/4222/14353 3305/4226/14354 3612/4227/14355 3101/4223/14356
f 3305/4226/14357 2585/4228/14358 3094/4229/14359 3612/4227/14360
f 3612/4227/14361 3094/4229/14362 2825/4230/14363 3259/4231/14364
f 3101/4223/14365 3612/4227/14366 3259/4231/14367 2833/4224/14368
f 2761/3894/14369 2870/3611/14370 3613/4232/14371 3103/4233/14372
f 2870/3611/14373 2678/3614/14374 3102/4234/14375 3613/4232/14376
f 3613/4232/14377 3102/4234/14378 2835/3634/14379 2880/3631/14380
f 3103/4233/14381 3613/4232/14382 2880/3631/14383 2834/3630/14384
f 2678/3614/14385 2885/3640/14386 3614/4235/14387 3102/4234/14388
f 2885/3640/14389 2684/3642/14390 3104/4236/14391 3614/4235/14392
f 3614/4235/14393 3104/4236/14394 2836/3636/14395 2881/3635/14396
f 3102/4234/14397 3614/4235/14398 2881/3635/14399 2835/3634/14400
f 2684/3642/14401 2888/3647/14402 3615/4237/14403 3104/4236/14404
f 2888/3647/14405 2760/3646/14406 3105/4238/14407 3615/4237/14408
f 3615/4237/14409 3105/4238/14410 2837/3638/14411 2882/3637/14412
f 3104/4236/14413 3615/4237/14414 2882/3637/14415 2836/3636/14416
f 2677/3608/14417 3023/3957/14418 3616/4239/14419 3106/4240/14420
f 3023/3957/14421 2761/3894/14422 3103/4233/14423 3616/4239/14424
f 3616/4239/14425 3103/4233/14426 2834/3630/14427 3020/3952/14428
f 3106/4240/14429 3616/4239/14430 3020/3952/14431 2838/3951/14432
f 2760/3646/14433 3019/3949/14434 3617/4241/14435 3105/4238/14436
f 3019/3949/14437 2685/3627/14438 3107/4242/14439 3617/4241/14440
f 3617/4241/14441 3107/4242/14442 2839/3956/14443 3021/3955/14444
f 3105/4238/14445 3617/4241/14446 3021/3955/14447 2837/3638/14448
f 2685/3627/14449 2877/3626/14450 3618/4243/14451 3107/4242/14452
f 2877/3626/14453 2677/3608/14454 3106/4240/14455 3618/4243/14456
f 3618/4243/14457 3106/4240/14458 2838/3951/14459 3022/3954/14460
f 3107/4242/14461 3618/4243/14462 3022/3954/14463 2839/3956/14464
usemtl tractor1:pasted__lambert5SG
f 2717/3797/14465 2943/3799/14466 3109/4244/14467
f 2943/3799/14468 2790/3801/14469 3108/4245/14470
f 2943/4246/14471 3108/4245/14472 2841/3817/14473 2950/3814/14474
f 3109/4244/14475 2943/4246/14476 2950/3814/14477 2840/3813/14478
f 2790/3801/14479 3054/4021/14480 3619/4247/14481 3108/4245/14482
f 3054/4021/14483 2791/3005/14484 3110/4248/14485 3619/4247/14486
f 3619/4247/14487 3110/4248/14488 2842/3819/14489 2951/3818/14490
f 3108/4245/14491 3619/4247/14492 2951/3818/14493 2841/3817/14494
f 2791/3005/14495 3162/3004/14496 3620/4249/14497 3110/4248/14498
f 3162/3004/14499 2721/3003/14500 3111/4250/14501 3620/4249/14502
f 3620/4249/14503 3111/4250/14504 2843/3821/14505 2952/3820/14506
f 3110/4248/14507 3620/4249/14508 2952/3820/14509 2842/3819/14510
f 2721/3003/14511 2949/3812/14512 3621/4251/14513 3111/4250/14514
f 2949/3812/14515 2717/3797/14516 3109/4244/14517 3621/4251/14518
f 3621/4251/14519 3109/4244/14520 2840/3813/14521 2953/3816/14522
f 3111/4250/14523 3621/4251/14524 2953/3816/14525 2843/3821/14526
