# This file uses centimeters as units for non-parametric coordinates.

mtllib ufo.mtl
g default
v 4.073423 0.781479 -1.256482
v 3.522098 0.781479 -2.401323
v 2.657818 0.781479 -3.332796
v 1.557380 0.781479 -3.968134
v 0.318562 0.781479 -4.250887
v -0.948562 0.781479 -4.155930
v -2.131402 0.781479 -3.691700
v -3.124858 0.781479 -2.899446
v -3.840656 0.781479 -1.849564
v -4.215195 0.781479 -0.635340
v -4.215195 0.781479 0.635337
v -3.840657 0.781479 1.849562
v -3.124860 0.781479 2.899445
v -2.131404 0.781479 3.691699
v -0.948564 0.781479 4.155930
v 0.318560 0.781479 4.250888
v 1.557378 0.781479 3.968136
v 2.657817 0.781479 3.332797
v 3.522097 0.781479 2.401325
v 4.073423 0.781479 1.256485
v 4.262808 0.781479 0.000000
v 3.889357 1.405951 -1.199706
v 3.362944 1.405951 -2.292814
v 2.537719 1.405951 -3.182196
v 1.487007 1.405951 -3.788826
v 0.304167 1.405951 -4.058802
v -0.905700 1.405951 -3.968136
v -2.035090 1.405951 -3.524883
v -2.983655 1.405951 -2.768429
v -3.667108 1.405951 -1.765988
v -4.024723 1.405951 -0.606631
v -4.024723 1.405951 0.606628
v -3.667109 1.405951 1.765986
v -2.983656 1.405951 2.768428
v -2.035093 1.405951 3.524882
v -0.905702 1.405951 3.968136
v 0.304165 1.405951 4.058803
v 1.487005 1.405951 3.788827
v 2.537718 1.405951 3.182198
v 3.362943 1.405951 2.292817
v 3.889357 1.405951 1.199708
v 4.070184 1.405951 -0.000000
v 3.618409 1.994738 -1.116129
v 3.128668 1.994738 -2.133088
v 2.360932 1.994738 -2.960512
v 1.383416 1.994738 -3.524881
v 0.282977 1.994738 -3.776050
v -0.842605 1.994738 -3.691700
v -1.893318 1.994738 -3.279326
v -2.775801 1.994738 -2.575569
v -3.411643 1.994738 -1.642962
v -3.744345 1.994738 -0.564370
v -3.744345 1.994738 0.564368
v -3.411644 1.994738 1.642960
v -2.775803 1.994738 2.575568
v -1.893320 1.994738 3.279325
v -0.842607 1.994738 3.691700
v 0.282975 1.994738 3.776051
v 1.383414 1.994738 3.524883
v 2.360931 1.994738 2.960514
v 3.128668 1.994738 2.133090
v 3.618409 1.994738 1.116132
v 3.786639 1.994738 -0.000000
v 3.266632 2.534689 -1.007621
v 2.824503 2.534689 -1.925712
v 2.131405 2.534689 -2.672694
v 1.248922 2.534689 -3.182197
v 0.255467 2.534689 -3.408947
v -0.760688 2.534689 -3.332797
v -1.709252 2.534689 -2.960514
v -2.505942 2.534689 -2.325175
v -3.079967 2.534689 -1.483235
v -3.380324 2.534689 -0.509503
v -3.380324 2.534689 0.509501
v -3.079968 2.534689 1.483234
v -2.505943 2.534689 2.325175
v -1.709254 2.534689 2.960513
v -0.760690 2.534689 3.332797
v 0.255465 2.534689 3.408948
v 1.248920 2.534689 3.182198
v 2.131404 2.534689 2.672696
v 2.824503 2.534689 1.925713
v 3.266632 2.534689 1.007623
v 3.418507 2.534689 0.000000
v 2.841883 3.013742 -0.876603
v 2.457243 3.013742 -1.675318
v 1.854266 3.013742 -2.325174
v 1.086529 3.013742 -2.768427
v 0.222249 3.013742 -2.965694
v -0.661778 3.013742 -2.899446
v -1.487004 3.013742 -2.575569
v -2.180103 3.013742 -2.022841
v -2.679490 3.013742 -1.290376
v -2.940793 3.013742 -0.443254
v -2.940793 3.013742 0.443252
v -2.679491 3.013742 1.290374
v -2.180104 3.013742 2.022841
v -1.487006 3.013742 2.575568
v -0.661780 3.013742 2.899446
v 0.222248 3.013742 2.965695
v 1.086528 3.013742 2.768428
v 1.854265 3.013742 2.325175
v 2.457243 3.013742 1.675320
v 2.841884 3.013742 0.876605
v 2.974011 3.013742 0.000000
v 2.353652 3.421196 -0.726004
v 2.035092 3.421196 -1.387501
v 1.535706 3.421196 -1.925712
v 0.899865 3.421196 -2.292815
v 0.184067 3.421196 -2.456192
v -0.548086 3.421196 -2.401325
v -1.231539 3.421196 -2.133090
v -1.805565 3.421196 -1.675320
v -2.219157 3.421196 -1.068691
v -2.435569 3.421196 -0.367104
v -2.435569 3.421196 0.367102
v -2.219158 3.421196 1.068690
v -1.805565 3.421196 1.675319
v -1.231540 3.421196 2.133089
v -0.548087 3.421196 2.401325
v 0.184066 3.421196 2.456193
v 0.899864 3.421196 2.292817
v 1.535705 3.421196 1.925713
v 2.035092 3.421196 1.387502
v 2.353652 3.421196 0.726006
v 2.463080 3.421196 0.000000
v 1.812844 3.747948 -0.559187
v 1.567481 3.747948 -1.068689
v 1.182840 3.747948 -1.483234
v 0.693099 3.747948 -1.765986
v 0.141773 3.747948 -1.891823
v -0.422150 3.747948 -1.849563
v -0.948563 3.747948 -1.642961
v -1.390693 3.747948 -1.290375
v -1.709253 3.747948 -0.823133
v -1.875938 3.747948 -0.282753
v -1.875939 3.747948 0.282752
v -1.709253 3.747948 0.823133
v -1.390693 3.747948 1.290374
v -0.948564 3.747948 1.642961
v -0.422151 3.747948 1.849563
v 0.141772 3.747948 1.891823
v 0.693099 3.747948 1.765987
v 1.182840 3.747948 1.483234
v 1.567481 3.747948 1.068690
v 1.812844 3.747948 0.559188
v 1.897128 3.747948 0.000000
v 1.231540 3.986700 -0.379879
v 1.064855 3.986700 -0.726005
v 0.803552 3.986700 -1.007622
v 0.470851 3.986700 -1.199707
v 0.096312 3.986700 -1.285194
v -0.286784 3.986700 -1.256485
v -0.644398 3.986700 -1.116132
v -0.944755 3.986700 -0.876605
v -1.161166 3.986700 -0.559189
v -1.274403 3.986700 -0.192086
v -1.274403 3.986700 0.192085
v -1.161167 3.986700 0.559188
v -0.944756 3.986700 0.876605
v -0.644399 3.986700 1.116131
v -0.286785 3.986700 1.256485
v 0.096312 3.986700 1.285194
v 0.470851 3.986700 1.199708
v 0.803552 3.986700 1.007623
v 1.064854 3.986700 0.726006
v 1.231540 3.986700 0.379880
v 1.288798 3.986700 0.000000
v 0.622726 4.132119 -0.192085
v 0.538441 4.132119 -0.367103
v 0.406315 4.132119 -0.509502
v 0.238085 4.132119 -0.606629
v 0.048700 4.132119 -0.649855
v -0.145012 4.132119 -0.635338
v -0.325839 4.132119 -0.564369
v -0.477713 4.132119 -0.443253
v -0.587141 4.132119 -0.282752
v -0.644399 4.132119 -0.097128
v -0.644399 4.132119 0.097127
v -0.587141 4.132119 0.282752
v -0.477713 4.132119 0.443253
v -0.325839 4.132119 0.564369
v -0.145012 4.132119 0.635338
v 0.048700 4.132119 0.649856
v 0.238084 4.132119 0.606629
v 0.406314 4.132119 0.509502
v 0.538441 4.132119 0.367103
v 0.622726 4.132119 0.192085
v 0.651678 4.132119 -0.000000
v 0.000000 4.180955 -0.000000
vt 0.000000 0.571429
vt 0.047619 0.571429
vt 0.095238 0.571429
vt 0.142857 0.571429
vt 0.190476 0.571429
vt 0.238095 0.571429
vt 0.285714 0.571429
vt 0.333333 0.571429
vt 0.380952 0.571429
vt 0.428571 0.571429
vt 0.476190 0.571429
vt 0.523810 0.571429
vt 0.571429 0.571429
vt 0.619048 0.571429
vt 0.666667 0.571429
vt 0.714286 0.571429
vt 0.761905 0.571429
vt 0.809524 0.571429
vt 0.857143 0.571429
vt 0.904762 0.571429
vt 0.952381 0.571429
vt 1.000000 0.571429
vt 0.000000 0.619048
vt 0.047619 0.619048
vt 0.095238 0.619048
vt 0.142857 0.619048
vt 0.190476 0.619048
vt 0.238095 0.619048
vt 0.285714 0.619048
vt 0.333333 0.619048
vt 0.380952 0.619048
vt 0.428571 0.619048
vt 0.476190 0.619048
vt 0.523810 0.619048
vt 0.571429 0.619048
vt 0.619048 0.619048
vt 0.666667 0.619048
vt 0.714286 0.619048
vt 0.761905 0.619048
vt 0.809524 0.619048
vt 0.857143 0.619048
vt 0.904762 0.619048
vt 0.952381 0.619048
vt 1.000000 0.619048
vt 0.000000 0.666667
vt 0.047619 0.666667
vt 0.095238 0.666667
vt 0.142857 0.666667
vt 0.190476 0.666667
vt 0.238095 0.666667
vt 0.285714 0.666667
vt 0.333333 0.666667
vt 0.380952 0.666667
vt 0.428571 0.666667
vt 0.476190 0.666667
vt 0.523810 0.666667
vt 0.571429 0.666667
vt 0.619048 0.666667
vt 0.666667 0.666667
vt 0.714286 0.666667
vt 0.761905 0.666667
vt 0.809524 0.666667
vt 0.857143 0.666667
vt 0.904762 0.666667
vt 0.952381 0.666667
vt 1.000000 0.666667
vt 0.000000 0.714286
vt 0.047619 0.714286
vt 0.095238 0.714286
vt 0.142857 0.714286
vt 0.190476 0.714286
vt 0.238095 0.714286
vt 0.285714 0.714286
vt 0.333333 0.714286
vt 0.380952 0.714286
vt 0.428571 0.714286
vt 0.476190 0.714286
vt 0.523810 0.714286
vt 0.571429 0.714286
vt 0.619048 0.714286
vt 0.666667 0.714286
vt 0.714286 0.714286
vt 0.761905 0.714286
vt 0.809524 0.714286
vt 0.857143 0.714286
vt 0.904762 0.714286
vt 0.952381 0.714286
vt 1.000000 0.714286
vt 0.000000 0.761905
vt 0.047619 0.761905
vt 0.095238 0.761905
vt 0.142857 0.761905
vt 0.190476 0.761905
vt 0.238095 0.761905
vt 0.285714 0.761905
vt 0.333333 0.761905
vt 0.380952 0.761905
vt 0.428571 0.761905
vt 0.476190 0.761905
vt 0.523810 0.761905
vt 0.571429 0.761905
vt 0.619048 0.761905
vt 0.666667 0.761905
vt 0.714286 0.761905
vt 0.761905 0.761905
vt 0.809524 0.761905
vt 0.857143 0.761905
vt 0.904762 0.761905
vt 0.952381 0.761905
vt 1.000000 0.761905
vt 0.000000 0.809524
vt 0.047619 0.809524
vt 0.095238 0.809524
vt 0.142857 0.809524
vt 0.190476 0.809524
vt 0.238095 0.809524
vt 0.285714 0.809524
vt 0.333333 0.809524
vt 0.380952 0.809524
vt 0.428571 0.809524
vt 0.476190 0.809524
vt 0.523810 0.809524
vt 0.571429 0.809524
vt 0.619048 0.809524
vt 0.666667 0.809524
vt 0.714286 0.809524
vt 0.761905 0.809524
vt 0.809524 0.809524
vt 0.857143 0.809524
vt 0.904762 0.809524
vt 0.952381 0.809524
vt 1.000000 0.809524
vt 0.000000 0.857143
vt 0.047619 0.857143
vt 0.095238 0.857143
vt 0.142857 0.857143
vt 0.190476 0.857143
vt 0.238095 0.857143
vt 0.285714 0.857143
vt 0.333333 0.857143
vt 0.380952 0.857143
vt 0.428571 0.857143
vt 0.476190 0.857143
vt 0.523810 0.857143
vt 0.571429 0.857143
vt 0.619048 0.857143
vt 0.666667 0.857143
vt 0.714286 0.857143
vt 0.761905 0.857143
vt 0.809524 0.857143
vt 0.857143 0.857143
vt 0.904762 0.857143
vt 0.952381 0.857143
vt 1.000000 0.857143
vt 0.000000 0.904762
vt 0.047619 0.904762
vt 0.095238 0.904762
vt 0.142857 0.904762
vt 0.190476 0.904762
vt 0.238095 0.904762
vt 0.285714 0.904762
vt 0.333333 0.904762
vt 0.380952 0.904762
vt 0.428571 0.904762
vt 0.476190 0.904762
vt 0.523810 0.904762
vt 0.571429 0.904762
vt 0.619048 0.904762
vt 0.666667 0.904762
vt 0.714286 0.904762
vt 0.761905 0.904762
vt 0.809524 0.904762
vt 0.857143 0.904762
vt 0.904762 0.904762
vt 0.952381 0.904762
vt 1.000000 0.904762
vt 0.000000 0.952381
vt 0.047619 0.952381
vt 0.095238 0.952381
vt 0.142857 0.952381
vt 0.190476 0.952381
vt 0.238095 0.952381
vt 0.285714 0.952381
vt 0.333333 0.952381
vt 0.380952 0.952381
vt 0.428571 0.952381
vt 0.476190 0.952381
vt 0.523810 0.952381
vt 0.571429 0.952381
vt 0.619048 0.952381
vt 0.666667 0.952381
vt 0.714286 0.952381
vt 0.761905 0.952381
vt 0.809524 0.952381
vt 0.857143 0.952381
vt 0.904762 0.952381
vt 0.952381 0.952381
vt 1.000000 0.952381
vt 0.023810 1.000000
vt 0.071429 1.000000
vt 0.119048 1.000000
vt 0.166667 1.000000
vt 0.214286 1.000000
vt 0.261905 1.000000
vt 0.309524 1.000000
vt 0.357143 1.000000
vt 0.404762 1.000000
vt 0.452381 1.000000
vt 0.500000 1.000000
vt 0.547619 1.000000
vt 0.595238 1.000000
vt 0.642857 1.000000
vt 0.690476 1.000000
vt 0.738095 1.000000
vt 0.785714 1.000000
vt 0.833333 1.000000
vt 0.880952 1.000000
vt 0.928571 1.000000
vt 0.976191 1.000000
vn 0.913119 0.294755 -0.281660
vn 0.789532 0.294755 -0.538293
vn 0.770567 0.360861 -0.525363
vn 0.891186 0.360861 -0.274895
vn 0.595790 0.294755 -0.747097
vn 0.581479 0.360861 -0.729151
vn 0.349110 0.294755 -0.889518
vn 0.340725 0.360861 -0.868151
vn 0.071411 0.294755 -0.952901
vn 0.069695 0.360861 -0.930012
vn -0.212635 0.294755 -0.931615
vn -0.207527 0.360861 -0.909237
vn -0.477786 0.294755 -0.827551
vn -0.466310 0.360861 -0.807673
vn -0.700484 0.294755 -0.649955
vn -0.683658 0.360861 -0.634343
vn -0.860941 0.294755 -0.414608
vn -0.840261 0.360861 -0.404649
vn -0.944900 0.294754 -0.142421
vn -0.922203 0.360860 -0.139000
vn -0.944900 0.294755 0.142420
vn -0.922203 0.360861 0.138999
vn -0.860941 0.294755 0.414607
vn -0.840262 0.360861 0.404648
vn -0.700485 0.294755 0.649954
vn -0.683659 0.360861 0.634342
vn -0.477787 0.294755 0.827550
vn -0.466310 0.360861 0.807672
vn -0.212635 0.294755 0.931615
vn -0.207528 0.360861 0.909237
vn 0.071410 0.294755 0.952901
vn 0.069695 0.360861 0.930012
vn 0.349110 0.294755 0.889518
vn 0.340724 0.360861 0.868151
vn 0.595790 0.294755 0.747097
vn 0.581479 0.360861 0.729152
vn 0.789531 0.294755 0.538293
vn 0.770567 0.360861 0.525363
vn 0.913119 0.294755 0.281660
vn 0.891186 0.360861 0.274895
vn 0.955573 0.294755 -0.000000
vn 0.932620 0.360861 -0.000000
vn 0.718336 0.494100 -0.489753
vn 0.830780 0.494100 -0.256262
vn 0.542065 0.494100 -0.679728
vn 0.317630 0.494100 -0.809306
vn 0.064971 0.494100 -0.866974
vn -0.193460 0.494100 -0.847607
vn -0.434702 0.494100 -0.752927
vn -0.637319 0.494100 -0.591346
vn -0.783307 0.494100 -0.377221
vn -0.859694 0.494101 -0.129578
vn -0.859694 0.494100 0.129578
vn -0.783307 0.494100 0.377220
vn -0.637319 0.494100 0.591345
vn -0.434703 0.494100 0.752927
vn -0.193461 0.494100 0.847607
vn 0.064971 0.494100 0.866974
vn 0.317629 0.494100 0.809306
vn 0.542065 0.494100 0.679728
vn 0.718336 0.494100 0.489753
vn 0.830780 0.494100 0.256262
vn 0.869405 0.494101 -0.000000
vn 0.650538 0.616507 -0.443529
vn 0.752369 0.616508 -0.232075
vn 0.490904 0.616508 -0.615574
vn 0.287651 0.616508 -0.732922
vn 0.058839 0.616508 -0.785147
vn -0.175201 0.616508 -0.767609
vn -0.393674 0.616508 -0.681864
vn -0.577168 0.616508 -0.535533
vn -0.709377 0.616508 -0.341618
vn -0.778555 0.616508 -0.117349
vn -0.778555 0.616508 0.117348
vn -0.709377 0.616508 0.341618
vn -0.577168 0.616508 0.535533
vn -0.393675 0.616508 0.681864
vn -0.175202 0.616508 0.767608
vn 0.058839 0.616508 0.785147
vn 0.287651 0.616508 0.732922
vn 0.490904 0.616508 0.615574
vn 0.650538 0.616508 0.443529
vn 0.752369 0.616508 0.232075
vn 0.787349 0.616508 -0.000000
vn 0.568747 0.725372 -0.387765
vn 0.657775 0.725372 -0.202897
vn 0.429184 0.725372 -0.538179
vn 0.251485 0.725372 -0.640773
vn 0.051441 0.725372 -0.686432
vn -0.153173 0.725372 -0.671098
vn -0.344178 0.725373 -0.596134
vn -0.504601 0.725372 -0.468202
vn -0.620188 0.725372 -0.298667
vn -0.680668 0.725372 -0.102595
vn -0.680668 0.725372 0.102594
vn -0.620188 0.725372 0.298667
vn -0.504601 0.725373 0.468201
vn -0.344178 0.725373 0.596134
vn -0.153174 0.725372 0.671098
vn 0.051441 0.725372 0.686432
vn 0.251485 0.725372 0.640773
vn 0.429183 0.725373 0.538179
vn 0.568747 0.725372 0.387765
vn 0.657775 0.725372 0.202897
vn 0.688357 0.725372 -0.000000
vn 0.474957 0.818265 -0.323820
vn 0.549303 0.818265 -0.169438
vn 0.358408 0.818265 -0.449429
vn 0.210014 0.818264 -0.535105
vn 0.042958 0.818265 -0.573234
vn -0.127914 0.818265 -0.560429
vn -0.287421 0.818265 -0.497828
vn -0.421389 0.818265 -0.390992
vn -0.517914 0.818265 -0.249415
vn -0.568421 0.818265 -0.085676
vn -0.568421 0.818265 0.085676
vn -0.517915 0.818265 0.249414
vn -0.421389 0.818265 0.390992
vn -0.287421 0.818265 0.497828
vn -0.127914 0.818265 0.560429
vn 0.042958 0.818264 0.573235
vn 0.210013 0.818265 0.535105
vn 0.358408 0.818265 0.449429
vn 0.474956 0.818265 0.323820
vn 0.549303 0.818265 0.169437
vn 0.574842 0.818265 -0.000000
vn 0.371721 0.893081 -0.253435
vn 0.429908 0.893081 -0.132609
vn 0.280505 0.893081 -0.351742
vn 0.164365 0.893081 -0.418796
vn 0.033621 0.893081 -0.448637
vn -0.100111 0.893081 -0.438616
vn -0.224948 0.893081 -0.389621
vn -0.329797 0.893081 -0.306007
vn -0.405342 0.893081 -0.195202
vn -0.444870 0.893081 -0.067053
vn -0.444870 0.893081 0.067053
vn -0.405342 0.893081 0.195202
vn -0.329797 0.893081 0.306007
vn -0.224948 0.893081 0.389621
vn -0.100111 0.893081 0.438616
vn 0.033621 0.893081 0.448637
vn 0.164365 0.893081 0.418796
vn 0.280505 0.893081 0.351742
vn 0.371721 0.893081 0.253435
vn 0.429908 0.893081 0.132609
vn 0.449895 0.893081 -0.000000
vn 0.262787 0.948073 -0.179165
vn 0.303921 0.948073 -0.093747
vn 0.198302 0.948074 -0.248663
vn 0.116197 0.948073 -0.296066
vn 0.023768 0.948073 -0.317162
vn -0.070773 0.948073 -0.310077
vn -0.159026 0.948073 -0.275441
vn -0.233148 0.948074 -0.216330
vn -0.286554 0.948073 -0.137997
vn -0.314499 0.948073 -0.047403
vn -0.314499 0.948074 0.047403
vn -0.286554 0.948074 0.137997
vn -0.233148 0.948073 0.216330
vn -0.159026 0.948073 0.275441
vn -0.070773 0.948073 0.310077
vn 0.023768 0.948074 0.317162
vn 0.116197 0.948074 0.296066
vn 0.198302 0.948073 0.248663
vn 0.262786 0.948073 0.179165
vn 0.303921 0.948074 0.093748
vn 0.318052 0.948073 -0.000000
vn 0.157584 0.981643 -0.107439
vn 0.182252 0.981643 -0.056217
vn 0.118915 0.981644 -0.149115
vn 0.069680 0.981644 -0.177540
vn 0.014253 0.981644 -0.190191
vn -0.042440 0.981644 -0.185943
vn -0.095362 0.981644 -0.165173
vn -0.139811 0.981643 -0.129726
vn -0.171837 0.981643 -0.082753
vn -0.188595 0.981643 -0.028427
vn -0.188595 0.981644 0.028426
vn -0.171837 0.981644 0.082752
vn -0.139811 0.981643 0.129726
vn -0.095362 0.981644 0.165172
vn -0.042440 0.981644 0.185943
vn 0.014253 0.981643 0.190192
vn 0.069680 0.981644 0.177540
vn 0.118915 0.981643 0.149115
vn 0.157584 0.981643 0.107439
vn 0.182252 0.981643 0.056217
vn 0.190725 0.981643 0.000000
vn -0.000000 1.000000 -0.000000
s 1
g pSphere1
usemtl initialShadingGroup
f 1/1/1 2/2/2 23/24/3 22/23/4
f 2/2/2 3/3/5 24/25/6 23/24/3
f 3/3/5 4/4/7 25/26/8 24/25/6
f 4/4/7 5/5/9 26/27/10 25/26/8
f 5/5/9 6/6/11 27/28/12 26/27/10
f 6/6/11 7/7/13 28/29/14 27/28/12
f 7/7/13 8/8/15 29/30/16 28/29/14
f 8/8/15 9/9/17 30/31/18 29/30/16
f 9/9/17 10/10/19 31/32/20 30/31/18
f 10/10/19 11/11/21 32/33/22 31/32/20
f 11/11/21 12/12/23 33/34/24 32/33/22
f 12/12/23 13/13/25 34/35/26 33/34/24
f 13/13/25 14/14/27 35/36/28 34/35/26
f 14/14/27 15/15/29 36/37/30 35/36/28
f 15/15/29 16/16/31 37/38/32 36/37/30
f 16/16/31 17/17/33 38/39/34 37/38/32
f 17/17/33 18/18/35 39/40/36 38/39/34
f 18/18/35 19/19/37 40/41/38 39/40/36
f 19/19/37 20/20/39 41/42/40 40/41/38
f 20/20/39 21/21/41 42/43/42 41/42/40
f 21/21/41 1/22/1 22/44/4 42/43/42
f 22/23/4 23/24/3 44/46/43 43/45/44
f 23/24/3 24/25/6 45/47/45 44/46/43
f 24/25/6 25/26/8 46/48/46 45/47/45
f 25/26/8 26/27/10 47/49/47 46/48/46
f 26/27/10 27/28/12 48/50/48 47/49/47
f 27/28/12 28/29/14 49/51/49 48/50/48
f 28/29/14 29/30/16 50/52/50 49/51/49
f 29/30/16 30/31/18 51/53/51 50/52/50
f 30/31/18 31/32/20 52/54/52 51/53/51
f 31/32/20 32/33/22 53/55/53 52/54/52
f 32/33/22 33/34/24 54/56/54 53/55/53
f 33/34/24 34/35/26 55/57/55 54/56/54
f 34/35/26 35/36/28 56/58/56 55/57/55
f 35/36/28 36/37/30 57/59/57 56/58/56
f 36/37/30 37/38/32 58/60/58 57/59/57
f 37/38/32 38/39/34 59/61/59 58/60/58
f 38/39/34 39/40/36 60/62/60 59/61/59
f 39/40/36 40/41/38 61/63/61 60/62/60
f 40/41/38 41/42/40 62/64/62 61/63/61
f 41/42/40 42/43/42 63/65/63 62/64/62
f 42/43/42 22/44/4 43/66/44 63/65/63
f 43/45/44 44/46/43 65/68/64 64/67/65
f 44/46/43 45/47/45 66/69/66 65/68/64
f 45/47/45 46/48/46 67/70/67 66/69/66
f 46/48/46 47/49/47 68/71/68 67/70/67
f 47/49/47 48/50/48 69/72/69 68/71/68
f 48/50/48 49/51/49 70/73/70 69/72/69
f 49/51/49 50/52/50 71/74/71 70/73/70
f 50/52/50 51/53/51 72/75/72 71/74/71
f 51/53/51 52/54/52 73/76/73 72/75/72
f 52/54/52 53/55/53 74/77/74 73/76/73
f 53/55/53 54/56/54 75/78/75 74/77/74
f 54/56/54 55/57/55 76/79/76 75/78/75
f 55/57/55 56/58/56 77/80/77 76/79/76
f 56/58/56 57/59/57 78/81/78 77/80/77
f 57/59/57 58/60/58 79/82/79 78/81/78
f 58/60/58 59/61/59 80/83/80 79/82/79
f 59/61/59 60/62/60 81/84/81 80/83/80
f 60/62/60 61/63/61 82/85/82 81/84/81
f 61/63/61 62/64/62 83/86/83 82/85/82
f 62/64/62 63/65/63 84/87/84 83/86/83
f 63/65/63 43/66/44 64/88/65 84/87/84
f 64/67/65 65/68/64 86/90/85 85/89/86
f 65/68/64 66/69/66 87/91/87 86/90/85
f 66/69/66 67/70/67 88/92/88 87/91/87
f 67/70/67 68/71/68 89/93/89 88/92/88
f 68/71/68 69/72/69 90/94/90 89/93/89
f 69/72/69 70/73/70 91/95/91 90/94/90
f 70/73/70 71/74/71 92/96/92 91/95/91
f 71/74/71 72/75/72 93/97/93 92/96/92
f 72/75/72 73/76/73 94/98/94 93/97/93
f 73/76/73 74/77/74 95/99/95 94/98/94
f 74/77/74 75/78/75 96/100/96 95/99/95
f 75/78/75 76/79/76 97/101/97 96/100/96
f 76/79/76 77/80/77 98/102/98 97/101/97
f 77/80/77 78/81/78 99/103/99 98/102/98
f 78/81/78 79/82/79 100/104/100 99/103/99
f 79/82/79 80/83/80 101/105/101 100/104/100
f 80/83/80 81/84/81 102/106/102 101/105/101
f 81/84/81 82/85/82 103/107/103 102/106/102
f 82/85/82 83/86/83 104/108/104 103/107/103
f 83/86/83 84/87/84 105/109/105 104/108/104
f 84/87/84 64/88/65 85/110/86 105/109/105
f 85/89/86 86/90/85 107/112/106 106/111/107
f 86/90/85 87/91/87 108/113/108 107/112/106
f 87/91/87 88/92/88 109/114/109 108/113/108
f 88/92/88 89/93/89 110/115/110 109/114/109
f 89/93/89 90/94/90 111/116/111 110/115/110
f 90/94/90 91/95/91 112/117/112 111/116/111
f 91/95/91 92/96/92 113/118/113 112/117/112
f 92/96/92 93/97/93 114/119/114 113/118/113
f 93/97/93 94/98/94 115/120/115 114/119/114
f 94/98/94 95/99/95 116/121/116 115/120/115
f 95/99/95 96/100/96 117/122/117 116/121/116
f 96/100/96 97/101/97 118/123/118 117/122/117
f 97/101/97 98/102/98 119/124/119 118/123/118
f 98/102/98 99/103/99 120/125/120 119/124/119
f 99/103/99 100/104/100 121/126/121 120/125/120
f 100/104/100 101/105/101 122/127/122 121/126/121
f 101/105/101 102/106/102 123/128/123 122/127/122
f 102/106/102 103/107/103 124/129/124 123/128/123
f 103/107/103 104/108/104 125/130/125 124/129/124
f 104/108/104 105/109/105 126/131/126 125/130/125
f 105/109/105 85/110/86 106/132/107 126/131/126
f 106/111/107 107/112/106 128/134/127 127/133/128
f 107/112/106 108/113/108 129/135/129 128/134/127
f 108/113/108 109/114/109 130/136/130 129/135/129
f 109/114/109 110/115/110 131/137/131 130/136/130
f 110/115/110 111/116/111 132/138/132 131/137/131
f 111/116/111 112/117/112 133/139/133 132/138/132
f 112/117/112 113/118/113 134/140/134 133/139/133
f 113/118/113 114/119/114 135/141/135 134/140/134
f 114/119/114 115/120/115 136/142/136 135/141/135
f 115/120/115 116/121/116 137/143/137 136/142/136
f 116/121/116 117/122/117 138/144/138 137/143/137
f 117/122/117 118/123/118 139/145/139 138/144/138
f 118/123/118 119/124/119 140/146/140 139/145/139
f 119/124/119 120/125/120 141/147/141 140/146/140
f 120/125/120 121/126/121 142/148/142 141/147/141
f 121/126/121 122/127/122 143/149/143 142/148/142
f 122/127/122 123/128/123 144/150/144 143/149/143
f 123/128/123 124/129/124 145/151/145 144/150/144
f 124/129/124 125/130/125 146/152/146 145/151/145
f 125/130/125 126/131/126 147/153/147 146/152/146
f 126/131/126 106/132/107 127/154/128 147/153/147
f 127/133/128 128/134/127 149/156/148 148/155/149
f 128/134/127 129/135/129 150/157/150 149/156/148
f 129/135/129 130/136/130 151/158/151 150/157/150
f 130/136/130 131/137/131 152/159/152 151/158/151
f 131/137/131 132/138/132 153/160/153 152/159/152
f 132/138/132 133/139/133 154/161/154 153/160/153
f 133/139/133 134/140/134 155/162/155 154/161/154
f 134/140/134 135/141/135 156/163/156 155/162/155
f 135/141/135 136/142/136 157/164/157 156/163/156
f 136/142/136 137/143/137 158/165/158 157/164/157
f 137/143/137 138/144/138 159/166/159 158/165/158
f 138/144/138 139/145/139 160/167/160 159/166/159
f 139/145/139 140/146/140 161/168/161 160/167/160
f 140/146/140 141/147/141 162/169/162 161/168/161
f 141/147/141 142/148/142 163/170/163 162/169/162
f 142/148/142 143/149/143 164/171/164 163/170/163
f 143/149/143 144/150/144 165/172/165 164/171/164
f 144/150/144 145/151/145 166/173/166 165/172/165
f 145/151/145 146/152/146 167/174/167 166/173/166
f 146/152/146 147/153/147 168/175/168 167/174/167
f 147/153/147 127/154/128 148/176/149 168/175/168
f 148/155/149 149/156/148 170/178/169 169/177/170
f 149/156/148 150/157/150 171/179/171 170/178/169
f 150/157/150 151/158/151 172/180/172 171/179/171
f 151/158/151 152/159/152 173/181/173 172/180/172
f 152/159/152 153/160/153 174/182/174 173/181/173
f 153/160/153 154/161/154 175/183/175 174/182/174
f 154/161/154 155/162/155 176/184/176 175/183/175
f 155/162/155 156/163/156 177/185/177 176/184/176
f 156/163/156 157/164/157 178/186/178 177/185/177
f 157/164/157 158/165/158 179/187/179 178/186/178
f 158/165/158 159/166/159 180/188/180 179/187/179
f 159/166/159 160/167/160 181/189/181 180/188/180
f 160/167/160 161/168/161 182/190/182 181/189/181
f 161/168/161 162/169/162 183/191/183 182/190/182
f 162/169/162 163/170/163 184/192/184 183/191/183
f 163/170/163 164/171/164 185/193/185 184/192/184
f 164/171/164 165/172/165 186/194/186 185/193/185
f 165/172/165 166/173/166 187/195/187 186/194/186
f 166/173/166 167/174/167 188/196/188 187/195/187
f 167/174/167 168/175/168 189/197/189 188/196/188
f 168/175/168 148/176/149 169/198/170 189/197/189
f 169/177/170 170/178/169 190/199/190
f 170/178/169 171/179/171 190/200/190
f 171/179/171 172/180/172 190/201/190
f 172/180/172 173/181/173 190/202/190
f 173/181/173 174/182/174 190/203/190
f 174/182/174 175/183/175 190/204/190
f 175/183/175 176/184/176 190/205/190
f 176/184/176 177/185/177 190/206/190
f 177/185/177 178/186/178 190/207/190
f 178/186/178 179/187/179 190/208/190
f 179/187/179 180/188/180 190/209/190
f 180/188/180 181/189/181 190/210/190
f 181/189/181 182/190/182 190/211/190
f 182/190/182 183/191/183 190/212/190
f 183/191/183 184/192/184 190/213/190
f 184/192/184 185/193/185 190/214/190
f 185/193/185 186/194/186 190/215/190
f 186/194/186 187/195/187 190/216/190
f 187/195/187 188/196/188 190/217/190
f 188/196/188 189/197/189 190/218/190
f 189/197/189 169/198/170 190/219/190
g default
v 7.644582 -0.328696 -2.358037
v 6.609911 -0.328696 -4.506557
v 4.987920 -0.328696 -6.254648
v 2.922731 -0.328696 -7.446987
v 0.597844 -0.328696 -7.977629
v -1.780164 -0.328696 -7.799423
v -3.999997 -0.328696 -6.928204
v -5.864412 -0.328696 -5.441383
v -7.207748 -0.328696 -3.471072
v -7.910645 -0.328696 -1.192340
v -7.910646 -0.328696 1.192336
v -7.207751 -0.328696 3.471068
v -5.864416 -0.328696 5.441381
v -4.000001 -0.328696 6.928202
v -1.780168 -0.328696 7.799423
v 0.597840 -0.328696 7.977630
v 2.922728 -0.328696 7.446990
v 4.987918 -0.328696 6.254652
v 6.609910 -0.328696 4.506561
v 7.644582 -0.328696 2.358042
v 8.000000 -0.328696 0.000000
v 7.644576 0.328695 -2.358036
v 6.609908 0.328695 -4.506557
v 4.987919 0.328695 -6.254647
v 2.922729 0.328695 -7.446982
v 0.597843 0.328695 -7.977624
v -1.780164 0.328695 -7.799419
v -3.999998 0.328695 -6.928209
v -5.864407 0.328695 -5.441382
v -7.207749 0.328695 -3.471073
v -7.910643 0.328695 -1.192340
v -7.910644 0.328695 1.192335
v -7.207754 0.328695 3.471066
v -5.864410 0.328695 5.441378
v -4.000003 0.328695 6.928197
v -1.780168 0.328695 7.799417
v 0.597840 0.328695 7.977625
v 2.922726 0.328695 7.446984
v 4.987915 0.328695 6.254650
v 6.609908 0.328695 4.506558
v 7.644578 0.328695 2.358041
v 7.999998 0.328695 0.000000
v 4.529289 1.010495 -1.391448
v 3.918739 1.010495 -2.659264
v 2.961623 1.010495 -3.690791
v 1.742982 1.010495 -4.394372
v 0.371095 1.010495 -4.707497
v -1.032138 1.010495 -4.602340
v -2.342034 1.010495 -4.088250
v -3.442199 1.010495 -3.210891
v -4.234885 1.010495 -2.048235
v -4.649662 1.010495 -0.703584
v -4.649662 1.010495 0.703583
v -4.234885 1.010495 2.048235
v -3.442203 1.010495 3.210890
v -2.342035 1.010495 4.088250
v -1.032141 1.010495 4.602341
v 0.371092 1.010495 4.707496
v 1.742981 1.010495 4.394374
v 2.961622 1.010495 3.690794
v 3.918739 1.010495 2.659266
v 4.529289 1.010495 1.391451
v 4.739016 1.010495 0.000000
v 3.612002 0.586725 -1.106842
v 3.126339 0.586725 -2.115339
v 2.364992 0.586725 -2.935876
v 1.395610 0.586725 -3.495551
v 0.304329 0.586725 -3.744627
v -0.811887 0.586725 -3.660980
v -1.853857 0.586725 -3.252038
v -2.728994 0.586725 -2.554137
v -3.359546 0.586725 -1.629290
v -3.689478 0.586725 -0.559673
v -3.689478 0.586725 0.559672
v -3.359547 0.586725 1.629290
v -2.728997 0.586725 2.554134
v -1.853857 0.586725 3.252039
v -0.811889 0.586725 3.660981
v 0.304327 0.586725 3.744628
v 1.395610 0.586725 3.495552
v 2.364992 0.586725 2.935879
v 3.126339 0.586725 2.115340
v 3.612002 0.586725 1.106844
v 3.778833 0.586725 0.000000
v 5.987356 -0.941433 -1.843847
v 5.178305 -0.941433 -3.523862
v 2.295147 -0.941433 -5.823106
v 0.477221 -0.941433 -6.238039
v -3.118021 -0.941433 -5.417448
v -4.575884 -0.941433 -4.254842
v -6.175919 -0.941433 -0.932340
v -6.175919 -0.941433 0.932337
v -4.575887 -0.941433 4.254840
v -3.118025 -0.941433 5.417448
v 0.477218 -0.941433 6.238040
v 2.295145 -0.941433 5.823109
v 5.178304 -0.941433 3.523866
v 5.987357 -0.941433 1.843851
v 3.832454 -0.495092 -1.175241
v 3.316778 -0.495092 -2.246060
v 2.508382 -0.495092 -3.117308
v 1.479094 -0.495092 -3.711567
v 0.320375 -0.495092 -3.976039
v -0.864820 -0.495092 -3.887218
v -1.971183 -0.495092 -3.453006
v -2.900403 -0.495092 -2.711977
v -3.569920 -0.495092 -1.729976
v -3.920245 -0.495092 -0.594260
v -3.920245 -0.495092 0.594259
v -3.569922 -0.495092 1.729974
v -2.900403 -0.495092 2.711977
v -1.971184 -0.495092 3.453006
v -0.864823 -0.495092 3.887219
v 0.320373 -0.495092 3.976040
v 1.479093 -0.495092 3.711569
v 2.508382 -0.495092 3.117310
v 3.316777 -0.495092 2.246061
v 3.832454 -0.495092 1.175244
v 4.009599 -0.495092 0.000000
v -5.309593 -0.770009 0.802493
v -3.932392 -0.770009 3.662280
v -2.677563 -0.770009 4.662974
v 0.416979 -0.770009 5.369284
v 1.981727 -0.770009 5.012140
v 4.463356 -0.770009 3.033106
v 5.159734 -0.770009 1.587062
v 5.159733 -0.770009 -1.587059
v 4.463357 -0.770009 -3.033103
v 1.981729 -0.770009 -5.012137
v 0.416982 -0.770009 -5.369283
v -2.677561 -0.770009 -4.662974
v -3.932390 -0.770009 -3.662281
v -5.309593 -0.770009 -0.802495
v 3.467573 0.628134 -1.062029
v 3.001573 0.628134 -2.029695
v 0.024555 0.628133 -0.000002
v 2.271050 0.628133 -2.817015
v 1.340914 0.628134 -3.354030
v 0.293816 0.628134 -3.593024
v -0.777206 0.628134 -3.512757
v -1.776992 0.628134 -3.120372
v -2.616699 0.628134 -2.450730
v -3.221721 0.628134 -1.563323
v -3.538301 0.628134 -0.537015
v -3.538299 0.628134 0.537014
v -3.221723 0.628134 1.563324
v -2.616701 0.628134 2.450729
v -1.776993 0.628134 3.120376
v -0.777209 0.628134 3.512758
v 0.293814 0.628134 3.593026
v 1.340913 0.628134 3.354028
v 2.271055 0.628134 2.817017
v 3.001570 0.628134 2.029697
v 3.467574 0.628134 1.062031
v 3.627652 0.628134 0.000002
v 2.625220 0.878291 -0.800670
v 2.273901 0.878291 -1.530201
v 0.029504 0.878291 0.000000
v 1.723154 0.878291 -2.123764
v 1.021917 0.878291 -2.528623
v 0.232503 0.878291 -2.708800
v -0.574944 0.878291 -2.648293
v -1.328693 0.878291 -2.352471
v -1.961750 0.878291 -1.847623
v -2.417882 0.878291 -1.178601
v -2.656549 0.878291 -0.404857
v -2.656549 0.878291 0.404860
v -2.417881 0.878291 1.178603
v -1.961754 0.878291 1.847619
v -1.328690 0.878291 2.352472
v -0.574950 0.878291 2.648293
v 0.232501 0.878291 2.708803
v 1.021919 0.878291 2.528625
v 1.723154 0.878291 2.123765
v 2.273902 0.878291 1.530203
v 2.625221 0.878291 0.800673
v 2.745903 0.878291 0.000001
v 5.750302 0.669595 -1.770296
v 6.017134 0.669595 0.000000
v 5.750303 0.669595 1.770299
v 4.973523 0.669595 3.383299
v 3.755813 0.669595 4.695679
v 2.205373 0.669595 5.590823
v 0.459964 0.669595 5.989200
v -1.325325 0.669595 5.855412
v -2.991864 0.669595 5.201346
v -4.391570 0.669595 4.085114
v -5.400081 0.669595 2.605903
v -5.927780 0.669595 0.895146
v -5.927780 0.669595 -0.895149
v -5.400079 0.669595 -2.605906
v -4.391566 0.669595 -4.085116
v -2.991861 0.669595 -5.201352
v -1.325322 0.669595 -5.855412
v 0.459967 0.669595 -5.989200
v 2.205375 0.669595 -5.590821
v 3.755815 0.669595 -4.695676
v 4.973523 0.669595 -3.383297
v 3.522539 0.798610 -2.387301
v 2.663308 0.798610 -3.313334
v 1.569296 0.798610 -3.944962
v 0.337712 0.798610 -4.226062
v -0.922013 0.798610 -4.131660
v -2.097946 0.798610 -3.670144
v -3.085597 0.798610 -2.882514
v -3.797216 0.798610 -1.838763
v -4.169570 0.798610 -0.631629
v -4.169570 0.798610 0.631628
v -3.797216 0.798610 1.838762
v -3.085600 0.798610 2.882512
v -2.097946 0.798610 3.670145
v -0.922015 0.798610 4.131661
v 0.337709 0.798610 4.226062
v 1.569295 0.798610 3.944963
v 2.663307 0.798610 3.313337
v 3.522539 0.798610 2.387303
v 4.070645 0.798610 1.249148
v 4.258924 0.798610 0.000000
v 4.070645 0.798610 -1.249145
v 5.278646 0.840045 -1.623953
v 4.566077 0.840045 -3.103615
v 3.449032 0.840045 -4.307506
v 2.026761 0.840045 -5.128653
v 0.425637 0.840045 -5.494099
v -1.212070 0.840045 -5.371371
v -2.740844 0.840045 -4.771379
v -4.024841 0.840045 -3.747417
v -4.949984 0.840045 -2.390487
v -5.434064 0.840045 -0.821150
v -5.434064 0.840045 0.821149
v -4.949985 0.840045 2.390485
v -4.024845 0.840045 3.747416
v -2.740846 0.840045 4.771376
v -1.212072 0.840045 5.371371
v 0.425634 0.840045 5.494099
v 2.026759 0.840045 5.128654
v 3.449030 0.840045 4.307508
v 4.566077 0.840045 3.103617
v 5.278646 0.840045 1.623956
v 5.523418 0.840045 0.000000
v 7.449422 0.499145 0.000000
v 7.118601 0.499145 2.194844
v 6.155538 0.499145 4.194667
v 4.645802 0.499145 5.821776
v 2.723541 0.499145 6.931590
v 0.559557 0.499145 7.425506
v -1.653873 0.499145 7.259631
v -3.720076 0.499145 6.448709
v -5.455451 0.499145 5.064788
v -6.705822 0.499145 3.230839
v -7.360068 0.499145 1.109816
v -7.360067 0.499145 -1.109820
v -6.705819 0.499145 -3.230844
v -5.455447 0.499145 -5.064792
v -3.720072 0.499145 -6.448718
v -1.653870 0.499145 -7.259633
v 0.559560 0.499145 -7.425505
v 2.723544 0.499145 -6.931588
v 4.645804 0.499145 -5.821773
v 6.155538 0.499145 -4.194665
v 7.118599 0.499145 -2.194840
v 4.945352 0.570742 -3.364092
v 5.717701 0.570750 -1.760240
v 4.537906 0.741192 -3.084410
v 5.246044 0.741200 -1.613898
v 3.734577 0.570730 -4.669048
v 3.427794 0.741180 -4.280878
v 2.192945 0.570714 -5.559157
v 2.014330 0.741164 -5.096989
v 0.457425 0.570697 -5.955328
v 0.423095 0.741147 -5.460227
v -1.317778 0.570679 -5.822345
v -1.204527 0.741129 -5.338304
v -2.974929 0.570663 -5.172018
v -2.723912 0.741113 -4.742045
v -4.366768 0.570649 -4.062104
v -4.000043 0.741099 -3.724405
v -5.369625 0.570639 -2.591238
v -4.919529 0.741089 -2.375819
v -5.894370 0.570634 -0.890112
v -5.400654 0.741084 -0.816114
v -5.894370 0.570634 0.890110
v -5.400654 0.741084 0.816112
v -5.369627 0.570639 2.591235
v -4.919530 0.741089 2.375817
v -4.366772 0.570649 4.062101
v -4.000047 0.741099 3.724403
v -2.974932 0.570663 5.172012
v -2.723914 0.741113 4.742042
v -1.317781 0.570679 5.822345
v -1.204529 0.741129 5.338304
v 0.457422 0.570697 5.955328
v 0.423092 0.741147 5.460227
v 2.192942 0.570714 5.559159
v 2.014328 0.741164 5.096991
v 3.734575 0.570730 4.669051
v 3.427792 0.741180 4.280881
v 4.945352 0.570742 3.364095
v 4.537906 0.741192 3.084413
v 5.717702 0.570750 1.760244
v 5.246044 0.741200 1.613901
v 5.983009 0.570752 0.000000
v 5.489294 0.741202 0.000000
v 6.556980 -0.126261 -4.457444
v 4.943424 -0.126246 -6.198863
v 5.167275 -0.734836 -3.513628
v 3.897013 -0.727515 -4.874519
v 2.886670 -0.126231 -7.384528
v 2.287632 -0.734815 -5.810090
v 4.494228 -0.559249 -3.061748
v 3.397651 -0.559154 -4.242192
v 2.002760 -0.559238 -5.048563
v 3.347650 -0.284332 -2.274705
v 2.534333 -0.284327 -3.149843
v 1.500124 -0.284322 -3.747993
v 0.603218 -0.126157 -7.905916
v -1.764360 -0.126139 -7.730144
v 0.478342 -0.734765 -6.223089
v -1.377662 -0.727507 -6.078489
v -3.973762 -0.126120 -6.861359
v -3.112551 -0.734740 -5.403510
v 0.413849 -0.559212 -5.411095
v -1.192736 -0.559116 -5.289751
v -2.692855 -0.559199 -4.701943
v 0.317241 -0.284295 -4.017850
v -0.874034 -0.284289 -3.927609
v -1.986477 -0.284282 -3.491975
v -5.805218 -0.126062 -5.401024
v -7.143943 -0.126054 -3.440341
v -4.563538 -0.734700 -4.246425
v -5.607697 -0.727501 -2.705203
v -7.842228 -0.126045 -1.171236
v -6.161648 -0.734689 -0.927938
v -3.966892 -0.559178 -3.685805
v -4.873718 -0.559087 -2.354097
v -5.349469 -0.559172 -0.814795
v -2.934905 -0.284262 -2.735500
v -3.607109 -0.284259 -1.747887
v -3.960120 -0.284256 -0.606560
v -7.842229 -0.126045 1.171232
v -7.143946 -0.126054 3.440337
v -6.161648 -0.734689 0.927935
v -5.607700 -0.727501 2.705200
v -5.805221 -0.126062 5.401022
v -4.563541 -0.734700 4.246423
v -5.349469 -0.559172 0.814793
v -4.873721 -0.559087 2.354095
v -3.966894 -0.559178 3.685803
v -3.960120 -0.284256 0.606559
v -3.607111 -0.284259 1.747886
v -2.934906 -0.284262 2.735500
v -3.973766 -0.126120 6.861357
v -1.764364 -0.126139 7.730144
v -3.112555 -0.734740 5.403510
v -1.377666 -0.727507 6.078489
v 0.603214 -0.126157 7.905918
v 0.478338 -0.734765 6.223090
v -2.692857 -0.559199 4.701943
v -1.192739 -0.559116 5.289751
v 0.413846 -0.559212 5.411096
v -1.986478 -0.284282 3.491975
v -0.874036 -0.284289 3.927610
v 0.317239 -0.284295 4.017851
v 2.886667 -0.126231 7.384531
v 4.943422 -0.126246 6.198866
v 2.287629 -0.734815 5.810092
v 3.897013 -0.727515 4.874523
v 6.556979 -0.126261 4.457448
v 5.167274 -0.734836 3.513632
v 2.002758 -0.559238 5.048565
v 3.397651 -0.559154 4.242195
v 4.494227 -0.559249 3.061750
v 1.500123 -0.284322 3.747995
v 2.534333 -0.284327 3.149845
v 3.347649 -0.284332 2.274706
v 7.573090 -0.126295 2.347266
v 7.928508 -0.126295 0.000000
v 5.972461 -0.734858 1.841606
v 6.244432 -0.727519 0.000000
v 7.573090 -0.126295 -2.347261
v 5.972461 -0.734858 -1.841602
v 5.201435 -0.559261 1.593348
v 5.440666 -0.559170 0.000000
v 5.201435 -0.559261 -1.593344
v 3.874156 -0.284344 1.181530
v 4.051301 -0.284344 0.000000
v 3.874156 -0.284344 -1.181527
v 7.449422 0.499145 0.000000
v 7.118601 0.499145 2.194844
v 6.155538 0.499145 4.194667
v 4.645802 0.499145 5.821776
v 2.723541 0.499145 6.931590
v 0.559557 0.499145 7.425506
v -1.653873 0.499145 7.259631
v -3.720076 0.499145 6.448709
v -5.455451 0.499145 5.064788
v -6.705822 0.499145 3.230839
v -7.360068 0.499145 1.109816
v -7.360067 0.499145 -1.109820
v -6.705819 0.499145 -3.230844
v -5.455447 0.499145 -5.064792
v -3.720072 0.499145 -6.448718
v -1.653870 0.499145 -7.259633
v 0.559560 0.499145 -7.425505
v 2.723544 0.499145 -6.931588
v 4.645804 0.499145 -5.821773
v 6.155538 0.499145 -4.194665
v 7.118599 0.499145 -2.194840
v 7.455671 0.551659 0.000000
v 7.124572 0.551659 2.196686
v 6.023383 0.722109 0.000000
v 5.756274 0.722109 1.772141
v 6.160697 0.551660 4.198184
v 4.978682 0.722109 3.386816
v 4.649690 0.551660 5.826651
v 3.759702 0.722110 4.700554
v 2.725817 0.551661 6.937387
v 2.207649 0.722111 5.596619
v 0.560022 0.551663 7.431705
v 0.460430 0.722113 5.995400
v -1.655254 0.551664 7.265683
v -1.326705 0.722114 5.861464
v -3.723175 0.551665 6.454076
v -2.994963 0.722115 5.206714
v -5.459989 0.551666 5.068999
v -4.396107 0.722116 4.089325
v -6.711394 0.551667 3.233522
v -5.405653 0.722117 2.608586
v -7.366180 0.551667 1.110737
v -5.933892 0.722117 0.896068
v -7.366179 0.551667 -1.110741
v -5.933892 0.722117 -0.896070
v -6.711390 0.551667 -3.233528
v -5.405650 0.722117 -2.608590
v -5.459984 0.551666 -5.069003
v -4.396103 0.722116 -4.089327
v -3.723170 0.551665 -6.454086
v -2.994960 0.722115 -5.206719
v -1.655250 0.551664 -7.265685
v -1.326702 0.722114 -5.861464
v 0.560025 0.551663 -7.431705
v 0.460432 0.722113 -5.995399
v 2.725820 0.551661 -6.937384
v 2.207651 0.722111 -5.596617
v 4.649693 0.551660 -5.826648
v 3.759704 0.722110 -4.700551
v 6.160697 0.551660 -4.198182
v 4.978682 0.722109 -3.386813
v 7.124570 0.551659 -2.196681
v 5.756273 0.722109 -1.772137
vt 0.649308 0.110195
vt 0.629100 0.068231
vt 0.597420 0.034089
vt 0.557085 0.010801
vt 0.511677 0.000437
vt 0.465231 0.003918
vt 0.421875 0.020934
vt 0.385461 0.049973
vt 0.359224 0.088456
vt 0.345495 0.132962
vt 0.345495 0.179538
vt 0.359224 0.224044
vt 0.385461 0.262527
vt 0.421875 0.291566
vt 0.465231 0.308582
vt 0.511677 0.312063
vt 0.557085 0.301699
vt 0.597420 0.278411
vt 0.629100 0.244269
vt 0.649308 0.202305
vt 0.656250 0.156250
vt 0.375000 0.312500
vt 0.386905 0.312500
vt 0.398810 0.312500
vt 0.410714 0.312500
vt 0.422619 0.312500
vt 0.434524 0.312500
vt 0.446429 0.312500
vt 0.458333 0.312500
vt 0.470238 0.312500
vt 0.482143 0.312500
vt 0.494048 0.312500
vt 0.505953 0.312500
vt 0.517857 0.312500
vt 0.529762 0.312500
vt 0.541667 0.312500
vt 0.553572 0.312500
vt 0.565476 0.312500
vt 0.577381 0.312500
vt 0.589286 0.312500
vt 0.601191 0.312500
vt 0.613096 0.312500
vt 0.625000 0.312500
vt 0.375000 0.687500
vt 0.386905 0.687500
vt 0.398810 0.687500
vt 0.410714 0.687500
vt 0.422619 0.687500
vt 0.434524 0.687500
vt 0.446429 0.687500
vt 0.458333 0.687500
vt 0.470238 0.687500
vt 0.482143 0.687500
vt 0.494048 0.687500
vt 0.505953 0.687500
vt 0.517857 0.687500
vt 0.529762 0.687500
vt 0.541667 0.687500
vt 0.553572 0.687500
vt 0.565476 0.687500
vt 0.577381 0.687500
vt 0.589286 0.687500
vt 0.601191 0.687500
vt 0.613096 0.687500
vt 0.625000 0.687500
vt 0.649308 0.797695
vt 0.629100 0.755731
vt 0.597420 0.721589
vt 0.557085 0.698301
vt 0.511677 0.687937
vt 0.465231 0.691418
vt 0.421875 0.708434
vt 0.385461 0.737473
vt 0.359224 0.775956
vt 0.345495 0.820462
vt 0.345495 0.867038
vt 0.359224 0.911544
vt 0.385461 0.950027
vt 0.421875 0.979066
vt 0.465231 0.996082
vt 0.511677 0.999563
vt 0.557085 0.989199
vt 0.597420 0.965911
vt 0.629100 0.931769
vt 0.649308 0.889805
vt 0.656250 0.843750
vt 0.500000 0.156250
vt 0.500000 0.843750
vt 0.649308 0.889805
vt 0.629100 0.931769
vt 0.597420 0.965911
vt 0.557085 0.989199
vt 0.511677 0.999563
vt 0.465231 0.996082
vt 0.421875 0.979066
vt 0.385461 0.950027
vt 0.359224 0.911544
vt 0.345495 0.867038
vt 0.345495 0.820462
vt 0.359224 0.775956
vt 0.385461 0.737473
vt 0.421875 0.708434
vt 0.465231 0.691418
vt 0.511677 0.687937
vt 0.557085 0.698301
vt 0.597420 0.721589
vt 0.629100 0.755731
vt 0.649308 0.797695
vt 0.656250 0.843750
vt 0.649308 0.889805
vt 0.629100 0.931769
vt 0.597420 0.965911
vt 0.557085 0.989199
vt 0.511677 0.999563
vt 0.465231 0.996082
vt 0.421875 0.979066
vt 0.385461 0.950027
vt 0.359224 0.911544
vt 0.345495 0.867038
vt 0.345495 0.820462
vt 0.359224 0.775956
vt 0.385461 0.737473
vt 0.421875 0.708434
vt 0.465231 0.691418
vt 0.511677 0.687937
vt 0.557085 0.698301
vt 0.597420 0.721589
vt 0.629100 0.755731
vt 0.649308 0.797695
vt 0.656250 0.843750
vt 0.629100 0.068231
vt 0.649308 0.110195
vt 0.597420 0.034089
vt 0.557085 0.010801
vt 0.511677 0.000437
vt 0.465231 0.003918
vt 0.421875 0.020934
vt 0.385461 0.049973
vt 0.359224 0.088456
vt 0.345495 0.132962
vt 0.345495 0.179538
vt 0.359224 0.224044
vt 0.385461 0.262527
vt 0.421875 0.291566
vt 0.465231 0.308582
vt 0.511677 0.312063
vt 0.557085 0.301699
vt 0.597420 0.278411
vt 0.629100 0.244269
vt 0.649308 0.202305
vt 0.656250 0.156250
vt 0.629100 0.068231
vt 0.649308 0.110195
vt 0.597420 0.034089
vt 0.557085 0.010801
vt 0.511677 0.000437
vt 0.465231 0.003918
vt 0.421875 0.020934
vt 0.385461 0.049973
vt 0.359224 0.088456
vt 0.345495 0.132962
vt 0.345495 0.179538
vt 0.359224 0.224044
vt 0.385461 0.262527
vt 0.421875 0.291566
vt 0.465231 0.308582
vt 0.511677 0.312063
vt 0.557085 0.301699
vt 0.597420 0.278411
vt 0.629100 0.244269
vt 0.649308 0.202305
vt 0.656250 0.156250
vt 0.345495 0.179538
vt 0.359224 0.224044
vt 0.385461 0.262527
vt 0.421875 0.291566
vt 0.465231 0.308582
vt 0.511677 0.312063
vt 0.557085 0.301699
vt 0.597420 0.278411
vt 0.629100 0.244269
vt 0.649308 0.202305
vt 0.656250 0.156250
vt 0.649308 0.110195
vt 0.629100 0.068231
vt 0.597420 0.034089
vt 0.557085 0.010801
vt 0.511677 0.000437
vt 0.465231 0.003918
vt 0.421875 0.020934
vt 0.385461 0.049973
vt 0.359224 0.088456
vt 0.345495 0.132962
vt 0.629100 0.068231
vt 0.649308 0.110195
vt 0.597420 0.034089
vt 0.557085 0.010801
vt 0.511677 0.000437
vt 0.465231 0.003918
vt 0.421875 0.020934
vt 0.385461 0.049973
vt 0.359224 0.088456
vt 0.345495 0.132962
vt 0.345495 0.179538
vt 0.359224 0.224044
vt 0.385461 0.262527
vt 0.421875 0.291566
vt 0.465231 0.308582
vt 0.511677 0.312063
vt 0.557085 0.301699
vt 0.597420 0.278411
vt 0.629100 0.244269
vt 0.649308 0.202305
vt 0.656250 0.156250
vt 0.649308 0.889805
vt 0.629100 0.931769
vt 0.597420 0.965911
vt 0.557085 0.989199
vt 0.511677 0.999563
vt 0.465231 0.996082
vt 0.421875 0.979066
vt 0.385461 0.950027
vt 0.359224 0.911544
vt 0.345495 0.867038
vt 0.345495 0.820462
vt 0.359224 0.775956
vt 0.385461 0.737473
vt 0.421875 0.708434
vt 0.465231 0.691418
vt 0.511677 0.687937
vt 0.557085 0.698301
vt 0.597420 0.721589
vt 0.629100 0.755731
vt 0.649308 0.797695
vt 0.656250 0.843750
vt 0.649308 0.889805
vt 0.656250 0.843750
vt 0.649308 0.797695
vt 0.629100 0.755731
vt 0.597420 0.721589
vt 0.557085 0.698301
vt 0.511677 0.687937
vt 0.465231 0.691418
vt 0.421875 0.708434
vt 0.385461 0.737473
vt 0.359224 0.775956
vt 0.345495 0.820462
vt 0.345495 0.867038
vt 0.359224 0.911544
vt 0.385461 0.950027
vt 0.421875 0.979066
vt 0.465231 0.996082
vt 0.511677 0.999563
vt 0.557085 0.989199
vt 0.597420 0.965911
vt 0.629100 0.931769
vt 0.629100 0.931769
vt 0.597420 0.965911
vt 0.557085 0.989199
vt 0.511677 0.999563
vt 0.465231 0.996082
vt 0.421875 0.979066
vt 0.385461 0.950027
vt 0.359224 0.911544
vt 0.345495 0.867038
vt 0.345495 0.820462
vt 0.359224 0.775956
vt 0.385461 0.737473
vt 0.421875 0.708434
vt 0.465231 0.691418
vt 0.511677 0.687937
vt 0.557085 0.698301
vt 0.597420 0.721589
vt 0.629100 0.755731
vt 0.649308 0.797695
vt 0.656250 0.843750
vt 0.649308 0.889805
vt 0.649308 0.889805
vt 0.629100 0.931769
vt 0.597420 0.965911
vt 0.557085 0.989199
vt 0.511677 0.999563
vt 0.465231 0.996082
vt 0.421875 0.979066
vt 0.385461 0.950027
vt 0.359224 0.911544
vt 0.345495 0.867038
vt 0.345495 0.820462
vt 0.359224 0.775956
vt 0.385461 0.737473
vt 0.421875 0.708434
vt 0.465231 0.691418
vt 0.511677 0.687937
vt 0.557085 0.698301
vt 0.597420 0.721589
vt 0.629100 0.755731
vt 0.649308 0.797695
vt 0.656250 0.843750
vt 0.656250 0.843750
vt 0.649308 0.797695
vt 0.629100 0.755731
vt 0.597420 0.721589
vt 0.557085 0.698301
vt 0.511677 0.687937
vt 0.465231 0.691418
vt 0.421875 0.708434
vt 0.385461 0.737473
vt 0.359224 0.775956
vt 0.345495 0.820462
vt 0.345495 0.867038
vt 0.359224 0.911544
vt 0.385461 0.950027
vt 0.421875 0.979066
vt 0.465231 0.996082
vt 0.511677 0.999563
vt 0.557085 0.989199
vt 0.597420 0.965911
vt 0.629100 0.931769
vt 0.649308 0.889805
vt 0.649308 0.889805
vt 0.629100 0.931769
vt 0.629100 0.931769
vt 0.649308 0.889805
vt 0.597420 0.965911
vt 0.597420 0.965911
vt 0.557085 0.989199
vt 0.557085 0.989199
vt 0.511677 0.999563
vt 0.511677 0.999563
vt 0.465231 0.996082
vt 0.465231 0.996082
vt 0.421875 0.979066
vt 0.421875 0.979066
vt 0.385461 0.950027
vt 0.385461 0.950027
vt 0.359224 0.911544
vt 0.359224 0.911544
vt 0.345495 0.867038
vt 0.345495 0.867038
vt 0.345495 0.820462
vt 0.345495 0.820462
vt 0.359224 0.775956
vt 0.359224 0.775956
vt 0.385461 0.737473
vt 0.385461 0.737473
vt 0.421875 0.708434
vt 0.421875 0.708434
vt 0.465231 0.691418
vt 0.465231 0.691418
vt 0.511677 0.687937
vt 0.511677 0.687937
vt 0.557085 0.698301
vt 0.557085 0.698301
vt 0.597420 0.721589
vt 0.597420 0.721589
vt 0.629100 0.755731
vt 0.629100 0.755731
vt 0.649308 0.797695
vt 0.649308 0.797695
vt 0.656250 0.843750
vt 0.656250 0.843750
vt 0.597420 0.034089
vt 0.629100 0.068231
vt 0.629100 0.068231
vt 0.557085 0.010801
vt 0.557085 0.010801
vt 0.465231 0.003918
vt 0.511677 0.000437
vt 0.511677 0.000437
vt 0.421875 0.020934
vt 0.421875 0.020934
vt 0.359224 0.088456
vt 0.385461 0.049973
vt 0.385461 0.049973
vt 0.345495 0.132962
vt 0.345495 0.132962
vt 0.359224 0.224044
vt 0.345495 0.179538
vt 0.345495 0.179538
vt 0.385461 0.262527
vt 0.385461 0.262527
vt 0.465231 0.308582
vt 0.421875 0.291566
vt 0.421875 0.291566
vt 0.511677 0.312063
vt 0.511677 0.312063
vt 0.597420 0.278411
vt 0.557085 0.301699
vt 0.557085 0.301699
vt 0.629100 0.244269
vt 0.629100 0.244269
vt 0.656250 0.156250
vt 0.649308 0.202305
vt 0.649308 0.202305
vt 0.649308 0.110195
vt 0.649308 0.110195
vt 0.629100 0.068231
vt 0.557085 0.010801
vt 0.511677 0.000437
vt 0.421875 0.020934
vt 0.385461 0.049973
vt 0.345495 0.132962
vt 0.345495 0.179538
vt 0.385461 0.262527
vt 0.421875 0.291566
vt 0.511677 0.312063
vt 0.557085 0.301699
vt 0.629100 0.244269
vt 0.649308 0.202305
vt 0.649308 0.110195
vt 0.345495 0.179538
vt 0.359224 0.224044
vt 0.385461 0.262527
vt 0.421875 0.291566
vt 0.465231 0.308582
vt 0.511677 0.312063
vt 0.557085 0.301699
vt 0.597420 0.278411
vt 0.629100 0.244269
vt 0.649308 0.202305
vt 0.656250 0.156250
vt 0.649308 0.110195
vt 0.629100 0.068231
vt 0.597420 0.034089
vt 0.557085 0.010801
vt 0.511677 0.000437
vt 0.465231 0.003918
vt 0.421875 0.020934
vt 0.385461 0.049973
vt 0.359224 0.088456
vt 0.345495 0.132962
vt 0.000000 0.000000
vt 1.000000 0.000000
vt 1.000000 1.000000
vt 0.000000 1.000000
vt 0.000000 0.000000
vt 1.000000 0.000000
vt 1.000000 1.000000
vt 0.000000 1.000000
vt 0.000000 0.000000
vt 1.000000 0.000000
vt 1.000000 1.000000
vt 0.000000 1.000000
vt 0.000000 0.000000
vt 1.000000 0.000000
vt 1.000000 1.000000
vt 0.000000 1.000000
vt 0.000000 0.000000
vt 1.000000 0.000000
vt 1.000000 1.000000
vt 0.000000 1.000000
vt 0.000000 0.000000
vt 1.000000 0.000000
vt 1.000000 1.000000
vt 0.000000 1.000000
vt 0.000000 0.000000
vt 1.000000 0.000000
vt 1.000000 1.000000
vt 0.000000 1.000000
vt 0.000000 0.000000
vt 1.000000 0.000000
vt 1.000000 1.000000
vt 0.000000 1.000000
vt 0.000000 0.000000
vt 1.000000 0.000000
vt 1.000000 1.000000
vt 0.000000 1.000000
vt 0.000000 0.000000
vt 1.000000 0.000000
vt 1.000000 1.000000
vt 0.000000 1.000000
vt 0.000000 0.000000
vt 1.000000 0.000000
vt 1.000000 1.000000
vt 0.000000 1.000000
vt 0.000000 0.000000
vt 1.000000 0.000000
vt 1.000000 1.000000
vt 0.000000 1.000000
vt 0.000000 0.000000
vt 1.000000 0.000000
vt 1.000000 1.000000
vt 0.000000 1.000000
vt 0.000000 0.000000
vt 1.000000 0.000000
vt 1.000000 1.000000
vt 0.000000 1.000000
vt 0.000000 0.000000
vt 1.000000 0.000000
vt 1.000000 1.000000
vt 0.000000 1.000000
vt 0.000000 0.000000
vt 1.000000 0.000000
vt 1.000000 1.000000
vt 0.000000 1.000000
vt 0.000000 0.000000
vt 1.000000 0.000000
vt 1.000000 1.000000
vt 0.000000 1.000000
vt 0.000000 0.000000
vt 1.000000 0.000000
vt 1.000000 1.000000
vt 0.000000 1.000000
vt 0.000000 0.000000
vt 1.000000 0.000000
vt 1.000000 1.000000
vt 0.000000 1.000000
vt 0.000000 0.000000
vt 1.000000 0.000000
vt 1.000000 1.000000
vt 0.000000 1.000000
vt 0.000000 0.000000
vt 1.000000 0.000000
vt 1.000000 1.000000
vt 0.000000 1.000000
vt 0.649308 0.797695
vt 0.656250 0.843750
vt 0.656250 0.843750
vt 0.649308 0.797695
vt 0.629100 0.755731
vt 0.629100 0.755731
vt 0.597420 0.721589
vt 0.597420 0.721589
vt 0.557085 0.698301
vt 0.557085 0.698301
vt 0.511677 0.687937
vt 0.511677 0.687937
vt 0.465231 0.691418
vt 0.465231 0.691418
vt 0.421875 0.708434
vt 0.421875 0.708434
vt 0.385461 0.737473
vt 0.385461 0.737473
vt 0.359224 0.775956
vt 0.359224 0.775956
vt 0.345495 0.820462
vt 0.345495 0.820462
vt 0.345495 0.867038
vt 0.345495 0.867038
vt 0.359224 0.911544
vt 0.359224 0.911544
vt 0.385461 0.950027
vt 0.385461 0.950027
vt 0.421875 0.979066
vt 0.421875 0.979066
vt 0.465231 0.996082
vt 0.465231 0.996082
vt 0.511677 0.999563
vt 0.511677 0.999563
vt 0.557085 0.989199
vt 0.557085 0.989199
vt 0.597420 0.965911
vt 0.597420 0.965911
vt 0.629100 0.931769
vt 0.629100 0.931769
vt 0.649308 0.889805
vt 0.649308 0.889805
vn 0.742558 -0.615839 -0.263343
vn 0.669360 -0.615042 -0.416750
vn 0.826239 0.000006 -0.563320
vn 0.955573 0.000007 -0.294755
vn 0.623490 0.000005 -0.781831
vn 0.623490 0.000005 -0.781831
vn 0.256523 -0.617870 -0.743258
vn 0.365341 0.000007 -0.930874
vn 0.091380 -0.616085 -0.782361
vn 0.074731 0.000007 -0.997204
vn -0.222519 0.000002 -0.974928
vn -0.222520 0.000002 -0.974928
vn -0.420426 -0.619602 -0.662824
vn -0.500000 -0.000001 -0.866026
vn -0.553530 -0.618176 -0.558089
vn -0.733052 0.000001 -0.680173
vn -0.900969 0.000001 -0.433884
vn -0.900969 0.000001 -0.433884
vn -0.780236 -0.619736 -0.084608
vn -0.988831 0.000001 -0.149042
vn -0.780236 -0.619736 0.084607
vn -0.988831 0.000001 0.149041
vn -0.900969 0.000002 0.433884
vn -0.900969 0.000002 0.433884
vn -0.553530 -0.618175 0.558089
vn -0.733052 0.000004 0.680173
vn -0.420427 -0.619600 0.662825
vn -0.500000 0.000006 0.866025
vn -0.222521 0.000008 0.974928
vn -0.222521 0.000008 0.974928
vn 0.091379 -0.616085 0.782362
vn 0.074730 0.000008 0.997204
vn 0.256523 -0.617870 0.743258
vn 0.365341 0.000007 0.930874
vn 0.623490 0.000006 0.781832
vn 0.623490 0.000006 0.781832
vn 0.669360 -0.615042 0.416751
vn 0.826239 0.000006 0.563320
vn 0.742558 -0.615839 0.263343
vn 0.955573 0.000006 0.294755
vn 1.000000 0.000006 -0.000000
vn 1.000000 0.000006 -0.000000
vn 0.000000 -1.000000 0.000000
vn 0.000000 -1.000000 0.000000
vn -0.000000 -1.000000 0.000000
vn -0.000000 -1.000000 -0.000000
vn -0.000000 -1.000000 -0.000000
vn 0.000000 -1.000000 -0.000000
vn -0.000000 -1.000000 -0.000000
vn -0.000000 -1.000000 0.000000
vn -0.000000 -1.000000 0.000000
vn -0.000000 -1.000000 -0.000000
vn -0.000000 -1.000000 -0.000000
vn -0.000000 -1.000000 0.000000
vn -0.000000 -1.000000 -0.000000
vn -0.000000 -1.000000 0.000000
vn -0.000000 -1.000000 0.000000
vn -0.000000 -1.000000 0.000000
vn 0.000000 -1.000000 0.000000
vn 0.000000 -1.000000 0.000000
vn 0.000000 -1.000000 0.000000
vn 0.000000 -1.000000 0.000000
vn 0.000000 -1.000000 -0.000000
vn 0.000000 -1.000000 -0.000000
vn 0.000000 1.000000 0.000000
vn 0.000000 1.000000 0.000000
vn -0.000000 1.000000 0.000000
vn -0.000000 1.000000 -0.000000
vn -0.000000 1.000000 -0.000000
vn -0.000000 1.000000 0.000000
vn 0.000000 1.000000 0.000000
vn 0.000000 1.000000 0.000000
vn -0.000000 1.000000 -0.000000
vn 0.000000 1.000000 -0.000000
vn -0.000000 1.000000 0.000000
vn 0.000000 1.000000 0.000000
vn -0.000000 1.000000 0.000000
vn 0.000000 1.000000 -0.000000
vn -0.000000 1.000000 -0.000000
vn 0.000000 1.000000 -0.000000
vn -0.000000 1.000000 -0.000000
vn -0.000000 1.000000 -0.000000
vn -0.000000 1.000000 -0.000000
vn -0.000000 1.000000 0.000000
vn 0.000000 1.000000 0.000000
vn -0.000000 1.000000 0.000000
vn 0.269070 0.954364 -0.129577
vn 0.269070 0.954364 -0.129577
vn 0.269070 0.954364 -0.129577
vn 0.269070 0.954364 -0.129577
vn 0.218733 0.954445 -0.202954
vn 0.218733 0.954445 -0.202954
vn 0.218733 0.954445 -0.202954
vn 0.218733 0.954445 -0.202954
vn 0.149013 0.954557 -0.258099
vn 0.149013 0.954557 -0.258100
vn 0.149013 0.954557 -0.258100
vn 0.149014 0.954557 -0.258100
vn 0.066223 0.954690 -0.290140
vn 0.066223 0.954690 -0.290140
vn 0.066223 0.954690 -0.290140
vn 0.066223 0.954690 -0.290140
vn -0.022205 0.954832 -0.296315
vn -0.022205 0.954832 -0.296315
vn -0.022205 0.954832 -0.296315
vn -0.022205 0.954832 -0.296315
vn -0.108396 0.954970 -0.276192
vn -0.108396 0.954970 -0.276192
vn -0.108396 0.954970 -0.276192
vn -0.108396 0.954970 -0.276192
vn -0.184746 0.955092 -0.231663
vn -0.184746 0.955092 -0.231663
vn -0.184746 0.955092 -0.231663
vn -0.184746 0.955092 -0.231663
vn -0.244566 0.955188 -0.166744
vn -0.244567 0.955188 -0.166744
vn -0.244567 0.955188 -0.166744
vn -0.244567 0.955188 -0.166744
vn -0.282662 0.955249 -0.087189
vn -0.282662 0.955249 -0.087189
vn -0.282662 0.955249 -0.087189
vn -0.282662 0.955249 -0.087189
vn -0.295737 0.955269 -0.000000
vn -0.295737 0.955269 -0.000000
vn -0.295737 0.955269 -0.000000
vn -0.295737 0.955269 -0.000000
vn -0.282663 0.955248 0.087189
vn -0.282663 0.955248 0.087189
vn -0.282663 0.955248 0.087189
vn -0.282663 0.955248 0.087189
vn -0.244567 0.955188 0.166743
vn -0.244567 0.955188 0.166743
vn -0.244567 0.955188 0.166743
vn -0.244566 0.955188 0.166743
vn -0.184746 0.955092 0.231663
vn -0.184746 0.955092 0.231663
vn -0.184746 0.955092 0.231663
vn -0.184746 0.955092 0.231663
vn -0.108397 0.954970 0.276192
vn -0.108397 0.954970 0.276192
vn -0.108397 0.954970 0.276192
vn -0.108397 0.954970 0.276192
vn -0.022206 0.954832 0.296315
vn -0.022206 0.954832 0.296315
vn -0.022206 0.954832 0.296315
vn -0.022206 0.954832 0.296315
vn 0.066223 0.954690 0.290140
vn 0.066223 0.954690 0.290140
vn 0.066223 0.954690 0.290140
vn 0.066223 0.954690 0.290140
vn 0.149013 0.954557 0.258100
vn 0.149014 0.954557 0.258100
vn 0.149014 0.954557 0.258100
vn 0.149013 0.954557 0.258100
vn 0.218733 0.954445 0.202954
vn 0.218733 0.954445 0.202954
vn 0.218733 0.954445 0.202954
vn 0.218733 0.954445 0.202954
vn 0.269070 0.954364 0.129577
vn 0.269071 0.954364 0.129577
vn 0.269070 0.954364 0.129577
vn 0.269070 0.954364 0.129577
vn 0.295444 0.954322 0.044531
vn 0.295444 0.954322 0.044531
vn 0.295444 0.954322 0.044531
vn 0.295444 0.954322 0.044531
vn 0.295444 0.954322 -0.044532
vn 0.295444 0.954322 -0.044532
vn 0.295444 0.954322 -0.044532
vn 0.295444 0.954322 -0.044532
vn -0.367061 0.913247 0.176767
vn -0.367060 0.913247 0.176767
vn -0.367061 0.913247 0.176766
vn -0.367061 0.913247 0.176766
vn -0.298413 0.913391 0.276887
vn -0.298413 0.913391 0.276887
vn -0.298413 0.913391 0.276887
vn -0.298413 0.913391 0.276887
vn -0.203317 0.913591 0.352156
vn -0.203317 0.913591 0.352156
vn -0.203318 0.913591 0.352156
vn -0.203318 0.913591 0.352156
vn -0.090366 0.913827 0.395921
vn -0.090366 0.913827 0.395921
vn -0.090366 0.913827 0.395921
vn -0.090366 0.913827 0.395921
vn 0.030305 0.914080 0.404400
vn 0.030305 0.914080 0.404400
vn 0.030305 0.914080 0.404400
vn 0.030305 0.914080 0.404400
vn 0.147954 0.914327 0.376983
vn 0.147954 0.914327 0.376983
vn 0.147954 0.914327 0.376983
vn 0.147954 0.914327 0.376983
vn 0.252193 0.914544 0.316239
vn 0.252193 0.914545 0.316239
vn 0.252193 0.914545 0.316239
vn 0.252193 0.914545 0.316239
vn 0.333883 0.914715 0.227638
vn 0.333883 0.914715 0.227638
vn 0.333883 0.914715 0.227638
vn 0.333883 0.914715 0.227638
vn 0.385911 0.914824 0.119039
vn 0.385911 0.914824 0.119039
vn 0.385912 0.914824 0.119038
vn 0.385912 0.914823 0.119038
vn 0.403768 0.914861 0.000000
vn 0.403768 0.914861 0.000000
vn 0.403768 0.914861 0.000000
vn 0.403768 0.914861 0.000000
vn 0.385912 0.914823 -0.119039
vn 0.385912 0.914823 -0.119039
vn 0.385912 0.914823 -0.119038
vn 0.385912 0.914823 -0.119038
vn 0.333883 0.914715 -0.227637
vn 0.333883 0.914715 -0.227638
vn 0.333883 0.914715 -0.227638
vn 0.333883 0.914715 -0.227638
vn 0.252193 0.914545 -0.316239
vn 0.252193 0.914545 -0.316239
vn 0.252193 0.914545 -0.316238
vn 0.252193 0.914545 -0.316238
vn 0.147954 0.914327 -0.376983
vn 0.147954 0.914327 -0.376983
vn 0.147954 0.914327 -0.376983
vn 0.147954 0.914327 -0.376983
vn 0.030305 0.914080 -0.404400
vn 0.030305 0.914080 -0.404400
vn 0.030305 0.914080 -0.404399
vn 0.030305 0.914080 -0.404400
vn -0.090366 0.913827 -0.395921
vn -0.090366 0.913827 -0.395921
vn -0.090366 0.913827 -0.395921
vn -0.090366 0.913827 -0.395921
vn -0.203317 0.913591 -0.352157
vn -0.203317 0.913591 -0.352157
vn -0.203317 0.913591 -0.352156
vn -0.203317 0.913591 -0.352156
vn -0.298413 0.913391 -0.276887
vn -0.298413 0.913391 -0.276887
vn -0.298413 0.913391 -0.276886
vn -0.298413 0.913391 -0.276886
vn -0.367060 0.913247 -0.176767
vn -0.367060 0.913247 -0.176767
vn -0.367060 0.913247 -0.176766
vn -0.367060 0.913247 -0.176766
vn -0.403022 0.913172 -0.060746
vn -0.403022 0.913172 -0.060746
vn -0.403022 0.913172 -0.060746
vn -0.403022 0.913172 -0.060746
vn -0.403022 0.913172 0.060746
vn -0.403022 0.913172 0.060746
vn -0.403022 0.913172 0.060746
vn -0.403022 0.913172 0.060746
vn 0.302943 -0.941776 -0.145890
vn 0.302943 -0.941776 -0.145890
vn 0.210815 -0.941043 -0.264567
vn 0.249095 -0.939841 -0.233774
vn 0.249095 -0.939841 -0.233774
vn 0.211005 -0.941042 -0.264416
vn 0.172281 -0.939986 -0.294526
vn 0.172281 -0.939986 -0.294526
vn 0.074566 -0.942184 -0.326695
vn 0.074566 -0.942184 -0.326695
vn -0.075110 -0.941570 -0.328336
vn -0.027340 -0.940360 -0.339080
vn -0.027340 -0.940360 -0.339080
vn -0.074817 -0.941569 -0.328404
vn -0.122312 -0.940539 -0.316902
vn -0.122312 -0.940539 -0.316902
vn -0.208046 -0.942687 -0.260881
vn -0.208046 -0.942686 -0.260881
vn -0.302440 -0.941988 -0.145566
vn -0.281055 -0.940835 -0.189308
vn -0.281055 -0.940835 -0.189308
vn -0.302382 -0.941988 -0.145686
vn -0.323034 -0.940914 -0.101640
vn -0.323034 -0.940914 -0.101640
vn -0.333052 -0.942908 -0.000000
vn -0.333052 -0.942908 -0.000000
vn -0.302440 -0.941988 0.145566
vn -0.323034 -0.940914 0.101639
vn -0.323034 -0.940914 0.101639
vn -0.302382 -0.941988 0.145686
vn -0.281055 -0.940835 0.189308
vn -0.281055 -0.940835 0.189308
vn -0.208046 -0.942687 0.260881
vn -0.208046 -0.942687 0.260881
vn -0.075110 -0.941570 0.328336
vn -0.122313 -0.940539 0.316901
vn -0.122313 -0.940539 0.316901
vn -0.074817 -0.941569 0.328404
vn -0.027340 -0.940360 0.339079
vn -0.027340 -0.940360 0.339080
vn 0.074566 -0.942184 0.326695
vn 0.074566 -0.942184 0.326695
vn 0.210814 -0.941043 0.264567
vn 0.172281 -0.939986 0.294526
vn 0.172281 -0.939986 0.294526
vn 0.211005 -0.941042 0.264416
vn 0.249095 -0.939841 0.233774
vn 0.249095 -0.939841 0.233774
vn 0.302944 -0.941776 0.145890
vn 0.302944 -0.941776 0.145890
vn 0.338946 -0.940806 -0.000000
vn 0.338538 -0.939673 0.049058
vn 0.338538 -0.939673 0.049058
vn 0.338946 -0.940806 -0.000000
vn 0.338538 -0.939673 -0.049058
vn 0.338538 -0.939673 -0.049058
vn -0.176703 -0.980579 0.085095
vn -0.176703 -0.980579 0.085095
vn -0.176703 -0.980579 0.085095
vn -0.176703 -0.980579 0.085095
vn -0.155501 -0.977580 0.141971
vn -0.155501 -0.977580 0.141971
vn -0.149097 -0.979238 0.137340
vn -0.149105 -0.979236 0.137346
vn -0.103656 -0.977648 0.182918
vn -0.103656 -0.977648 0.182918
vn -0.100570 -0.979302 0.175648
vn -0.100597 -0.979288 0.175712
vn -0.043481 -0.980723 0.190502
vn -0.043481 -0.980723 0.190502
vn -0.043481 -0.980723 0.190502
vn -0.043481 -0.980723 0.190502
vn 0.013979 -0.977806 0.209046
vn 0.013979 -0.977806 0.209046
vn 0.014352 -0.979436 0.201245
vn 0.014351 -0.979431 0.201270
vn 0.077958 -0.977889 0.194049
vn 0.077958 -0.977889 0.194049
vn 0.074246 -0.979512 0.187202
vn 0.074280 -0.979497 0.187264
vn 0.121273 -0.980901 0.152071
vn 0.121273 -0.980901 0.152071
vn 0.121273 -0.980901 0.152071
vn 0.121273 -0.980901 0.152071
vn 0.171359 -0.978014 0.118851
vn 0.171359 -0.978014 0.118851
vn 0.165575 -0.979614 0.113762
vn 0.165578 -0.979613 0.113764
vn 0.199597 -0.978050 0.059824
vn 0.199597 -0.978050 0.059824
vn 0.192013 -0.979649 0.058476
vn 0.192052 -0.979641 0.058483
vn 0.194111 -0.980980 0.000000
vn 0.194111 -0.980980 0.000000
vn 0.194111 -0.980980 0.000000
vn 0.194111 -0.980980 0.000000
vn 0.199597 -0.978050 -0.059824
vn 0.199597 -0.978050 -0.059824
vn 0.192052 -0.979641 -0.058482
vn 0.192014 -0.979649 -0.058476
vn 0.171359 -0.978014 -0.118851
vn 0.171359 -0.978014 -0.118851
vn 0.165578 -0.979613 -0.113764
vn 0.165575 -0.979614 -0.113762
vn 0.121273 -0.980901 -0.152071
vn 0.121273 -0.980901 -0.152071
vn 0.121273 -0.980901 -0.152071
vn 0.121273 -0.980901 -0.152071
vn 0.077958 -0.977889 -0.194049
vn 0.077958 -0.977889 -0.194049
vn 0.074280 -0.979497 -0.187264
vn 0.074246 -0.979512 -0.187202
vn 0.013979 -0.977806 -0.209046
vn 0.013979 -0.977806 -0.209046
vn 0.014351 -0.979431 -0.201270
vn 0.014352 -0.979436 -0.201245
vn -0.043481 -0.980723 -0.190503
vn -0.043481 -0.980723 -0.190503
vn -0.043481 -0.980723 -0.190503
vn -0.043481 -0.980723 -0.190503
vn -0.103656 -0.977648 -0.182918
vn -0.103656 -0.977648 -0.182918
vn -0.100597 -0.979288 -0.175712
vn -0.100570 -0.979302 -0.175648
vn -0.155501 -0.977580 -0.141971
vn -0.155501 -0.977580 -0.141971
vn -0.149105 -0.979236 -0.137346
vn -0.149097 -0.979238 -0.137340
vn -0.176703 -0.980579 -0.085095
vn -0.176703 -0.980579 -0.085095
vn -0.176703 -0.980579 -0.085095
vn -0.176703 -0.980579 -0.085095
vn -0.208275 -0.977510 -0.033110
vn -0.208275 -0.977510 -0.033110
vn -0.200654 -0.979172 -0.030990
vn -0.200622 -0.979179 -0.030981
vn -0.208276 -0.977509 0.033111
vn -0.208276 -0.977509 0.033111
vn -0.200622 -0.979179 0.030981
vn -0.200654 -0.979172 0.030990
vn 0.185473 -0.980977 -0.057312
vn 0.185473 -0.980977 -0.057312
vn 0.160561 -0.980950 -0.109352
vn 0.160561 -0.980950 -0.109352
vn 0.121273 -0.980901 -0.152071
vn 0.121273 -0.980901 -0.152071
vn 0.071059 -0.980853 -0.181321
vn 0.071059 -0.980853 -0.181321
vn 0.014673 -0.980793 -0.194501
vn 0.014673 -0.980793 -0.194501
vn -0.043481 -0.980723 -0.190503
vn -0.043481 -0.980723 -0.190503
vn -0.097917 -0.980671 -0.169402
vn -0.097917 -0.980671 -0.169402
vn -0.143548 -0.980621 -0.133326
vn -0.143548 -0.980621 -0.133326
vn -0.176702 -0.980579 -0.085095
vn -0.176702 -0.980579 -0.085095
vn -0.194011 -0.980566 -0.029143
vn -0.194011 -0.980567 -0.029144
vn -0.194010 -0.980567 0.029144
vn -0.194010 -0.980566 0.029144
vn -0.176703 -0.980579 0.085095
vn -0.176703 -0.980579 0.085095
vn -0.143548 -0.980621 0.133326
vn -0.143548 -0.980621 0.133326
vn -0.097917 -0.980671 0.169402
vn -0.097917 -0.980671 0.169402
vn -0.043481 -0.980723 0.190502
vn -0.043481 -0.980723 0.190502
vn 0.014673 -0.980793 0.194501
vn 0.014673 -0.980793 0.194501
vn 0.071059 -0.980853 0.181321
vn 0.071059 -0.980853 0.181321
vn 0.121273 -0.980901 0.152071
vn 0.121273 -0.980901 0.152071
vn 0.160560 -0.980950 0.109352
vn 0.160560 -0.980950 0.109352
vn 0.185473 -0.980977 0.057312
vn 0.185473 -0.980977 0.057312
vn 0.194111 -0.980980 0.000000
vn 0.194111 -0.980980 0.000000
vn -0.853943 -0.318853 0.411235
vn -0.853943 -0.318853 0.411235
vn -0.853943 -0.318853 0.411235
vn -0.853943 -0.318853 0.411234
vn -0.694724 -0.319126 0.644606
vn -0.694724 -0.319126 0.644606
vn -0.694724 -0.319126 0.644606
vn -0.694724 -0.319126 0.644606
vn -0.473792 -0.319504 0.820633
vn -0.473792 -0.319504 0.820633
vn -0.473792 -0.319504 0.820633
vn -0.473792 -0.319504 0.820633
vn -0.210825 -0.319955 0.923679
vn -0.210825 -0.319955 0.923678
vn -0.210825 -0.319955 0.923678
vn -0.210825 -0.319955 0.923679
vn 0.070792 -0.320438 0.944620
vn 0.070792 -0.320438 0.944620
vn 0.070792 -0.320438 0.944620
vn 0.070792 -0.320438 0.944620
vn 0.346016 -0.320911 0.881640
vn 0.346016 -0.320911 0.881640
vn 0.346016 -0.320911 0.881640
vn 0.346016 -0.320911 0.881640
vn 0.590424 -0.321330 0.740369
vn 0.590424 -0.321330 0.740369
vn 0.590424 -0.321330 0.740369
vn 0.590424 -0.321330 0.740369
vn 0.782329 -0.321658 0.533382
vn 0.782329 -0.321658 0.533382
vn 0.782329 -0.321658 0.533382
vn 0.782329 -0.321658 0.533382
vn 0.904721 -0.321867 0.279073
vn 0.904721 -0.321867 0.279073
vn 0.904721 -0.321867 0.279073
vn 0.904721 -0.321867 0.279073
vn 0.946760 -0.321939 -0.000001
vn 0.946760 -0.321939 -0.000001
vn 0.946760 -0.321939 -0.000001
vn 0.946760 -0.321939 -0.000001
vn 0.904721 -0.321868 -0.279071
vn 0.904721 -0.321868 -0.279071
vn 0.904721 -0.321868 -0.279071
vn 0.904721 -0.321868 -0.279071
vn 0.782329 -0.321658 -0.533383
vn 0.782329 -0.321658 -0.533383
vn 0.782329 -0.321658 -0.533383
vn 0.782329 -0.321658 -0.533383
vn 0.590426 -0.321329 -0.740368
vn 0.590426 -0.321329 -0.740368
vn 0.590426 -0.321329 -0.740368
vn 0.590426 -0.321329 -0.740368
vn 0.346016 -0.320910 -0.881640
vn 0.346016 -0.320910 -0.881640
vn 0.346016 -0.320910 -0.881640
vn 0.346016 -0.320910 -0.881640
vn 0.070793 -0.320438 -0.944620
vn 0.070793 -0.320438 -0.944620
vn 0.070793 -0.320438 -0.944620
vn 0.070793 -0.320438 -0.944620
vn -0.210825 -0.319956 -0.923678
vn -0.210825 -0.319956 -0.923678
vn -0.210825 -0.319956 -0.923678
vn -0.210825 -0.319956 -0.923678
vn -0.473790 -0.319505 -0.820634
vn -0.473790 -0.319505 -0.820634
vn -0.473790 -0.319505 -0.820634
vn -0.473790 -0.319505 -0.820634
vn -0.694726 -0.319125 -0.644605
vn -0.694726 -0.319125 -0.644605
vn -0.694726 -0.319125 -0.644605
vn -0.694726 -0.319125 -0.644605
vn -0.853942 -0.318854 -0.411236
vn -0.853942 -0.318854 -0.411236
vn -0.853942 -0.318854 -0.411236
vn -0.853942 -0.318854 -0.411236
vn -0.937265 -0.318711 -0.141273
vn -0.937265 -0.318711 -0.141273
vn -0.937265 -0.318711 -0.141273
vn -0.937265 -0.318711 -0.141273
vn -0.937265 -0.318711 0.141274
vn -0.937265 -0.318711 0.141274
vn -0.937264 -0.318711 0.141274
vn -0.937265 -0.318712 0.141274
vn 0.247197 0.961625 -0.119043
vn 0.247197 0.961625 -0.119043
vn 0.247197 0.961625 -0.119043
vn 0.247197 0.961625 -0.119043
vn 0.200949 0.961694 -0.186453
vn 0.200949 0.961694 -0.186453
vn 0.200949 0.961694 -0.186453
vn 0.200949 0.961694 -0.186453
vn 0.136896 0.961789 -0.237110
vn 0.136896 0.961789 -0.237110
vn 0.136896 0.961789 -0.237110
vn 0.136896 0.961789 -0.237110
vn 0.060836 0.961902 -0.266539
vn 0.060836 0.961902 -0.266539
vn 0.060836 0.961902 -0.266539
vn 0.060836 0.961902 -0.266539
vn -0.020399 0.962023 -0.272206
vn -0.020399 0.962023 -0.272206
vn -0.020399 0.962023 -0.272206
vn -0.020399 0.962023 -0.272206
vn -0.099575 0.962140 -0.253715
vn -0.099575 0.962140 -0.253715
vn -0.099575 0.962140 -0.253715
vn -0.099575 0.962140 -0.253715
vn -0.169708 0.962244 -0.212806
vn -0.169708 0.962244 -0.212806
vn -0.169708 0.962244 -0.212806
vn -0.169708 0.962244 -0.212806
vn -0.224656 0.962325 -0.153168
vn -0.224656 0.962325 -0.153168
vn -0.224656 0.962325 -0.153168
vn -0.224656 0.962325 -0.153168
vn -0.259648 0.962377 -0.080090
vn -0.259648 0.962377 -0.080090
vn -0.259648 0.962377 -0.080090
vn -0.259648 0.962377 -0.080090
vn -0.271656 0.962394 -0.000000
vn -0.271656 0.962394 -0.000000
vn -0.271656 0.962394 -0.000000
vn -0.271656 0.962394 -0.000000
vn -0.259647 0.962377 0.080091
vn -0.259647 0.962377 0.080091
vn -0.259647 0.962377 0.080091
vn -0.259648 0.962377 0.080091
vn -0.224656 0.962325 0.153168
vn -0.224656 0.962325 0.153168
vn -0.224656 0.962325 0.153168
vn -0.224656 0.962325 0.153168
vn -0.169708 0.962244 0.212806
vn -0.169708 0.962244 0.212806
vn -0.169708 0.962244 0.212806
vn -0.169708 0.962244 0.212806
vn -0.099576 0.962140 0.253715
vn -0.099576 0.962140 0.253715
vn -0.099576 0.962140 0.253715
vn -0.099576 0.962140 0.253715
vn -0.020399 0.962023 0.272206
vn -0.020399 0.962023 0.272206
vn -0.020399 0.962023 0.272206
vn -0.020399 0.962023 0.272206
vn 0.060835 0.961902 0.266540
vn 0.060835 0.961902 0.266540
vn 0.060835 0.961902 0.266540
vn 0.060835 0.961902 0.266540
vn 0.136896 0.961789 0.237110
vn 0.136896 0.961789 0.237110
vn 0.136896 0.961789 0.237110
vn 0.136896 0.961789 0.237110
vn 0.200949 0.961694 0.186454
vn 0.200949 0.961694 0.186454
vn 0.200949 0.961694 0.186454
vn 0.200949 0.961694 0.186454
vn 0.247198 0.961625 0.119043
vn 0.247198 0.961625 0.119043
vn 0.247198 0.961625 0.119043
vn 0.247198 0.961625 0.119043
vn 0.271429 0.961589 0.040912
vn 0.271429 0.961589 0.040912
vn 0.271429 0.961589 0.040912
vn 0.271429 0.961589 0.040912
vn 0.271429 0.961589 -0.040912
vn 0.271429 0.961589 -0.040912
vn 0.271429 0.961589 -0.040912
vn 0.271429 0.961589 -0.040912
vn 0.212235 0.976695 -0.031989
vn 0.212235 0.976695 -0.031989
vn 0.212235 0.976695 -0.031989
vn 0.212235 0.976695 -0.031989
vn 0.212235 0.976695 0.031989
vn 0.212235 0.976695 0.031989
vn 0.212235 0.976695 0.031989
vn 0.212235 0.976695 0.031989
vn 0.193285 0.976717 0.093081
vn 0.193285 0.976717 0.093081
vn 0.193285 0.976717 0.093081
vn 0.193285 0.976717 0.093081
vn 0.157119 0.976760 0.145785
vn 0.157119 0.976760 0.145785
vn 0.157119 0.976760 0.145785
vn 0.157119 0.976760 0.145785
vn 0.107032 0.976819 0.185386
vn 0.107032 0.976819 0.185386
vn 0.107032 0.976819 0.185386
vn 0.107032 0.976819 0.185386
vn 0.047562 0.976890 0.208386
vn 0.047562 0.976890 0.208386
vn 0.047562 0.976890 0.208386
vn 0.047562 0.976890 0.208386
vn -0.015947 0.976964 0.212806
vn -0.015947 0.976964 0.212806
vn -0.015947 0.976964 0.212806
vn -0.015947 0.976964 0.212806
vn -0.077842 0.977037 0.198341
vn -0.077842 0.977037 0.198341
vn -0.077842 0.977037 0.198341
vn -0.077842 0.977037 0.198340
vn -0.132662 0.977102 0.166353
vn -0.132662 0.977102 0.166353
vn -0.132662 0.977102 0.166353
vn -0.132662 0.977102 0.166353
vn -0.175610 0.977152 0.119729
vn -0.175610 0.977152 0.119729
vn -0.175610 0.977152 0.119729
vn -0.175610 0.977152 0.119729
vn -0.202958 0.977184 0.062605
vn -0.202958 0.977184 0.062605
vn -0.202958 0.977184 0.062605
vn -0.202958 0.977184 0.062605
vn -0.212344 0.977195 0.000000
vn -0.212344 0.977195 0.000000
vn -0.212344 0.977195 0.000000
vn -0.212344 0.977195 0.000000
vn -0.202958 0.977184 -0.062605
vn -0.202958 0.977184 -0.062605
vn -0.202958 0.977184 -0.062605
vn -0.202958 0.977184 -0.062605
vn -0.175610 0.977152 -0.119729
vn -0.175610 0.977152 -0.119729
vn -0.175610 0.977152 -0.119729
vn -0.175610 0.977152 -0.119729
vn -0.132662 0.977102 -0.166352
vn -0.132662 0.977102 -0.166352
vn -0.132662 0.977102 -0.166352
vn -0.132662 0.977102 -0.166352
vn -0.077842 0.977037 -0.198340
vn -0.077842 0.977037 -0.198340
vn -0.077842 0.977037 -0.198340
vn -0.077842 0.977037 -0.198340
vn -0.015947 0.976964 -0.212806
vn -0.015947 0.976964 -0.212806
vn -0.015947 0.976964 -0.212806
vn -0.015947 0.976964 -0.212806
vn 0.047563 0.976890 -0.208386
vn 0.047563 0.976890 -0.208386
vn 0.047563 0.976890 -0.208386
vn 0.047563 0.976890 -0.208386
vn 0.107032 0.976819 -0.185386
vn 0.107032 0.976819 -0.185386
vn 0.107032 0.976819 -0.185386
vn 0.107032 0.976819 -0.185386
vn 0.157119 0.976760 -0.145785
vn 0.157119 0.976760 -0.145785
vn 0.157119 0.976760 -0.145785
vn 0.157119 0.976760 -0.145785
vn 0.193285 0.976717 -0.093081
vn 0.193285 0.976717 -0.093081
vn 0.193285 0.976717 -0.093081
vn 0.193285 0.976717 -0.093081
vn -0.298413 0.913391 0.276887
vn -0.298413 0.913391 0.276887
vn -0.203317 0.913591 0.352156
vn -0.203317 0.913591 0.352156
vn -0.090366 0.913827 0.395921
vn -0.090366 0.913827 0.395921
vn 0.030305 0.914080 0.404400
vn 0.030305 0.914080 0.404399
vn 0.147954 0.914327 0.376983
vn 0.147954 0.914327 0.376983
vn 0.252193 0.914544 0.316239
vn 0.252193 0.914544 0.316239
vn 0.333883 0.914715 0.227638
vn 0.333883 0.914715 0.227638
vn 0.385911 0.914824 0.119039
vn 0.385911 0.914824 0.119039
vn 0.403768 0.914861 0.000000
vn 0.403768 0.914861 0.000000
vn 0.385911 0.914824 -0.119039
vn 0.385911 0.914823 -0.119039
vn 0.333884 0.914715 -0.227637
vn 0.333884 0.914715 -0.227637
vn 0.252193 0.914545 -0.316239
vn 0.252193 0.914545 -0.316239
vn 0.147954 0.914327 -0.376983
vn 0.147954 0.914327 -0.376983
vn 0.030305 0.914080 -0.404400
vn 0.030305 0.914080 -0.404400
vn -0.090366 0.913827 -0.395921
vn -0.090366 0.913827 -0.395921
vn -0.203317 0.913591 -0.352157
vn -0.203317 0.913591 -0.352157
vn -0.298413 0.913391 -0.276887
vn -0.298413 0.913391 -0.276887
vn -0.367060 0.913247 -0.176767
vn -0.367060 0.913247 -0.176767
vn -0.403022 0.913172 -0.060746
vn -0.403022 0.913172 -0.060746
vn -0.403023 0.913172 0.060746
vn -0.403022 0.913172 0.060746
vn -0.367060 0.913247 0.176767
vn -0.367060 0.913247 0.176767
vn 0.296851 0.944163 -0.142956
vn 0.296851 0.944163 -0.142956
vn 0.296851 0.944163 -0.142956
vn 0.296851 0.944163 -0.142956
vn 0.241320 0.944260 -0.223913
vn 0.241321 0.944260 -0.223913
vn 0.241321 0.944260 -0.223913
vn 0.241321 0.944260 -0.223913
vn 0.164405 0.944395 -0.284760
vn 0.164405 0.944395 -0.284760
vn 0.164405 0.944395 -0.284760
vn 0.164405 0.944395 -0.284760
vn 0.073065 0.944556 -0.320119
vn 0.073065 0.944556 -0.320119
vn 0.073065 0.944556 -0.320119
vn 0.073065 0.944556 -0.320119
vn -0.024501 0.944726 -0.326943
vn -0.024501 0.944726 -0.326943
vn -0.024501 0.944726 -0.326943
vn -0.024501 0.944726 -0.326943
vn -0.119604 0.944893 -0.304750
vn -0.119604 0.944893 -0.304750
vn -0.119604 0.944893 -0.304750
vn -0.119604 0.944893 -0.304750
vn -0.203854 0.945040 -0.255623
vn -0.203854 0.945040 -0.255623
vn -0.203854 0.945040 -0.255623
vn -0.203854 0.945040 -0.255623
vn -0.269868 0.945155 -0.183993
vn -0.269868 0.945155 -0.183993
vn -0.269868 0.945155 -0.183993
vn -0.269868 0.945155 -0.183993
vn -0.311909 0.945228 -0.096212
vn -0.311909 0.945228 -0.096212
vn -0.311909 0.945228 -0.096212
vn -0.311909 0.945228 -0.096212
vn -0.326338 0.945253 -0.000000
vn -0.326338 0.945253 -0.000000
vn -0.326338 0.945253 -0.000000
vn -0.326338 0.945253 -0.000000
vn -0.311909 0.945228 0.096211
vn -0.311909 0.945228 0.096211
vn -0.311909 0.945228 0.096211
vn -0.311909 0.945228 0.096211
vn -0.269868 0.945155 0.183993
vn -0.269868 0.945155 0.183993
vn -0.269868 0.945155 0.183993
vn -0.269868 0.945155 0.183993
vn -0.203855 0.945040 0.255624
vn -0.203855 0.945040 0.255624
vn -0.203855 0.945040 0.255624
vn -0.203855 0.945040 0.255624
vn -0.119605 0.944892 0.304750
vn -0.119605 0.944892 0.304750
vn -0.119605 0.944892 0.304750
vn -0.119605 0.944892 0.304750
vn -0.024501 0.944726 0.326943
vn -0.024501 0.944726 0.326943
vn -0.024501 0.944726 0.326943
vn -0.024501 0.944726 0.326943
vn 0.073064 0.944556 0.320119
vn 0.073064 0.944556 0.320119
vn 0.073064 0.944556 0.320119
vn 0.073064 0.944556 0.320119
vn 0.164405 0.944395 0.284760
vn 0.164405 0.944395 0.284760
vn 0.164405 0.944395 0.284760
vn 0.164405 0.944395 0.284760
vn 0.241320 0.944260 0.223913
vn 0.241320 0.944260 0.223913
vn 0.241320 0.944260 0.223913
vn 0.241320 0.944260 0.223913
vn 0.296850 0.944163 0.142956
vn 0.296850 0.944163 0.142956
vn 0.296850 0.944163 0.142956
vn 0.296850 0.944163 0.142956
vn 0.325945 0.944111 0.049128
vn 0.325945 0.944111 0.049128
vn 0.325945 0.944111 0.049128
vn 0.325945 0.944111 0.049128
vn 0.325945 0.944111 -0.049129
vn 0.325945 0.944111 -0.049129
vn 0.325945 0.944111 -0.049129
vn 0.325945 0.944111 -0.049129
vn 0.118153 0.992836 0.017809
vn 0.118153 0.992836 0.017809
vn 0.118153 0.992836 0.017809
vn 0.118153 0.992836 0.017809
vn 0.107601 0.992843 0.051818
vn 0.107601 0.992843 0.051818
vn 0.107601 0.992843 0.051818
vn 0.107601 0.992843 0.051818
vn 0.087465 0.992856 0.081156
vn 0.087465 0.992856 0.081156
vn 0.087465 0.992856 0.081156
vn 0.087465 0.992856 0.081156
vn 0.059581 0.992875 0.103197
vn 0.059581 0.992875 0.103197
vn 0.059581 0.992875 0.103197
vn 0.059581 0.992875 0.103197
vn 0.026475 0.992897 0.115994
vn 0.026475 0.992897 0.115994
vn 0.026475 0.992897 0.115994
vn 0.026475 0.992897 0.115994
vn -0.008876 0.992921 0.118448
vn -0.008876 0.992921 0.118448
vn -0.008876 0.992921 0.118448
vn -0.008876 0.992921 0.118448
vn -0.043325 0.992944 0.110391
vn -0.043325 0.992943 0.110391
vn -0.043325 0.992944 0.110391
vn -0.043325 0.992944 0.110391
vn -0.073833 0.992964 0.092583
vn -0.073833 0.992964 0.092583
vn -0.073833 0.992964 0.092583
vn -0.073833 0.992964 0.092583
vn -0.097732 0.992980 0.066633
vn -0.097732 0.992980 0.066633
vn -0.097732 0.992980 0.066633
vn -0.097732 0.992980 0.066633
vn -0.112949 0.992990 0.034840
vn -0.112949 0.992990 0.034840
vn -0.112949 0.992990 0.034840
vn -0.112949 0.992990 0.034840
vn -0.118172 0.992993 -0.000000
vn -0.118172 0.992993 -0.000000
vn -0.118172 0.992993 -0.000000
vn -0.118172 0.992993 -0.000000
vn -0.112949 0.992990 -0.034840
vn -0.112949 0.992990 -0.034840
vn -0.112949 0.992990 -0.034840
vn -0.112949 0.992990 -0.034840
vn -0.097732 0.992980 -0.066633
vn -0.097732 0.992980 -0.066633
vn -0.097732 0.992980 -0.066633
vn -0.097732 0.992980 -0.066633
vn -0.073833 0.992964 -0.092583
vn -0.073833 0.992964 -0.092583
vn -0.073833 0.992964 -0.092583
vn -0.073833 0.992964 -0.092583
vn -0.043325 0.992944 -0.110391
vn -0.043325 0.992943 -0.110391
vn -0.043325 0.992944 -0.110391
vn -0.043325 0.992944 -0.110391
vn -0.008876 0.992921 -0.118448
vn -0.008876 0.992921 -0.118448
vn -0.008876 0.992921 -0.118448
vn -0.008876 0.992921 -0.118448
vn 0.026475 0.992897 -0.115994
vn 0.026475 0.992897 -0.115994
vn 0.026475 0.992897 -0.115994
vn 0.026475 0.992897 -0.115994
vn 0.059581 0.992875 -0.103197
vn 0.059581 0.992875 -0.103197
vn 0.059581 0.992875 -0.103197
vn 0.059581 0.992875 -0.103197
vn 0.087465 0.992856 -0.081156
vn 0.087465 0.992856 -0.081156
vn 0.087465 0.992856 -0.081156
vn 0.087465 0.992856 -0.081156
vn 0.107602 0.992843 -0.051818
vn 0.107602 0.992843 -0.051818
vn 0.107602 0.992843 -0.051818
vn 0.107602 0.992843 -0.051818
vn 0.118153 0.992836 -0.017809
vn 0.118153 0.992836 -0.017809
vn 0.118153 0.992836 -0.017809
vn 0.118153 0.992836 -0.017809
vn -0.923659 0.256282 0.284911
vn -0.798681 0.256117 0.544530
vn -0.781093 0.326027 0.532541
vn -0.903293 0.326233 0.278630
vn 0.781097 -0.326022 -0.532539
vn 0.903294 -0.326231 -0.278628
vn 0.903293 -0.326231 -0.278630
vn 0.781095 -0.326022 -0.532541
vn -0.602737 0.255857 0.755808
vn -0.589491 0.325703 0.739201
vn 0.589496 -0.325700 -0.739198
vn 0.589492 -0.325700 -0.739201
vn -0.353212 0.255526 0.899971
vn -0.345470 0.325291 0.880248
vn 0.345475 -0.325292 -0.880246
vn 0.345471 -0.325292 -0.880247
vn -0.072258 0.255155 0.964196
vn -0.070677 0.324829 0.943128
vn 0.070683 -0.324829 -0.943128
vn 0.070678 -0.324829 -0.943128
vn 0.215175 0.254776 0.942756
vn 0.210489 0.324355 0.922219
vn -0.210483 -0.324355 -0.922220
vn -0.210488 -0.324355 -0.922219
vn 0.483546 0.254425 0.837527
vn 0.473044 0.323915 0.819334
vn -0.473039 -0.323915 -0.819337
vn -0.473043 -0.323916 -0.819335
vn 0.708986 0.254131 0.657842
vn 0.693624 0.323547 0.643586
vn -0.693620 -0.323549 -0.643589
vn -0.693623 -0.323550 -0.643586
vn 0.871439 0.253919 0.419665
vn 0.852589 0.323281 0.410586
vn -0.852587 -0.323283 -0.410589
vn -0.852588 -0.323283 -0.410587
vn 0.956451 0.253807 0.144163
vn 0.935781 0.323141 0.141047
vn -0.935780 -0.323144 -0.141048
vn -0.935780 -0.323144 -0.141047
vn 0.956452 0.253805 -0.144162
vn 0.935780 0.323142 -0.141046
vn -0.935780 -0.323143 0.141048
vn -0.935780 -0.323143 0.141047
vn 0.871440 0.253918 -0.419664
vn 0.852589 0.323284 -0.410585
vn -0.852588 -0.323282 0.410588
vn -0.852589 -0.323282 0.410586
vn 0.708986 0.254132 -0.657842
vn 0.693623 0.323548 -0.643586
vn -0.693621 -0.323548 0.643589
vn -0.693623 -0.323548 0.643587
vn 0.483546 0.254425 -0.837527
vn 0.473044 0.323915 -0.819334
vn -0.473040 -0.323914 0.819337
vn -0.473043 -0.323914 0.819335
vn 0.215176 0.254776 -0.942756
vn 0.210491 0.324355 -0.922219
vn -0.210484 -0.324355 0.922220
vn -0.210489 -0.324355 0.922219
vn -0.072257 0.255156 -0.964196
vn -0.070676 0.324829 -0.943128
vn 0.070683 -0.324829 0.943128
vn 0.070677 -0.324829 0.943128
vn -0.353212 0.255525 -0.899971
vn -0.345469 0.325291 -0.880248
vn 0.345474 -0.325292 0.880246
vn 0.345470 -0.325292 0.880248
vn -0.602737 0.255855 -0.755808
vn -0.589491 0.325701 -0.739202
vn 0.589495 -0.325703 0.739198
vn 0.589492 -0.325703 0.739200
vn -0.798681 0.256116 -0.544531
vn -0.781094 0.326024 -0.532542
vn 0.781096 -0.326025 0.532539
vn 0.781094 -0.326025 0.532541
vn -0.923659 0.256281 -0.284911
vn -0.903294 0.326229 -0.278630
vn 0.903295 -0.326227 0.278629
vn 0.903295 -0.326227 0.278630
vn -0.966587 0.256338 0.000000
vn -0.945266 0.326301 0.000000
vn 0.945266 -0.326300 0.000000
vn 0.945266 -0.326300 0.000000
vn -0.587294 -0.335786 0.736433
vn -0.691557 -0.332537 0.641224
vn -0.691557 -0.332537 0.641224
vn -0.587291 -0.335786 0.736435
vn -0.572320 0.029407 -0.819503
vn -0.569361 0.015916 -0.821933
vn -0.569681 0.017351 -0.821683
vn -0.572320 0.029407 -0.819503
vn -0.471313 -0.332338 0.816955
vn -0.471313 -0.332338 0.816955
vn 0.931007 0.016803 0.364614
vn 0.929217 0.031043 0.368229
vn 0.929217 0.031043 0.368229
vn 0.930827 0.018316 0.365002
vn -0.567365 -0.020143 -0.823220
vn -0.568208 -0.022426 -0.822580
vn 0.931836 -0.021260 0.362256
vn 0.931383 -0.023665 0.363271
vn -0.570268 -0.028048 -0.820980
vn -0.570268 -0.028048 -0.820980
vn 0.718886 -0.193798 -0.667566
vn 0.611407 -0.195828 -0.766702
vn 0.611409 -0.195828 -0.766701
vn 0.718886 -0.193798 -0.667566
vn 0.490856 -0.193670 -0.849442
vn 0.490856 -0.193670 -0.849442
vn 0.930235 -0.029605 0.365769
vn 0.930235 -0.029605 0.365769
vn 0.209705 -0.334380 0.918811
vn 0.070186 -0.331166 0.940958
vn 0.070186 -0.331166 0.940958
vn 0.209710 -0.334380 0.918810
vn -0.997704 0.028814 -0.061285
vn -0.997762 0.015599 -0.065021
vn -0.997765 0.017001 -0.064626
vn -0.997704 0.028814 -0.061285
vn 0.345041 -0.330918 0.878317
vn 0.345041 -0.330918 0.878316
vn 0.865709 0.016696 -0.500269
vn 0.867400 0.030836 -0.496656
vn 0.867399 0.030836 -0.496656
vn 0.865897 0.018194 -0.499891
vn -0.997536 -0.019728 -0.067328
vn -0.997558 -0.021957 -0.066299
vn 0.864398 -0.021109 -0.502365
vn 0.864901 -0.023487 -0.501393
vn -0.997588 -0.027474 -0.063751
vn -0.997588 -0.027474 -0.063751
vn -0.073723 -0.192932 -0.978439
vn -0.218269 -0.194938 -0.956221
vn -0.218267 -0.194938 -0.956221
vn -0.073723 -0.192932 -0.978439
vn -0.358142 -0.192774 -0.913549
vn -0.358142 -0.192774 -0.913549
vn 0.866125 -0.029397 -0.498963
vn 0.866125 -0.029397 -0.498963
vn 0.849464 -0.333259 0.409084
vn 0.779778 -0.329983 0.532032
vn 0.779778 -0.329983 0.532032
vn 0.849465 -0.333259 0.409082
vn -0.671269 0.029063 0.740644
vn -0.674237 0.015738 0.738347
vn -0.673929 0.017148 0.738597
vn -0.671269 0.029063 0.740644
vn 0.902176 -0.329875 0.277960
vn 0.902176 -0.329875 0.277960
vn 0.152448 0.016224 -0.988178
vn 0.156204 0.029959 -0.987270
vn 0.156204 0.029960 -0.987270
vn 0.152847 0.017677 -0.988092
vn -0.675903 -0.019890 0.736722
vn -0.675113 -0.022130 0.737382
vn 0.150070 -0.020502 -0.988463
vn 0.151107 -0.022807 -0.988254
vn -0.673131 -0.027704 0.739004
vn -0.673131 -0.027704 0.739004
vn -0.811055 -0.192187 -0.552498
vn -0.883814 -0.194230 -0.425615
vn -0.883813 -0.194230 -0.425616
vn -0.811055 -0.192187 -0.552498
vn -0.937661 -0.192118 -0.289626
vn -0.937661 -0.192118 -0.289626
vn 0.153688 -0.028555 -0.987707
vn 0.153688 -0.028555 -0.987707
vn 0.849465 -0.333257 -0.409084
vn 0.902177 -0.329872 -0.277959
vn 0.902177 -0.329872 -0.277959
vn 0.849466 -0.333257 -0.409082
vn 0.156202 0.029959 0.987271
vn 0.152447 0.016223 0.988178
vn 0.152846 0.017676 0.988092
vn 0.156202 0.029959 0.987271
vn 0.779778 -0.329982 -0.532032
vn 0.779778 -0.329983 -0.532032
vn -0.674237 0.015736 -0.738348
vn -0.671269 0.029062 -0.740644
vn -0.671269 0.029062 -0.740643
vn -0.673929 0.017147 -0.738597
vn 0.150070 -0.020502 0.988463
vn 0.151106 -0.022807 0.988254
vn -0.675902 -0.019892 -0.736723
vn -0.675113 -0.022131 -0.737383
vn 0.153687 -0.028555 0.987707
vn 0.153687 -0.028555 0.987707
vn -0.937661 -0.192118 0.289624
vn -0.883814 -0.194231 0.425615
vn -0.883813 -0.194231 0.425615
vn -0.937661 -0.192118 0.289624
vn -0.811054 -0.192188 0.552499
vn -0.811054 -0.192188 0.552499
vn -0.673130 -0.027704 -0.739005
vn -0.673130 -0.027704 -0.739005
vn 0.209706 -0.334379 -0.918811
vn 0.345042 -0.330917 -0.878317
vn 0.345042 -0.330917 -0.878317
vn 0.209710 -0.334379 -0.918810
vn 0.867399 0.030835 0.496657
vn 0.865709 0.016695 0.500270
vn 0.865896 0.018194 0.499892
vn 0.867399 0.030835 0.496657
vn 0.070187 -0.331165 -0.940959
vn 0.070187 -0.331165 -0.940959
vn -0.997762 0.015598 0.065021
vn -0.997704 0.028813 0.061285
vn -0.997704 0.028813 0.061285
vn -0.997765 0.017001 0.064625
vn 0.864397 -0.021109 0.502366
vn 0.864900 -0.023488 0.501394
vn -0.997536 -0.019728 0.067327
vn -0.997558 -0.021957 0.066299
vn 0.866124 -0.029398 0.498964
vn 0.866124 -0.029398 0.498964
vn -0.358143 -0.192774 0.913549
vn -0.218269 -0.194938 0.956221
vn -0.218267 -0.194938 0.956221
vn -0.358143 -0.192774 0.913549
vn -0.073724 -0.192932 0.978439
vn -0.073724 -0.192932 0.978439
vn -0.997588 -0.027474 0.063751
vn -0.997588 -0.027474 0.063751
vn -0.587293 -0.335788 -0.736433
vn -0.471313 -0.332337 -0.816955
vn -0.471313 -0.332337 -0.816955
vn -0.587290 -0.335788 -0.736435
vn 0.929217 0.031043 -0.368228
vn 0.931007 0.016804 -0.364614
vn 0.930827 0.018316 -0.365001
vn 0.929217 0.031043 -0.368228
vn -0.691556 -0.332540 -0.641224
vn -0.691556 -0.332540 -0.641224
vn -0.569362 0.015915 0.821933
vn -0.572321 0.029406 0.819502
vn -0.572321 0.029406 0.819502
vn -0.569682 0.017350 0.821682
vn 0.931836 -0.021260 -0.362255
vn 0.931383 -0.023664 -0.363271
vn -0.567366 -0.020143 0.823220
vn -0.568209 -0.022426 0.822579
vn 0.930235 -0.029604 -0.365768
vn 0.930235 -0.029604 -0.365768
vn 0.490856 -0.193671 0.849442
vn 0.611408 -0.195828 0.766702
vn 0.611409 -0.195828 0.766701
vn 0.490856 -0.193671 0.849442
vn 0.718887 -0.193798 0.667566
vn 0.718887 -0.193798 0.667566
vn -0.570269 -0.028047 0.820979
vn -0.570269 -0.028047 0.820979
vn -0.941713 -0.336418 0.000000
vn -0.932325 -0.333064 -0.140847
vn -0.932325 -0.333064 -0.140847
vn -0.941713 -0.336418 0.000000
vn 0.288210 0.030407 -0.957084
vn 0.292085 0.016457 -0.956251
vn 0.291676 0.017941 -0.956349
vn 0.288210 0.030407 -0.957084
vn -0.932325 -0.333065 0.140848
vn -0.932325 -0.333065 0.140848
vn 0.292085 0.016457 0.956251
vn 0.288210 0.030407 0.957084
vn 0.288210 0.030407 0.957084
vn 0.291676 0.017941 0.956349
vn 0.294410 -0.020829 -0.955452
vn 0.293348 -0.023192 -0.955724
vn 0.294410 -0.020829 0.955452
vn 0.293348 -0.023191 0.955725
vn 0.290727 -0.029003 -0.956366
vn 0.290727 -0.029003 -0.956366
vn 0.970076 -0.194129 0.145830
vn 0.980559 -0.196226 -0.000000
vn 0.980559 -0.196226 -0.000000
vn 0.970076 -0.194129 0.145830
vn 0.970077 -0.194126 -0.145830
vn 0.970077 -0.194126 -0.145830
vn 0.290726 -0.029003 0.956367
vn 0.290726 -0.029003 0.956367
vn 0.000000 0.000000 0.000000
vn 0.000000 0.000000 0.000000
vn 0.000000 0.000000 0.000000
vn 0.000000 0.000000 0.000000
vn 0.000000 0.000000 0.000000
vn 0.000000 0.000000 0.000000
vn 0.000000 0.000000 0.000000
vn 0.000000 0.000000 0.000000
vn 0.000000 0.000000 0.000000
vn 0.000000 0.000000 0.000000
vn 0.000000 0.000000 0.000000
vn 0.000000 0.000000 0.000000
vn 0.000000 0.000000 0.000000
vn 0.000000 0.000000 0.000000
vn 0.000000 0.000000 0.000000
vn 0.000000 0.000000 0.000000
vn 0.000000 0.000000 0.000000
vn 0.000000 0.000000 0.000000
vn 0.000000 0.000000 0.000000
vn 0.000000 0.000000 0.000000
vn 0.000000 0.000000 0.000000
vn 0.000000 0.000000 0.000000
vn 0.000000 0.000000 0.000000
vn 0.000000 0.000000 0.000000
vn 0.000000 0.000000 0.000000
vn 0.000000 0.000000 0.000000
vn 0.000000 0.000000 0.000000
vn 0.000000 0.000000 0.000000
vn 0.000000 0.000000 0.000000
vn 0.000000 0.000000 0.000000
vn 0.000000 0.000000 0.000000
vn 0.000000 0.000000 0.000000
vn 0.000000 0.000000 0.000000
vn 0.000000 0.000000 0.000000
vn 0.000000 0.000000 0.000000
vn 0.000000 0.000000 0.000000
vn 0.000000 0.000000 0.000000
vn 0.000000 0.000000 0.000000
vn 0.000000 0.000000 0.000000
vn 0.000000 0.000000 0.000000
vn 0.000000 0.000000 0.000000
vn 0.000000 0.000000 0.000000
vn 0.000000 0.000000 0.000000
vn 0.000000 0.000000 0.000000
vn 0.000000 0.000000 0.000000
vn 0.000000 0.000000 0.000000
vn 0.000000 0.000000 0.000000
vn 0.000000 0.000000 0.000000
vn 0.000000 0.000000 0.000000
vn 0.000000 0.000000 0.000000
vn 0.000000 0.000000 0.000000
vn 0.000000 0.000000 0.000000
vn 0.000000 0.000000 0.000000
vn 0.000000 0.000000 0.000000
vn 0.000000 0.000000 0.000000
vn 0.000000 0.000000 0.000000
vn 0.000000 0.000000 0.000000
vn 0.000000 0.000000 0.000000
vn 0.000000 0.000000 0.000000
vn 0.000000 0.000000 0.000000
vn 0.000000 0.000000 0.000000
vn 0.000000 0.000000 0.000000
vn 0.000000 0.000000 0.000000
vn 0.000000 0.000000 0.000000
vn 0.000000 0.000000 0.000000
vn 0.000000 0.000000 0.000000
vn 0.000000 0.000000 0.000000
vn 0.000000 0.000000 0.000000
vn 0.000000 0.000000 0.000000
vn 0.000000 0.000000 0.000000
vn 0.000000 0.000000 0.000000
vn 0.000000 0.000000 0.000000
vn 0.000000 0.000000 0.000000
vn 0.000000 0.000000 0.000000
vn 0.000000 0.000000 0.000000
vn 0.000000 0.000000 0.000000
vn 0.000000 0.000000 0.000000
vn 0.000000 0.000000 0.000000
vn 0.000000 0.000000 0.000000
vn 0.000000 0.000000 0.000000
vn 0.000000 0.000000 0.000000
vn 0.000000 0.000000 0.000000
vn 0.000000 0.000000 0.000000
vn 0.000000 0.000000 0.000000
vn 0.948882 -0.118128 0.292693
vn 0.992995 -0.118154 -0.000000
vn 0.992995 -0.118154 -0.000000
vn 0.948882 -0.118128 0.292692
vn -0.948881 0.118133 -0.292692
vn -0.992995 0.118160 0.000000
vn 0.820461 -0.118041 0.559384
vn 0.820461 -0.118041 0.559383
vn -0.820461 0.118049 -0.559383
vn 0.619137 -0.117910 0.776380
vn 0.619138 -0.117910 0.776380
vn -0.619137 0.117915 -0.776379
vn 0.362794 -0.117748 0.924400
vn 0.362796 -0.117748 0.924399
vn -0.362795 0.117747 -0.924400
vn 0.074207 -0.117563 0.990289
vn 0.074209 -0.117563 0.990289
vn -0.074208 0.117563 -0.990289
vn -0.220987 -0.117377 0.968188
vn -0.220986 -0.117377 0.968188
vn 0.220985 0.117375 -0.968188
vn -0.496558 -0.117203 0.860054
vn -0.496557 -0.117203 0.860055
vn 0.496557 0.117205 -0.860055
vn -0.728015 -0.117056 0.675494
vn -0.728014 -0.117056 0.675495
vn 0.728014 0.117061 -0.675494
vn -0.894788 -0.116941 0.430905
vn -0.894787 -0.116941 0.430906
vn 0.894787 0.116950 -0.430905
vn -0.982054 -0.116881 0.148019
vn -0.982054 -0.116881 0.148019
vn 0.982052 0.116894 -0.148020
vn -0.982052 -0.116890 -0.148020
vn -0.982052 -0.116890 -0.148020
vn 0.982051 0.116902 0.148020
vn -0.894787 -0.116952 -0.430905
vn -0.894786 -0.116952 -0.430906
vn 0.894785 0.116959 0.430906
vn -0.728015 -0.117060 -0.675493
vn -0.728014 -0.117060 -0.675495
vn 0.728014 0.117061 0.675494
vn -0.496557 -0.117206 -0.860055
vn -0.496556 -0.117206 -0.860055
vn 0.496556 0.117204 0.860055
vn -0.220985 -0.117376 -0.968188
vn -0.220984 -0.117376 -0.968188
vn 0.220984 0.117374 0.968189
vn 0.074208 -0.117563 -0.990289
vn 0.074210 -0.117563 -0.990289
vn -0.074209 0.117563 0.990289
vn 0.362795 -0.117749 -0.924400
vn 0.362796 -0.117749 -0.924399
vn -0.362796 0.117749 0.924399
vn 0.619136 -0.117921 -0.776379
vn 0.619137 -0.117921 -0.776379
vn -0.619138 0.117917 0.776379
vn 0.820460 -0.118055 -0.559382
vn 0.820460 -0.118055 -0.559381
vn -0.820461 0.118047 0.559382
vn 0.948882 -0.118129 -0.292693
vn 0.948882 -0.118129 -0.292692
vn -0.948882 0.118128 0.292693
s 1
g pCylinder1
usemtl initialShadingGroup
f 191/241/191 192/242/192 213/264/193 212/263/194
f 192/242/192 193/243/195 214/265/196 213/264/193
f 193/243/195 194/244/197 215/266/198 214/265/196
f 194/244/197 195/245/199 216/267/200 215/266/198
f 195/245/199 196/246/201 217/268/202 216/267/200
f 196/246/201 197/247/203 218/269/204 217/268/202
f 197/247/203 198/248/205 219/270/206 218/269/204
f 198/248/205 199/249/207 220/271/208 219/270/206
f 199/249/207 200/250/209 221/272/210 220/271/208
f 200/250/209 201/251/211 222/273/212 221/272/210
f 201/251/211 202/252/213 223/274/214 222/273/212
f 202/252/213 203/253/215 224/275/216 223/274/214
f 203/253/215 204/254/217 225/276/218 224/275/216
f 204/254/217 205/255/219 226/277/220 225/276/218
f 205/255/219 206/256/221 227/278/222 226/277/220
f 206/256/221 207/257/223 228/279/224 227/278/222
f 207/257/223 208/258/225 229/280/226 228/279/224
f 208/258/225 209/259/227 230/281/228 229/280/226
f 209/259/227 210/260/229 231/282/230 230/281/228
f 210/260/229 211/261/231 232/283/232 231/282/230
f 211/261/231 191/262/191 212/284/194 232/283/232
s 2
f 325/413/233 324/414/234 326/306/235
f 327/415/236 325/413/233 326/306/235
f 328/416/237 327/415/236 326/306/235
f 329/417/238 328/416/237 326/306/235
f 330/418/239 329/417/238 326/306/235
f 331/419/240 330/418/239 326/306/235
f 332/420/241 331/419/240 326/306/235
f 333/421/242 332/420/241 326/306/235
f 334/422/243 333/421/242 326/306/235
f 335/423/244 334/422/243 326/306/235
f 336/424/245 335/423/244 326/306/235
f 337/425/246 336/424/245 326/306/235
f 338/426/247 337/425/246 326/306/235
f 339/427/248 338/426/247 326/306/235
f 340/428/249 339/427/248 326/306/235
f 341/429/250 340/428/249 326/306/235
f 342/430/251 341/429/250 326/306/235
f 343/431/252 342/430/251 326/306/235
f 344/432/253 343/431/252 326/306/235
f 345/433/254 344/432/253 326/306/235
f 324/414/234 345/433/254 326/306/235
s 3
f 346/434/255 347/435/256 348/307/257
f 347/435/256 349/436/258 348/307/257
f 349/436/258 350/437/259 348/307/257
f 350/437/259 351/438/260 348/307/257
f 351/438/260 352/439/261 348/307/257
f 352/439/261 353/440/262 348/307/257
f 353/440/262 354/441/263 348/307/257
f 354/441/263 355/442/264 348/307/257
f 355/442/264 356/443/265 348/307/257
f 356/443/265 357/444/266 348/307/257
f 357/444/266 358/445/267 348/307/257
f 358/445/267 359/446/268 348/307/257
f 359/446/268 360/447/269 348/307/257
f 360/447/269 361/448/270 348/307/257
f 361/448/270 362/449/271 348/307/257
f 362/449/271 363/450/272 348/307/257
f 363/450/272 364/451/273 348/307/257
f 364/451/273 365/452/274 348/307/257
f 365/452/274 366/453/275 348/307/257
f 366/453/275 367/454/276 348/307/257
f 367/454/276 346/434/255 348/307/257
s off
f 212/304/277 213/303/278 450/537/279 451/538/280
f 213/303/281 214/302/282 449/536/283 450/537/284
f 214/302/285 215/301/286 448/535/287 449/536/288
f 215/301/289 216/300/290 447/534/291 448/535/292
f 216/300/293 217/299/294 446/533/295 447/534/296
f 217/299/297 218/298/298 445/532/299 446/533/300
f 218/298/301 219/297/302 444/531/303 445/532/304
f 219/297/305 220/296/306 443/530/307 444/531/308
f 220/296/309 221/295/310 442/529/311 443/530/312
f 221/295/313 222/294/314 441/528/315 442/529/316
f 222/294/317 223/293/318 440/527/319 441/528/320
f 223/293/321 224/292/322 439/526/323 440/527/324
f 224/292/325 225/291/326 438/525/327 439/526/328
f 225/291/329 226/290/330 437/524/331 438/525/332
f 226/290/333 227/289/334 436/523/335 437/524/336
f 227/289/337 228/288/338 435/522/339 436/523/340
f 228/288/341 229/287/342 434/521/343 435/522/344
f 229/287/345 230/286/346 433/520/347 434/521/348
f 230/286/349 231/285/350 432/519/351 433/520/352
f 231/285/353 232/305/354 431/518/355 432/519/356
f 232/305/357 212/304/358 451/538/359 431/518/360
s 4
f 409/496/361 389/476/362 255/330/363 254/329/364
s 5
f 389/476/365 390/477/366 256/331/367 255/330/368
s 6
f 390/477/369 391/478/370 257/332/371 256/331/372
s 7
f 391/478/373 392/479/374 258/333/375 257/332/376
s 8
f 392/479/377 393/480/378 259/334/379 258/333/380
s 9
f 393/480/381 394/481/382 260/335/383 259/334/384
s 10
f 394/481/385 395/482/386 261/336/387 260/335/388
s 11
f 395/482/389 396/483/390 262/337/391 261/336/392
s 12
f 396/483/393 397/484/394 263/338/395 262/337/396
s 13
f 397/484/397 398/485/398 264/339/399 263/338/400
s 14
f 398/485/401 399/486/402 265/340/403 264/339/404
s 15
f 399/486/405 400/487/406 266/341/407 265/340/408
s 16
f 400/487/409 401/488/410 267/342/411 266/341/412
s 17
f 401/488/413 402/489/414 268/343/415 267/342/416
s 18
f 402/489/417 403/490/418 269/344/419 268/343/420
s 19
f 403/490/421 404/491/422 270/345/423 269/344/424
s 20
f 404/491/425 405/492/426 271/346/427 270/345/428
s 21
f 405/492/429 406/493/430 272/347/431 271/346/432
s 22
f 406/493/433 407/494/434 273/348/435 272/347/436
s 23
f 407/494/437 408/495/438 274/349/439 273/348/440
s 24
f 408/495/441 409/496/442 254/329/443 274/349/444
s 1
f 192/221/192 191/220/191 275/351/445 276/350/446
s 25
f 495/581/447 494/582/448 496/583/449 497/352/450
f 498/584/451 495/581/447 497/352/450 499/585/452
s 1
f 195/224/199 194/223/197 277/353/453 278/354/454
s 26
f 507/586/455 506/587/456 508/588/457 509/355/458
f 510/589/459 507/586/455 509/355/458 511/590/460
s 1
f 198/227/205 197/226/203 279/356/461 280/357/462
s 27
f 519/591/463 518/592/464 520/593/465 521/358/466
f 522/594/467 519/591/463 521/358/466 523/595/468
s 1
f 201/230/211 200/229/209 281/359/469 282/360/470
s 28
f 531/596/471 530/597/472 532/598/473 533/361/474
f 534/599/475 531/596/471 533/361/474 535/600/476
s 1
f 204/233/217 203/232/215 283/362/477 284/363/478
s 29
f 543/601/479 542/602/480 544/603/481 545/364/482
f 546/604/483 543/601/479 545/364/482 547/605/484
s 1
f 207/236/223 206/235/221 285/365/485 286/366/486
s 30
f 555/606/487 554/607/488 556/608/489 557/367/490
f 558/609/491 555/606/487 557/367/490 559/610/492
s 1
f 210/239/229 209/238/227 287/368/493 288/369/494
s 31
f 567/611/495 566/612/496 568/613/497 569/370/498
f 570/614/499 567/611/495 569/370/498 571/615/500
s 32
f 276/350/501 275/351/502 317/403/503 318/404/504
s 33
f 497/352/505 496/583/506 500/616/507 501/405/508
s 34
f 499/585/509 497/352/510 501/405/511 502/617/512
s 35
f 278/354/513 277/353/514 319/406/515 320/407/516
s 36
f 509/355/517 508/588/518 512/618/519 513/408/520
s 37
f 511/590/521 509/355/522 513/408/523 514/619/524
s 38
f 280/357/525 279/356/526 321/409/527 322/410/528
s 39
f 521/358/529 520/593/530 524/620/531 525/411/532
s 40
f 523/595/533 521/358/534 525/411/535 526/621/536
s 41
f 282/360/537 281/359/538 323/412/539 310/392/540
s 42
f 533/361/541 532/598/542 536/622/543 537/393/544
s 43
f 535/600/545 533/361/546 537/393/547 538/623/548
s 44
f 284/363/549 283/362/550 311/394/551 312/395/552
s 45
f 545/364/553 544/603/554 548/624/555 549/396/556
s 46
f 547/605/557 545/364/558 549/396/559 550/625/560
s 47
f 286/366/561 285/365/562 313/397/563 314/398/564
s 48
f 557/367/565 556/608/566 560/626/567 561/399/568
s 49
f 559/610/569 557/367/570 561/399/571 562/627/572
s 50
f 288/369/573 287/368/574 315/400/575 316/401/576
s 51
f 569/370/577 568/613/578 572/628/579 573/402/580
s 52
f 571/615/581 569/370/582 573/402/583 574/629/584
s 42
f 537/393/544 536/622/543 539/630/585 540/631/586
s 43
f 538/623/548 537/393/547 540/631/587 541/632/588
s 44
f 312/395/552 311/394/551 301/383/589 302/384/590
s 45
f 549/396/556 548/624/555 551/633/591 552/634/592
s 46
f 550/625/560 549/396/559 552/634/593 553/635/594
s 47
f 314/398/564 313/397/563 304/386/595 305/387/596
s 48
f 561/399/568 560/626/567 563/636/597 564/637/598
s 49
f 562/627/572 561/399/571 564/637/599 565/638/600
s 50
f 316/401/576 315/400/575 307/389/601 308/390/602
s 51
f 573/402/580 572/628/579 575/639/603 576/640/604
s 52
f 574/629/584 573/402/583 576/640/605 577/641/606
s 32
f 318/404/504 317/403/503 289/372/607 290/371/608
s 33
f 501/405/508 500/616/507 503/642/609 504/643/610
s 34
f 502/617/512 501/405/511 504/643/611 505/644/612
s 35
f 320/407/516 319/406/515 292/374/613 293/375/614
s 36
f 513/408/520 512/618/519 515/645/615 516/646/616
s 37
f 514/619/524 513/408/523 516/646/617 517/647/618
s 38
f 322/410/528 321/409/527 295/377/619 296/378/620
s 39
f 525/411/532 524/620/531 527/648/621 528/649/622
s 40
f 526/621/536 525/411/535 528/649/623 529/650/624
s 41
f 310/392/540 323/412/539 298/380/625 299/381/626
s off
f 290/371/627 289/372/628 324/414/629 325/413/630
f 291/373/631 290/371/632 325/413/633 327/415/634
f 292/374/635 291/373/636 327/415/637 328/416/638
f 293/375/639 292/374/640 328/416/641 329/417/642
f 294/376/643 293/375/644 329/417/645 330/418/646
f 295/377/647 294/376/648 330/418/649 331/419/650
f 296/378/651 295/377/652 331/419/653 332/420/654
f 297/379/655 296/378/656 332/420/657 333/421/658
f 298/380/659 297/379/660 333/421/661 334/422/662
f 299/381/663 298/380/664 334/422/665 335/423/666
f 300/382/667 299/381/668 335/423/669 336/424/670
f 301/383/671 300/382/672 336/424/673 337/425/674
f 302/384/675 301/383/676 337/425/677 338/426/678
f 303/385/679 302/384/680 338/426/681 339/427/682
f 304/386/683 303/385/684 339/427/685 340/428/686
f 305/387/687 304/386/688 340/428/689 341/429/690
f 306/388/691 305/387/692 341/429/693 342/430/694
f 307/389/695 306/388/696 342/430/697 343/431/698
f 308/390/699 307/389/700 343/431/701 344/432/702
f 309/391/703 308/390/704 344/432/705 345/433/706
f 289/372/707 309/391/708 345/433/709 324/414/710
f 254/329/711 255/330/712 347/435/713 346/434/714
f 255/330/715 256/331/716 349/436/717 347/435/718
f 256/331/719 257/332/720 350/437/721 349/436/722
f 257/332/723 258/333/724 351/438/725 350/437/726
f 258/333/727 259/334/728 352/439/729 351/438/730
f 259/334/731 260/335/732 353/440/733 352/439/734
f 260/335/735 261/336/736 354/441/737 353/440/738
f 261/336/739 262/337/740 355/442/741 354/441/742
f 262/337/743 263/338/744 356/443/745 355/442/746
f 263/338/747 264/339/748 357/444/749 356/443/750
f 264/339/751 265/340/752 358/445/753 357/444/754
f 265/340/755 266/341/756 359/446/757 358/445/758
f 266/341/759 267/342/760 360/447/761 359/446/762
f 267/342/763 268/343/764 361/448/765 360/447/766
f 268/343/767 269/344/768 362/449/769 361/448/770
f 269/344/771 270/345/772 363/450/773 362/449/774
f 270/345/775 271/346/776 364/451/777 363/450/778
f 271/346/779 272/347/780 365/452/781 364/451/782
f 272/347/783 273/348/784 366/453/785 365/452/786
f 273/348/787 274/349/788 367/454/789 366/453/790
f 274/349/791 254/329/792 346/434/793 367/454/794
f 430/517/795 410/497/796 233/308/797 253/328/798
f 429/516/799 430/517/800 253/328/801 252/327/802
f 428/515/803 429/516/804 252/327/805 251/326/806
f 427/514/807 428/515/808 251/326/809 250/325/810
f 426/513/811 427/514/812 250/325/813 249/324/814
f 425/512/815 426/513/816 249/324/817 248/323/818
f 424/511/819 425/512/820 248/323/821 247/322/822
f 423/510/823 424/511/824 247/322/825 246/321/826
f 422/509/827 423/510/828 246/321/829 245/320/830
f 421/508/831 422/509/832 245/320/833 244/319/834
f 420/507/835 421/508/836 244/319/837 243/318/838
f 419/506/839 420/507/840 243/318/841 242/317/842
f 418/505/843 419/506/844 242/317/845 241/316/846
f 417/504/847 418/505/848 241/316/849 240/315/850
f 416/503/851 417/504/852 240/315/853 239/314/854
f 415/502/855 416/503/856 239/314/857 238/313/858
f 414/501/859 415/502/860 238/313/861 237/312/862
f 413/500/863 414/501/864 237/312/865 236/311/866
f 412/499/867 413/500/868 236/311/869 235/310/870
f 411/498/871 412/499/872 235/310/873 234/309/874
f 410/497/875 411/498/876 234/309/877 233/308/878
s 5
f 234/309/879 235/310/880 390/477/366 389/476/365
s 6
f 235/310/881 236/311/882 391/478/370 390/477/369
s 7
f 236/311/883 237/312/884 392/479/374 391/478/373
s 8
f 237/312/885 238/313/886 393/480/378 392/479/377
s 9
f 238/313/887 239/314/888 394/481/382 393/480/381
s 10
f 239/314/889 240/315/890 395/482/386 394/481/385
s 11
f 240/315/891 241/316/892 396/483/390 395/482/389
s 12
f 241/316/893 242/317/894 397/484/394 396/483/393
s 13
f 242/317/895 243/318/896 398/485/398 397/484/397
s 14
f 243/318/897 244/319/898 399/486/402 398/485/401
s 15
f 244/319/899 245/320/900 400/487/406 399/486/405
s 16
f 245/320/901 246/321/902 401/488/410 400/487/409
s 17
f 246/321/903 247/322/904 402/489/414 401/488/413
s 18
f 247/322/905 248/323/906 403/490/418 402/489/417
s 19
f 248/323/907 249/324/908 404/491/422 403/490/421
s 20
f 249/324/909 250/325/910 405/492/426 404/491/425
s 21
f 250/325/911 251/326/912 406/493/430 405/492/429
s 22
f 251/326/913 252/327/914 407/494/434 406/493/433
s 23
f 252/327/915 253/328/916 408/495/438 407/494/437
s 24
f 253/328/917 233/308/918 409/496/442 408/495/441
s 4
f 233/308/919 234/309/920 389/476/362 409/496/361
s off
f 453/539/921 452/540/922 454/541/923 455/542/924
f 452/540/925 456/543/926 457/544/927 454/541/928
f 456/543/929 458/545/930 459/546/931 457/544/932
f 458/545/933 460/547/934 461/548/935 459/546/936
f 460/547/937 462/549/938 463/550/939 461/548/940
f 462/549/941 464/551/942 465/552/943 463/550/944
f 464/551/945 466/553/946 467/554/947 465/552/948
f 466/553/949 468/555/950 469/556/951 467/554/952
f 468/555/953 470/557/954 471/558/955 469/556/956
f 470/557/957 472/559/958 473/560/959 471/558/960
f 472/559/961 474/561/962 475/562/963 473/560/964
f 474/561/965 476/563/966 477/564/967 475/562/968
f 476/563/969 478/565/970 479/566/971 477/564/972
f 478/565/973 480/567/974 481/568/975 479/566/976
f 480/567/977 482/569/978 483/570/979 481/568/980
f 482/569/981 484/571/982 485/572/983 483/570/984
f 484/571/985 486/573/986 487/574/987 485/572/988
f 486/573/989 488/575/990 489/576/991 487/574/992
f 488/575/993 490/577/994 491/578/995 489/576/996
f 490/577/997 492/579/998 493/580/999 491/578/1000
f 492/579/1001 453/539/1002 455/542/1003 493/580/1004
f 600/735/1005 599/736/1006 601/737/1007 602/738/1008
f 603/739/1009 600/735/1010 602/738/1011 604/740/1012
f 605/741/1013 603/739/1014 604/740/1015 606/742/1016
f 607/743/1017 605/741/1018 606/742/1019 608/744/1020
f 609/745/1021 607/743/1022 608/744/1023 610/746/1024
f 611/747/1025 609/745/1026 610/746/1027 612/748/1028
f 613/749/1029 611/747/1030 612/748/1031 614/750/1032
f 615/751/1033 613/749/1034 614/750/1035 616/752/1036
f 617/753/1037 615/751/1038 616/752/1039 618/754/1040
f 619/755/1041 617/753/1042 618/754/1043 620/756/1044
f 621/757/1045 619/755/1046 620/756/1047 622/758/1048
f 623/759/1049 621/757/1050 622/758/1051 624/760/1052
f 625/761/1053 623/759/1054 624/760/1055 626/762/1056
f 627/763/1057 625/761/1058 626/762/1059 628/764/1060
f 629/765/1061 627/763/1062 628/764/1063 630/766/1064
f 631/767/1065 629/765/1066 630/766/1067 632/768/1068
f 633/769/1069 631/767/1070 632/768/1071 634/770/1072
f 635/771/1073 633/769/1074 634/770/1075 636/772/1076
f 637/773/1077 635/771/1078 636/772/1079 638/774/1080
f 639/775/1081 637/773/1082 638/774/1083 640/776/1084
f 599/736/1085 639/775/1086 640/776/1087 601/737/1088
s 53
f 368/455/1089 388/475/1090 452/540/1091 453/539/1092
s 54
f 411/498/1093 410/497/1094 455/542/1095 454/541/1096
s 53
f 388/475/1090 387/474/1097 456/543/1098 452/540/1091
s 54
f 412/499/1099 411/498/1093 454/541/1096 457/544/1100
s 53
f 387/474/1097 386/473/1101 458/545/1102 456/543/1098
s 54
f 413/500/1103 412/499/1099 457/544/1100 459/546/1104
s 53
f 386/473/1101 385/472/1105 460/547/1106 458/545/1102
s 54
f 414/501/1107 413/500/1103 459/546/1104 461/548/1108
s 53
f 385/472/1105 384/471/1109 462/549/1110 460/547/1106
s 54
f 415/502/1111 414/501/1107 461/548/1108 463/550/1112
s 53
f 384/471/1109 383/470/1113 464/551/1114 462/549/1110
s 54
f 416/503/1115 415/502/1111 463/550/1112 465/552/1116
s 53
f 383/470/1113 382/469/1117 466/553/1118 464/551/1114
s 54
f 417/504/1119 416/503/1115 465/552/1116 467/554/1120
s 53
f 382/469/1117 381/468/1121 468/555/1122 466/553/1118
s 54
f 418/505/1123 417/504/1119 467/554/1120 469/556/1124
s 53
f 381/468/1121 380/467/1125 470/557/1126 468/555/1122
s 54
f 419/506/1127 418/505/1123 469/556/1124 471/558/1128
s 53
f 380/467/1125 379/466/1129 472/559/1130 470/557/1126
s 54
f 420/507/1131 419/506/1127 471/558/1128 473/560/1132
s 53
f 379/466/1129 378/465/1133 474/561/1134 472/559/1130
s 54
f 421/508/1135 420/507/1131 473/560/1132 475/562/1136
s 53
f 378/465/1133 377/464/1137 476/563/1138 474/561/1134
s 54
f 422/509/1139 421/508/1135 475/562/1136 477/564/1140
s 53
f 377/464/1137 376/463/1141 478/565/1142 476/563/1138
s 54
f 423/510/1143 422/509/1139 477/564/1140 479/566/1144
s 53
f 376/463/1141 375/462/1145 480/567/1146 478/565/1142
s 54
f 424/511/1147 423/510/1143 479/566/1144 481/568/1148
s 53
f 375/462/1145 374/461/1149 482/569/1150 480/567/1146
s 54
f 425/512/1151 424/511/1147 481/568/1148 483/570/1152
s 53
f 374/461/1149 373/460/1153 484/571/1154 482/569/1150
s 54
f 426/513/1155 425/512/1151 483/570/1152 485/572/1156
s 53
f 373/460/1153 372/459/1157 486/573/1158 484/571/1154
s 54
f 427/514/1159 426/513/1155 485/572/1156 487/574/1160
s 53
f 372/459/1157 371/458/1161 488/575/1162 486/573/1158
s 54
f 428/515/1163 427/514/1159 487/574/1160 489/576/1164
s 53
f 371/458/1161 370/457/1165 490/577/1166 488/575/1162
s 54
f 429/516/1167 428/515/1163 489/576/1164 491/578/1168
s 53
f 370/457/1165 369/456/1169 492/579/1170 490/577/1166
s 54
f 430/517/1171 429/516/1167 491/578/1168 493/580/1172
s 53
f 369/456/1169 368/455/1089 453/539/1092 492/579/1170
s 54
f 410/497/1094 430/517/1171 493/580/1172 455/542/1095
s 55
f 193/222/1173 192/221/1174 494/582/1175 495/581/1176
s 56
f 192/221/1177 276/350/1178 496/583/1179 494/582/1180
s 55
f 194/223/1181 193/222/1173 495/581/1176 498/584/1182
s 57
f 277/353/1183 194/223/1184 498/584/1185 499/585/1186
s 56
f 276/225/1178 318/224/1187 500/587/1188 496/586/1179
s 57
f 319/224/1189 277/354/1183 499/588/1186 502/587/1190
s 56
f 318/226/1187 290/225/1191 503/586/1192 500/589/1188
s 58
f 290/356/1193 291/226/1194 504/589/1195 503/590/1196
f 291/228/1194 292/227/1197 505/592/1198 504/591/1195
s 57
f 292/227/1199 319/357/1189 502/593/1190 505/592/1200
s 59
f 196/229/1201 195/228/1202 506/591/1203 507/594/1204
s 60
f 195/359/1205 278/229/1206 508/594/1207 506/595/1208
s 59
f 197/231/1209 196/230/1201 507/597/1204 510/596/1210
s 61
f 279/230/1211 197/360/1212 510/598/1213 511/597/1214
s 60
f 278/232/1206 320/231/1215 512/596/1216 508/599/1207
s 61
f 321/362/1217 279/232/1211 511/599/1214 514/600/1218
s 60
f 320/234/1215 293/233/1219 515/602/1220 512/601/1216
s 62
f 293/233/1221 294/363/1222 516/603/1223 515/602/1224
f 294/235/1222 295/234/1225 517/601/1226 516/604/1223
s 61
f 295/365/1227 321/235/1217 514/604/1218 517/605/1228
s 63
f 199/237/1229 198/236/1230 518/607/1231 519/606/1232
s 64
f 198/236/1233 280/366/1234 520/608/1235 518/607/1236
s 63
f 200/238/1237 199/237/1229 519/606/1232 522/609/1238
s 65
f 281/368/1239 200/238/1240 522/609/1241 523/610/1242
s 64
f 280/240/1234 322/239/1243 524/612/1244 520/611/1235
s 65
f 323/239/1245 281/369/1239 523/613/1242 526/612/1246
s 64
f 322/220/1243 296/240/1247 527/611/1248 524/614/1244
s 66
f 296/351/1249 297/220/1250 528/614/1251 527/615/1252
f 297/350/1250 298/404/1253 529/616/1254 528/583/1251
s 65
f 298/406/1255 323/353/1245 526/585/1246 529/617/1256
s 67
f 202/354/1257 201/407/1258 530/618/1259 531/588/1260
s 68
f 201/409/1261 282/356/1262 532/590/1263 530/619/1264
s 67
f 203/357/1265 202/410/1257 531/620/1260 534/593/1266
s 69
f 283/412/1267 203/359/1268 534/595/1269 535/621/1270
s 68
f 282/360/1262 310/392/1271 536/622/1272 532/598/1263
s 69
f 311/394/1273 283/362/1267 535/600/1270 538/623/1274
s 68
f 310/363/1271 299/395/1275 539/624/1276 536/603/1272
s 70
f 299/397/1277 300/365/1278 540/605/1279 539/625/1280
f 300/366/1278 301/398/1281 541/626/1282 540/608/1279
s 69
f 301/400/1283 311/368/1273 538/610/1274 541/627/1284
s 71
f 205/369/1285 204/401/1286 542/628/1287 543/613/1288
s 72
f 204/403/1289 284/351/1290 544/615/1291 542/629/1292
s 71
f 206/392/1293 205/381/1285 543/630/1288 546/622/1294
s 73
f 285/381/1295 206/382/1296 546/631/1297 547/630/1298
s 72
f 284/382/1290 312/383/1299 548/632/1300 544/631/1291
s 73
f 313/383/1301 285/394/1295 547/623/1298 550/632/1302
s 72
f 312/395/1299 302/384/1303 551/633/1304 548/624/1300
s 74
f 302/384/1305 303/385/1306 552/634/1307 551/633/1308
f 303/385/1306 304/386/1309 553/635/1310 552/634/1307
s 73
f 304/386/1311 313/397/1301 550/625/1302 553/635/1312
s 75
f 208/398/1313 207/387/1314 554/636/1315 555/626/1316
s 76
f 207/387/1317 286/388/1318 556/637/1319 554/636/1320
s 75
f 209/388/1321 208/389/1313 555/638/1316 558/637/1322
s 77
f 287/389/1323 209/400/1324 558/627/1325 559/638/1326
s 76
f 286/401/1318 314/390/1327 560/639/1328 556/628/1319
s 77
f 315/390/1329 287/391/1323 559/640/1326 562/639/1330
s 76
f 314/391/1327 305/372/1331 563/641/1332 560/640/1328
s 78
f 305/372/1333 306/403/1334 564/629/1335 563/641/1336
f 306/404/1334 307/371/1337 565/642/1338 564/616/1335
s 77
f 307/371/1339 315/373/1329 562/643/1330 565/642/1340
s 79
f 211/373/1341 210/374/1342 566/644/1343 567/643/1344
s 80
f 210/374/1345 288/406/1346 568/617/1347 566/644/1348
s 79
f 191/407/1349 211/375/1341 567/645/1344 570/618/1350
s 81
f 275/375/1351 191/376/1352 570/646/1353 571/645/1354
s 80
f 288/376/1346 316/377/1355 572/647/1356 568/646/1347
s 81
f 317/377/1357 275/409/1351 571/619/1354 574/647/1358
s 80
f 316/410/1355 308/378/1359 575/648/1360 572/620/1356
s 82
f 308/378/1361 309/379/1362 576/649/1363 575/648/1364
f 309/379/1362 289/380/1365 577/650/1366 576/649/1363
s 81
f 289/380/1367 317/412/1357 574/621/1358 577/650/1368
s off
f 431/651/1369 432/652/1370 579/653/1371 578/654/1372
f 432/655/1373 433/656/1374 580/657/1375 579/658/1376
f 433/659/1377 434/660/1378 581/661/1379 580/662/1380
f 434/663/1381 435/664/1382 582/665/1383 581/666/1384
f 435/667/1385 436/668/1386 583/669/1387 582/670/1388
f 436/671/1389 437/672/1390 584/673/1391 583/674/1392
f 437/675/1393 438/676/1394 585/677/1395 584/678/1396
f 438/679/1397 439/680/1398 586/681/1399 585/682/1400
f 439/683/1401 440/684/1402 587/685/1403 586/686/1404
f 440/687/1405 441/688/1406 588/689/1407 587/690/1408
f 441/691/1409 442/692/1410 589/693/1411 588/694/1412
f 442/695/1413 443/696/1414 590/697/1415 589/698/1416
f 443/699/1417 444/700/1418 591/701/1419 590/702/1420
f 444/703/1421 445/704/1422 592/705/1423 591/706/1424
f 445/707/1425 446/708/1426 593/709/1427 592/710/1428
f 446/711/1429 447/712/1430 594/713/1431 593/714/1432
f 447/715/1433 448/716/1434 595/717/1435 594/718/1436
f 448/719/1437 449/720/1438 596/721/1439 595/722/1440
f 449/723/1441 450/724/1442 597/725/1443 596/726/1444
f 450/727/1445 451/728/1446 598/729/1447 597/730/1448
f 451/731/1449 431/732/1450 578/733/1451 598/734/1452
s 83
f 432/519/1453 431/518/1454 599/736/1455 600/735/1456
s 53
f 369/456/1169 370/457/1165 602/738/1457 601/737/1458
s 83
f 433/520/1459 432/519/1453 600/735/1456 603/739/1460
s 53
f 370/457/1165 371/458/1161 604/740/1461 602/738/1457
s 83
f 434/521/1462 433/520/1459 603/739/1460 605/741/1463
s 53
f 371/458/1161 372/459/1157 606/742/1464 604/740/1461
s 83
f 435/522/1465 434/521/1462 605/741/1463 607/743/1466
s 53
f 372/459/1157 373/460/1153 608/744/1467 606/742/1464
s 83
f 436/523/1468 435/522/1465 607/743/1466 609/745/1469
s 53
f 373/460/1153 374/461/1149 610/746/1470 608/744/1467
s 83
f 437/524/1471 436/523/1468 609/745/1469 611/747/1472
s 53
f 374/461/1149 375/462/1145 612/748/1473 610/746/1470
s 83
f 438/525/1474 437/524/1471 611/747/1472 613/749/1475
s 53
f 375/462/1145 376/463/1141 614/750/1476 612/748/1473
s 83
f 439/526/1477 438/525/1474 613/749/1475 615/751/1478
s 53
f 376/463/1141 377/464/1137 616/752/1479 614/750/1476
s 83
f 440/527/1480 439/526/1477 615/751/1478 617/753/1481
s 53
f 377/464/1137 378/465/1133 618/754/1482 616/752/1479
s 83
f 441/528/1483 440/527/1480 617/753/1481 619/755/1484
s 53
f 378/465/1133 379/466/1129 620/756/1485 618/754/1482
s 83
f 442/529/1486 441/528/1483 619/755/1484 621/757/1487
s 53
f 379/466/1129 380/467/1125 622/758/1488 620/756/1485
s 83
f 443/530/1489 442/529/1486 621/757/1487 623/759/1490
s 53
f 380/467/1125 381/468/1121 624/760/1491 622/758/1488
s 83
f 444/531/1492 443/530/1489 623/759/1490 625/761/1493
s 53
f 381/468/1121 382/469/1117 626/762/1494 624/760/1491
s 83
f 445/532/1495 444/531/1492 625/761/1493 627/763/1496
s 53
f 382/469/1117 383/470/1113 628/764/1497 626/762/1494
s 83
f 446/533/1498 445/532/1495 627/763/1496 629/765/1499
s 53
f 383/470/1113 384/471/1109 630/766/1500 628/764/1497
s 83
f 447/534/1501 446/533/1498 629/765/1499 631/767/1502
s 53
f 384/471/1109 385/472/1105 632/768/1503 630/766/1500
s 83
f 448/535/1504 447/534/1501 631/767/1502 633/769/1505
s 53
f 385/472/1105 386/473/1101 634/770/1506 632/768/1503
s 83
f 449/536/1507 448/535/1504 633/769/1505 635/771/1508
s 53
f 386/473/1101 387/474/1097 636/772/1509 634/770/1506
s 83
f 450/537/1510 449/536/1507 635/771/1508 637/773/1511
s 53
f 387/474/1097 388/475/1090 638/774/1512 636/772/1509
s 83
f 451/538/1513 450/537/1510 637/773/1511 639/775/1514
s 53
f 388/475/1090 368/455/1089 640/776/1515 638/774/1512
s 83
f 431/518/1454 451/538/1513 639/775/1514 599/736/1455
s 53
f 368/455/1089 369/456/1169 601/737/1458 640/776/1515
